collection_id,loan_id,collection_date,amount_collected,collection_method,collection_status
COL000000001,LOAN00000001,2025-06-19,47011.82,BRANCH,SUCCESS
COL000000002,LOAN00000001,2024-12-11,32976.39,CALL_CENTER,SUCCESS
COL000000003,LOAN00000001,2026-09-18,11098.59,BRANCH,PARTIAL
COL000000004,LOAN00000001,2026-05-04,41780.12,CALL_CENTER,SUCCESS
COL000000005,LOAN00000001,2026-03-23,47656.63,DIGITAL,SUCCESS
COL000000006,LOAN00000002,2025-05-08,46324.48,BRANCH,SUCCESS
COL000000007,LOAN00000002,2025-10-14,31526.2,FIELD_AGENT,SUCCESS
COL000000008,LOAN00000002,2024-08-17,20534.17,BRANCH,SUCCESS
COL000000009,LOAN00000002,2025-02-10,36040.39,CALL_CENTER,PARTIAL
COL000000010,LOAN00000002,2025-09-22,7133.27,CALL_CENTER,SUCCESS
COL000000011,LOAN00000002,2026-06-14,18618.41,DIGITAL,FAILED
COL000000012,LOAN00000005,2025-06-25,33466.01,BRANCH,SUCCESS
COL000000013,LOAN00000005,2024-04-18,49466.1,BRANCH,SUCCESS
COL000000014,LOAN00000005,2025-06-26,8267.62,CALL_CENTER,FAILED
COL000000015,LOAN00000005,2024-06-23,47796.1,CALL_CENTER,SUCCESS
COL000000016,LOAN00000005,2024-07-29,47575.67,DIGITAL,SUCCESS
COL000000017,LOAN00000008,2024-12-05,31980.83,BRANCH,SUCCESS
COL000000018,LOAN00000008,2025-02-06,20655.61,CALL_CENTER,SUCCESS
COL000000019,LOAN00000008,2026-05-23,49947.07,FIELD_AGENT,FAILED
COL000000020,LOAN00000008,2024-05-20,6156.24,CALL_CENTER,SUCCESS
COL000000021,LOAN00000008,2025-12-19,38233.12,CALL_CENTER,SUCCESS
COL000000022,LOAN00000016,2025-06-22,21669.45,DIGITAL,PARTIAL
COL000000023,LOAN00000017,2024-09-21,30251.74,DIGITAL,SUCCESS
COL000000024,LOAN00000020,2025-04-17,25227.55,FIELD_AGENT,SUCCESS
COL000000025,LOAN00000020,2025-07-07,29279.77,FIELD_AGENT,FAILED
COL000000026,LOAN00000022,2024-09-04,13746.45,FIELD_AGENT,SUCCESS
COL000000027,LOAN00000022,2024-12-14,3062.4,BRANCH,SUCCESS
COL000000028,LOAN00000022,2025-09-07,41637.82,BRANCH,SUCCESS
COL000000029,LOAN00000022,2026-01-12,41073.34,BRANCH,SUCCESS
COL000000030,LOAN00000023,2025-05-09,25001.85,FIELD_AGENT,SUCCESS
COL000000031,LOAN00000024,2024-04-02,17199.58,BRANCH,SUCCESS
COL000000032,LOAN00000024,2025-08-11,9122.05,BRANCH,SUCCESS
COL000000033,LOAN00000024,2025-10-26,46225.93,CALL_CENTER,SUCCESS
COL000000034,LOAN00000024,2024-03-03,38329.82,DIGITAL,SUCCESS
COL000000035,LOAN00000024,2025-05-10,22752.75,DIGITAL,SUCCESS
COL000000036,LOAN00000027,2026-08-08,2855.81,BRANCH,SUCCESS
COL000000037,LOAN00000027,2025-12-22,29031.78,BRANCH,FAILED
COL000000038,LOAN00000027,2026-09-15,39542.24,CALL_CENTER,SUCCESS
COL000000039,LOAN00000027,2024-06-29,43715.47,FIELD_AGENT,SUCCESS
COL000000040,LOAN00000027,2026-07-13,40973.83,FIELD_AGENT,SUCCESS
COL000000041,LOAN00000028,2024-11-30,48656.99,CALL_CENTER,SUCCESS
COL000000042,LOAN00000028,2025-06-18,20309.19,CALL_CENTER,SUCCESS
COL000000043,LOAN00000028,2025-12-08,48082.15,BRANCH,PARTIAL
COL000000044,LOAN00000028,2025-08-26,34567.4,BRANCH,PARTIAL
COL000000045,LOAN00000029,2025-10-14,47172.31,BRANCH,SUCCESS
COL000000046,LOAN00000029,2025-02-28,25597.59,FIELD_AGENT,FAILED
COL000000047,LOAN00000032,2026-07-11,15577.46,CALL_CENTER,SUCCESS
COL000000048,LOAN00000032,2026-05-14,40072.19,FIELD_AGENT,PARTIAL
COL000000049,LOAN00000032,2026-09-14,48154.84,CALL_CENTER,SUCCESS
COL000000050,LOAN00000032,2026-08-13,26563.56,DIGITAL,SUCCESS
COL000000051,LOAN00000038,2025-01-27,17191.12,DIGITAL,SUCCESS
COL000000052,LOAN00000038,2024-06-23,41465.42,DIGITAL,PARTIAL
COL000000053,LOAN00000038,2024-12-16,31172.37,BRANCH,SUCCESS
COL000000054,LOAN00000038,2025-09-12,18817.21,CALL_CENTER,SUCCESS
COL000000055,LOAN00000038,2026-09-23,35204.66,BRANCH,SUCCESS
COL000000056,LOAN00000038,2025-11-20,15298.25,CALL_CENTER,SUCCESS
COL000000057,LOAN00000042,2026-03-08,1995.1,DIGITAL,SUCCESS
COL000000058,LOAN00000042,2025-02-07,36058.42,CALL_CENTER,SUCCESS
COL000000059,LOAN00000042,2024-05-01,32448.83,CALL_CENTER,PARTIAL
COL000000060,LOAN00000042,2024-03-10,12069.29,CALL_CENTER,SUCCESS
COL000000061,LOAN00000042,2025-11-06,35670.93,FIELD_AGENT,PARTIAL
COL000000062,LOAN00000043,2025-02-01,23470.57,DIGITAL,SUCCESS
COL000000063,LOAN00000043,2025-03-26,48041.6,FIELD_AGENT,SUCCESS
COL000000064,LOAN00000043,2024-05-27,13984.25,CALL_CENTER,SUCCESS
COL000000065,LOAN00000043,2025-09-17,9475.79,FIELD_AGENT,SUCCESS
COL000000066,LOAN00000043,2025-06-02,11914.72,DIGITAL,SUCCESS
COL000000067,LOAN00000044,2024-12-10,21035.94,CALL_CENTER,PARTIAL
COL000000068,LOAN00000044,2026-04-26,25317.49,DIGITAL,SUCCESS
COL000000069,LOAN00000044,2025-11-09,12680.15,CALL_CENTER,SUCCESS
COL000000070,LOAN00000044,2026-03-31,43494.29,BRANCH,SUCCESS
COL000000071,LOAN00000044,2025-05-29,41100.48,BRANCH,SUCCESS
COL000000072,LOAN00000045,2026-07-11,41872.67,DIGITAL,SUCCESS
COL000000073,LOAN00000045,2026-03-19,29503.07,DIGITAL,SUCCESS
COL000000074,LOAN00000045,2026-07-06,15304.7,DIGITAL,SUCCESS
COL000000075,LOAN00000045,2024-11-02,44746.94,DIGITAL,SUCCESS
COL000000076,LOAN00000048,2025-03-25,11403.25,DIGITAL,SUCCESS
COL000000077,LOAN00000048,2026-06-03,5903.93,BRANCH,PARTIAL
COL000000078,LOAN00000048,2024-10-22,25250.86,BRANCH,PARTIAL
COL000000079,LOAN00000048,2025-03-04,40524.75,CALL_CENTER,SUCCESS
COL000000080,LOAN00000048,2025-12-20,4367.21,DIGITAL,PARTIAL
COL000000081,LOAN00000048,2025-09-20,3470.83,FIELD_AGENT,SUCCESS
COL000000082,LOAN00000050,2024-10-24,2207.53,CALL_CENTER,SUCCESS
COL000000083,LOAN00000052,2024-06-11,17854.27,CALL_CENTER,SUCCESS
COL000000084,LOAN00000052,2026-02-28,48987.05,DIGITAL,SUCCESS
COL000000085,LOAN00000056,2025-01-07,11693.37,BRANCH,SUCCESS
COL000000086,LOAN00000056,2025-11-26,47472.63,BRANCH,SUCCESS
COL000000087,LOAN00000057,2024-11-06,1377.18,DIGITAL,PARTIAL
COL000000088,LOAN00000057,2025-06-26,37496.64,CALL_CENTER,PARTIAL
COL000000089,LOAN00000057,2025-03-25,14552.47,BRANCH,SUCCESS
COL000000090,LOAN00000057,2026-05-12,20858.71,BRANCH,PARTIAL
COL000000091,LOAN00000060,2025-07-19,48813.85,DIGITAL,SUCCESS
COL000000092,LOAN00000060,2025-09-22,24136.79,BRANCH,SUCCESS
COL000000093,LOAN00000060,2025-10-24,46108.14,DIGITAL,PARTIAL
COL000000094,LOAN00000060,2025-08-16,23698.42,DIGITAL,FAILED
COL000000095,LOAN00000060,2025-05-03,3195.33,BRANCH,SUCCESS
COL000000096,LOAN00000060,2025-08-13,23610.22,BRANCH,SUCCESS
COL000000097,LOAN00000064,2024-06-05,1148.21,DIGITAL,SUCCESS
COL000000098,LOAN00000064,2025-04-29,49841.8,CALL_CENTER,PARTIAL
COL000000099,LOAN00000064,2025-06-05,14206.88,BRANCH,SUCCESS
COL000000100,LOAN00000064,2025-03-07,30896.56,DIGITAL,SUCCESS
COL000000101,LOAN00000064,2025-04-14,4393.56,BRANCH,SUCCESS
COL000000102,LOAN00000066,2025-09-11,43079.68,CALL_CENTER,SUCCESS
COL000000103,LOAN00000066,2026-03-29,37218.61,CALL_CENTER,SUCCESS
COL000000104,LOAN00000066,2026-07-19,25807.76,BRANCH,SUCCESS
COL000000105,LOAN00000066,2026-02-18,15204.24,DIGITAL,SUCCESS
COL000000106,LOAN00000066,2025-06-15,37080.48,DIGITAL,SUCCESS
COL000000107,LOAN00000066,2024-06-03,10719.82,BRANCH,PARTIAL
COL000000108,LOAN00000072,2026-07-26,7985.59,BRANCH,SUCCESS
COL000000109,LOAN00000072,2026-05-17,11052.52,DIGITAL,SUCCESS
COL000000110,LOAN00000072,2024-07-24,22691.32,FIELD_AGENT,SUCCESS
COL000000111,LOAN00000072,2025-05-07,26988.39,FIELD_AGENT,SUCCESS
COL000000112,LOAN00000073,2025-08-16,10846.95,FIELD_AGENT,PARTIAL
COL000000113,LOAN00000074,2025-12-05,21734.48,DIGITAL,SUCCESS
COL000000114,LOAN00000081,2025-01-07,33209.6,FIELD_AGENT,SUCCESS
COL000000115,LOAN00000081,2025-08-06,17561.42,CALL_CENTER,SUCCESS
COL000000116,LOAN00000081,2026-04-15,14639.65,FIELD_AGENT,SUCCESS
COL000000117,LOAN00000082,2026-06-01,21094.55,CALL_CENTER,SUCCESS
COL000000118,LOAN00000082,2024-04-27,16331.52,CALL_CENTER,SUCCESS
COL000000119,LOAN00000082,2024-04-29,24001.31,CALL_CENTER,SUCCESS
COL000000120,LOAN00000090,2025-06-02,5224.25,DIGITAL,SUCCESS
COL000000121,LOAN00000090,2025-07-05,6841.84,BRANCH,PARTIAL
COL000000122,LOAN00000090,2024-11-02,1490.6,DIGITAL,SUCCESS
COL000000123,LOAN00000090,2026-07-31,39201.97,DIGITAL,SUCCESS
COL000000124,LOAN00000090,2026-07-15,25414.32,FIELD_AGENT,PARTIAL
COL000000125,LOAN00000098,2026-09-08,44855.45,BRANCH,SUCCESS
COL000000126,LOAN00000098,2026-02-01,40416.77,DIGITAL,SUCCESS
COL000000127,LOAN00000098,2025-06-21,10278.92,BRANCH,SUCCESS
COL000000128,LOAN00000098,2024-09-30,1681.63,BRANCH,SUCCESS
COL000000129,LOAN00000098,2025-01-30,43222.99,DIGITAL,SUCCESS
COL000000130,LOAN00000099,2024-03-14,36047.81,BRANCH,SUCCESS
COL000000131,LOAN00000099,2025-06-15,19559.13,DIGITAL,SUCCESS
COL000000132,LOAN00000099,2025-04-28,31731.73,BRANCH,SUCCESS
COL000000133,LOAN00000099,2026-08-27,39689.03,FIELD_AGENT,SUCCESS
COL000000134,LOAN00000102,2024-08-24,6604.61,DIGITAL,SUCCESS
COL000000135,LOAN00000102,2024-04-06,49735.67,CALL_CENTER,PARTIAL
COL000000136,LOAN00000105,2025-09-30,16010.69,DIGITAL,SUCCESS
COL000000137,LOAN00000105,2026-07-27,27487.46,FIELD_AGENT,SUCCESS
COL000000138,LOAN00000105,2026-01-20,43353.81,BRANCH,PARTIAL
COL000000139,LOAN00000105,2025-08-09,21679.3,CALL_CENTER,SUCCESS
COL000000140,LOAN00000113,2025-02-14,47389.88,DIGITAL,SUCCESS
COL000000141,LOAN00000113,2025-09-01,41242.38,DIGITAL,SUCCESS
COL000000142,LOAN00000118,2025-07-27,15621.9,BRANCH,SUCCESS
COL000000143,LOAN00000119,2025-08-26,45798.84,FIELD_AGENT,PARTIAL
COL000000144,LOAN00000119,2026-07-30,30426.39,BRANCH,SUCCESS
COL000000145,LOAN00000119,2024-11-19,46461.19,FIELD_AGENT,PARTIAL
COL000000146,LOAN00000125,2026-09-12,17154.78,CALL_CENTER,SUCCESS
COL000000147,LOAN00000125,2025-07-06,31541.28,FIELD_AGENT,SUCCESS
COL000000148,LOAN00000125,2024-08-16,31494.53,FIELD_AGENT,SUCCESS
COL000000149,LOAN00000125,2025-07-16,25971.66,BRANCH,SUCCESS
COL000000150,LOAN00000125,2025-09-14,32162.56,FIELD_AGENT,SUCCESS
COL000000151,LOAN00000129,2025-02-17,21751.84,DIGITAL,SUCCESS
COL000000152,LOAN00000129,2024-11-03,10995.5,DIGITAL,PARTIAL
COL000000153,LOAN00000129,2024-04-12,1004.86,FIELD_AGENT,SUCCESS
COL000000154,LOAN00000133,2026-01-24,18669.59,FIELD_AGENT,SUCCESS
COL000000155,LOAN00000133,2026-04-03,22722.75,FIELD_AGENT,SUCCESS
COL000000156,LOAN00000133,2024-09-04,20218.19,CALL_CENTER,SUCCESS
COL000000157,LOAN00000138,2025-04-17,5111.01,BRANCH,PARTIAL
COL000000158,LOAN00000138,2026-01-18,6841.12,FIELD_AGENT,SUCCESS
COL000000159,LOAN00000138,2025-06-09,33172.37,BRANCH,SUCCESS
COL000000160,LOAN00000138,2026-05-19,20761.51,FIELD_AGENT,SUCCESS
COL000000161,LOAN00000138,2026-04-02,28966.85,FIELD_AGENT,SUCCESS
COL000000162,LOAN00000142,2025-09-11,46108.78,FIELD_AGENT,SUCCESS
COL000000163,LOAN00000143,2025-05-03,39478.9,BRANCH,SUCCESS
COL000000164,LOAN00000143,2025-09-06,34468.13,BRANCH,SUCCESS
COL000000165,LOAN00000143,2025-07-08,13606.78,DIGITAL,PARTIAL
COL000000166,LOAN00000143,2025-05-14,19499.31,DIGITAL,SUCCESS
COL000000167,LOAN00000153,2025-06-20,31523.44,CALL_CENTER,SUCCESS
COL000000168,LOAN00000153,2026-03-25,18520.42,FIELD_AGENT,SUCCESS
COL000000169,LOAN00000153,2026-04-17,8569.88,BRANCH,PARTIAL
COL000000170,LOAN00000156,2024-12-15,10615.8,DIGITAL,FAILED
COL000000171,LOAN00000156,2024-03-04,26919.89,CALL_CENTER,FAILED
COL000000172,LOAN00000156,2026-03-19,2738.7,DIGITAL,FAILED
COL000000173,LOAN00000156,2025-02-11,17306.01,FIELD_AGENT,SUCCESS
COL000000174,LOAN00000156,2025-03-27,36619.4,BRANCH,SUCCESS
COL000000175,LOAN00000160,2025-02-19,43876.84,DIGITAL,SUCCESS
COL000000176,LOAN00000160,2026-04-20,48270.71,BRANCH,PARTIAL
COL000000177,LOAN00000160,2026-05-13,2244.02,DIGITAL,SUCCESS
COL000000178,LOAN00000160,2025-10-16,19094.79,CALL_CENTER,SUCCESS
COL000000179,LOAN00000160,2024-11-17,17140.69,CALL_CENTER,FAILED
COL000000180,LOAN00000164,2026-04-01,28322.23,CALL_CENTER,SUCCESS
COL000000181,LOAN00000164,2026-05-08,7420.3,BRANCH,SUCCESS
COL000000182,LOAN00000167,2026-06-28,16256.39,FIELD_AGENT,PARTIAL
COL000000183,LOAN00000167,2026-03-07,31918.98,DIGITAL,SUCCESS
COL000000184,LOAN00000167,2026-07-31,47615.54,FIELD_AGENT,PARTIAL
COL000000185,LOAN00000168,2024-03-16,23294.17,FIELD_AGENT,PARTIAL
COL000000186,LOAN00000168,2024-05-06,24387.33,DIGITAL,SUCCESS
COL000000187,LOAN00000170,2024-12-25,36383.13,FIELD_AGENT,FAILED
COL000000188,LOAN00000170,2024-04-18,22472.28,FIELD_AGENT,SUCCESS
COL000000189,LOAN00000170,2026-05-02,5690.64,BRANCH,PARTIAL
COL000000190,LOAN00000170,2026-03-10,25962.46,BRANCH,SUCCESS
COL000000191,LOAN00000172,2025-03-23,30931.59,DIGITAL,PARTIAL
COL000000192,LOAN00000172,2025-05-03,43392.31,BRANCH,SUCCESS
COL000000193,LOAN00000172,2026-03-21,21325.42,FIELD_AGENT,PARTIAL
COL000000194,LOAN00000172,2024-05-26,3956.76,FIELD_AGENT,PARTIAL
COL000000195,LOAN00000175,2026-04-03,31221.77,CALL_CENTER,PARTIAL
COL000000196,LOAN00000175,2025-12-12,23032.09,BRANCH,SUCCESS
COL000000197,LOAN00000179,2026-03-31,33945.7,DIGITAL,SUCCESS
COL000000198,LOAN00000179,2025-04-24,6768.19,CALL_CENTER,SUCCESS
COL000000199,LOAN00000179,2025-01-29,11766.58,CALL_CENTER,SUCCESS
COL000000200,LOAN00000185,2025-03-26,37754.59,BRANCH,SUCCESS
COL000000201,LOAN00000186,2024-11-06,23804.14,FIELD_AGENT,SUCCESS
COL000000202,LOAN00000186,2025-02-23,13157.41,FIELD_AGENT,SUCCESS
COL000000203,LOAN00000186,2025-03-17,8709.73,BRANCH,PARTIAL
COL000000204,LOAN00000186,2026-08-04,11583.47,DIGITAL,SUCCESS
COL000000205,LOAN00000191,2024-09-15,9040.11,DIGITAL,FAILED
COL000000206,LOAN00000191,2025-05-25,38012.56,BRANCH,PARTIAL
COL000000207,LOAN00000191,2025-08-11,26681.09,DIGITAL,PARTIAL
COL000000208,LOAN00000191,2025-04-21,22155.37,FIELD_AGENT,SUCCESS
COL000000209,LOAN00000198,2024-10-09,4437.39,CALL_CENTER,SUCCESS
COL000000210,LOAN00000198,2026-06-12,26431.8,FIELD_AGENT,PARTIAL
COL000000211,LOAN00000198,2026-01-12,25108.79,DIGITAL,SUCCESS
COL000000212,LOAN00000198,2026-07-19,47999.23,BRANCH,SUCCESS
COL000000213,LOAN00000198,2025-01-20,15665.77,FIELD_AGENT,SUCCESS
COL000000214,LOAN00000198,2026-05-17,37751.67,FIELD_AGENT,SUCCESS
COL000000215,LOAN00000200,2026-05-25,5988.49,FIELD_AGENT,SUCCESS
COL000000216,LOAN00000200,2024-12-13,31968.45,CALL_CENTER,SUCCESS
COL000000217,LOAN00000200,2026-09-09,43102.51,FIELD_AGENT,SUCCESS
COL000000218,LOAN00000200,2025-07-07,29650.68,CALL_CENTER,SUCCESS
COL000000219,LOAN00000200,2024-12-07,32940.68,CALL_CENTER,SUCCESS
COL000000220,LOAN00000204,2024-07-09,34644.94,FIELD_AGENT,PARTIAL
COL000000221,LOAN00000204,2026-01-20,44329.42,CALL_CENTER,PARTIAL
COL000000222,LOAN00000204,2025-12-07,7636.86,CALL_CENTER,SUCCESS
COL000000223,LOAN00000204,2025-03-09,26231.52,BRANCH,SUCCESS
COL000000224,LOAN00000204,2024-11-15,37937.95,CALL_CENTER,SUCCESS
COL000000225,LOAN00000210,2025-08-24,18025.51,CALL_CENTER,SUCCESS
COL000000226,LOAN00000210,2026-07-07,18541.84,DIGITAL,SUCCESS
COL000000227,LOAN00000210,2024-11-17,16025.01,CALL_CENTER,SUCCESS
COL000000228,LOAN00000214,2026-02-28,19403.02,FIELD_AGENT,SUCCESS
COL000000229,LOAN00000214,2025-01-07,16941.13,DIGITAL,SUCCESS
COL000000230,LOAN00000214,2024-09-24,35435.41,DIGITAL,SUCCESS
COL000000231,LOAN00000214,2025-01-10,10507.41,BRANCH,SUCCESS
COL000000232,LOAN00000214,2026-08-01,30131.59,FIELD_AGENT,FAILED
COL000000233,LOAN00000216,2026-07-31,41981.96,DIGITAL,SUCCESS
COL000000234,LOAN00000217,2025-11-29,24382.76,DIGITAL,SUCCESS
COL000000235,LOAN00000218,2026-04-01,20236.96,FIELD_AGENT,SUCCESS
COL000000236,LOAN00000218,2025-05-18,32739.96,CALL_CENTER,SUCCESS
COL000000237,LOAN00000218,2024-03-13,7462.47,BRANCH,SUCCESS
COL000000238,LOAN00000218,2026-02-23,6689.04,CALL_CENTER,PARTIAL
COL000000239,LOAN00000218,2026-04-19,16136.67,DIGITAL,SUCCESS
COL000000240,LOAN00000222,2024-11-17,40353.07,BRANCH,SUCCESS
COL000000241,LOAN00000222,2024-08-20,3859.87,DIGITAL,SUCCESS
COL000000242,LOAN00000222,2024-06-26,37947.46,FIELD_AGENT,FAILED
COL000000243,LOAN00000223,2024-03-01,49816.39,FIELD_AGENT,SUCCESS
COL000000244,LOAN00000223,2024-06-16,34655.85,DIGITAL,SUCCESS
COL000000245,LOAN00000223,2024-04-02,5888.06,BRANCH,SUCCESS
COL000000246,LOAN00000223,2026-04-02,9810.65,DIGITAL,SUCCESS
COL000000247,LOAN00000225,2026-06-02,4377.0,CALL_CENTER,SUCCESS
COL000000248,LOAN00000225,2024-03-04,23679.77,FIELD_AGENT,SUCCESS
COL000000249,LOAN00000227,2024-03-02,28872.51,CALL_CENTER,SUCCESS
COL000000250,LOAN00000227,2025-06-06,21555.42,BRANCH,SUCCESS
COL000000251,LOAN00000227,2025-12-10,10501.16,DIGITAL,SUCCESS
COL000000252,LOAN00000227,2026-02-04,29100.97,FIELD_AGENT,PARTIAL
COL000000253,LOAN00000227,2026-03-06,23119.23,DIGITAL,SUCCESS
COL000000254,LOAN00000228,2024-09-01,15499.58,BRANCH,SUCCESS
COL000000255,LOAN00000228,2024-04-10,27297.41,CALL_CENTER,SUCCESS
COL000000256,LOAN00000228,2024-06-13,11167.13,BRANCH,SUCCESS
COL000000257,LOAN00000229,2026-01-02,17641.42,CALL_CENTER,SUCCESS
COL000000258,LOAN00000229,2026-05-14,49563.86,BRANCH,SUCCESS
COL000000259,LOAN00000229,2024-12-05,7960.58,CALL_CENTER,SUCCESS
COL000000260,LOAN00000232,2026-05-22,40222.3,DIGITAL,SUCCESS
COL000000261,LOAN00000232,2026-09-20,11184.23,DIGITAL,SUCCESS
COL000000262,LOAN00000232,2025-11-01,45330.58,CALL_CENTER,PARTIAL
COL000000263,LOAN00000232,2025-11-17,13547.36,DIGITAL,SUCCESS
COL000000264,LOAN00000232,2025-10-15,27430.18,BRANCH,SUCCESS
COL000000265,LOAN00000232,2026-06-06,28767.34,DIGITAL,SUCCESS
COL000000266,LOAN00000233,2024-10-04,45309.38,BRANCH,SUCCESS
COL000000267,LOAN00000233,2026-04-29,40482.88,FIELD_AGENT,SUCCESS
COL000000268,LOAN00000233,2025-05-17,18478.04,BRANCH,SUCCESS
COL000000269,LOAN00000233,2025-04-04,24254.3,FIELD_AGENT,SUCCESS
COL000000270,LOAN00000234,2026-07-26,3893.43,BRANCH,PARTIAL
COL000000271,LOAN00000234,2025-08-28,16560.34,BRANCH,PARTIAL
COL000000272,LOAN00000234,2025-01-31,49769.65,BRANCH,SUCCESS
COL000000273,LOAN00000234,2024-06-26,1032.9,CALL_CENTER,SUCCESS
COL000000274,LOAN00000234,2026-09-08,29037.5,BRANCH,SUCCESS
COL000000275,LOAN00000234,2026-02-15,20990.03,FIELD_AGENT,SUCCESS
COL000000276,LOAN00000236,2026-06-05,17587.12,FIELD_AGENT,SUCCESS
COL000000277,LOAN00000236,2024-06-28,22602.46,BRANCH,SUCCESS
COL000000278,LOAN00000236,2026-02-12,34387.12,CALL_CENTER,SUCCESS
COL000000279,LOAN00000236,2026-07-19,33046.74,BRANCH,FAILED
COL000000280,LOAN00000240,2026-08-23,40136.62,FIELD_AGENT,PARTIAL
COL000000281,LOAN00000240,2026-09-23,39476.39,DIGITAL,SUCCESS
COL000000282,LOAN00000240,2026-08-31,25640.58,FIELD_AGENT,PARTIAL
COL000000283,LOAN00000245,2026-06-16,28750.5,DIGITAL,SUCCESS
COL000000284,LOAN00000245,2024-10-02,46049.18,DIGITAL,SUCCESS
COL000000285,LOAN00000245,2026-04-14,4008.75,CALL_CENTER,PARTIAL
COL000000286,LOAN00000247,2024-03-18,12400.06,CALL_CENTER,SUCCESS
COL000000287,LOAN00000247,2026-01-03,49084.34,CALL_CENTER,FAILED
COL000000288,LOAN00000247,2026-05-19,40558.43,CALL_CENTER,SUCCESS
COL000000289,LOAN00000251,2025-06-17,11753.88,DIGITAL,SUCCESS
COL000000290,LOAN00000251,2024-11-25,21820.83,FIELD_AGENT,SUCCESS
COL000000291,LOAN00000251,2026-09-23,38524.27,FIELD_AGENT,PARTIAL
COL000000292,LOAN00000254,2024-12-16,14354.4,FIELD_AGENT,SUCCESS
COL000000293,LOAN00000254,2026-04-08,47597.76,BRANCH,SUCCESS
COL000000294,LOAN00000256,2026-05-23,25549.8,DIGITAL,SUCCESS
COL000000295,LOAN00000256,2025-12-05,18806.49,DIGITAL,SUCCESS
COL000000296,LOAN00000256,2025-07-12,1200.09,BRANCH,SUCCESS
COL000000297,LOAN00000256,2025-05-03,1567.17,CALL_CENTER,SUCCESS
COL000000298,LOAN00000259,2025-09-21,21855.92,DIGITAL,SUCCESS
COL000000299,LOAN00000259,2026-09-06,47578.42,BRANCH,SUCCESS
COL000000300,LOAN00000259,2025-06-07,28038.44,DIGITAL,SUCCESS
COL000000301,LOAN00000259,2024-10-07,30365.43,DIGITAL,SUCCESS
COL000000302,LOAN00000259,2024-07-27,42991.17,DIGITAL,SUCCESS
COL000000303,LOAN00000259,2026-03-09,13985.52,CALL_CENTER,PARTIAL
COL000000304,LOAN00000262,2025-03-14,20377.49,BRANCH,SUCCESS
COL000000305,LOAN00000262,2026-08-20,22775.58,BRANCH,SUCCESS
COL000000306,LOAN00000263,2026-03-14,30508.63,CALL_CENTER,FAILED
COL000000307,LOAN00000263,2026-02-01,36835.87,FIELD_AGENT,SUCCESS
COL000000308,LOAN00000263,2024-05-14,3517.84,DIGITAL,SUCCESS
COL000000309,LOAN00000263,2026-09-15,29647.69,CALL_CENTER,SUCCESS
COL000000310,LOAN00000263,2026-07-29,18378.47,CALL_CENTER,PARTIAL
COL000000311,LOAN00000263,2026-02-09,14314.41,DIGITAL,SUCCESS
COL000000312,LOAN00000272,2024-08-07,44519.11,FIELD_AGENT,PARTIAL
COL000000313,LOAN00000272,2024-05-18,47438.87,DIGITAL,SUCCESS
COL000000314,LOAN00000274,2024-04-23,18946.4,FIELD_AGENT,SUCCESS
COL000000315,LOAN00000274,2025-10-03,3923.08,BRANCH,SUCCESS
COL000000316,LOAN00000277,2024-07-06,36836.22,BRANCH,PARTIAL
COL000000317,LOAN00000278,2025-05-06,43547.46,DIGITAL,SUCCESS
COL000000318,LOAN00000278,2025-08-23,45989.37,DIGITAL,SUCCESS
COL000000319,LOAN00000278,2024-07-01,42468.54,BRANCH,SUCCESS
COL000000320,LOAN00000278,2025-09-10,18063.46,BRANCH,SUCCESS
COL000000321,LOAN00000282,2026-02-24,41796.47,CALL_CENTER,SUCCESS
COL000000322,LOAN00000283,2025-08-26,25020.53,FIELD_AGENT,PARTIAL
COL000000323,LOAN00000283,2025-01-18,19255.47,BRANCH,SUCCESS
COL000000324,LOAN00000283,2024-03-03,10653.18,BRANCH,SUCCESS
COL000000325,LOAN00000283,2026-08-01,11439.24,CALL_CENTER,SUCCESS
COL000000326,LOAN00000283,2025-04-14,43798.24,CALL_CENTER,SUCCESS
COL000000327,LOAN00000283,2026-03-23,19802.86,DIGITAL,SUCCESS
COL000000328,LOAN00000286,2024-07-07,19323.1,CALL_CENTER,SUCCESS
COL000000329,LOAN00000286,2025-06-26,47240.15,BRANCH,SUCCESS
COL000000330,LOAN00000286,2024-04-21,13344.52,CALL_CENTER,SUCCESS
COL000000331,LOAN00000286,2024-09-01,19689.17,DIGITAL,FAILED
COL000000332,LOAN00000286,2026-03-19,44649.69,DIGITAL,PARTIAL
COL000000333,LOAN00000286,2025-11-16,3050.8,DIGITAL,SUCCESS
COL000000334,LOAN00000287,2024-04-26,5142.91,DIGITAL,PARTIAL
COL000000335,LOAN00000287,2025-02-14,7316.77,DIGITAL,SUCCESS
COL000000336,LOAN00000287,2026-03-23,24721.84,CALL_CENTER,SUCCESS
COL000000337,LOAN00000287,2026-02-04,48520.33,DIGITAL,SUCCESS
COL000000338,LOAN00000287,2024-08-13,3670.66,DIGITAL,SUCCESS
COL000000339,LOAN00000287,2026-09-15,7882.43,CALL_CENTER,SUCCESS
COL000000340,LOAN00000292,2025-09-07,37280.16,DIGITAL,FAILED
COL000000341,LOAN00000292,2024-07-12,12929.17,FIELD_AGENT,PARTIAL
COL000000342,LOAN00000292,2026-04-01,45098.42,DIGITAL,FAILED
COL000000343,LOAN00000292,2024-03-14,7539.08,DIGITAL,SUCCESS
COL000000344,LOAN00000292,2024-07-08,11494.16,FIELD_AGENT,SUCCESS
COL000000345,LOAN00000292,2026-04-26,21452.83,DIGITAL,SUCCESS
COL000000346,LOAN00000293,2025-03-14,21972.56,CALL_CENTER,SUCCESS
COL000000347,LOAN00000293,2024-11-14,22249.18,BRANCH,SUCCESS
COL000000348,LOAN00000294,2024-08-22,24115.47,FIELD_AGENT,SUCCESS
COL000000349,LOAN00000294,2025-04-29,13200.23,DIGITAL,SUCCESS
COL000000350,LOAN00000294,2024-04-27,46340.72,DIGITAL,SUCCESS
COL000000351,LOAN00000295,2024-11-25,7381.77,DIGITAL,SUCCESS
COL000000352,LOAN00000295,2024-10-20,16444.19,BRANCH,SUCCESS
COL000000353,LOAN00000295,2026-03-09,12884.69,BRANCH,SUCCESS
COL000000354,LOAN00000298,2025-01-28,48950.07,DIGITAL,SUCCESS
COL000000355,LOAN00000300,2024-06-25,6911.55,DIGITAL,SUCCESS
COL000000356,LOAN00000300,2025-06-30,38910.4,DIGITAL,SUCCESS
COL000000357,LOAN00000300,2025-04-16,35114.74,DIGITAL,SUCCESS
COL000000358,LOAN00000300,2025-01-20,4268.74,FIELD_AGENT,PARTIAL
COL000000359,LOAN00000302,2024-10-29,4552.35,CALL_CENTER,SUCCESS
COL000000360,LOAN00000302,2026-04-15,22961.7,CALL_CENTER,FAILED
COL000000361,LOAN00000302,2025-07-04,4894.33,BRANCH,SUCCESS
COL000000362,LOAN00000302,2025-07-15,36949.91,DIGITAL,SUCCESS
COL000000363,LOAN00000302,2026-04-23,19249.47,CALL_CENTER,FAILED
COL000000364,LOAN00000302,2026-08-14,36077.8,CALL_CENTER,PARTIAL
COL000000365,LOAN00000303,2024-05-05,16622.83,BRANCH,SUCCESS
COL000000366,LOAN00000305,2024-12-09,44402.06,DIGITAL,SUCCESS
COL000000367,LOAN00000305,2024-05-08,45953.1,BRANCH,PARTIAL
COL000000368,LOAN00000305,2025-10-07,24644.29,DIGITAL,SUCCESS
COL000000369,LOAN00000305,2024-10-16,17666.26,FIELD_AGENT,SUCCESS
COL000000370,LOAN00000306,2024-12-30,48608.52,DIGITAL,SUCCESS
COL000000371,LOAN00000306,2025-11-01,29134.93,FIELD_AGENT,SUCCESS
COL000000372,LOAN00000306,2025-10-09,1368.97,FIELD_AGENT,SUCCESS
COL000000373,LOAN00000306,2025-05-10,48180.26,CALL_CENTER,SUCCESS
COL000000374,LOAN00000306,2024-03-10,20507.63,BRANCH,PARTIAL
COL000000375,LOAN00000308,2025-04-27,47297.33,BRANCH,SUCCESS
COL000000376,LOAN00000308,2024-08-31,45686.07,CALL_CENTER,PARTIAL
COL000000377,LOAN00000308,2025-06-01,20371.61,FIELD_AGENT,SUCCESS
COL000000378,LOAN00000309,2024-06-23,4756.94,FIELD_AGENT,SUCCESS
COL000000379,LOAN00000309,2025-03-23,22023.34,FIELD_AGENT,SUCCESS
COL000000380,LOAN00000309,2025-04-30,9653.55,BRANCH,SUCCESS
COL000000381,LOAN00000309,2026-06-07,1426.48,FIELD_AGENT,SUCCESS
COL000000382,LOAN00000309,2025-03-06,4688.28,BRANCH,SUCCESS
COL000000383,LOAN00000309,2024-08-12,48373.37,DIGITAL,PARTIAL
COL000000384,LOAN00000313,2024-07-29,32216.04,DIGITAL,SUCCESS
COL000000385,LOAN00000313,2025-07-06,2972.56,CALL_CENTER,SUCCESS
COL000000386,LOAN00000313,2025-08-01,38895.15,CALL_CENTER,SUCCESS
COL000000387,LOAN00000313,2026-03-17,18139.88,DIGITAL,SUCCESS
COL000000388,LOAN00000313,2024-03-11,48300.63,FIELD_AGENT,SUCCESS
COL000000389,LOAN00000313,2024-11-07,7717.93,FIELD_AGENT,SUCCESS
COL000000390,LOAN00000319,2025-04-24,42200.88,FIELD_AGENT,SUCCESS
COL000000391,LOAN00000319,2024-07-03,27570.42,FIELD_AGENT,FAILED
COL000000392,LOAN00000319,2024-09-19,5314.85,DIGITAL,SUCCESS
COL000000393,LOAN00000319,2024-07-05,21109.46,DIGITAL,PARTIAL
COL000000394,LOAN00000319,2025-11-08,25806.72,DIGITAL,SUCCESS
COL000000395,LOAN00000319,2024-12-09,20786.37,DIGITAL,SUCCESS
COL000000396,LOAN00000320,2024-08-09,45952.41,BRANCH,SUCCESS
COL000000397,LOAN00000320,2025-12-28,4764.22,CALL_CENTER,SUCCESS
COL000000398,LOAN00000320,2026-07-22,23679.38,DIGITAL,SUCCESS
COL000000399,LOAN00000320,2025-01-20,42475.47,CALL_CENTER,SUCCESS
COL000000400,LOAN00000323,2024-11-06,28642.54,CALL_CENTER,SUCCESS
COL000000401,LOAN00000326,2026-06-17,5581.79,DIGITAL,SUCCESS
COL000000402,LOAN00000326,2025-11-13,24613.49,DIGITAL,SUCCESS
COL000000403,LOAN00000326,2024-09-08,18537.7,CALL_CENTER,PARTIAL
COL000000404,LOAN00000326,2026-07-01,40201.83,BRANCH,SUCCESS
COL000000405,LOAN00000326,2026-05-26,37755.38,CALL_CENTER,SUCCESS
COL000000406,LOAN00000326,2024-10-01,25943.88,FIELD_AGENT,SUCCESS
COL000000407,LOAN00000330,2024-08-28,18231.33,DIGITAL,PARTIAL
COL000000408,LOAN00000330,2026-06-20,8621.19,DIGITAL,SUCCESS
COL000000409,LOAN00000330,2025-10-10,17839.38,BRANCH,SUCCESS
COL000000410,LOAN00000330,2024-03-14,28162.44,BRANCH,SUCCESS
COL000000411,LOAN00000332,2024-06-30,27394.11,CALL_CENTER,SUCCESS
COL000000412,LOAN00000332,2025-09-29,41567.29,FIELD_AGENT,PARTIAL
COL000000413,LOAN00000332,2026-07-26,30976.43,BRANCH,SUCCESS
COL000000414,LOAN00000332,2025-06-24,35578.69,DIGITAL,SUCCESS
COL000000415,LOAN00000332,2025-03-04,43028.92,FIELD_AGENT,SUCCESS
COL000000416,LOAN00000332,2025-12-30,31476.76,BRANCH,SUCCESS
COL000000417,LOAN00000333,2024-03-15,35772.19,DIGITAL,SUCCESS
COL000000418,LOAN00000333,2025-02-05,37776.36,FIELD_AGENT,SUCCESS
COL000000419,LOAN00000336,2024-08-13,41206.77,BRANCH,PARTIAL
COL000000420,LOAN00000336,2024-03-01,18624.28,CALL_CENTER,PARTIAL
COL000000421,LOAN00000336,2025-02-20,1125.73,BRANCH,PARTIAL
COL000000422,LOAN00000336,2026-03-22,9933.38,CALL_CENTER,SUCCESS
COL000000423,LOAN00000336,2024-09-24,12341.08,DIGITAL,SUCCESS
COL000000424,LOAN00000336,2024-08-19,48945.43,CALL_CENTER,PARTIAL
COL000000425,LOAN00000341,2025-02-08,35327.97,CALL_CENTER,SUCCESS
COL000000426,LOAN00000341,2026-09-27,40332.53,BRANCH,SUCCESS
COL000000427,LOAN00000341,2024-08-30,12681.6,BRANCH,SUCCESS
COL000000428,LOAN00000341,2024-04-11,2185.27,CALL_CENTER,SUCCESS
COL000000429,LOAN00000341,2025-07-10,36369.62,CALL_CENTER,SUCCESS
COL000000430,LOAN00000341,2026-05-23,30609.48,CALL_CENTER,SUCCESS
COL000000431,LOAN00000342,2024-08-19,5195.52,CALL_CENTER,SUCCESS
COL000000432,LOAN00000342,2025-05-23,1090.3,BRANCH,SUCCESS
COL000000433,LOAN00000342,2025-07-07,47965.83,BRANCH,FAILED
COL000000434,LOAN00000342,2025-01-19,28632.64,DIGITAL,SUCCESS
COL000000435,LOAN00000342,2026-09-06,21258.87,DIGITAL,PARTIAL
COL000000436,LOAN00000342,2025-02-27,40215.89,BRANCH,PARTIAL
COL000000437,LOAN00000346,2025-09-17,12704.59,CALL_CENTER,SUCCESS
COL000000438,LOAN00000346,2026-05-01,10375.35,DIGITAL,SUCCESS
COL000000439,LOAN00000346,2024-12-21,25271.26,DIGITAL,SUCCESS
COL000000440,LOAN00000346,2025-05-05,21125.31,FIELD_AGENT,PARTIAL
COL000000441,LOAN00000353,2024-04-05,18780.07,BRANCH,SUCCESS
COL000000442,LOAN00000353,2024-06-08,31632.72,CALL_CENTER,SUCCESS
COL000000443,LOAN00000353,2024-04-09,23875.65,CALL_CENTER,PARTIAL
COL000000444,LOAN00000357,2025-09-23,44216.5,CALL_CENTER,PARTIAL
COL000000445,LOAN00000361,2024-03-02,26823.22,DIGITAL,SUCCESS
COL000000446,LOAN00000361,2025-06-09,26915.06,DIGITAL,SUCCESS
COL000000447,LOAN00000361,2025-03-07,31341.05,DIGITAL,SUCCESS
COL000000448,LOAN00000367,2025-03-15,3019.84,FIELD_AGENT,SUCCESS
COL000000449,LOAN00000367,2024-11-13,31970.42,DIGITAL,SUCCESS
COL000000450,LOAN00000367,2024-12-27,8787.37,CALL_CENTER,SUCCESS
COL000000451,LOAN00000367,2025-07-15,5833.71,FIELD_AGENT,SUCCESS
COL000000452,LOAN00000367,2026-04-09,40141.19,DIGITAL,PARTIAL
COL000000453,LOAN00000369,2025-08-05,38786.94,CALL_CENTER,SUCCESS
COL000000454,LOAN00000369,2024-06-21,2154.17,FIELD_AGENT,PARTIAL
COL000000455,LOAN00000378,2024-10-22,15935.69,BRANCH,SUCCESS
COL000000456,LOAN00000381,2024-08-20,4971.73,DIGITAL,SUCCESS
COL000000457,LOAN00000381,2024-03-16,10178.68,CALL_CENTER,PARTIAL
COL000000458,LOAN00000381,2024-10-07,2789.83,BRANCH,PARTIAL
COL000000459,LOAN00000381,2025-06-13,23970.06,FIELD_AGENT,SUCCESS
COL000000460,LOAN00000386,2026-03-25,5779.5,CALL_CENTER,SUCCESS
COL000000461,LOAN00000386,2024-08-23,11849.79,BRANCH,SUCCESS
COL000000462,LOAN00000386,2024-05-06,2687.12,DIGITAL,SUCCESS
COL000000463,LOAN00000386,2026-06-20,25353.58,CALL_CENTER,SUCCESS
COL000000464,LOAN00000387,2026-03-13,42689.41,BRANCH,SUCCESS
COL000000465,LOAN00000387,2024-11-07,49205.28,CALL_CENTER,SUCCESS
COL000000466,LOAN00000387,2026-03-24,8183.64,DIGITAL,SUCCESS
COL000000467,LOAN00000387,2026-07-22,23094.18,BRANCH,SUCCESS
COL000000468,LOAN00000388,2025-03-05,12348.47,CALL_CENTER,SUCCESS
COL000000469,LOAN00000388,2024-08-12,49052.21,CALL_CENTER,SUCCESS
COL000000470,LOAN00000388,2025-02-18,15062.16,BRANCH,SUCCESS
COL000000471,LOAN00000388,2024-08-16,9211.44,CALL_CENTER,SUCCESS
COL000000472,LOAN00000388,2024-04-06,35372.53,DIGITAL,SUCCESS
COL000000473,LOAN00000388,2024-12-08,43279.77,DIGITAL,SUCCESS
COL000000474,LOAN00000393,2025-12-05,25527.07,FIELD_AGENT,SUCCESS
COL000000475,LOAN00000393,2025-12-25,14576.89,DIGITAL,PARTIAL
COL000000476,LOAN00000394,2024-08-05,42381.53,FIELD_AGENT,SUCCESS
COL000000477,LOAN00000396,2024-07-26,47414.19,FIELD_AGENT,SUCCESS
COL000000478,LOAN00000396,2024-05-23,39494.45,DIGITAL,SUCCESS
COL000000479,LOAN00000398,2024-03-09,8006.66,FIELD_AGENT,SUCCESS
COL000000480,LOAN00000398,2026-03-10,5448.2,CALL_CENTER,SUCCESS
COL000000481,LOAN00000402,2024-03-16,9222.76,CALL_CENTER,SUCCESS
COL000000482,LOAN00000402,2025-09-09,12232.53,FIELD_AGENT,SUCCESS
COL000000483,LOAN00000403,2025-12-25,48941.51,FIELD_AGENT,SUCCESS
COL000000484,LOAN00000403,2026-07-27,31152.06,DIGITAL,SUCCESS
COL000000485,LOAN00000403,2024-08-08,10604.86,DIGITAL,PARTIAL
COL000000486,LOAN00000403,2026-04-10,36804.46,BRANCH,SUCCESS
COL000000487,LOAN00000403,2026-01-03,14920.0,CALL_CENTER,SUCCESS
COL000000488,LOAN00000406,2025-11-17,1967.38,CALL_CENTER,SUCCESS
COL000000489,LOAN00000406,2024-12-04,3744.26,CALL_CENTER,SUCCESS
COL000000490,LOAN00000406,2024-12-12,47487.21,FIELD_AGENT,SUCCESS
COL000000491,LOAN00000406,2024-11-04,48065.35,CALL_CENTER,SUCCESS
COL000000492,LOAN00000407,2024-03-01,1186.44,BRANCH,SUCCESS
COL000000493,LOAN00000407,2026-04-08,11296.13,BRANCH,SUCCESS
COL000000494,LOAN00000407,2024-07-26,30836.04,BRANCH,PARTIAL
COL000000495,LOAN00000407,2025-10-13,39475.19,CALL_CENTER,SUCCESS
COL000000496,LOAN00000407,2026-03-24,30414.54,CALL_CENTER,SUCCESS
COL000000497,LOAN00000407,2026-04-02,24621.3,CALL_CENTER,SUCCESS
COL000000498,LOAN00000413,2025-12-02,37036.73,FIELD_AGENT,SUCCESS
COL000000499,LOAN00000413,2026-03-19,10927.12,DIGITAL,PARTIAL
COL000000500,LOAN00000413,2025-08-31,48119.9,BRANCH,PARTIAL
COL000000501,LOAN00000413,2025-02-27,37077.12,DIGITAL,SUCCESS
COL000000502,LOAN00000413,2026-06-16,16271.16,FIELD_AGENT,SUCCESS
COL000000503,LOAN00000413,2026-05-31,40519.04,CALL_CENTER,PARTIAL
COL000000504,LOAN00000416,2025-02-09,4970.06,BRANCH,SUCCESS
COL000000505,LOAN00000421,2025-08-10,30740.36,CALL_CENTER,SUCCESS
COL000000506,LOAN00000421,2026-07-10,46407.93,BRANCH,SUCCESS
COL000000507,LOAN00000421,2024-03-02,46630.59,CALL_CENTER,SUCCESS
COL000000508,LOAN00000421,2024-11-02,10221.48,FIELD_AGENT,SUCCESS
COL000000509,LOAN00000424,2025-09-01,14653.16,FIELD_AGENT,FAILED
COL000000510,LOAN00000424,2026-05-02,6517.93,DIGITAL,SUCCESS
COL000000511,LOAN00000424,2024-08-08,36957.49,DIGITAL,FAILED
COL000000512,LOAN00000424,2025-04-04,48156.41,BRANCH,PARTIAL
COL000000513,LOAN00000431,2024-05-28,34934.31,DIGITAL,SUCCESS
COL000000514,LOAN00000432,2024-08-17,8027.08,BRANCH,SUCCESS
COL000000515,LOAN00000432,2025-06-03,33637.42,CALL_CENTER,SUCCESS
COL000000516,LOAN00000432,2025-07-26,2380.06,FIELD_AGENT,SUCCESS
COL000000517,LOAN00000433,2024-09-04,13220.54,FIELD_AGENT,SUCCESS
COL000000518,LOAN00000433,2024-06-06,38033.25,CALL_CENTER,SUCCESS
COL000000519,LOAN00000434,2026-05-11,13271.84,DIGITAL,SUCCESS
COL000000520,LOAN00000434,2026-03-23,38794.07,FIELD_AGENT,SUCCESS
COL000000521,LOAN00000434,2026-02-22,26972.9,FIELD_AGENT,PARTIAL
COL000000522,LOAN00000434,2026-01-23,46646.64,CALL_CENTER,SUCCESS
COL000000523,LOAN00000434,2025-06-22,2501.5,DIGITAL,SUCCESS
COL000000524,LOAN00000434,2024-04-07,40367.55,FIELD_AGENT,FAILED
COL000000525,LOAN00000436,2025-09-16,11156.87,FIELD_AGENT,SUCCESS
COL000000526,LOAN00000439,2024-07-28,15989.15,CALL_CENTER,SUCCESS
COL000000527,LOAN00000439,2025-12-11,4463.44,DIGITAL,SUCCESS
COL000000528,LOAN00000439,2026-05-18,22028.21,BRANCH,SUCCESS
COL000000529,LOAN00000439,2025-10-15,6508.41,BRANCH,PARTIAL
COL000000530,LOAN00000439,2024-06-29,6696.02,CALL_CENTER,SUCCESS
COL000000531,LOAN00000442,2025-01-15,40043.17,CALL_CENTER,SUCCESS
COL000000532,LOAN00000442,2025-04-03,39782.5,DIGITAL,FAILED
COL000000533,LOAN00000446,2024-05-23,45032.15,BRANCH,SUCCESS
COL000000534,LOAN00000446,2024-09-19,43109.85,FIELD_AGENT,SUCCESS
COL000000535,LOAN00000446,2026-05-04,2425.53,CALL_CENTER,SUCCESS
COL000000536,LOAN00000447,2025-10-28,4583.94,BRANCH,PARTIAL
COL000000537,LOAN00000447,2025-01-20,18801.76,FIELD_AGENT,PARTIAL
COL000000538,LOAN00000447,2024-04-14,28858.55,CALL_CENTER,SUCCESS
COL000000539,LOAN00000450,2024-12-02,9181.94,CALL_CENTER,FAILED
COL000000540,LOAN00000450,2024-08-11,36855.97,CALL_CENTER,FAILED
COL000000541,LOAN00000450,2026-07-24,36376.2,DIGITAL,PARTIAL
COL000000542,LOAN00000450,2024-06-14,8207.89,CALL_CENTER,SUCCESS
COL000000543,LOAN00000450,2026-06-16,44840.63,CALL_CENTER,FAILED
COL000000544,LOAN00000450,2024-08-13,12623.71,FIELD_AGENT,SUCCESS
COL000000545,LOAN00000451,2025-01-24,41745.38,BRANCH,SUCCESS
COL000000546,LOAN00000451,2024-06-14,21748.72,FIELD_AGENT,SUCCESS
COL000000547,LOAN00000451,2026-08-25,47375.99,CALL_CENTER,SUCCESS
COL000000548,LOAN00000451,2024-08-07,20771.49,CALL_CENTER,PARTIAL
COL000000549,LOAN00000453,2024-09-07,9637.07,FIELD_AGENT,SUCCESS
COL000000550,LOAN00000459,2025-09-26,10918.3,FIELD_AGENT,PARTIAL
COL000000551,LOAN00000460,2025-02-19,10325.82,DIGITAL,SUCCESS
COL000000552,LOAN00000461,2024-08-27,3215.59,CALL_CENTER,SUCCESS
COL000000553,LOAN00000461,2024-06-15,33623.28,FIELD_AGENT,PARTIAL
COL000000554,LOAN00000461,2024-06-16,8647.49,BRANCH,SUCCESS
COL000000555,LOAN00000461,2024-05-08,2634.97,DIGITAL,SUCCESS
COL000000556,LOAN00000468,2024-03-20,21737.85,CALL_CENTER,SUCCESS
COL000000557,LOAN00000468,2025-11-19,14844.67,CALL_CENTER,PARTIAL
COL000000558,LOAN00000468,2024-04-14,21118.13,BRANCH,PARTIAL
COL000000559,LOAN00000468,2026-05-13,38106.25,CALL_CENTER,SUCCESS
COL000000560,LOAN00000468,2026-08-29,17837.59,BRANCH,SUCCESS
COL000000561,LOAN00000480,2025-05-06,24530.95,BRANCH,SUCCESS
COL000000562,LOAN00000480,2024-11-29,44334.55,BRANCH,SUCCESS
COL000000563,LOAN00000480,2025-03-05,39924.07,BRANCH,PARTIAL
COL000000564,LOAN00000480,2024-04-10,24908.83,CALL_CENTER,SUCCESS
COL000000565,LOAN00000482,2024-10-25,33258.03,CALL_CENTER,PARTIAL
COL000000566,LOAN00000482,2026-07-20,42503.65,CALL_CENTER,SUCCESS
COL000000567,LOAN00000485,2024-12-10,37839.18,BRANCH,SUCCESS
COL000000568,LOAN00000485,2024-12-12,15359.62,CALL_CENTER,SUCCESS
COL000000569,LOAN00000485,2024-10-14,10611.95,CALL_CENTER,SUCCESS
COL000000570,LOAN00000486,2024-03-30,24052.97,FIELD_AGENT,SUCCESS
COL000000571,LOAN00000489,2024-04-28,8224.08,CALL_CENTER,SUCCESS
COL000000572,LOAN00000489,2026-07-06,28815.6,BRANCH,PARTIAL
COL000000573,LOAN00000492,2026-08-14,35699.82,BRANCH,SUCCESS
COL000000574,LOAN00000493,2025-02-06,36380.6,FIELD_AGENT,PARTIAL
COL000000575,LOAN00000493,2025-07-14,1068.06,DIGITAL,SUCCESS
COL000000576,LOAN00000493,2025-08-23,7041.62,DIGITAL,SUCCESS
COL000000577,LOAN00000495,2024-12-08,19425.81,BRANCH,SUCCESS
COL000000578,LOAN00000495,2025-03-23,2363.9,DIGITAL,SUCCESS
COL000000579,LOAN00000498,2025-06-05,16023.45,BRANCH,SUCCESS
COL000000580,LOAN00000501,2026-02-16,49939.94,BRANCH,SUCCESS
COL000000581,LOAN00000501,2024-06-19,2958.11,FIELD_AGENT,SUCCESS
COL000000582,LOAN00000503,2026-05-20,35235.84,CALL_CENTER,SUCCESS
COL000000583,LOAN00000503,2025-07-26,17881.59,CALL_CENTER,SUCCESS
COL000000584,LOAN00000503,2024-09-06,46872.12,CALL_CENTER,SUCCESS
COL000000585,LOAN00000503,2024-08-05,7399.2,FIELD_AGENT,SUCCESS
COL000000586,LOAN00000503,2025-11-07,24036.01,FIELD_AGENT,SUCCESS
COL000000587,LOAN00000504,2025-08-29,28489.49,BRANCH,SUCCESS
COL000000588,LOAN00000504,2026-02-08,17878.44,BRANCH,SUCCESS
COL000000589,LOAN00000504,2024-03-11,25690.0,DIGITAL,PARTIAL
COL000000590,LOAN00000504,2025-01-25,16052.49,DIGITAL,SUCCESS
COL000000591,LOAN00000504,2025-09-14,43975.65,DIGITAL,SUCCESS
COL000000592,LOAN00000505,2025-02-08,37619.17,BRANCH,PARTIAL
COL000000593,LOAN00000509,2025-04-22,22528.9,BRANCH,PARTIAL
COL000000594,LOAN00000509,2026-04-13,29243.0,FIELD_AGENT,SUCCESS
COL000000595,LOAN00000509,2025-04-23,48413.09,BRANCH,SUCCESS
COL000000596,LOAN00000509,2024-05-30,25494.31,CALL_CENTER,SUCCESS
COL000000597,LOAN00000511,2025-10-31,15985.5,BRANCH,SUCCESS
COL000000598,LOAN00000511,2025-07-31,12205.82,FIELD_AGENT,SUCCESS
COL000000599,LOAN00000516,2025-03-05,46651.83,CALL_CENTER,SUCCESS
COL000000600,LOAN00000516,2026-03-19,43046.55,BRANCH,PARTIAL
COL000000601,LOAN00000516,2026-05-03,48908.06,BRANCH,PARTIAL
COL000000602,LOAN00000516,2024-11-30,41884.63,BRANCH,SUCCESS
COL000000603,LOAN00000516,2024-12-09,4922.07,BRANCH,SUCCESS
COL000000604,LOAN00000517,2024-12-02,14206.55,DIGITAL,SUCCESS
COL000000605,LOAN00000517,2026-01-01,35217.15,DIGITAL,SUCCESS
COL000000606,LOAN00000517,2024-11-08,7450.49,BRANCH,PARTIAL
COL000000607,LOAN00000520,2025-02-02,5966.99,CALL_CENTER,FAILED
COL000000608,LOAN00000521,2025-09-28,7464.65,CALL_CENTER,SUCCESS
COL000000609,LOAN00000529,2026-09-19,48695.31,CALL_CENTER,FAILED
COL000000610,LOAN00000529,2025-03-02,38833.8,DIGITAL,SUCCESS
COL000000611,LOAN00000529,2025-11-19,28343.04,DIGITAL,SUCCESS
COL000000612,LOAN00000529,2025-11-29,43806.41,FIELD_AGENT,SUCCESS
COL000000613,LOAN00000529,2024-12-20,17272.31,CALL_CENTER,SUCCESS
COL000000614,LOAN00000529,2026-08-15,27924.98,CALL_CENTER,SUCCESS
COL000000615,LOAN00000534,2026-09-08,25340.44,FIELD_AGENT,SUCCESS
COL000000616,LOAN00000534,2024-10-16,26052.53,FIELD_AGENT,FAILED
COL000000617,LOAN00000534,2025-10-12,47584.45,BRANCH,SUCCESS
COL000000618,LOAN00000534,2026-04-14,7702.7,BRANCH,SUCCESS
COL000000619,LOAN00000534,2025-09-13,26661.78,CALL_CENTER,PARTIAL
COL000000620,LOAN00000538,2024-04-08,40665.86,FIELD_AGENT,SUCCESS
COL000000621,LOAN00000538,2025-02-16,24305.63,FIELD_AGENT,SUCCESS
COL000000622,LOAN00000538,2026-03-07,13506.8,BRANCH,FAILED
COL000000623,LOAN00000538,2024-04-20,34968.66,BRANCH,PARTIAL
COL000000624,LOAN00000538,2025-11-30,47249.98,DIGITAL,SUCCESS
COL000000625,LOAN00000538,2024-09-18,12439.42,CALL_CENTER,SUCCESS
COL000000626,LOAN00000539,2025-08-03,30710.8,CALL_CENTER,SUCCESS
COL000000627,LOAN00000539,2025-07-19,47036.08,CALL_CENTER,SUCCESS
COL000000628,LOAN00000539,2025-03-30,26115.13,BRANCH,SUCCESS
COL000000629,LOAN00000539,2024-04-17,30791.47,FIELD_AGENT,PARTIAL
COL000000630,LOAN00000539,2025-06-26,39198.47,BRANCH,SUCCESS
COL000000631,LOAN00000541,2024-10-14,27551.62,BRANCH,SUCCESS
COL000000632,LOAN00000541,2025-08-03,26313.9,BRANCH,SUCCESS
COL000000633,LOAN00000541,2025-01-19,31671.76,CALL_CENTER,SUCCESS
COL000000634,LOAN00000544,2024-09-04,32994.55,CALL_CENTER,SUCCESS
COL000000635,LOAN00000544,2025-08-25,30029.5,FIELD_AGENT,SUCCESS
COL000000636,LOAN00000544,2024-10-13,13014.1,FIELD_AGENT,SUCCESS
COL000000637,LOAN00000544,2026-05-02,22074.11,CALL_CENTER,SUCCESS
COL000000638,LOAN00000546,2024-05-30,20142.27,BRANCH,SUCCESS
COL000000639,LOAN00000546,2025-06-07,4980.24,DIGITAL,SUCCESS
COL000000640,LOAN00000547,2025-05-21,46450.03,BRANCH,SUCCESS
COL000000641,LOAN00000547,2025-02-11,8722.74,DIGITAL,SUCCESS
COL000000642,LOAN00000547,2025-01-08,48438.1,FIELD_AGENT,SUCCESS
COL000000643,LOAN00000547,2025-03-02,6700.41,CALL_CENTER,SUCCESS
COL000000644,LOAN00000551,2024-09-26,26086.8,CALL_CENTER,SUCCESS
COL000000645,LOAN00000552,2026-06-25,43555.27,CALL_CENTER,PARTIAL
COL000000646,LOAN00000552,2024-12-18,5862.41,BRANCH,SUCCESS
COL000000647,LOAN00000558,2025-07-02,36009.17,DIGITAL,FAILED
COL000000648,LOAN00000559,2024-12-04,43351.99,DIGITAL,SUCCESS
COL000000649,LOAN00000559,2026-05-22,26701.52,BRANCH,SUCCESS
COL000000650,LOAN00000559,2025-08-31,42663.16,BRANCH,SUCCESS
COL000000651,LOAN00000559,2025-11-29,46947.54,CALL_CENTER,PARTIAL
COL000000652,LOAN00000559,2025-06-17,8874.01,CALL_CENTER,SUCCESS
COL000000653,LOAN00000559,2026-02-19,20124.06,CALL_CENTER,SUCCESS
COL000000654,LOAN00000563,2025-06-07,12533.09,FIELD_AGENT,SUCCESS
COL000000655,LOAN00000564,2026-05-07,6879.43,FIELD_AGENT,SUCCESS
COL000000656,LOAN00000564,2026-07-27,41402.25,BRANCH,PARTIAL
COL000000657,LOAN00000564,2025-05-13,49151.65,BRANCH,PARTIAL
COL000000658,LOAN00000564,2026-02-08,5589.72,DIGITAL,SUCCESS
COL000000659,LOAN00000564,2024-07-29,4544.51,BRANCH,PARTIAL
COL000000660,LOAN00000565,2025-08-28,38532.71,BRANCH,SUCCESS
COL000000661,LOAN00000565,2024-12-31,11157.78,BRANCH,PARTIAL
COL000000662,LOAN00000565,2024-05-31,15046.29,BRANCH,SUCCESS
COL000000663,LOAN00000565,2024-11-21,37280.27,CALL_CENTER,SUCCESS
COL000000664,LOAN00000569,2025-02-26,43162.44,BRANCH,SUCCESS
COL000000665,LOAN00000569,2025-08-02,31826.81,FIELD_AGENT,SUCCESS
COL000000666,LOAN00000569,2024-03-04,35517.11,DIGITAL,SUCCESS
COL000000667,LOAN00000570,2025-08-09,15737.8,FIELD_AGENT,SUCCESS
COL000000668,LOAN00000573,2026-08-19,44271.58,FIELD_AGENT,PARTIAL
COL000000669,LOAN00000573,2025-05-01,28142.58,BRANCH,SUCCESS
COL000000670,LOAN00000573,2025-11-25,21426.61,BRANCH,SUCCESS
COL000000671,LOAN00000573,2024-04-27,26913.51,CALL_CENTER,FAILED
COL000000672,LOAN00000575,2025-08-04,2878.66,BRANCH,PARTIAL
COL000000673,LOAN00000576,2026-03-07,9837.7,CALL_CENTER,SUCCESS
COL000000674,LOAN00000576,2025-02-20,19852.31,BRANCH,SUCCESS
COL000000675,LOAN00000576,2024-07-23,7161.08,FIELD_AGENT,SUCCESS
COL000000676,LOAN00000576,2026-01-04,14096.0,CALL_CENTER,SUCCESS
COL000000677,LOAN00000578,2025-08-04,23329.37,FIELD_AGENT,PARTIAL
COL000000678,LOAN00000578,2025-11-02,18693.87,FIELD_AGENT,SUCCESS
COL000000679,LOAN00000578,2024-08-30,6477.63,CALL_CENTER,SUCCESS
COL000000680,LOAN00000578,2026-08-26,27330.35,CALL_CENTER,SUCCESS
COL000000681,LOAN00000578,2025-05-13,32129.33,BRANCH,PARTIAL
COL000000682,LOAN00000580,2026-07-03,16498.64,DIGITAL,SUCCESS
COL000000683,LOAN00000580,2026-06-09,4373.34,CALL_CENTER,SUCCESS
COL000000684,LOAN00000580,2026-06-14,25655.05,FIELD_AGENT,SUCCESS
COL000000685,LOAN00000580,2024-05-15,18167.99,CALL_CENTER,SUCCESS
COL000000686,LOAN00000581,2024-03-16,30659.68,DIGITAL,SUCCESS
COL000000687,LOAN00000581,2025-06-13,31101.98,CALL_CENTER,SUCCESS
COL000000688,LOAN00000581,2025-03-31,3354.87,BRANCH,PARTIAL
COL000000689,LOAN00000581,2025-10-09,4818.0,BRANCH,SUCCESS
COL000000690,LOAN00000582,2025-07-20,26495.86,BRANCH,PARTIAL
COL000000691,LOAN00000582,2026-07-21,28211.91,FIELD_AGENT,SUCCESS
COL000000692,LOAN00000582,2024-10-02,35008.11,BRANCH,PARTIAL
COL000000693,LOAN00000582,2026-01-24,16701.06,DIGITAL,SUCCESS
COL000000694,LOAN00000582,2024-06-04,16250.22,CALL_CENTER,PARTIAL
COL000000695,LOAN00000586,2024-12-29,38786.82,FIELD_AGENT,PARTIAL
COL000000696,LOAN00000587,2026-09-04,34509.45,BRANCH,PARTIAL
COL000000697,LOAN00000587,2024-09-20,49949.06,FIELD_AGENT,SUCCESS
COL000000698,LOAN00000587,2025-03-02,39680.37,DIGITAL,SUCCESS
COL000000699,LOAN00000587,2025-03-25,43709.18,BRANCH,SUCCESS
COL000000700,LOAN00000587,2025-04-22,42597.74,BRANCH,SUCCESS
COL000000701,LOAN00000587,2025-01-20,14983.88,FIELD_AGENT,SUCCESS
COL000000702,LOAN00000588,2024-11-30,35703.22,FIELD_AGENT,SUCCESS
COL000000703,LOAN00000588,2025-07-13,10659.8,FIELD_AGENT,SUCCESS
COL000000704,LOAN00000592,2024-05-18,8716.07,FIELD_AGENT,SUCCESS
COL000000705,LOAN00000592,2025-09-23,10979.05,FIELD_AGENT,SUCCESS
COL000000706,LOAN00000592,2024-10-01,25071.07,BRANCH,SUCCESS
COL000000707,LOAN00000592,2026-01-03,7244.18,BRANCH,SUCCESS
COL000000708,LOAN00000592,2026-06-10,24538.21,FIELD_AGENT,PARTIAL
COL000000709,LOAN00000592,2025-01-07,31652.16,FIELD_AGENT,PARTIAL
COL000000710,LOAN00000595,2026-01-03,26282.95,FIELD_AGENT,SUCCESS
COL000000711,LOAN00000595,2026-08-06,11621.6,CALL_CENTER,SUCCESS
COL000000712,LOAN00000595,2025-03-17,40611.71,BRANCH,SUCCESS
COL000000713,LOAN00000595,2025-09-16,38204.42,FIELD_AGENT,SUCCESS
COL000000714,LOAN00000595,2026-02-18,37221.17,CALL_CENTER,SUCCESS
COL000000715,LOAN00000596,2026-04-09,48312.6,BRANCH,SUCCESS
COL000000716,LOAN00000596,2025-05-12,13711.45,DIGITAL,PARTIAL
COL000000717,LOAN00000596,2025-08-27,7080.94,DIGITAL,SUCCESS
COL000000718,LOAN00000596,2024-03-02,10566.68,DIGITAL,FAILED
COL000000719,LOAN00000597,2025-01-13,16636.42,DIGITAL,SUCCESS
COL000000720,LOAN00000597,2024-05-21,43787.51,FIELD_AGENT,PARTIAL
COL000000721,LOAN00000603,2025-02-10,30602.66,BRANCH,SUCCESS
COL000000722,LOAN00000604,2024-04-20,20144.17,DIGITAL,FAILED
COL000000723,LOAN00000604,2024-04-21,14465.4,BRANCH,SUCCESS
COL000000724,LOAN00000604,2024-12-19,26566.86,BRANCH,SUCCESS
COL000000725,LOAN00000604,2026-05-22,9711.5,DIGITAL,SUCCESS
COL000000726,LOAN00000604,2025-06-01,13937.49,CALL_CENTER,SUCCESS
COL000000727,LOAN00000604,2025-11-19,42378.64,FIELD_AGENT,SUCCESS
COL000000728,LOAN00000605,2026-05-21,37946.76,FIELD_AGENT,PARTIAL
COL000000729,LOAN00000605,2026-08-10,1209.41,BRANCH,PARTIAL
COL000000730,LOAN00000605,2024-05-21,14615.18,FIELD_AGENT,SUCCESS
COL000000731,LOAN00000607,2024-09-03,30697.41,BRANCH,SUCCESS
COL000000732,LOAN00000607,2024-09-27,21871.64,BRANCH,SUCCESS
COL000000733,LOAN00000607,2025-06-30,10833.62,DIGITAL,SUCCESS
COL000000734,LOAN00000607,2025-04-04,30116.56,CALL_CENTER,PARTIAL
COL000000735,LOAN00000608,2024-08-05,28497.08,CALL_CENTER,PARTIAL
COL000000736,LOAN00000608,2025-10-01,28435.31,CALL_CENTER,SUCCESS
COL000000737,LOAN00000611,2025-02-13,33850.9,FIELD_AGENT,SUCCESS
COL000000738,LOAN00000611,2024-04-13,12268.63,FIELD_AGENT,SUCCESS
COL000000739,LOAN00000611,2024-11-27,47023.99,DIGITAL,PARTIAL
COL000000740,LOAN00000611,2026-04-02,13317.35,BRANCH,SUCCESS
COL000000741,LOAN00000611,2025-06-13,10835.38,FIELD_AGENT,SUCCESS
COL000000742,LOAN00000611,2025-12-14,46747.73,CALL_CENTER,PARTIAL
COL000000743,LOAN00000612,2025-01-15,17389.93,CALL_CENTER,SUCCESS
COL000000744,LOAN00000612,2024-08-27,17622.02,BRANCH,SUCCESS
COL000000745,LOAN00000612,2024-05-10,47680.18,FIELD_AGENT,PARTIAL
COL000000746,LOAN00000612,2024-05-17,22006.74,CALL_CENTER,SUCCESS
COL000000747,LOAN00000612,2025-01-05,24603.63,BRANCH,SUCCESS
COL000000748,LOAN00000612,2025-10-18,49065.55,CALL_CENTER,PARTIAL
COL000000749,LOAN00000613,2025-03-30,39865.84,DIGITAL,SUCCESS
COL000000750,LOAN00000613,2026-03-11,11582.16,DIGITAL,SUCCESS
COL000000751,LOAN00000613,2025-02-13,14658.29,DIGITAL,PARTIAL
COL000000752,LOAN00000615,2026-07-18,36405.42,FIELD_AGENT,SUCCESS
COL000000753,LOAN00000615,2025-07-28,41573.19,FIELD_AGENT,SUCCESS
COL000000754,LOAN00000616,2025-04-13,17408.48,BRANCH,SUCCESS
COL000000755,LOAN00000620,2024-12-24,7576.55,CALL_CENTER,SUCCESS
COL000000756,LOAN00000620,2026-05-24,38816.22,FIELD_AGENT,SUCCESS
COL000000757,LOAN00000620,2026-03-25,29808.04,FIELD_AGENT,PARTIAL
COL000000758,LOAN00000620,2025-11-02,24267.98,FIELD_AGENT,SUCCESS
COL000000759,LOAN00000622,2026-07-30,40272.12,FIELD_AGENT,PARTIAL
COL000000760,LOAN00000622,2025-12-28,37126.71,FIELD_AGENT,SUCCESS
COL000000761,LOAN00000622,2026-07-20,37734.36,BRANCH,SUCCESS
COL000000762,LOAN00000624,2025-10-30,40434.02,BRANCH,SUCCESS
COL000000763,LOAN00000630,2024-07-15,20512.27,BRANCH,SUCCESS
COL000000764,LOAN00000630,2025-06-26,45910.96,FIELD_AGENT,SUCCESS
COL000000765,LOAN00000632,2025-02-14,18335.77,CALL_CENTER,FAILED
COL000000766,LOAN00000636,2024-12-20,39737.34,BRANCH,SUCCESS
COL000000767,LOAN00000636,2024-10-22,21332.42,BRANCH,SUCCESS
COL000000768,LOAN00000638,2025-06-22,14736.33,CALL_CENTER,PARTIAL
COL000000769,LOAN00000644,2025-04-14,30701.87,FIELD_AGENT,SUCCESS
COL000000770,LOAN00000644,2025-08-19,31578.71,CALL_CENTER,FAILED
COL000000771,LOAN00000644,2025-12-09,32010.21,CALL_CENTER,SUCCESS
COL000000772,LOAN00000644,2025-04-02,34084.85,BRANCH,SUCCESS
COL000000773,LOAN00000644,2024-04-05,3346.49,DIGITAL,SUCCESS
COL000000774,LOAN00000646,2026-04-11,46235.49,FIELD_AGENT,SUCCESS
COL000000775,LOAN00000646,2026-05-01,38622.2,CALL_CENTER,SUCCESS
COL000000776,LOAN00000646,2026-05-12,45073.18,DIGITAL,SUCCESS
COL000000777,LOAN00000651,2025-06-02,13421.29,BRANCH,PARTIAL
COL000000778,LOAN00000651,2026-04-26,18282.86,CALL_CENTER,SUCCESS
COL000000779,LOAN00000651,2025-03-21,39578.69,FIELD_AGENT,SUCCESS
COL000000780,LOAN00000651,2025-12-02,29933.59,CALL_CENTER,SUCCESS
COL000000781,LOAN00000651,2026-08-26,29416.05,BRANCH,SUCCESS
COL000000782,LOAN00000654,2025-02-21,38248.61,BRANCH,SUCCESS
COL000000783,LOAN00000654,2026-09-17,15108.51,CALL_CENTER,PARTIAL
COL000000784,LOAN00000654,2024-11-02,7270.85,DIGITAL,SUCCESS
COL000000785,LOAN00000654,2025-05-24,23642.63,CALL_CENTER,SUCCESS
COL000000786,LOAN00000655,2025-07-25,33771.13,FIELD_AGENT,SUCCESS
COL000000787,LOAN00000655,2026-05-15,41410.72,DIGITAL,SUCCESS
COL000000788,LOAN00000655,2024-09-14,41841.43,FIELD_AGENT,SUCCESS
COL000000789,LOAN00000655,2026-09-08,21032.77,BRANCH,PARTIAL
COL000000790,LOAN00000660,2026-05-31,14165.22,CALL_CENTER,SUCCESS
COL000000791,LOAN00000660,2026-05-10,43938.16,FIELD_AGENT,SUCCESS
COL000000792,LOAN00000660,2026-08-12,49307.2,BRANCH,PARTIAL
COL000000793,LOAN00000660,2026-01-06,35554.66,DIGITAL,SUCCESS
COL000000794,LOAN00000661,2025-11-11,11518.22,CALL_CENTER,PARTIAL
COL000000795,LOAN00000665,2025-08-09,12476.4,BRANCH,SUCCESS
COL000000796,LOAN00000668,2025-03-08,39556.46,FIELD_AGENT,FAILED
COL000000797,LOAN00000668,2025-09-10,18724.28,BRANCH,PARTIAL
COL000000798,LOAN00000668,2025-11-25,16847.51,CALL_CENTER,SUCCESS
COL000000799,LOAN00000668,2024-10-15,12291.39,DIGITAL,SUCCESS
COL000000800,LOAN00000668,2026-09-25,13811.07,FIELD_AGENT,PARTIAL
COL000000801,LOAN00000668,2026-08-06,33116.29,DIGITAL,PARTIAL
COL000000802,LOAN00000672,2025-07-29,41863.32,CALL_CENTER,SUCCESS
COL000000803,LOAN00000673,2024-09-28,43251.49,DIGITAL,SUCCESS
COL000000804,LOAN00000673,2026-01-17,10339.86,FIELD_AGENT,PARTIAL
COL000000805,LOAN00000678,2025-11-09,27496.57,FIELD_AGENT,SUCCESS
COL000000806,LOAN00000678,2026-05-18,27770.55,BRANCH,PARTIAL
COL000000807,LOAN00000678,2026-08-15,11148.35,BRANCH,PARTIAL
COL000000808,LOAN00000678,2024-06-09,14091.71,DIGITAL,SUCCESS
COL000000809,LOAN00000678,2025-01-13,14274.27,DIGITAL,SUCCESS
COL000000810,LOAN00000678,2026-07-22,36777.56,BRANCH,SUCCESS
COL000000811,LOAN00000683,2024-12-22,11769.44,BRANCH,PARTIAL
COL000000812,LOAN00000683,2026-05-06,7312.61,FIELD_AGENT,SUCCESS
COL000000813,LOAN00000685,2024-12-02,24025.52,DIGITAL,PARTIAL
COL000000814,LOAN00000685,2024-03-27,10717.85,CALL_CENTER,PARTIAL
COL000000815,LOAN00000685,2025-07-26,43347.54,BRANCH,SUCCESS
COL000000816,LOAN00000687,2024-04-18,46899.84,FIELD_AGENT,FAILED
COL000000817,LOAN00000687,2025-06-05,38513.99,DIGITAL,SUCCESS
COL000000818,LOAN00000688,2026-07-06,11362.88,FIELD_AGENT,FAILED
COL000000819,LOAN00000688,2024-10-31,9301.49,BRANCH,SUCCESS
COL000000820,LOAN00000688,2025-11-06,17016.69,BRANCH,SUCCESS
COL000000821,LOAN00000688,2025-11-19,5248.22,DIGITAL,SUCCESS
COL000000822,LOAN00000688,2024-09-08,21699.88,BRANCH,SUCCESS
COL000000823,LOAN00000688,2025-09-16,36925.73,BRANCH,SUCCESS
COL000000824,LOAN00000689,2026-07-28,15342.26,BRANCH,SUCCESS
COL000000825,LOAN00000689,2026-03-31,19447.36,CALL_CENTER,SUCCESS
COL000000826,LOAN00000689,2024-05-13,7357.09,CALL_CENTER,PARTIAL
COL000000827,LOAN00000689,2026-05-12,12869.31,CALL_CENTER,SUCCESS
COL000000828,LOAN00000689,2026-02-13,41862.76,FIELD_AGENT,PARTIAL
COL000000829,LOAN00000689,2024-07-27,21119.63,BRANCH,SUCCESS
COL000000830,LOAN00000695,2024-06-03,9883.76,FIELD_AGENT,SUCCESS
COL000000831,LOAN00000695,2024-10-12,39700.99,DIGITAL,SUCCESS
COL000000832,LOAN00000695,2026-03-25,3278.29,BRANCH,PARTIAL
COL000000833,LOAN00000696,2024-12-21,2446.03,FIELD_AGENT,SUCCESS
COL000000834,LOAN00000696,2024-10-31,19955.22,FIELD_AGENT,SUCCESS
COL000000835,LOAN00000696,2024-07-03,17622.31,FIELD_AGENT,FAILED
COL000000836,LOAN00000696,2025-10-17,24665.12,CALL_CENTER,SUCCESS
COL000000837,LOAN00000696,2024-03-13,21337.87,DIGITAL,SUCCESS
COL000000838,LOAN00000698,2024-03-12,2259.57,BRANCH,SUCCESS
COL000000839,LOAN00000698,2025-05-28,22529.74,BRANCH,FAILED
COL000000840,LOAN00000698,2024-04-03,39528.76,BRANCH,SUCCESS
COL000000841,LOAN00000698,2025-02-18,45519.44,FIELD_AGENT,SUCCESS
COL000000842,LOAN00000698,2024-12-30,7200.85,DIGITAL,SUCCESS
COL000000843,LOAN00000698,2025-05-18,19347.94,FIELD_AGENT,PARTIAL
COL000000844,LOAN00000702,2025-05-02,38562.95,FIELD_AGENT,SUCCESS
COL000000845,LOAN00000704,2024-06-12,32838.1,FIELD_AGENT,SUCCESS
COL000000846,LOAN00000704,2025-03-18,25356.02,FIELD_AGENT,SUCCESS
COL000000847,LOAN00000704,2024-05-14,36478.33,FIELD_AGENT,SUCCESS
COL000000848,LOAN00000704,2026-06-25,49334.91,CALL_CENTER,SUCCESS
COL000000849,LOAN00000704,2025-04-08,18582.95,FIELD_AGENT,PARTIAL
COL000000850,LOAN00000706,2026-07-05,30316.86,CALL_CENTER,PARTIAL
COL000000851,LOAN00000706,2024-05-22,15521.46,CALL_CENTER,SUCCESS
COL000000852,LOAN00000706,2024-08-07,2612.67,FIELD_AGENT,SUCCESS
COL000000853,LOAN00000706,2025-01-31,8640.91,DIGITAL,SUCCESS
COL000000854,LOAN00000706,2024-10-10,26997.6,FIELD_AGENT,SUCCESS
COL000000855,LOAN00000722,2026-08-01,21539.61,FIELD_AGENT,SUCCESS
COL000000856,LOAN00000722,2025-07-04,26982.37,DIGITAL,SUCCESS
COL000000857,LOAN00000722,2025-11-24,27440.25,BRANCH,SUCCESS
COL000000858,LOAN00000722,2024-12-14,40482.25,DIGITAL,PARTIAL
COL000000859,LOAN00000722,2024-03-07,45852.15,FIELD_AGENT,SUCCESS
COL000000860,LOAN00000723,2026-01-06,18729.27,FIELD_AGENT,SUCCESS
COL000000861,LOAN00000723,2025-03-20,44135.26,CALL_CENTER,PARTIAL
COL000000862,LOAN00000723,2024-08-17,27469.2,BRANCH,PARTIAL
COL000000863,LOAN00000723,2025-03-20,20718.45,DIGITAL,SUCCESS
COL000000864,LOAN00000723,2025-01-31,4327.89,CALL_CENTER,SUCCESS
COL000000865,LOAN00000726,2025-11-01,16241.35,FIELD_AGENT,SUCCESS
COL000000866,LOAN00000726,2026-07-08,25502.6,CALL_CENTER,SUCCESS
COL000000867,LOAN00000726,2025-10-30,47749.37,DIGITAL,SUCCESS
COL000000868,LOAN00000726,2024-10-17,6615.64,FIELD_AGENT,FAILED
COL000000869,LOAN00000726,2026-06-27,17791.12,FIELD_AGENT,SUCCESS
COL000000870,LOAN00000726,2024-11-09,41527.19,CALL_CENTER,PARTIAL
COL000000871,LOAN00000727,2024-12-21,19554.84,FIELD_AGENT,SUCCESS
COL000000872,LOAN00000727,2026-08-17,35752.88,FIELD_AGENT,SUCCESS
COL000000873,LOAN00000727,2026-01-03,48258.66,FIELD_AGENT,PARTIAL
COL000000874,LOAN00000727,2026-03-20,8930.94,CALL_CENTER,SUCCESS
COL000000875,LOAN00000727,2025-08-23,32791.62,BRANCH,SUCCESS
COL000000876,LOAN00000730,2025-07-29,4896.45,BRANCH,SUCCESS
COL000000877,LOAN00000730,2025-10-28,20532.93,BRANCH,SUCCESS
COL000000878,LOAN00000730,2026-02-16,22929.9,BRANCH,PARTIAL
COL000000879,LOAN00000732,2026-01-05,15949.7,DIGITAL,SUCCESS
COL000000880,LOAN00000732,2024-08-26,26304.22,CALL_CENTER,SUCCESS
COL000000881,LOAN00000732,2024-04-25,40938.71,DIGITAL,SUCCESS
COL000000882,LOAN00000732,2025-01-20,15218.49,FIELD_AGENT,SUCCESS
COL000000883,LOAN00000732,2025-07-07,32692.97,DIGITAL,SUCCESS
COL000000884,LOAN00000734,2024-06-14,3494.03,DIGITAL,SUCCESS
COL000000885,LOAN00000737,2026-02-05,17331.02,DIGITAL,PARTIAL
COL000000886,LOAN00000737,2025-12-12,16047.85,FIELD_AGENT,SUCCESS
COL000000887,LOAN00000737,2025-06-30,18919.98,CALL_CENTER,SUCCESS
COL000000888,LOAN00000737,2024-12-11,33982.11,FIELD_AGENT,PARTIAL
COL000000889,LOAN00000737,2025-08-01,23667.01,CALL_CENTER,SUCCESS
COL000000890,LOAN00000738,2026-03-01,47100.15,CALL_CENTER,SUCCESS
COL000000891,LOAN00000738,2026-04-07,25037.04,CALL_CENTER,SUCCESS
COL000000892,LOAN00000738,2025-04-12,16346.96,BRANCH,PARTIAL
COL000000893,LOAN00000738,2025-08-07,39644.95,DIGITAL,SUCCESS
COL000000894,LOAN00000738,2024-07-17,6946.6,DIGITAL,PARTIAL
COL000000895,LOAN00000738,2025-04-02,33069.54,BRANCH,SUCCESS
COL000000896,LOAN00000739,2025-01-03,15021.92,CALL_CENTER,SUCCESS
COL000000897,LOAN00000739,2026-09-16,15160.18,FIELD_AGENT,SUCCESS
COL000000898,LOAN00000739,2026-01-16,34437.34,CALL_CENTER,PARTIAL
COL000000899,LOAN00000742,2024-09-22,41522.63,CALL_CENTER,PARTIAL
COL000000900,LOAN00000742,2025-07-24,15775.61,BRANCH,SUCCESS
COL000000901,LOAN00000742,2025-11-22,43775.54,BRANCH,SUCCESS
COL000000902,LOAN00000742,2024-08-10,7758.69,CALL_CENTER,SUCCESS
COL000000903,LOAN00000750,2024-08-30,12242.76,FIELD_AGENT,SUCCESS
COL000000904,LOAN00000753,2024-11-02,38580.32,CALL_CENTER,PARTIAL
COL000000905,LOAN00000753,2024-03-14,11429.88,DIGITAL,SUCCESS
COL000000906,LOAN00000753,2025-11-20,24072.05,CALL_CENTER,SUCCESS
COL000000907,LOAN00000757,2025-02-07,20897.96,CALL_CENTER,SUCCESS
COL000000908,LOAN00000757,2026-04-08,49801.72,FIELD_AGENT,SUCCESS
COL000000909,LOAN00000757,2025-08-05,6850.63,CALL_CENTER,SUCCESS
COL000000910,LOAN00000757,2024-09-22,27101.71,BRANCH,SUCCESS
COL000000911,LOAN00000757,2026-06-08,19072.57,CALL_CENTER,PARTIAL
COL000000912,LOAN00000757,2025-07-11,8593.74,BRANCH,SUCCESS
COL000000913,LOAN00000758,2024-06-16,35999.33,FIELD_AGENT,SUCCESS
COL000000914,LOAN00000762,2026-02-06,36987.5,DIGITAL,SUCCESS
COL000000915,LOAN00000762,2026-05-26,33386.84,FIELD_AGENT,SUCCESS
COL000000916,LOAN00000762,2026-08-08,36043.53,FIELD_AGENT,SUCCESS
COL000000917,LOAN00000762,2026-06-21,43989.9,FIELD_AGENT,SUCCESS
COL000000918,LOAN00000762,2025-08-15,24433.19,FIELD_AGENT,SUCCESS
COL000000919,LOAN00000762,2025-10-03,45561.87,DIGITAL,SUCCESS
COL000000920,LOAN00000763,2026-07-26,2317.43,FIELD_AGENT,SUCCESS
COL000000921,LOAN00000763,2024-12-15,26836.61,BRANCH,SUCCESS
COL000000922,LOAN00000769,2026-02-11,26114.93,FIELD_AGENT,SUCCESS
COL000000923,LOAN00000769,2025-03-23,46871.09,CALL_CENTER,SUCCESS
COL000000924,LOAN00000769,2026-01-25,40763.41,CALL_CENTER,SUCCESS
COL000000925,LOAN00000769,2024-09-20,5406.98,CALL_CENTER,SUCCESS
COL000000926,LOAN00000769,2025-08-20,36148.44,BRANCH,SUCCESS
COL000000927,LOAN00000769,2026-09-19,34033.48,CALL_CENTER,FAILED
COL000000928,LOAN00000773,2026-01-12,14081.78,BRANCH,SUCCESS
COL000000929,LOAN00000773,2025-12-18,36155.41,FIELD_AGENT,SUCCESS
COL000000930,LOAN00000777,2025-05-20,7646.56,CALL_CENTER,SUCCESS
COL000000931,LOAN00000777,2025-03-17,2043.45,BRANCH,SUCCESS
COL000000932,LOAN00000780,2025-06-18,28160.06,CALL_CENTER,PARTIAL
COL000000933,LOAN00000780,2026-06-24,18661.62,DIGITAL,SUCCESS
COL000000934,LOAN00000780,2024-07-07,33413.47,FIELD_AGENT,SUCCESS
COL000000935,LOAN00000780,2025-04-03,16266.78,CALL_CENTER,SUCCESS
COL000000936,LOAN00000780,2026-01-24,39275.05,DIGITAL,SUCCESS
COL000000937,LOAN00000782,2025-09-17,13970.05,FIELD_AGENT,SUCCESS
COL000000938,LOAN00000782,2025-04-06,19971.09,CALL_CENTER,SUCCESS
COL000000939,LOAN00000782,2024-12-20,36245.4,BRANCH,PARTIAL
COL000000940,LOAN00000782,2025-09-14,29697.67,CALL_CENTER,PARTIAL
COL000000941,LOAN00000785,2026-03-03,29983.52,FIELD_AGENT,SUCCESS
COL000000942,LOAN00000788,2026-04-28,24109.33,CALL_CENTER,SUCCESS
COL000000943,LOAN00000788,2026-02-02,37385.46,FIELD_AGENT,SUCCESS
COL000000944,LOAN00000788,2026-08-09,20197.7,BRANCH,SUCCESS
COL000000945,LOAN00000788,2024-06-01,31748.41,BRANCH,SUCCESS
COL000000946,LOAN00000788,2025-03-24,28047.25,FIELD_AGENT,PARTIAL
COL000000947,LOAN00000790,2024-07-27,49233.11,CALL_CENTER,PARTIAL
COL000000948,LOAN00000790,2026-08-07,17673.29,CALL_CENTER,PARTIAL
COL000000949,LOAN00000790,2024-08-03,11014.39,DIGITAL,SUCCESS
COL000000950,LOAN00000792,2026-06-13,20099.91,DIGITAL,SUCCESS
COL000000951,LOAN00000792,2026-07-02,20255.44,FIELD_AGENT,PARTIAL
COL000000952,LOAN00000792,2024-05-11,9251.08,CALL_CENTER,SUCCESS
COL000000953,LOAN00000792,2026-06-13,37818.05,BRANCH,SUCCESS
COL000000954,LOAN00000794,2024-03-22,49686.53,FIELD_AGENT,SUCCESS
COL000000955,LOAN00000794,2026-03-23,22298.06,CALL_CENTER,SUCCESS
COL000000956,LOAN00000794,2025-09-20,26351.93,FIELD_AGENT,SUCCESS
COL000000957,LOAN00000795,2024-04-03,6954.44,DIGITAL,PARTIAL
COL000000958,LOAN00000795,2024-08-05,41317.19,FIELD_AGENT,PARTIAL
COL000000959,LOAN00000795,2025-03-30,20287.37,CALL_CENTER,SUCCESS
COL000000960,LOAN00000797,2025-03-07,4949.88,DIGITAL,SUCCESS
COL000000961,LOAN00000797,2024-10-26,9986.48,CALL_CENTER,PARTIAL
COL000000962,LOAN00000797,2024-11-03,47696.26,BRANCH,SUCCESS
COL000000963,LOAN00000797,2025-09-28,24808.71,DIGITAL,SUCCESS
COL000000964,LOAN00000797,2025-07-02,29489.02,CALL_CENTER,SUCCESS
COL000000965,LOAN00000798,2026-01-31,41808.53,CALL_CENTER,SUCCESS
COL000000966,LOAN00000798,2024-09-20,13058.68,FIELD_AGENT,SUCCESS
COL000000967,LOAN00000798,2024-03-08,6017.84,DIGITAL,SUCCESS
COL000000968,LOAN00000798,2024-07-15,5934.53,CALL_CENTER,SUCCESS
COL000000969,LOAN00000801,2026-07-17,34164.6,FIELD_AGENT,FAILED
COL000000970,LOAN00000801,2026-01-21,49663.84,BRANCH,PARTIAL
COL000000971,LOAN00000801,2024-10-29,31951.58,BRANCH,SUCCESS
COL000000972,LOAN00000801,2024-06-05,27740.51,CALL_CENTER,SUCCESS
COL000000973,LOAN00000801,2026-09-20,33878.26,CALL_CENTER,SUCCESS
COL000000974,LOAN00000807,2025-06-30,49971.92,FIELD_AGENT,SUCCESS
COL000000975,LOAN00000807,2025-10-26,1744.45,CALL_CENTER,SUCCESS
COL000000976,LOAN00000807,2025-07-12,26607.55,DIGITAL,SUCCESS
COL000000977,LOAN00000807,2024-03-30,14963.59,BRANCH,FAILED
COL000000978,LOAN00000809,2024-04-14,43988.55,DIGITAL,SUCCESS
COL000000979,LOAN00000809,2025-08-11,33004.64,CALL_CENTER,SUCCESS
COL000000980,LOAN00000809,2025-10-16,30998.13,BRANCH,SUCCESS
COL000000981,LOAN00000809,2024-07-21,28660.96,BRANCH,SUCCESS
COL000000982,LOAN00000809,2024-05-06,18271.17,BRANCH,SUCCESS
COL000000983,LOAN00000809,2026-02-09,42065.86,DIGITAL,SUCCESS
COL000000984,LOAN00000812,2024-08-21,26438.98,FIELD_AGENT,SUCCESS
COL000000985,LOAN00000812,2024-04-30,31989.07,DIGITAL,SUCCESS
COL000000986,LOAN00000815,2024-05-02,29499.51,BRANCH,PARTIAL
COL000000987,LOAN00000817,2024-06-16,22419.43,BRANCH,SUCCESS
COL000000988,LOAN00000817,2025-11-07,7289.27,DIGITAL,SUCCESS
COL000000989,LOAN00000817,2025-09-07,15461.65,DIGITAL,SUCCESS
COL000000990,LOAN00000817,2024-04-29,7599.92,BRANCH,SUCCESS
COL000000991,LOAN00000818,2025-08-12,40340.81,FIELD_AGENT,SUCCESS
COL000000992,LOAN00000818,2025-12-11,47565.15,FIELD_AGENT,SUCCESS
COL000000993,LOAN00000818,2025-10-15,32721.74,DIGITAL,SUCCESS
COL000000994,LOAN00000818,2026-03-04,43063.83,BRANCH,SUCCESS
COL000000995,LOAN00000819,2024-10-19,7481.76,CALL_CENTER,SUCCESS
COL000000996,LOAN00000819,2024-04-21,27567.24,FIELD_AGENT,PARTIAL
COL000000997,LOAN00000819,2026-04-07,34582.8,FIELD_AGENT,SUCCESS
COL000000998,LOAN00000819,2024-04-30,39875.66,FIELD_AGENT,FAILED
COL000000999,LOAN00000820,2025-04-07,37609.25,CALL_CENTER,PARTIAL
COL000001000,LOAN00000820,2026-09-28,2043.39,DIGITAL,SUCCESS
COL000001001,LOAN00000820,2025-08-25,46149.8,CALL_CENTER,PARTIAL
COL000001002,LOAN00000820,2026-03-01,32048.91,BRANCH,SUCCESS
COL000001003,LOAN00000820,2026-08-28,16764.19,BRANCH,SUCCESS
COL000001004,LOAN00000820,2026-07-24,20515.98,CALL_CENTER,SUCCESS
COL000001005,LOAN00000824,2025-06-13,40641.73,BRANCH,SUCCESS
COL000001006,LOAN00000825,2026-08-07,22278.94,DIGITAL,SUCCESS
COL000001007,LOAN00000825,2026-05-28,22024.73,FIELD_AGENT,SUCCESS
COL000001008,LOAN00000826,2024-10-12,9003.26,DIGITAL,SUCCESS
COL000001009,LOAN00000826,2026-01-05,8724.24,BRANCH,SUCCESS
COL000001010,LOAN00000826,2025-03-31,45453.21,FIELD_AGENT,SUCCESS
COL000001011,LOAN00000828,2026-03-29,23858.08,BRANCH,SUCCESS
COL000001012,LOAN00000836,2026-05-28,19330.13,CALL_CENTER,SUCCESS
COL000001013,LOAN00000836,2025-11-01,18201.2,DIGITAL,PARTIAL
COL000001014,LOAN00000836,2024-06-30,40842.93,BRANCH,SUCCESS
COL000001015,LOAN00000836,2024-07-29,11795.52,BRANCH,SUCCESS
COL000001016,LOAN00000838,2024-09-25,7340.23,CALL_CENTER,SUCCESS
COL000001017,LOAN00000841,2026-08-26,36231.86,DIGITAL,SUCCESS
COL000001018,LOAN00000844,2026-07-22,31707.65,BRANCH,SUCCESS
COL000001019,LOAN00000844,2024-12-24,18402.76,CALL_CENTER,SUCCESS
COL000001020,LOAN00000846,2024-10-14,35112.41,FIELD_AGENT,SUCCESS
COL000001021,LOAN00000846,2025-10-29,5792.56,BRANCH,SUCCESS
COL000001022,LOAN00000846,2025-02-08,39612.53,DIGITAL,SUCCESS
COL000001023,LOAN00000848,2025-03-15,1866.08,FIELD_AGENT,SUCCESS
COL000001024,LOAN00000848,2025-03-03,23846.96,DIGITAL,SUCCESS
COL000001025,LOAN00000848,2024-09-21,40575.37,CALL_CENTER,SUCCESS
COL000001026,LOAN00000848,2024-11-03,37383.71,BRANCH,PARTIAL
COL000001027,LOAN00000848,2025-08-22,40279.18,BRANCH,PARTIAL
COL000001028,LOAN00000851,2025-07-10,46703.65,FIELD_AGENT,PARTIAL
COL000001029,LOAN00000851,2026-07-04,35883.69,FIELD_AGENT,PARTIAL
COL000001030,LOAN00000853,2024-06-23,14401.99,CALL_CENTER,SUCCESS
COL000001031,LOAN00000854,2026-03-17,43341.55,FIELD_AGENT,SUCCESS
COL000001032,LOAN00000854,2026-07-24,40187.27,DIGITAL,SUCCESS
COL000001033,LOAN00000854,2026-08-24,18018.09,DIGITAL,SUCCESS
COL000001034,LOAN00000854,2025-09-02,18495.0,FIELD_AGENT,SUCCESS
COL000001035,LOAN00000854,2026-01-22,25209.18,FIELD_AGENT,SUCCESS
COL000001036,LOAN00000856,2025-12-19,49360.14,FIELD_AGENT,SUCCESS
COL000001037,LOAN00000856,2024-08-09,4928.55,BRANCH,PARTIAL
COL000001038,LOAN00000856,2024-12-19,22477.31,DIGITAL,SUCCESS
COL000001039,LOAN00000856,2024-09-27,15816.27,DIGITAL,SUCCESS
COL000001040,LOAN00000856,2026-03-21,46039.45,DIGITAL,SUCCESS
COL000001041,LOAN00000858,2026-09-11,29567.78,BRANCH,SUCCESS
COL000001042,LOAN00000858,2024-09-12,13662.97,FIELD_AGENT,SUCCESS
COL000001043,LOAN00000865,2024-06-10,14988.98,DIGITAL,PARTIAL
COL000001044,LOAN00000865,2026-08-25,44030.21,BRANCH,PARTIAL
COL000001045,LOAN00000877,2025-10-31,10498.75,FIELD_AGENT,SUCCESS
COL000001046,LOAN00000877,2025-03-25,43492.46,FIELD_AGENT,SUCCESS
COL000001047,LOAN00000877,2025-02-16,43219.39,CALL_CENTER,SUCCESS
COL000001048,LOAN00000877,2026-08-25,47691.99,BRANCH,SUCCESS
COL000001049,LOAN00000882,2025-06-23,21576.88,FIELD_AGENT,SUCCESS
COL000001050,LOAN00000882,2024-07-10,29811.01,BRANCH,PARTIAL
COL000001051,LOAN00000882,2026-02-20,44536.93,BRANCH,SUCCESS
COL000001052,LOAN00000882,2026-05-04,16424.37,CALL_CENTER,PARTIAL
COL000001053,LOAN00000882,2024-09-26,3892.1,FIELD_AGENT,SUCCESS
COL000001054,LOAN00000882,2024-07-27,21896.9,FIELD_AGENT,SUCCESS
COL000001055,LOAN00000883,2025-01-23,32545.31,DIGITAL,PARTIAL
COL000001056,LOAN00000884,2026-01-22,16742.06,DIGITAL,SUCCESS
COL000001057,LOAN00000893,2024-03-28,46137.15,CALL_CENTER,SUCCESS
COL000001058,LOAN00000893,2024-10-02,45092.85,BRANCH,SUCCESS
COL000001059,LOAN00000893,2025-04-10,25096.86,FIELD_AGENT,SUCCESS
COL000001060,LOAN00000893,2024-03-30,34130.95,CALL_CENTER,SUCCESS
COL000001061,LOAN00000893,2024-04-06,42616.87,BRANCH,PARTIAL
COL000001062,LOAN00000902,2025-09-06,17454.42,DIGITAL,PARTIAL
COL000001063,LOAN00000902,2025-07-06,13157.54,CALL_CENTER,SUCCESS
COL000001064,LOAN00000902,2025-08-25,5824.19,BRANCH,SUCCESS
COL000001065,LOAN00000902,2025-11-28,13622.62,FIELD_AGENT,SUCCESS
COL000001066,LOAN00000902,2024-09-01,2151.59,BRANCH,SUCCESS
COL000001067,LOAN00000902,2026-04-25,10761.0,DIGITAL,SUCCESS
COL000001068,LOAN00000904,2024-04-05,19044.17,FIELD_AGENT,SUCCESS
COL000001069,LOAN00000905,2025-03-26,37234.11,BRANCH,SUCCESS
COL000001070,LOAN00000905,2024-03-03,36363.4,FIELD_AGENT,SUCCESS
COL000001071,LOAN00000906,2024-05-20,21295.96,BRANCH,SUCCESS
COL000001072,LOAN00000906,2024-06-29,5431.05,CALL_CENTER,PARTIAL
COL000001073,LOAN00000906,2026-09-26,34485.41,DIGITAL,PARTIAL
COL000001074,LOAN00000906,2024-08-25,28241.7,DIGITAL,SUCCESS
COL000001075,LOAN00000906,2024-08-18,38027.37,FIELD_AGENT,SUCCESS
COL000001076,LOAN00000907,2026-06-05,41452.85,CALL_CENTER,SUCCESS
COL000001077,LOAN00000908,2026-02-18,47617.29,FIELD_AGENT,SUCCESS
COL000001078,LOAN00000908,2026-04-30,40844.08,FIELD_AGENT,SUCCESS
COL000001079,LOAN00000908,2026-03-04,34255.67,DIGITAL,SUCCESS
COL000001080,LOAN00000908,2025-12-20,14714.36,BRANCH,SUCCESS
COL000001081,LOAN00000908,2025-08-24,31601.32,CALL_CENTER,SUCCESS
COL000001082,LOAN00000908,2026-05-29,9372.48,DIGITAL,FAILED
COL000001083,LOAN00000909,2024-05-01,5333.07,BRANCH,SUCCESS
COL000001084,LOAN00000914,2025-10-15,39151.89,FIELD_AGENT,PARTIAL
COL000001085,LOAN00000915,2025-06-14,45020.55,BRANCH,PARTIAL
COL000001086,LOAN00000915,2025-02-05,17515.43,DIGITAL,SUCCESS
COL000001087,LOAN00000915,2026-04-01,23517.53,DIGITAL,PARTIAL
COL000001088,LOAN00000915,2024-03-21,31446.59,BRANCH,SUCCESS
COL000001089,LOAN00000917,2026-04-25,19598.81,FIELD_AGENT,FAILED
COL000001090,LOAN00000917,2026-05-08,21591.98,CALL_CENTER,SUCCESS
COL000001091,LOAN00000917,2026-01-19,30919.44,CALL_CENTER,SUCCESS
COL000001092,LOAN00000917,2026-08-27,32877.26,DIGITAL,SUCCESS
COL000001093,LOAN00000917,2024-03-02,19977.47,BRANCH,SUCCESS
COL000001094,LOAN00000917,2025-11-07,31378.79,FIELD_AGENT,SUCCESS
COL000001095,LOAN00000919,2026-02-23,24667.69,CALL_CENTER,SUCCESS
COL000001096,LOAN00000920,2025-01-01,20075.7,DIGITAL,FAILED
COL000001097,LOAN00000920,2026-08-02,47700.56,FIELD_AGENT,SUCCESS
COL000001098,LOAN00000924,2026-05-04,1289.95,CALL_CENTER,SUCCESS
COL000001099,LOAN00000926,2024-03-13,43885.86,FIELD_AGENT,FAILED
COL000001100,LOAN00000938,2024-03-30,7121.45,BRANCH,SUCCESS
COL000001101,LOAN00000938,2025-11-20,14098.14,BRANCH,PARTIAL
COL000001102,LOAN00000938,2024-11-18,25556.68,CALL_CENTER,SUCCESS
COL000001103,LOAN00000938,2025-08-08,11909.14,CALL_CENTER,SUCCESS
COL000001104,LOAN00000938,2024-10-16,23705.07,BRANCH,SUCCESS
COL000001105,LOAN00000946,2024-10-18,28516.85,FIELD_AGENT,PARTIAL
COL000001106,LOAN00000946,2025-10-17,7519.57,FIELD_AGENT,SUCCESS
COL000001107,LOAN00000948,2026-05-29,32727.97,BRANCH,FAILED
COL000001108,LOAN00000948,2026-02-01,9877.6,CALL_CENTER,SUCCESS
COL000001109,LOAN00000948,2025-04-26,44171.27,CALL_CENTER,SUCCESS
COL000001110,LOAN00000948,2025-04-08,8382.02,FIELD_AGENT,PARTIAL
COL000001111,LOAN00000949,2026-04-02,5212.35,CALL_CENTER,SUCCESS
COL000001112,LOAN00000949,2024-05-15,26345.24,DIGITAL,PARTIAL
COL000001113,LOAN00000949,2026-04-21,25492.57,CALL_CENTER,SUCCESS
COL000001114,LOAN00000949,2025-12-17,42548.84,CALL_CENTER,SUCCESS
COL000001115,LOAN00000949,2026-03-18,47333.24,DIGITAL,SUCCESS
COL000001116,LOAN00000952,2024-04-25,8087.49,FIELD_AGENT,SUCCESS
COL000001117,LOAN00000952,2025-09-30,39813.86,BRANCH,SUCCESS
COL000001118,LOAN00000961,2024-11-08,12966.52,FIELD_AGENT,SUCCESS
COL000001119,LOAN00000962,2025-10-22,37527.29,CALL_CENTER,SUCCESS
COL000001120,LOAN00000962,2024-03-03,10937.93,FIELD_AGENT,SUCCESS
COL000001121,LOAN00000962,2024-09-15,17443.34,CALL_CENTER,SUCCESS
COL000001122,LOAN00000962,2025-08-07,13869.38,FIELD_AGENT,PARTIAL
COL000001123,LOAN00000963,2025-08-24,20974.81,DIGITAL,SUCCESS
COL000001124,LOAN00000963,2025-05-01,45557.63,FIELD_AGENT,SUCCESS
COL000001125,LOAN00000963,2025-06-05,1814.33,BRANCH,FAILED
COL000001126,LOAN00000965,2025-01-13,20833.75,BRANCH,SUCCESS
COL000001127,LOAN00000965,2024-12-04,45732.8,DIGITAL,SUCCESS
COL000001128,LOAN00000965,2025-11-12,4509.19,CALL_CENTER,SUCCESS
COL000001129,LOAN00000965,2025-05-28,24795.74,DIGITAL,SUCCESS
COL000001130,LOAN00000965,2025-05-26,31979.89,BRANCH,PARTIAL
COL000001131,LOAN00000968,2026-07-23,44475.14,FIELD_AGENT,FAILED
COL000001132,LOAN00000968,2025-06-26,19831.87,DIGITAL,PARTIAL
COL000001133,LOAN00000968,2025-03-20,16499.68,CALL_CENTER,SUCCESS
COL000001134,LOAN00000968,2024-06-05,34651.71,DIGITAL,SUCCESS
COL000001135,LOAN00000968,2024-07-15,19635.49,CALL_CENTER,SUCCESS
COL000001136,LOAN00000970,2025-10-04,29241.94,DIGITAL,SUCCESS
COL000001137,LOAN00000970,2025-06-11,10698.08,BRANCH,PARTIAL
COL000001138,LOAN00000970,2024-04-02,22491.36,FIELD_AGENT,SUCCESS
COL000001139,LOAN00000980,2026-01-16,8881.82,BRANCH,SUCCESS
COL000001140,LOAN00000980,2024-11-20,5430.29,DIGITAL,SUCCESS
COL000001141,LOAN00000980,2024-10-05,18905.83,CALL_CENTER,SUCCESS
COL000001142,LOAN00000980,2024-05-09,8130.15,CALL_CENTER,SUCCESS
COL000001143,LOAN00000980,2026-04-22,38956.11,CALL_CENTER,SUCCESS
COL000001144,LOAN00000983,2026-01-31,31758.89,BRANCH,SUCCESS
COL000001145,LOAN00000983,2025-12-14,45657.19,CALL_CENTER,SUCCESS
COL000001146,LOAN00000983,2026-08-21,4582.64,CALL_CENTER,SUCCESS
COL000001147,LOAN00000986,2026-09-16,49623.67,FIELD_AGENT,SUCCESS
COL000001148,LOAN00000986,2026-09-17,15738.25,BRANCH,SUCCESS
COL000001149,LOAN00000986,2025-05-06,15159.42,BRANCH,PARTIAL
COL000001150,LOAN00000986,2025-09-03,28132.94,DIGITAL,SUCCESS
COL000001151,LOAN00000988,2024-03-11,26815.85,DIGITAL,SUCCESS
COL000001152,LOAN00000988,2025-11-17,20130.17,CALL_CENTER,SUCCESS
COL000001153,LOAN00000988,2025-01-14,32754.26,DIGITAL,SUCCESS
COL000001154,LOAN00000990,2024-05-15,17169.39,FIELD_AGENT,SUCCESS
COL000001155,LOAN00000990,2025-12-06,4413.55,BRANCH,SUCCESS
COL000001156,LOAN00000990,2025-04-29,36025.13,BRANCH,SUCCESS
COL000001157,LOAN00000991,2026-02-24,7926.96,BRANCH,PARTIAL
COL000001158,LOAN00000991,2024-04-14,23797.11,DIGITAL,FAILED
COL000001159,LOAN00000991,2024-09-07,4258.78,CALL_CENTER,SUCCESS
COL000001160,LOAN00000992,2025-11-08,13732.61,BRANCH,SUCCESS
COL000001161,LOAN00000992,2024-10-15,3750.59,FIELD_AGENT,SUCCESS
COL000001162,LOAN00000992,2026-09-19,34182.15,FIELD_AGENT,SUCCESS
COL000001163,LOAN00000992,2026-03-26,22821.54,DIGITAL,SUCCESS
COL000001164,LOAN00000992,2024-12-28,48249.31,FIELD_AGENT,PARTIAL
COL000001165,LOAN00000993,2026-08-29,7129.37,FIELD_AGENT,SUCCESS
COL000001166,LOAN00000993,2025-10-16,10828.45,BRANCH,PARTIAL
COL000001167,LOAN00000997,2025-10-30,45215.76,FIELD_AGENT,PARTIAL
COL000001168,LOAN00000997,2024-07-31,49610.39,FIELD_AGENT,SUCCESS
COL000001169,LOAN00000997,2025-10-13,41173.82,CALL_CENTER,SUCCESS
COL000001170,LOAN00001002,2025-01-05,5631.9,DIGITAL,SUCCESS
COL000001171,LOAN00001003,2024-11-01,29506.04,CALL_CENTER,PARTIAL
COL000001172,LOAN00001003,2025-07-15,8832.3,FIELD_AGENT,SUCCESS
COL000001173,LOAN00001003,2026-09-24,35939.38,DIGITAL,SUCCESS
COL000001174,LOAN00001003,2024-12-26,47586.25,CALL_CENTER,SUCCESS
COL000001175,LOAN00001003,2026-05-05,39778.93,CALL_CENTER,SUCCESS
COL000001176,LOAN00001009,2024-10-19,14759.41,FIELD_AGENT,SUCCESS
COL000001177,LOAN00001009,2024-07-31,36977.64,BRANCH,SUCCESS
COL000001178,LOAN00001013,2024-11-26,34517.15,CALL_CENTER,SUCCESS
COL000001179,LOAN00001020,2026-02-07,26312.83,BRANCH,SUCCESS
COL000001180,LOAN00001020,2024-09-17,35409.52,CALL_CENTER,PARTIAL
COL000001181,LOAN00001020,2026-05-26,23866.87,CALL_CENTER,SUCCESS
COL000001182,LOAN00001020,2026-05-25,9240.53,DIGITAL,PARTIAL
COL000001183,LOAN00001021,2025-09-13,28943.48,CALL_CENTER,SUCCESS
COL000001184,LOAN00001021,2024-06-19,10014.13,DIGITAL,SUCCESS
COL000001185,LOAN00001025,2024-12-26,49266.86,CALL_CENTER,PARTIAL
COL000001186,LOAN00001025,2026-09-12,11880.96,FIELD_AGENT,SUCCESS
COL000001187,LOAN00001026,2025-08-26,3143.53,DIGITAL,SUCCESS
COL000001188,LOAN00001026,2024-11-25,19367.53,DIGITAL,SUCCESS
COL000001189,LOAN00001032,2024-10-11,4402.54,BRANCH,PARTIAL
COL000001190,LOAN00001032,2025-08-08,18836.92,DIGITAL,SUCCESS
COL000001191,LOAN00001032,2024-08-25,12905.73,CALL_CENTER,PARTIAL
COL000001192,LOAN00001035,2026-04-04,37952.34,DIGITAL,SUCCESS
COL000001193,LOAN00001035,2025-01-21,5023.96,BRANCH,SUCCESS
COL000001194,LOAN00001035,2025-07-11,4285.25,FIELD_AGENT,PARTIAL
COL000001195,LOAN00001038,2026-05-10,12946.92,DIGITAL,SUCCESS
COL000001196,LOAN00001038,2025-09-25,9582.75,CALL_CENTER,SUCCESS
COL000001197,LOAN00001039,2025-12-26,32539.33,CALL_CENTER,SUCCESS
COL000001198,LOAN00001039,2025-06-03,36270.13,BRANCH,SUCCESS
COL000001199,LOAN00001039,2024-10-07,26097.46,FIELD_AGENT,PARTIAL
COL000001200,LOAN00001039,2025-04-21,28142.54,BRANCH,SUCCESS
COL000001201,LOAN00001039,2024-09-03,6814.49,DIGITAL,SUCCESS
COL000001202,LOAN00001040,2026-04-01,2678.92,CALL_CENTER,FAILED
COL000001203,LOAN00001045,2026-08-16,43981.75,BRANCH,SUCCESS
COL000001204,LOAN00001045,2026-01-17,12449.87,BRANCH,PARTIAL
COL000001205,LOAN00001045,2024-09-28,43048.92,DIGITAL,PARTIAL
COL000001206,LOAN00001045,2025-09-12,4702.78,CALL_CENTER,SUCCESS
COL000001207,LOAN00001052,2026-05-19,16185.12,BRANCH,SUCCESS
COL000001208,LOAN00001054,2026-04-30,46309.53,FIELD_AGENT,SUCCESS
COL000001209,LOAN00001054,2024-04-10,9754.81,CALL_CENTER,SUCCESS
COL000001210,LOAN00001054,2026-03-13,12306.98,DIGITAL,SUCCESS
COL000001211,LOAN00001054,2026-03-22,21263.05,DIGITAL,PARTIAL
COL000001212,LOAN00001055,2026-09-19,25226.85,BRANCH,PARTIAL
COL000001213,LOAN00001058,2024-09-17,1657.66,FIELD_AGENT,PARTIAL
COL000001214,LOAN00001061,2025-07-12,33710.15,CALL_CENTER,SUCCESS
COL000001215,LOAN00001061,2025-06-26,31759.45,CALL_CENTER,SUCCESS
COL000001216,LOAN00001063,2026-09-25,40164.22,CALL_CENTER,SUCCESS
COL000001217,LOAN00001063,2024-11-07,17518.25,FIELD_AGENT,PARTIAL
COL000001218,LOAN00001066,2024-09-27,26884.17,CALL_CENTER,SUCCESS
COL000001219,LOAN00001068,2025-06-20,26277.09,DIGITAL,SUCCESS
COL000001220,LOAN00001068,2024-06-13,5109.94,CALL_CENTER,SUCCESS
COL000001221,LOAN00001068,2025-12-05,39898.07,DIGITAL,SUCCESS
COL000001222,LOAN00001068,2024-09-11,6843.33,BRANCH,PARTIAL
COL000001223,LOAN00001068,2025-07-03,49533.32,DIGITAL,PARTIAL
COL000001224,LOAN00001068,2025-11-30,33383.66,FIELD_AGENT,SUCCESS
COL000001225,LOAN00001072,2026-02-12,28852.26,DIGITAL,SUCCESS
COL000001226,LOAN00001072,2024-07-08,48560.5,DIGITAL,SUCCESS
COL000001227,LOAN00001072,2026-01-04,16152.18,BRANCH,SUCCESS
COL000001228,LOAN00001075,2024-05-18,12210.13,DIGITAL,PARTIAL
COL000001229,LOAN00001075,2026-07-02,29569.66,FIELD_AGENT,SUCCESS
COL000001230,LOAN00001075,2026-09-01,25679.96,DIGITAL,PARTIAL
COL000001231,LOAN00001079,2026-03-22,4430.92,DIGITAL,SUCCESS
COL000001232,LOAN00001081,2026-07-05,15615.14,DIGITAL,PARTIAL
COL000001233,LOAN00001085,2025-09-13,41689.7,DIGITAL,SUCCESS
COL000001234,LOAN00001085,2025-01-29,23900.3,FIELD_AGENT,SUCCESS
COL000001235,LOAN00001085,2025-09-01,49219.55,BRANCH,PARTIAL
COL000001236,LOAN00001087,2026-04-18,17329.33,FIELD_AGENT,SUCCESS
COL000001237,LOAN00001087,2025-07-08,31100.19,BRANCH,PARTIAL
COL000001238,LOAN00001087,2025-03-07,25264.7,CALL_CENTER,SUCCESS
COL000001239,LOAN00001089,2026-09-16,17864.98,BRANCH,PARTIAL
COL000001240,LOAN00001089,2026-01-25,34449.36,BRANCH,SUCCESS
COL000001241,LOAN00001089,2025-11-02,8684.71,DIGITAL,SUCCESS
COL000001242,LOAN00001089,2026-02-28,8200.96,BRANCH,SUCCESS
COL000001243,LOAN00001090,2025-11-27,32511.04,BRANCH,SUCCESS
COL000001244,LOAN00001092,2026-07-25,32862.47,BRANCH,PARTIAL
COL000001245,LOAN00001092,2025-12-09,5576.81,CALL_CENTER,SUCCESS
COL000001246,LOAN00001092,2026-07-31,11085.18,CALL_CENTER,SUCCESS
COL000001247,LOAN00001092,2025-03-30,3295.99,BRANCH,SUCCESS
COL000001248,LOAN00001092,2025-06-21,46446.27,CALL_CENTER,SUCCESS
COL000001249,LOAN00001092,2024-09-16,20657.84,CALL_CENTER,SUCCESS
COL000001250,LOAN00001094,2024-06-09,28136.03,BRANCH,SUCCESS
COL000001251,LOAN00001094,2025-02-15,1921.68,BRANCH,PARTIAL
COL000001252,LOAN00001096,2026-08-21,14917.67,DIGITAL,PARTIAL
COL000001253,LOAN00001096,2024-12-19,36123.53,BRANCH,PARTIAL
COL000001254,LOAN00001096,2026-08-02,33552.49,FIELD_AGENT,PARTIAL
COL000001255,LOAN00001096,2024-03-15,42527.68,DIGITAL,PARTIAL
COL000001256,LOAN00001096,2025-06-30,36357.51,BRANCH,SUCCESS
COL000001257,LOAN00001100,2026-05-25,39967.23,FIELD_AGENT,SUCCESS
COL000001258,LOAN00001100,2024-10-29,48195.66,CALL_CENTER,SUCCESS
COL000001259,LOAN00001100,2024-07-12,38665.15,DIGITAL,PARTIAL
COL000001260,LOAN00001100,2025-12-27,46125.12,FIELD_AGENT,SUCCESS
COL000001261,LOAN00001101,2025-11-01,49296.51,BRANCH,SUCCESS
COL000001262,LOAN00001101,2025-04-22,46556.68,CALL_CENTER,SUCCESS
COL000001263,LOAN00001103,2026-02-08,40472.06,CALL_CENTER,SUCCESS
COL000001264,LOAN00001103,2024-08-05,12607.31,FIELD_AGENT,SUCCESS
COL000001265,LOAN00001103,2024-11-23,49740.81,CALL_CENTER,SUCCESS
COL000001266,LOAN00001103,2026-04-16,19657.7,FIELD_AGENT,FAILED
COL000001267,LOAN00001103,2025-02-18,3183.24,CALL_CENTER,PARTIAL
COL000001268,LOAN00001103,2025-12-05,32033.45,FIELD_AGENT,SUCCESS
COL000001269,LOAN00001106,2025-07-12,14396.93,DIGITAL,PARTIAL
COL000001270,LOAN00001106,2024-06-22,16940.11,DIGITAL,SUCCESS
COL000001271,LOAN00001109,2024-04-20,28346.14,FIELD_AGENT,SUCCESS
COL000001272,LOAN00001109,2025-02-12,49224.29,FIELD_AGENT,SUCCESS
COL000001273,LOAN00001109,2024-07-31,45330.81,CALL_CENTER,SUCCESS
COL000001274,LOAN00001109,2024-09-16,42703.89,CALL_CENTER,SUCCESS
COL000001275,LOAN00001109,2025-05-16,18522.81,BRANCH,PARTIAL
COL000001276,LOAN00001111,2026-04-14,19231.72,DIGITAL,SUCCESS
COL000001277,LOAN00001111,2024-11-10,25636.2,DIGITAL,SUCCESS
COL000001278,LOAN00001111,2024-05-05,12114.26,CALL_CENTER,SUCCESS
COL000001279,LOAN00001111,2025-04-11,38789.42,CALL_CENTER,SUCCESS
COL000001280,LOAN00001112,2025-02-20,33739.72,CALL_CENTER,PARTIAL
COL000001281,LOAN00001112,2026-05-07,37792.5,DIGITAL,SUCCESS
COL000001282,LOAN00001112,2026-06-29,15288.99,BRANCH,SUCCESS
COL000001283,LOAN00001112,2025-08-09,1045.37,CALL_CENTER,SUCCESS
COL000001284,LOAN00001112,2024-11-20,7042.67,CALL_CENTER,SUCCESS
COL000001285,LOAN00001113,2025-08-05,18414.94,DIGITAL,SUCCESS
COL000001286,LOAN00001113,2024-11-09,31827.39,CALL_CENTER,SUCCESS
COL000001287,LOAN00001113,2025-12-01,31156.12,DIGITAL,SUCCESS
COL000001288,LOAN00001113,2024-06-22,16407.93,BRANCH,SUCCESS
COL000001289,LOAN00001113,2025-12-11,27442.33,BRANCH,SUCCESS
COL000001290,LOAN00001113,2024-04-30,5732.64,DIGITAL,PARTIAL
COL000001291,LOAN00001118,2026-05-30,19401.43,CALL_CENTER,SUCCESS
COL000001292,LOAN00001118,2024-05-04,20446.34,BRANCH,SUCCESS
COL000001293,LOAN00001118,2024-12-23,4469.69,BRANCH,FAILED
COL000001294,LOAN00001118,2025-08-29,47266.38,CALL_CENTER,PARTIAL
COL000001295,LOAN00001122,2024-07-15,32260.49,BRANCH,SUCCESS
COL000001296,LOAN00001122,2026-09-11,15817.79,CALL_CENTER,SUCCESS
COL000001297,LOAN00001122,2026-08-19,27318.52,FIELD_AGENT,PARTIAL
COL000001298,LOAN00001122,2024-05-16,44617.56,FIELD_AGENT,SUCCESS
COL000001299,LOAN00001122,2024-12-14,40626.45,BRANCH,SUCCESS
COL000001300,LOAN00001122,2026-04-19,26603.77,BRANCH,SUCCESS
COL000001301,LOAN00001125,2024-06-11,26707.36,DIGITAL,SUCCESS
COL000001302,LOAN00001129,2025-12-05,18854.43,BRANCH,SUCCESS
COL000001303,LOAN00001129,2024-08-16,43711.88,DIGITAL,SUCCESS
COL000001304,LOAN00001131,2025-05-06,32896.03,FIELD_AGENT,PARTIAL
COL000001305,LOAN00001131,2026-07-10,27477.51,FIELD_AGENT,SUCCESS
COL000001306,LOAN00001133,2026-07-17,15850.76,FIELD_AGENT,SUCCESS
COL000001307,LOAN00001133,2025-04-26,30491.49,FIELD_AGENT,SUCCESS
COL000001308,LOAN00001133,2025-03-01,34613.44,CALL_CENTER,PARTIAL
COL000001309,LOAN00001133,2024-07-12,33937.37,FIELD_AGENT,SUCCESS
COL000001310,LOAN00001135,2026-01-12,16135.99,DIGITAL,PARTIAL
COL000001311,LOAN00001135,2025-10-19,16410.35,FIELD_AGENT,SUCCESS
COL000001312,LOAN00001135,2026-05-11,41180.17,FIELD_AGENT,SUCCESS
COL000001313,LOAN00001135,2024-10-25,14439.43,DIGITAL,SUCCESS
COL000001314,LOAN00001136,2026-01-04,47068.64,CALL_CENTER,PARTIAL
COL000001315,LOAN00001136,2024-05-08,15417.66,CALL_CENTER,SUCCESS
COL000001316,LOAN00001136,2026-03-05,40862.23,DIGITAL,SUCCESS
COL000001317,LOAN00001137,2025-11-05,20020.45,DIGITAL,PARTIAL
COL000001318,LOAN00001137,2025-12-25,9559.98,BRANCH,SUCCESS
COL000001319,LOAN00001137,2024-11-12,19500.07,DIGITAL,SUCCESS
COL000001320,LOAN00001137,2025-01-02,13277.75,CALL_CENTER,PARTIAL
COL000001321,LOAN00001137,2025-09-12,8871.95,BRANCH,SUCCESS
COL000001322,LOAN00001139,2025-10-15,2355.08,DIGITAL,SUCCESS
COL000001323,LOAN00001139,2024-05-06,28362.7,FIELD_AGENT,SUCCESS
COL000001324,LOAN00001139,2024-09-15,49462.8,CALL_CENTER,SUCCESS
COL000001325,LOAN00001141,2024-07-08,40881.37,CALL_CENTER,SUCCESS
COL000001326,LOAN00001141,2025-03-27,27214.16,DIGITAL,SUCCESS
COL000001327,LOAN00001141,2026-07-06,1697.45,CALL_CENTER,SUCCESS
COL000001328,LOAN00001141,2025-12-25,39686.77,FIELD_AGENT,SUCCESS
COL000001329,LOAN00001141,2025-03-25,24885.3,DIGITAL,PARTIAL
COL000001330,LOAN00001153,2025-12-12,42045.77,BRANCH,SUCCESS
COL000001331,LOAN00001153,2026-09-04,36871.69,DIGITAL,SUCCESS
COL000001332,LOAN00001157,2025-01-02,1746.07,FIELD_AGENT,SUCCESS
COL000001333,LOAN00001157,2024-08-24,19576.43,FIELD_AGENT,SUCCESS
COL000001334,LOAN00001159,2024-11-10,33023.92,BRANCH,SUCCESS
COL000001335,LOAN00001162,2025-06-05,26723.03,CALL_CENTER,SUCCESS
COL000001336,LOAN00001168,2026-04-25,30916.5,DIGITAL,SUCCESS
COL000001337,LOAN00001168,2026-09-21,35229.53,CALL_CENTER,SUCCESS
COL000001338,LOAN00001168,2025-03-10,34841.98,FIELD_AGENT,SUCCESS
COL000001339,LOAN00001172,2024-05-25,40115.96,DIGITAL,SUCCESS
COL000001340,LOAN00001172,2024-03-23,27121.19,BRANCH,PARTIAL
COL000001341,LOAN00001172,2024-05-02,42628.74,CALL_CENTER,SUCCESS
COL000001342,LOAN00001174,2024-10-20,33518.97,DIGITAL,SUCCESS
COL000001343,LOAN00001174,2025-02-16,9538.13,BRANCH,SUCCESS
COL000001344,LOAN00001174,2024-04-14,1049.91,DIGITAL,SUCCESS
COL000001345,LOAN00001174,2026-06-09,19922.43,FIELD_AGENT,SUCCESS
COL000001346,LOAN00001174,2025-05-19,18942.62,BRANCH,SUCCESS
COL000001347,LOAN00001174,2024-12-05,2464.71,BRANCH,SUCCESS
COL000001348,LOAN00001175,2025-01-07,43117.94,BRANCH,SUCCESS
COL000001349,LOAN00001175,2024-12-01,39895.16,BRANCH,SUCCESS
COL000001350,LOAN00001175,2026-06-30,23518.59,DIGITAL,SUCCESS
COL000001351,LOAN00001175,2024-09-09,3824.59,FIELD_AGENT,SUCCESS
COL000001352,LOAN00001175,2026-05-10,4520.93,CALL_CENTER,SUCCESS
COL000001353,LOAN00001175,2025-06-12,45285.19,CALL_CENTER,SUCCESS
COL000001354,LOAN00001178,2025-01-06,22633.92,CALL_CENTER,SUCCESS
COL000001355,LOAN00001178,2025-10-27,34260.89,BRANCH,SUCCESS
COL000001356,LOAN00001178,2024-12-20,32781.89,FIELD_AGENT,SUCCESS
COL000001357,LOAN00001180,2025-06-04,7947.75,CALL_CENTER,SUCCESS
COL000001358,LOAN00001180,2024-09-05,30622.78,FIELD_AGENT,SUCCESS
COL000001359,LOAN00001180,2025-12-16,8970.55,DIGITAL,SUCCESS
COL000001360,LOAN00001180,2025-02-23,44393.44,DIGITAL,SUCCESS
COL000001361,LOAN00001180,2025-11-18,44718.21,CALL_CENTER,SUCCESS
COL000001362,LOAN00001181,2025-09-09,33505.29,CALL_CENTER,SUCCESS
COL000001363,LOAN00001181,2024-12-06,35363.29,BRANCH,SUCCESS
COL000001364,LOAN00001181,2026-03-20,49801.6,FIELD_AGENT,PARTIAL
COL000001365,LOAN00001181,2025-11-06,40129.36,BRANCH,SUCCESS
COL000001366,LOAN00001181,2026-08-09,43070.72,FIELD_AGENT,PARTIAL
COL000001367,LOAN00001181,2025-09-02,15695.09,FIELD_AGENT,SUCCESS
COL000001368,LOAN00001182,2025-11-15,41671.83,FIELD_AGENT,SUCCESS
COL000001369,LOAN00001182,2025-12-06,23899.78,BRANCH,PARTIAL
COL000001370,LOAN00001182,2025-09-30,21391.57,DIGITAL,SUCCESS
COL000001371,LOAN00001198,2024-05-31,25454.52,DIGITAL,SUCCESS
COL000001372,LOAN00001200,2026-04-09,13508.45,CALL_CENTER,SUCCESS
COL000001373,LOAN00001200,2026-05-11,9664.26,DIGITAL,SUCCESS
COL000001374,LOAN00001200,2024-08-05,48975.26,BRANCH,SUCCESS
COL000001375,LOAN00001200,2026-05-19,36909.16,FIELD_AGENT,SUCCESS
COL000001376,LOAN00001200,2024-09-29,8189.59,BRANCH,SUCCESS
COL000001377,LOAN00001202,2025-11-22,22210.82,FIELD_AGENT,SUCCESS
COL000001378,LOAN00001202,2025-03-10,32421.09,CALL_CENTER,SUCCESS
COL000001379,LOAN00001202,2024-05-12,28387.14,CALL_CENTER,SUCCESS
COL000001380,LOAN00001202,2025-04-11,26465.53,CALL_CENTER,SUCCESS
COL000001381,LOAN00001202,2025-12-27,22813.68,CALL_CENTER,SUCCESS
COL000001382,LOAN00001202,2025-11-22,13999.65,BRANCH,SUCCESS
COL000001383,LOAN00001203,2025-03-14,40763.39,DIGITAL,SUCCESS
COL000001384,LOAN00001203,2024-08-22,49163.0,DIGITAL,SUCCESS
COL000001385,LOAN00001203,2025-05-13,32410.76,FIELD_AGENT,PARTIAL
COL000001386,LOAN00001203,2026-04-27,3072.56,BRANCH,SUCCESS
COL000001387,LOAN00001203,2024-06-15,28485.06,BRANCH,SUCCESS
COL000001388,LOAN00001203,2024-12-19,16320.21,BRANCH,SUCCESS
COL000001389,LOAN00001208,2025-01-25,17602.19,DIGITAL,SUCCESS
COL000001390,LOAN00001209,2026-01-25,23827.36,CALL_CENTER,PARTIAL
COL000001391,LOAN00001209,2025-09-23,8190.07,BRANCH,SUCCESS
COL000001392,LOAN00001214,2024-03-02,44582.32,CALL_CENTER,SUCCESS
COL000001393,LOAN00001219,2026-01-23,11720.14,BRANCH,SUCCESS
COL000001394,LOAN00001219,2025-06-10,12096.02,DIGITAL,PARTIAL
COL000001395,LOAN00001220,2024-06-10,19672.59,DIGITAL,SUCCESS
COL000001396,LOAN00001220,2024-07-01,18627.06,FIELD_AGENT,SUCCESS
COL000001397,LOAN00001220,2025-05-29,29910.76,DIGITAL,PARTIAL
COL000001398,LOAN00001220,2025-03-19,44372.97,BRANCH,SUCCESS
COL000001399,LOAN00001223,2025-06-03,28607.6,BRANCH,SUCCESS
COL000001400,LOAN00001223,2025-08-24,3709.91,DIGITAL,SUCCESS
COL000001401,LOAN00001223,2026-08-04,28487.25,CALL_CENTER,SUCCESS
COL000001402,LOAN00001225,2025-06-07,30488.1,BRANCH,SUCCESS
COL000001403,LOAN00001225,2025-08-07,31983.62,FIELD_AGENT,SUCCESS
COL000001404,LOAN00001226,2025-09-26,36930.59,CALL_CENTER,SUCCESS
COL000001405,LOAN00001226,2026-03-28,43561.2,DIGITAL,PARTIAL
COL000001406,LOAN00001226,2024-06-14,6421.66,CALL_CENTER,SUCCESS
COL000001407,LOAN00001227,2025-05-17,2981.99,CALL_CENTER,SUCCESS
COL000001408,LOAN00001227,2025-02-18,29329.6,BRANCH,SUCCESS
COL000001409,LOAN00001227,2025-12-13,24772.49,FIELD_AGENT,SUCCESS
COL000001410,LOAN00001229,2026-03-29,5641.66,BRANCH,SUCCESS
COL000001411,LOAN00001229,2024-10-25,27380.57,CALL_CENTER,SUCCESS
COL000001412,LOAN00001229,2025-07-09,16469.32,FIELD_AGENT,PARTIAL
COL000001413,LOAN00001229,2026-05-27,19776.05,CALL_CENTER,SUCCESS
COL000001414,LOAN00001229,2024-07-31,25717.44,CALL_CENTER,SUCCESS
COL000001415,LOAN00001231,2025-03-30,2080.27,CALL_CENTER,SUCCESS
COL000001416,LOAN00001231,2024-04-29,29960.22,BRANCH,SUCCESS
COL000001417,LOAN00001231,2025-11-19,26953.31,CALL_CENTER,SUCCESS
COL000001418,LOAN00001231,2026-07-03,40331.72,CALL_CENTER,PARTIAL
COL000001419,LOAN00001231,2024-08-17,44975.98,CALL_CENTER,SUCCESS
COL000001420,LOAN00001232,2025-03-27,5024.61,CALL_CENTER,SUCCESS
COL000001421,LOAN00001233,2024-10-28,10457.12,FIELD_AGENT,SUCCESS
COL000001422,LOAN00001233,2024-10-09,24549.66,BRANCH,SUCCESS
COL000001423,LOAN00001233,2025-02-28,38327.03,CALL_CENTER,SUCCESS
COL000001424,LOAN00001233,2024-08-28,43863.92,FIELD_AGENT,SUCCESS
COL000001425,LOAN00001233,2026-01-30,38687.39,CALL_CENTER,SUCCESS
COL000001426,LOAN00001233,2026-04-17,27329.41,DIGITAL,PARTIAL
COL000001427,LOAN00001238,2024-04-03,10459.3,DIGITAL,FAILED
COL000001428,LOAN00001238,2024-09-07,47065.4,CALL_CENTER,SUCCESS
COL000001429,LOAN00001239,2025-05-27,28140.84,BRANCH,SUCCESS
COL000001430,LOAN00001239,2025-04-19,39007.7,FIELD_AGENT,SUCCESS
COL000001431,LOAN00001239,2025-01-09,24015.56,DIGITAL,SUCCESS
COL000001432,LOAN00001240,2024-12-22,26903.75,FIELD_AGENT,SUCCESS
COL000001433,LOAN00001240,2026-06-13,9056.64,DIGITAL,SUCCESS
COL000001434,LOAN00001240,2026-06-08,28519.44,BRANCH,SUCCESS
COL000001435,LOAN00001240,2025-02-18,33379.29,FIELD_AGENT,PARTIAL
COL000001436,LOAN00001240,2025-07-02,28087.47,DIGITAL,PARTIAL
COL000001437,LOAN00001241,2025-11-17,8156.69,DIGITAL,SUCCESS
COL000001438,LOAN00001241,2025-03-12,38555.02,BRANCH,SUCCESS
COL000001439,LOAN00001241,2024-07-26,6596.01,FIELD_AGENT,SUCCESS
COL000001440,LOAN00001241,2024-11-08,27733.66,DIGITAL,PARTIAL
COL000001441,LOAN00001241,2024-06-27,44516.99,CALL_CENTER,SUCCESS
COL000001442,LOAN00001241,2026-03-24,29952.27,DIGITAL,SUCCESS
COL000001443,LOAN00001242,2025-09-25,28579.74,FIELD_AGENT,PARTIAL
COL000001444,LOAN00001242,2026-01-26,12925.84,CALL_CENTER,PARTIAL
COL000001445,LOAN00001242,2026-05-18,16488.51,FIELD_AGENT,SUCCESS
COL000001446,LOAN00001242,2025-04-05,11163.39,FIELD_AGENT,FAILED
COL000001447,LOAN00001242,2026-06-01,30972.9,DIGITAL,SUCCESS
COL000001448,LOAN00001242,2024-08-29,49213.02,FIELD_AGENT,SUCCESS
COL000001449,LOAN00001246,2024-05-19,6290.79,FIELD_AGENT,FAILED
COL000001450,LOAN00001246,2026-01-16,49713.48,CALL_CENTER,SUCCESS
COL000001451,LOAN00001246,2025-04-03,32895.88,BRANCH,SUCCESS
COL000001452,LOAN00001246,2025-11-04,15842.34,BRANCH,SUCCESS
COL000001453,LOAN00001246,2025-02-26,21743.25,DIGITAL,SUCCESS
COL000001454,LOAN00001246,2026-08-20,11533.94,BRANCH,SUCCESS
COL000001455,LOAN00001251,2024-04-24,5729.48,CALL_CENTER,PARTIAL
COL000001456,LOAN00001251,2024-12-08,23279.81,DIGITAL,PARTIAL
COL000001457,LOAN00001251,2024-03-15,18180.63,CALL_CENTER,SUCCESS
COL000001458,LOAN00001251,2026-01-12,31536.77,CALL_CENTER,SUCCESS
COL000001459,LOAN00001251,2024-09-06,15084.11,DIGITAL,SUCCESS
COL000001460,LOAN00001251,2026-05-27,46448.76,DIGITAL,SUCCESS
COL000001461,LOAN00001254,2026-04-27,5876.6,DIGITAL,PARTIAL
COL000001462,LOAN00001254,2024-05-20,43283.08,BRANCH,SUCCESS
COL000001463,LOAN00001254,2025-11-01,7552.02,DIGITAL,SUCCESS
COL000001464,LOAN00001254,2024-11-22,14229.63,BRANCH,SUCCESS
COL000001465,LOAN00001254,2024-12-14,15867.2,CALL_CENTER,SUCCESS
COL000001466,LOAN00001254,2025-05-03,15560.5,BRANCH,SUCCESS
COL000001467,LOAN00001258,2024-05-14,19574.01,BRANCH,SUCCESS
COL000001468,LOAN00001258,2025-12-04,36260.79,BRANCH,SUCCESS
COL000001469,LOAN00001258,2024-10-27,16125.29,DIGITAL,SUCCESS
COL000001470,LOAN00001259,2024-10-05,13279.45,FIELD_AGENT,SUCCESS
COL000001471,LOAN00001259,2024-07-26,32445.71,DIGITAL,SUCCESS
COL000001472,LOAN00001259,2024-09-20,1829.27,FIELD_AGENT,SUCCESS
COL000001473,LOAN00001259,2026-03-03,43635.6,FIELD_AGENT,SUCCESS
COL000001474,LOAN00001263,2025-01-03,40729.59,CALL_CENTER,SUCCESS
COL000001475,LOAN00001263,2024-11-22,2146.76,FIELD_AGENT,SUCCESS
COL000001476,LOAN00001263,2025-12-04,8907.55,DIGITAL,SUCCESS
COL000001477,LOAN00001263,2025-02-03,43918.36,CALL_CENTER,SUCCESS
COL000001478,LOAN00001263,2026-05-02,17191.44,BRANCH,SUCCESS
COL000001479,LOAN00001263,2025-10-23,12107.6,FIELD_AGENT,SUCCESS
COL000001480,LOAN00001266,2025-12-21,17775.65,CALL_CENTER,SUCCESS
COL000001481,LOAN00001266,2026-06-28,31059.55,FIELD_AGENT,SUCCESS
COL000001482,LOAN00001266,2026-09-14,39307.72,BRANCH,PARTIAL
COL000001483,LOAN00001266,2024-04-17,18063.99,FIELD_AGENT,SUCCESS
COL000001484,LOAN00001266,2025-03-23,38915.2,CALL_CENTER,SUCCESS
COL000001485,LOAN00001269,2025-10-25,42739.85,FIELD_AGENT,PARTIAL
COL000001486,LOAN00001270,2026-02-02,48756.6,FIELD_AGENT,FAILED
COL000001487,LOAN00001270,2026-08-08,29745.95,CALL_CENTER,SUCCESS
COL000001488,LOAN00001270,2025-11-03,9856.99,DIGITAL,PARTIAL
COL000001489,LOAN00001273,2025-11-02,42782.85,CALL_CENTER,SUCCESS
COL000001490,LOAN00001273,2026-06-12,29354.94,DIGITAL,SUCCESS
COL000001491,LOAN00001273,2025-02-07,13324.39,DIGITAL,SUCCESS
COL000001492,LOAN00001273,2024-04-01,34888.62,CALL_CENTER,SUCCESS
COL000001493,LOAN00001273,2024-12-16,46389.84,FIELD_AGENT,SUCCESS
COL000001494,LOAN00001276,2024-09-29,39632.97,CALL_CENTER,SUCCESS
COL000001495,LOAN00001276,2025-05-17,8552.67,CALL_CENTER,SUCCESS
COL000001496,LOAN00001276,2025-12-17,2193.24,FIELD_AGENT,SUCCESS
COL000001497,LOAN00001276,2024-09-29,40620.04,DIGITAL,SUCCESS
COL000001498,LOAN00001276,2026-07-06,27156.26,FIELD_AGENT,SUCCESS
COL000001499,LOAN00001281,2026-01-07,44329.83,CALL_CENTER,FAILED
COL000001500,LOAN00001281,2026-09-24,8550.7,FIELD_AGENT,FAILED
COL000001501,LOAN00001281,2026-02-19,43679.26,DIGITAL,SUCCESS
COL000001502,LOAN00001283,2025-05-19,41980.78,DIGITAL,SUCCESS
COL000001503,LOAN00001283,2025-03-13,6346.35,FIELD_AGENT,SUCCESS
COL000001504,LOAN00001283,2024-07-25,14947.32,BRANCH,SUCCESS
COL000001505,LOAN00001283,2024-08-13,35671.16,CALL_CENTER,SUCCESS
COL000001506,LOAN00001283,2025-12-08,4201.78,FIELD_AGENT,SUCCESS
COL000001507,LOAN00001284,2024-05-31,25157.23,BRANCH,PARTIAL
COL000001508,LOAN00001284,2025-07-28,14572.3,FIELD_AGENT,PARTIAL
COL000001509,LOAN00001284,2026-03-21,39960.27,FIELD_AGENT,SUCCESS
COL000001510,LOAN00001287,2024-10-16,4771.23,CALL_CENTER,SUCCESS
COL000001511,LOAN00001287,2025-07-04,22381.36,CALL_CENTER,SUCCESS
COL000001512,LOAN00001287,2026-03-21,36701.05,CALL_CENTER,FAILED
COL000001513,LOAN00001289,2025-09-26,38079.58,FIELD_AGENT,SUCCESS
COL000001514,LOAN00001289,2024-12-30,10938.73,DIGITAL,SUCCESS
COL000001515,LOAN00001289,2024-08-22,49181.39,FIELD_AGENT,SUCCESS
COL000001516,LOAN00001289,2024-06-04,49828.2,DIGITAL,PARTIAL
COL000001517,LOAN00001292,2024-09-30,15976.54,DIGITAL,PARTIAL
COL000001518,LOAN00001292,2024-04-24,49830.26,CALL_CENTER,SUCCESS
COL000001519,LOAN00001292,2025-03-11,17734.59,CALL_CENTER,PARTIAL
COL000001520,LOAN00001292,2026-02-17,12624.77,BRANCH,PARTIAL
COL000001521,LOAN00001294,2024-09-02,32645.76,CALL_CENTER,SUCCESS
COL000001522,LOAN00001294,2026-04-27,36571.98,DIGITAL,SUCCESS
COL000001523,LOAN00001294,2026-04-30,2026.24,DIGITAL,SUCCESS
COL000001524,LOAN00001298,2025-03-31,29345.39,FIELD_AGENT,SUCCESS
COL000001525,LOAN00001298,2025-06-07,12540.65,DIGITAL,SUCCESS
COL000001526,LOAN00001298,2025-09-02,35399.69,FIELD_AGENT,SUCCESS
COL000001527,LOAN00001298,2025-03-23,3765.27,CALL_CENTER,SUCCESS
COL000001528,LOAN00001298,2025-08-28,15209.84,DIGITAL,SUCCESS
COL000001529,LOAN00001306,2024-11-23,44996.92,DIGITAL,SUCCESS
COL000001530,LOAN00001306,2026-09-26,5921.03,BRANCH,SUCCESS
COL000001531,LOAN00001307,2025-06-09,9439.73,CALL_CENTER,SUCCESS
COL000001532,LOAN00001307,2025-06-09,21452.47,BRANCH,SUCCESS
COL000001533,LOAN00001308,2024-10-03,36577.88,FIELD_AGENT,PARTIAL
COL000001534,LOAN00001308,2024-03-12,25791.8,BRANCH,PARTIAL
COL000001535,LOAN00001308,2025-04-24,16216.54,BRANCH,SUCCESS
COL000001536,LOAN00001308,2026-05-15,26264.25,FIELD_AGENT,SUCCESS
COL000001537,LOAN00001308,2025-12-28,33097.25,DIGITAL,SUCCESS
COL000001538,LOAN00001310,2026-04-09,1436.88,BRANCH,SUCCESS
COL000001539,LOAN00001310,2024-10-20,39950.69,CALL_CENTER,SUCCESS
COL000001540,LOAN00001317,2025-03-16,41673.18,CALL_CENTER,SUCCESS
COL000001541,LOAN00001317,2025-11-14,12567.66,DIGITAL,SUCCESS
COL000001542,LOAN00001318,2024-10-07,29356.43,DIGITAL,SUCCESS
COL000001543,LOAN00001318,2025-05-22,20401.16,CALL_CENTER,PARTIAL
COL000001544,LOAN00001320,2025-04-26,10976.52,BRANCH,PARTIAL
COL000001545,LOAN00001320,2025-10-08,10922.83,DIGITAL,PARTIAL
COL000001546,LOAN00001320,2024-08-10,3715.37,FIELD_AGENT,SUCCESS
COL000001547,LOAN00001320,2025-11-10,18981.77,FIELD_AGENT,PARTIAL
COL000001548,LOAN00001325,2026-07-07,46092.06,DIGITAL,SUCCESS
COL000001549,LOAN00001325,2025-03-18,20190.13,DIGITAL,SUCCESS
COL000001550,LOAN00001325,2025-11-26,30856.25,CALL_CENTER,SUCCESS
COL000001551,LOAN00001325,2026-02-09,13567.88,DIGITAL,SUCCESS
COL000001552,LOAN00001326,2026-05-22,24428.51,BRANCH,SUCCESS
COL000001553,LOAN00001326,2026-04-06,40107.32,CALL_CENTER,SUCCESS
COL000001554,LOAN00001326,2024-10-01,21533.04,BRANCH,SUCCESS
COL000001555,LOAN00001326,2024-08-30,23499.93,FIELD_AGENT,PARTIAL
COL000001556,LOAN00001327,2024-05-17,32252.38,DIGITAL,SUCCESS
COL000001557,LOAN00001327,2026-03-17,36643.03,BRANCH,PARTIAL
COL000001558,LOAN00001327,2025-03-07,14370.89,DIGITAL,SUCCESS
COL000001559,LOAN00001327,2026-03-26,33732.13,BRANCH,PARTIAL
COL000001560,LOAN00001327,2026-01-21,6477.29,BRANCH,SUCCESS
COL000001561,LOAN00001330,2025-10-07,13641.6,DIGITAL,SUCCESS
COL000001562,LOAN00001330,2025-02-04,27498.22,CALL_CENTER,SUCCESS
COL000001563,LOAN00001330,2025-11-06,28034.51,DIGITAL,SUCCESS
COL000001564,LOAN00001330,2026-02-27,27805.11,CALL_CENTER,SUCCESS
COL000001565,LOAN00001330,2024-08-20,14211.94,FIELD_AGENT,PARTIAL
COL000001566,LOAN00001330,2025-06-07,20544.95,BRANCH,SUCCESS
COL000001567,LOAN00001335,2024-08-13,25627.68,CALL_CENTER,SUCCESS
COL000001568,LOAN00001336,2026-08-23,29361.2,DIGITAL,SUCCESS
COL000001569,LOAN00001336,2025-03-21,39185.82,BRANCH,SUCCESS
COL000001570,LOAN00001339,2025-12-11,44258.94,DIGITAL,SUCCESS
COL000001571,LOAN00001339,2025-06-06,40453.16,FIELD_AGENT,SUCCESS
COL000001572,LOAN00001343,2026-03-12,38115.59,FIELD_AGENT,SUCCESS
COL000001573,LOAN00001345,2025-01-28,40097.41,BRANCH,SUCCESS
COL000001574,LOAN00001356,2025-12-08,18112.97,CALL_CENTER,SUCCESS
COL000001575,LOAN00001356,2025-05-03,44316.11,CALL_CENTER,SUCCESS
COL000001576,LOAN00001356,2024-05-29,24791.36,DIGITAL,SUCCESS
COL000001577,LOAN00001356,2025-10-11,28938.01,DIGITAL,SUCCESS
COL000001578,LOAN00001356,2025-03-20,28055.41,BRANCH,PARTIAL
COL000001579,LOAN00001359,2025-10-02,48752.23,CALL_CENTER,PARTIAL
COL000001580,LOAN00001359,2025-09-09,5877.31,CALL_CENTER,FAILED
COL000001581,LOAN00001359,2025-04-03,25469.6,CALL_CENTER,SUCCESS
COL000001582,LOAN00001359,2026-07-04,41309.07,BRANCH,SUCCESS
COL000001583,LOAN00001359,2024-04-28,37777.58,CALL_CENTER,SUCCESS
COL000001584,LOAN00001359,2026-04-24,43541.69,CALL_CENTER,SUCCESS
COL000001585,LOAN00001360,2024-09-01,35081.08,BRANCH,SUCCESS
COL000001586,LOAN00001360,2024-06-12,21391.87,FIELD_AGENT,SUCCESS
COL000001587,LOAN00001360,2026-06-26,44559.8,CALL_CENTER,SUCCESS
COL000001588,LOAN00001360,2025-11-29,30416.81,CALL_CENTER,PARTIAL
COL000001589,LOAN00001361,2026-05-08,8480.98,CALL_CENTER,SUCCESS
COL000001590,LOAN00001361,2025-02-20,21790.59,CALL_CENTER,FAILED
COL000001591,LOAN00001361,2026-05-17,22633.1,FIELD_AGENT,SUCCESS
COL000001592,LOAN00001365,2025-03-18,13779.22,BRANCH,SUCCESS
COL000001593,LOAN00001367,2025-10-11,36921.47,DIGITAL,SUCCESS
COL000001594,LOAN00001367,2025-11-27,28826.81,BRANCH,SUCCESS
COL000001595,LOAN00001367,2026-05-22,16431.99,BRANCH,SUCCESS
COL000001596,LOAN00001367,2026-01-09,9157.19,FIELD_AGENT,SUCCESS
COL000001597,LOAN00001368,2024-04-18,12581.99,BRANCH,SUCCESS
COL000001598,LOAN00001368,2026-01-17,2397.39,DIGITAL,PARTIAL
COL000001599,LOAN00001368,2024-05-22,14832.32,BRANCH,SUCCESS
COL000001600,LOAN00001368,2024-08-03,21278.39,BRANCH,SUCCESS
COL000001601,LOAN00001368,2026-04-21,31682.23,FIELD_AGENT,FAILED
COL000001602,LOAN00001368,2024-07-23,7955.35,DIGITAL,SUCCESS
COL000001603,LOAN00001371,2026-06-29,31663.93,FIELD_AGENT,SUCCESS
COL000001604,LOAN00001371,2025-10-13,3669.4,DIGITAL,SUCCESS
COL000001605,LOAN00001371,2025-08-11,30933.16,CALL_CENTER,SUCCESS
COL000001606,LOAN00001371,2026-02-19,44890.95,DIGITAL,FAILED
COL000001607,LOAN00001371,2026-02-07,32696.58,DIGITAL,SUCCESS
COL000001608,LOAN00001373,2026-04-21,28825.26,FIELD_AGENT,SUCCESS
COL000001609,LOAN00001373,2026-03-12,26516.55,BRANCH,SUCCESS
COL000001610,LOAN00001374,2025-10-26,10831.53,BRANCH,SUCCESS
COL000001611,LOAN00001375,2026-02-14,25260.96,CALL_CENTER,PARTIAL
COL000001612,LOAN00001375,2025-04-12,13650.58,CALL_CENTER,SUCCESS
COL000001613,LOAN00001375,2025-08-08,7959.88,BRANCH,SUCCESS
COL000001614,LOAN00001375,2024-11-23,44367.49,FIELD_AGENT,SUCCESS
COL000001615,LOAN00001383,2025-09-12,9648.08,BRANCH,SUCCESS
COL000001616,LOAN00001383,2024-06-04,17239.51,CALL_CENTER,PARTIAL
COL000001617,LOAN00001383,2025-03-25,36818.2,BRANCH,SUCCESS
COL000001618,LOAN00001383,2026-04-04,28368.44,BRANCH,PARTIAL
COL000001619,LOAN00001386,2024-11-03,10075.46,FIELD_AGENT,PARTIAL
COL000001620,LOAN00001386,2025-09-03,13756.5,BRANCH,SUCCESS
COL000001621,LOAN00001386,2025-12-29,17156.39,DIGITAL,PARTIAL
COL000001622,LOAN00001388,2024-05-13,32732.72,CALL_CENTER,SUCCESS
COL000001623,LOAN00001388,2025-03-24,49091.67,BRANCH,PARTIAL
COL000001624,LOAN00001388,2024-07-19,16119.35,BRANCH,SUCCESS
COL000001625,LOAN00001389,2024-08-23,47298.76,FIELD_AGENT,FAILED
COL000001626,LOAN00001389,2026-07-18,29750.1,DIGITAL,SUCCESS
COL000001627,LOAN00001389,2024-09-16,17566.99,FIELD_AGENT,PARTIAL
COL000001628,LOAN00001389,2024-06-19,43345.49,FIELD_AGENT,SUCCESS
COL000001629,LOAN00001390,2026-05-21,39631.49,BRANCH,SUCCESS
COL000001630,LOAN00001390,2025-01-04,33401.44,DIGITAL,SUCCESS
COL000001631,LOAN00001390,2024-10-09,12410.25,BRANCH,SUCCESS
COL000001632,LOAN00001391,2025-10-25,15592.98,FIELD_AGENT,SUCCESS
COL000001633,LOAN00001393,2026-03-23,28574.15,BRANCH,SUCCESS
COL000001634,LOAN00001393,2026-02-17,15075.49,FIELD_AGENT,SUCCESS
COL000001635,LOAN00001393,2024-10-06,15489.4,DIGITAL,SUCCESS
COL000001636,LOAN00001393,2025-07-04,38076.49,DIGITAL,SUCCESS
COL000001637,LOAN00001393,2025-04-02,44145.05,BRANCH,SUCCESS
COL000001638,LOAN00001393,2026-06-24,16645.21,CALL_CENTER,PARTIAL
COL000001639,LOAN00001394,2026-04-09,36818.2,BRANCH,SUCCESS
COL000001640,LOAN00001394,2025-09-16,21695.92,BRANCH,SUCCESS
COL000001641,LOAN00001394,2025-10-31,38277.06,CALL_CENTER,SUCCESS
COL000001642,LOAN00001394,2026-08-02,10461.65,FIELD_AGENT,PARTIAL
COL000001643,LOAN00001394,2025-01-01,20171.74,BRANCH,FAILED
COL000001644,LOAN00001394,2025-07-24,36402.98,DIGITAL,SUCCESS
COL000001645,LOAN00001398,2024-06-03,33583.32,CALL_CENTER,SUCCESS
COL000001646,LOAN00001398,2025-06-05,33911.59,BRANCH,SUCCESS
COL000001647,LOAN00001398,2025-07-04,37959.64,CALL_CENTER,FAILED
COL000001648,LOAN00001398,2025-11-25,19432.51,DIGITAL,SUCCESS
COL000001649,LOAN00001398,2025-10-14,46901.19,FIELD_AGENT,SUCCESS
COL000001650,LOAN00001401,2025-12-08,36483.0,BRANCH,PARTIAL
COL000001651,LOAN00001401,2024-05-04,26402.82,BRANCH,SUCCESS
COL000001652,LOAN00001401,2026-04-18,40116.58,BRANCH,PARTIAL
COL000001653,LOAN00001401,2025-07-04,19223.63,DIGITAL,SUCCESS
COL000001654,LOAN00001402,2025-04-08,14287.98,BRANCH,SUCCESS
COL000001655,LOAN00001402,2024-04-09,36986.44,CALL_CENTER,SUCCESS
COL000001656,LOAN00001407,2024-03-22,9271.81,DIGITAL,SUCCESS
COL000001657,LOAN00001407,2025-04-20,22249.9,CALL_CENTER,SUCCESS
COL000001658,LOAN00001407,2026-07-16,38266.81,FIELD_AGENT,SUCCESS
COL000001659,LOAN00001407,2024-08-28,23031.52,CALL_CENTER,SUCCESS
COL000001660,LOAN00001407,2024-05-09,26085.22,BRANCH,PARTIAL
COL000001661,LOAN00001407,2024-03-25,22090.4,CALL_CENTER,PARTIAL
COL000001662,LOAN00001413,2026-05-27,33655.29,BRANCH,SUCCESS
COL000001663,LOAN00001413,2026-05-01,39289.44,BRANCH,PARTIAL
COL000001664,LOAN00001413,2025-04-08,11747.82,BRANCH,SUCCESS
COL000001665,LOAN00001415,2025-10-28,8243.77,BRANCH,SUCCESS
COL000001666,LOAN00001415,2026-05-26,44932.46,FIELD_AGENT,FAILED
COL000001667,LOAN00001415,2025-12-09,28256.8,CALL_CENTER,FAILED
COL000001668,LOAN00001415,2024-04-22,31471.09,CALL_CENTER,SUCCESS
COL000001669,LOAN00001419,2026-08-16,43515.12,BRANCH,SUCCESS
COL000001670,LOAN00001419,2024-03-23,29311.32,DIGITAL,FAILED
COL000001671,LOAN00001420,2024-04-11,44997.14,FIELD_AGENT,SUCCESS
COL000001672,LOAN00001420,2025-09-29,22953.87,FIELD_AGENT,SUCCESS
COL000001673,LOAN00001420,2026-04-06,45670.22,FIELD_AGENT,SUCCESS
COL000001674,LOAN00001423,2025-11-21,30883.35,CALL_CENTER,SUCCESS
COL000001675,LOAN00001423,2024-03-23,46880.02,DIGITAL,SUCCESS
COL000001676,LOAN00001423,2025-01-18,5117.06,BRANCH,SUCCESS
COL000001677,LOAN00001423,2025-11-06,2779.5,FIELD_AGENT,SUCCESS
COL000001678,LOAN00001423,2025-08-09,28998.39,CALL_CENTER,FAILED
COL000001679,LOAN00001425,2025-11-11,27117.33,FIELD_AGENT,FAILED
COL000001680,LOAN00001425,2026-08-30,12725.83,DIGITAL,SUCCESS
COL000001681,LOAN00001428,2025-01-28,9446.33,CALL_CENTER,SUCCESS
COL000001682,LOAN00001428,2024-08-28,8980.36,CALL_CENTER,SUCCESS
COL000001683,LOAN00001428,2026-06-09,22579.25,CALL_CENTER,PARTIAL
COL000001684,LOAN00001428,2024-11-23,29987.56,CALL_CENTER,SUCCESS
COL000001685,LOAN00001428,2025-01-11,27776.24,DIGITAL,PARTIAL
COL000001686,LOAN00001429,2026-01-01,19899.49,CALL_CENTER,PARTIAL
COL000001687,LOAN00001429,2025-09-16,14862.62,DIGITAL,SUCCESS
COL000001688,LOAN00001429,2025-12-09,1708.99,DIGITAL,SUCCESS
COL000001689,LOAN00001429,2024-06-01,48569.78,DIGITAL,SUCCESS
COL000001690,LOAN00001429,2024-08-18,5223.92,FIELD_AGENT,SUCCESS
COL000001691,LOAN00001431,2025-11-06,42650.61,CALL_CENTER,SUCCESS
COL000001692,LOAN00001431,2024-12-23,21811.22,DIGITAL,SUCCESS
COL000001693,LOAN00001431,2025-05-26,12187.61,FIELD_AGENT,PARTIAL
COL000001694,LOAN00001431,2025-12-28,24187.01,BRANCH,SUCCESS
COL000001695,LOAN00001432,2026-07-04,2038.61,BRANCH,SUCCESS
COL000001696,LOAN00001432,2024-10-16,49853.22,DIGITAL,SUCCESS
COL000001697,LOAN00001432,2024-06-14,10377.39,FIELD_AGENT,SUCCESS
COL000001698,LOAN00001432,2025-03-21,29862.36,CALL_CENTER,PARTIAL
COL000001699,LOAN00001432,2025-12-09,44034.35,DIGITAL,SUCCESS
COL000001700,LOAN00001439,2025-08-04,40016.41,BRANCH,SUCCESS
COL000001701,LOAN00001439,2026-09-23,39953.54,DIGITAL,SUCCESS
COL000001702,LOAN00001439,2026-02-11,23102.6,CALL_CENTER,SUCCESS
COL000001703,LOAN00001440,2024-06-23,16345.69,BRANCH,SUCCESS
COL000001704,LOAN00001440,2026-03-02,8423.17,FIELD_AGENT,PARTIAL
COL000001705,LOAN00001440,2024-12-22,15809.27,BRANCH,SUCCESS
COL000001706,LOAN00001440,2025-03-01,18213.08,BRANCH,SUCCESS
COL000001707,LOAN00001444,2026-03-28,31697.45,CALL_CENTER,SUCCESS
COL000001708,LOAN00001444,2024-08-31,35387.92,CALL_CENTER,SUCCESS
COL000001709,LOAN00001444,2024-04-24,47101.93,CALL_CENTER,SUCCESS
COL000001710,LOAN00001446,2026-01-16,2964.87,BRANCH,SUCCESS
COL000001711,LOAN00001446,2026-07-15,48250.5,DIGITAL,SUCCESS
COL000001712,LOAN00001446,2025-11-16,40881.08,CALL_CENTER,SUCCESS
COL000001713,LOAN00001446,2026-02-15,7213.3,DIGITAL,SUCCESS
COL000001714,LOAN00001447,2024-06-29,15209.2,BRANCH,SUCCESS
COL000001715,LOAN00001447,2025-03-18,10168.74,CALL_CENTER,SUCCESS
COL000001716,LOAN00001447,2024-10-14,15161.12,FIELD_AGENT,PARTIAL
COL000001717,LOAN00001447,2024-08-18,47120.38,FIELD_AGENT,SUCCESS
COL000001718,LOAN00001448,2025-06-01,31499.31,CALL_CENTER,SUCCESS
COL000001719,LOAN00001448,2025-04-11,36840.42,BRANCH,PARTIAL
COL000001720,LOAN00001448,2025-10-15,45288.6,FIELD_AGENT,SUCCESS
COL000001721,LOAN00001451,2026-01-23,25077.97,BRANCH,SUCCESS
COL000001722,LOAN00001451,2025-10-06,20125.49,BRANCH,SUCCESS
COL000001723,LOAN00001451,2026-06-19,45190.7,DIGITAL,SUCCESS
COL000001724,LOAN00001451,2026-04-29,13544.17,FIELD_AGENT,SUCCESS
COL000001725,LOAN00001451,2025-01-02,23225.12,CALL_CENTER,SUCCESS
COL000001726,LOAN00001451,2025-12-13,19318.48,BRANCH,SUCCESS
COL000001727,LOAN00001457,2025-07-06,48759.17,BRANCH,SUCCESS
COL000001728,LOAN00001465,2024-07-25,44064.68,CALL_CENTER,SUCCESS
COL000001729,LOAN00001469,2025-05-25,34748.65,DIGITAL,SUCCESS
COL000001730,LOAN00001469,2026-09-02,49828.18,DIGITAL,FAILED
COL000001731,LOAN00001469,2025-01-13,26483.16,CALL_CENTER,SUCCESS
COL000001732,LOAN00001479,2024-11-06,38464.16,FIELD_AGENT,SUCCESS
COL000001733,LOAN00001479,2026-09-29,37624.83,BRANCH,SUCCESS
COL000001734,LOAN00001479,2026-05-12,40994.53,CALL_CENTER,SUCCESS
COL000001735,LOAN00001479,2024-07-29,17901.79,DIGITAL,SUCCESS
COL000001736,LOAN00001480,2025-08-13,17409.11,BRANCH,PARTIAL
COL000001737,LOAN00001480,2026-07-01,9069.9,CALL_CENTER,FAILED
COL000001738,LOAN00001485,2026-08-06,12289.28,DIGITAL,SUCCESS
COL000001739,LOAN00001485,2025-12-04,26362.84,CALL_CENTER,SUCCESS
COL000001740,LOAN00001485,2024-11-03,21402.51,FIELD_AGENT,SUCCESS
COL000001741,LOAN00001490,2024-03-24,35875.18,BRANCH,SUCCESS
COL000001742,LOAN00001490,2025-08-18,42091.32,DIGITAL,SUCCESS
COL000001743,LOAN00001490,2025-04-09,44903.24,BRANCH,SUCCESS
COL000001744,LOAN00001490,2026-07-07,20461.6,DIGITAL,SUCCESS
COL000001745,LOAN00001490,2025-04-09,24240.27,DIGITAL,SUCCESS
COL000001746,LOAN00001490,2024-11-16,16738.6,BRANCH,SUCCESS
COL000001747,LOAN00001496,2025-11-17,29679.98,DIGITAL,SUCCESS
COL000001748,LOAN00001496,2024-11-13,49780.2,DIGITAL,SUCCESS
COL000001749,LOAN00001496,2024-08-21,15586.28,FIELD_AGENT,SUCCESS
COL000001750,LOAN00001497,2024-12-06,13706.55,CALL_CENTER,SUCCESS
COL000001751,LOAN00001497,2026-06-12,16432.66,CALL_CENTER,SUCCESS
COL000001752,LOAN00001497,2025-09-21,14547.08,DIGITAL,PARTIAL
COL000001753,LOAN00001497,2024-10-22,14771.84,CALL_CENTER,PARTIAL
COL000001754,LOAN00001497,2024-03-27,8385.9,DIGITAL,SUCCESS
COL000001755,LOAN00001501,2024-11-01,9492.97,DIGITAL,SUCCESS
COL000001756,LOAN00001502,2025-02-04,11581.79,BRANCH,PARTIAL
COL000001757,LOAN00001502,2024-10-11,31953.6,FIELD_AGENT,FAILED
COL000001758,LOAN00001502,2026-08-26,47407.01,FIELD_AGENT,SUCCESS
COL000001759,LOAN00001502,2024-10-03,29169.5,FIELD_AGENT,PARTIAL
COL000001760,LOAN00001502,2024-03-10,36371.05,DIGITAL,PARTIAL
COL000001761,LOAN00001502,2024-06-28,20280.32,FIELD_AGENT,SUCCESS
COL000001762,LOAN00001505,2025-02-01,38989.37,DIGITAL,PARTIAL
COL000001763,LOAN00001505,2026-08-08,8516.17,BRANCH,SUCCESS
COL000001764,LOAN00001505,2026-06-22,4110.11,DIGITAL,SUCCESS
COL000001765,LOAN00001505,2026-02-27,37793.21,CALL_CENTER,SUCCESS
COL000001766,LOAN00001505,2024-08-18,38008.01,CALL_CENTER,SUCCESS
COL000001767,LOAN00001505,2025-09-10,4335.47,FIELD_AGENT,SUCCESS
COL000001768,LOAN00001509,2024-11-12,18616.21,BRANCH,FAILED
COL000001769,LOAN00001509,2025-11-04,29977.44,BRANCH,SUCCESS
COL000001770,LOAN00001512,2025-10-06,4090.67,BRANCH,SUCCESS
COL000001771,LOAN00001512,2025-12-07,43298.37,FIELD_AGENT,SUCCESS
COL000001772,LOAN00001512,2025-02-25,20872.51,CALL_CENTER,SUCCESS
COL000001773,LOAN00001512,2024-09-17,18066.12,BRANCH,FAILED
COL000001774,LOAN00001512,2026-08-26,12655.48,BRANCH,SUCCESS
COL000001775,LOAN00001519,2024-11-05,45442.46,FIELD_AGENT,SUCCESS
COL000001776,LOAN00001519,2024-12-24,3916.33,BRANCH,PARTIAL
COL000001777,LOAN00001523,2026-07-25,36680.28,CALL_CENTER,FAILED
COL000001778,LOAN00001523,2026-01-08,37277.03,DIGITAL,SUCCESS
COL000001779,LOAN00001523,2025-01-14,48967.72,BRANCH,SUCCESS
COL000001780,LOAN00001523,2025-03-03,24468.44,FIELD_AGENT,PARTIAL
COL000001781,LOAN00001523,2026-03-14,44108.7,CALL_CENTER,SUCCESS
COL000001782,LOAN00001523,2025-04-10,26911.52,DIGITAL,SUCCESS
COL000001783,LOAN00001524,2026-06-19,47879.98,DIGITAL,SUCCESS
COL000001784,LOAN00001524,2024-12-21,34307.88,CALL_CENTER,SUCCESS
COL000001785,LOAN00001524,2026-06-26,45016.38,BRANCH,PARTIAL
COL000001786,LOAN00001535,2026-02-27,47989.5,DIGITAL,SUCCESS
COL000001787,LOAN00001535,2024-11-18,40585.3,BRANCH,SUCCESS
COL000001788,LOAN00001535,2025-07-30,48410.31,FIELD_AGENT,PARTIAL
COL000001789,LOAN00001537,2026-03-05,49640.84,FIELD_AGENT,SUCCESS
COL000001790,LOAN00001537,2024-03-27,36751.33,FIELD_AGENT,PARTIAL
COL000001791,LOAN00001537,2024-10-20,33925.19,BRANCH,SUCCESS
COL000001792,LOAN00001539,2024-03-21,12290.73,CALL_CENTER,SUCCESS
COL000001793,LOAN00001539,2025-07-16,36920.32,FIELD_AGENT,SUCCESS
COL000001794,LOAN00001539,2025-08-26,11269.27,FIELD_AGENT,SUCCESS
COL000001795,LOAN00001539,2026-06-30,47839.73,FIELD_AGENT,FAILED
COL000001796,LOAN00001539,2024-03-05,47469.71,CALL_CENTER,SUCCESS
COL000001797,LOAN00001541,2025-03-17,5126.27,CALL_CENTER,FAILED
COL000001798,LOAN00001541,2026-08-28,39428.86,BRANCH,SUCCESS
COL000001799,LOAN00001541,2026-01-26,11665.52,DIGITAL,SUCCESS
COL000001800,LOAN00001543,2024-10-24,2862.12,FIELD_AGENT,SUCCESS
COL000001801,LOAN00001544,2026-01-16,42377.39,CALL_CENTER,SUCCESS
COL000001802,LOAN00001544,2026-01-10,40178.9,DIGITAL,SUCCESS
COL000001803,LOAN00001544,2024-08-06,34508.36,DIGITAL,SUCCESS
COL000001804,LOAN00001544,2024-09-26,27387.45,DIGITAL,SUCCESS
COL000001805,LOAN00001545,2024-03-01,8181.13,FIELD_AGENT,SUCCESS
COL000001806,LOAN00001545,2025-02-18,24442.39,DIGITAL,SUCCESS
COL000001807,LOAN00001545,2026-07-26,11056.36,DIGITAL,SUCCESS
COL000001808,LOAN00001545,2024-06-25,40570.49,CALL_CENTER,PARTIAL
COL000001809,LOAN00001550,2026-04-13,41569.69,DIGITAL,SUCCESS
COL000001810,LOAN00001550,2026-02-15,21867.18,CALL_CENTER,SUCCESS
COL000001811,LOAN00001557,2025-06-27,36956.78,BRANCH,PARTIAL
COL000001812,LOAN00001557,2026-03-31,35690.4,CALL_CENTER,SUCCESS
COL000001813,LOAN00001557,2026-03-06,41325.93,FIELD_AGENT,PARTIAL
COL000001814,LOAN00001557,2024-04-13,22281.83,CALL_CENTER,SUCCESS
COL000001815,LOAN00001559,2026-07-11,5686.27,DIGITAL,SUCCESS
COL000001816,LOAN00001559,2025-04-26,43227.62,DIGITAL,SUCCESS
COL000001817,LOAN00001559,2026-06-12,20613.58,DIGITAL,SUCCESS
COL000001818,LOAN00001559,2024-12-17,16674.2,BRANCH,PARTIAL
COL000001819,LOAN00001559,2024-09-29,16081.84,FIELD_AGENT,SUCCESS
COL000001820,LOAN00001562,2024-03-15,14471.9,CALL_CENTER,SUCCESS
COL000001821,LOAN00001562,2025-05-25,15407.8,DIGITAL,PARTIAL
COL000001822,LOAN00001562,2024-04-24,33610.54,BRANCH,SUCCESS
COL000001823,LOAN00001564,2025-04-03,39390.67,BRANCH,SUCCESS
COL000001824,LOAN00001564,2024-11-24,3674.79,DIGITAL,SUCCESS
COL000001825,LOAN00001564,2026-01-22,3281.16,BRANCH,PARTIAL
COL000001826,LOAN00001564,2025-04-23,16222.97,BRANCH,SUCCESS
COL000001827,LOAN00001564,2024-03-11,21734.5,DIGITAL,SUCCESS
COL000001828,LOAN00001564,2024-06-30,11295.44,CALL_CENTER,SUCCESS
COL000001829,LOAN00001566,2026-02-24,46413.32,DIGITAL,SUCCESS
COL000001830,LOAN00001566,2026-05-02,33894.87,FIELD_AGENT,SUCCESS
COL000001831,LOAN00001566,2024-10-17,26965.53,FIELD_AGENT,SUCCESS
COL000001832,LOAN00001566,2024-09-17,4649.27,CALL_CENTER,SUCCESS
COL000001833,LOAN00001568,2024-12-07,24517.16,FIELD_AGENT,SUCCESS
COL000001834,LOAN00001568,2026-03-13,24249.81,CALL_CENTER,SUCCESS
COL000001835,LOAN00001570,2026-03-29,26504.63,FIELD_AGENT,SUCCESS
COL000001836,LOAN00001570,2026-01-25,3531.99,FIELD_AGENT,FAILED
COL000001837,LOAN00001570,2024-09-28,48908.77,FIELD_AGENT,SUCCESS
COL000001838,LOAN00001570,2026-03-02,48925.26,FIELD_AGENT,SUCCESS
COL000001839,LOAN00001572,2026-02-28,41483.81,DIGITAL,SUCCESS
COL000001840,LOAN00001577,2025-01-19,40254.53,CALL_CENTER,PARTIAL
COL000001841,LOAN00001577,2026-02-15,46960.47,FIELD_AGENT,SUCCESS
COL000001842,LOAN00001577,2024-10-22,31580.25,FIELD_AGENT,SUCCESS
COL000001843,LOAN00001577,2025-08-28,4972.44,CALL_CENTER,SUCCESS
COL000001844,LOAN00001577,2025-02-01,10188.1,FIELD_AGENT,SUCCESS
COL000001845,LOAN00001577,2025-09-09,41230.16,FIELD_AGENT,SUCCESS
COL000001846,LOAN00001579,2026-05-14,7104.67,DIGITAL,SUCCESS
COL000001847,LOAN00001580,2025-02-09,24773.51,DIGITAL,SUCCESS
COL000001848,LOAN00001580,2025-11-15,35831.64,CALL_CENTER,SUCCESS
COL000001849,LOAN00001580,2025-01-06,40740.59,BRANCH,SUCCESS
COL000001850,LOAN00001580,2025-10-05,32722.45,FIELD_AGENT,SUCCESS
COL000001851,LOAN00001580,2024-04-03,12349.88,DIGITAL,SUCCESS
COL000001852,LOAN00001581,2025-04-27,7854.06,BRANCH,SUCCESS
COL000001853,LOAN00001581,2024-04-27,19811.12,CALL_CENTER,SUCCESS
COL000001854,LOAN00001587,2025-01-31,31121.32,CALL_CENTER,PARTIAL
COL000001855,LOAN00001587,2024-10-04,41192.24,BRANCH,SUCCESS
COL000001856,LOAN00001587,2025-09-18,21675.09,DIGITAL,PARTIAL
COL000001857,LOAN00001590,2026-03-14,47057.15,DIGITAL,SUCCESS
COL000001858,LOAN00001591,2025-05-23,29158.49,FIELD_AGENT,PARTIAL
COL000001859,LOAN00001591,2024-08-21,1311.86,CALL_CENTER,SUCCESS
COL000001860,LOAN00001591,2026-01-02,5419.55,CALL_CENTER,PARTIAL
COL000001861,LOAN00001592,2024-11-26,47804.45,FIELD_AGENT,SUCCESS
COL000001862,LOAN00001592,2025-12-02,45283.01,FIELD_AGENT,SUCCESS
COL000001863,LOAN00001592,2026-02-23,4890.18,DIGITAL,SUCCESS
COL000001864,LOAN00001595,2025-08-04,6013.57,BRANCH,SUCCESS
COL000001865,LOAN00001595,2025-01-05,41397.09,BRANCH,SUCCESS
COL000001866,LOAN00001595,2024-12-17,18412.86,DIGITAL,SUCCESS
COL000001867,LOAN00001595,2026-06-27,33205.72,BRANCH,SUCCESS
COL000001868,LOAN00001605,2025-04-23,27565.17,CALL_CENTER,SUCCESS
COL000001869,LOAN00001605,2025-01-01,29533.79,DIGITAL,SUCCESS
COL000001870,LOAN00001605,2025-03-09,30390.82,CALL_CENTER,PARTIAL
COL000001871,LOAN00001614,2026-07-10,12905.74,FIELD_AGENT,SUCCESS
COL000001872,LOAN00001614,2026-03-03,6995.3,BRANCH,SUCCESS
COL000001873,LOAN00001614,2024-05-29,44708.14,FIELD_AGENT,SUCCESS
COL000001874,LOAN00001614,2024-09-23,6290.24,CALL_CENTER,PARTIAL
COL000001875,LOAN00001615,2025-04-24,2613.82,DIGITAL,SUCCESS
COL000001876,LOAN00001615,2024-04-19,25904.26,CALL_CENTER,SUCCESS
COL000001877,LOAN00001615,2026-04-03,4120.62,CALL_CENTER,SUCCESS
COL000001878,LOAN00001616,2024-05-22,37702.35,BRANCH,PARTIAL
COL000001879,LOAN00001619,2025-12-06,19233.8,FIELD_AGENT,SUCCESS
COL000001880,LOAN00001619,2024-07-06,46927.5,BRANCH,PARTIAL
COL000001881,LOAN00001619,2025-05-16,9996.31,CALL_CENTER,SUCCESS
COL000001882,LOAN00001620,2024-12-09,45818.49,CALL_CENTER,PARTIAL
COL000001883,LOAN00001620,2025-08-13,36091.09,DIGITAL,SUCCESS
COL000001884,LOAN00001620,2026-05-06,27884.06,FIELD_AGENT,SUCCESS
COL000001885,LOAN00001620,2026-01-28,28331.16,DIGITAL,SUCCESS
COL000001886,LOAN00001620,2025-07-21,17844.55,CALL_CENTER,SUCCESS
COL000001887,LOAN00001625,2026-06-02,43164.55,FIELD_AGENT,SUCCESS
COL000001888,LOAN00001629,2025-12-20,26171.23,FIELD_AGENT,FAILED
COL000001889,LOAN00001629,2024-10-11,41207.59,CALL_CENTER,SUCCESS
COL000001890,LOAN00001629,2025-03-17,42144.18,FIELD_AGENT,FAILED
COL000001891,LOAN00001629,2024-03-07,17740.37,FIELD_AGENT,PARTIAL
COL000001892,LOAN00001629,2025-04-13,43973.48,CALL_CENTER,SUCCESS
COL000001893,LOAN00001629,2024-08-06,12874.72,DIGITAL,SUCCESS
COL000001894,LOAN00001632,2025-11-12,47207.55,BRANCH,FAILED
COL000001895,LOAN00001632,2026-06-11,5893.53,FIELD_AGENT,SUCCESS
COL000001896,LOAN00001632,2026-09-16,11970.65,CALL_CENTER,SUCCESS
COL000001897,LOAN00001632,2025-08-06,10176.58,DIGITAL,PARTIAL
COL000001898,LOAN00001632,2025-10-17,15431.87,FIELD_AGENT,SUCCESS
COL000001899,LOAN00001633,2026-07-01,13415.84,CALL_CENTER,SUCCESS
COL000001900,LOAN00001633,2025-08-18,49933.22,CALL_CENTER,SUCCESS
COL000001901,LOAN00001634,2025-02-28,18851.0,CALL_CENTER,SUCCESS
COL000001902,LOAN00001639,2024-09-19,24858.39,DIGITAL,SUCCESS
COL000001903,LOAN00001639,2025-04-11,1234.84,FIELD_AGENT,SUCCESS
COL000001904,LOAN00001639,2024-08-18,26742.92,DIGITAL,SUCCESS
COL000001905,LOAN00001639,2026-04-15,33169.83,DIGITAL,SUCCESS
COL000001906,LOAN00001639,2026-04-23,20423.76,BRANCH,SUCCESS
COL000001907,LOAN00001639,2024-06-14,13885.67,DIGITAL,SUCCESS
COL000001908,LOAN00001640,2024-11-28,29143.94,CALL_CENTER,SUCCESS
COL000001909,LOAN00001640,2026-04-22,39181.56,DIGITAL,SUCCESS
COL000001910,LOAN00001646,2025-11-04,44753.9,FIELD_AGENT,SUCCESS
COL000001911,LOAN00001646,2024-03-09,5178.19,DIGITAL,PARTIAL
COL000001912,LOAN00001646,2025-01-12,16687.72,BRANCH,SUCCESS
COL000001913,LOAN00001649,2025-11-25,47329.24,DIGITAL,FAILED
COL000001914,LOAN00001649,2024-05-27,33796.33,CALL_CENTER,SUCCESS
COL000001915,LOAN00001649,2024-06-10,23232.52,BRANCH,SUCCESS
COL000001916,LOAN00001649,2025-03-01,32189.03,DIGITAL,SUCCESS
COL000001917,LOAN00001649,2025-08-16,8624.54,BRANCH,SUCCESS
COL000001918,LOAN00001649,2024-06-24,9365.6,DIGITAL,SUCCESS
COL000001919,LOAN00001651,2025-06-16,7476.45,DIGITAL,SUCCESS
COL000001920,LOAN00001651,2024-05-03,23116.44,BRANCH,SUCCESS
COL000001921,LOAN00001651,2024-12-03,4305.25,CALL_CENTER,SUCCESS
COL000001922,LOAN00001651,2025-05-25,28375.29,CALL_CENTER,SUCCESS
COL000001923,LOAN00001651,2024-03-17,44057.11,DIGITAL,SUCCESS
COL000001924,LOAN00001651,2025-09-03,10522.49,BRANCH,PARTIAL
COL000001925,LOAN00001652,2024-08-19,17437.52,CALL_CENTER,PARTIAL
COL000001926,LOAN00001652,2024-04-25,6661.05,CALL_CENTER,SUCCESS
COL000001927,LOAN00001652,2025-12-17,23178.72,BRANCH,PARTIAL
COL000001928,LOAN00001652,2026-03-13,10343.87,CALL_CENTER,PARTIAL
COL000001929,LOAN00001652,2025-06-04,11382.62,DIGITAL,SUCCESS
COL000001930,LOAN00001653,2025-01-09,32799.92,CALL_CENTER,PARTIAL
COL000001931,LOAN00001653,2026-02-02,49655.25,FIELD_AGENT,SUCCESS
COL000001932,LOAN00001653,2026-08-28,8496.62,CALL_CENTER,SUCCESS
COL000001933,LOAN00001653,2025-08-27,8394.1,FIELD_AGENT,PARTIAL
COL000001934,LOAN00001653,2026-08-18,34398.72,BRANCH,SUCCESS
COL000001935,LOAN00001654,2024-09-10,10633.2,CALL_CENTER,SUCCESS
COL000001936,LOAN00001654,2026-03-25,46657.99,BRANCH,FAILED
COL000001937,LOAN00001654,2024-08-18,27539.44,BRANCH,SUCCESS
COL000001938,LOAN00001654,2024-06-30,29064.42,CALL_CENTER,SUCCESS
COL000001939,LOAN00001654,2024-03-30,10313.35,FIELD_AGENT,SUCCESS
COL000001940,LOAN00001654,2025-12-10,35443.28,CALL_CENTER,SUCCESS
COL000001941,LOAN00001658,2025-03-02,33859.1,CALL_CENTER,SUCCESS
COL000001942,LOAN00001658,2024-04-29,2683.02,BRANCH,SUCCESS
COL000001943,LOAN00001663,2024-09-14,42045.6,CALL_CENTER,PARTIAL
COL000001944,LOAN00001663,2024-06-13,38145.72,DIGITAL,PARTIAL
COL000001945,LOAN00001663,2026-07-25,23964.3,DIGITAL,SUCCESS
COL000001946,LOAN00001665,2024-06-10,20260.3,CALL_CENTER,FAILED
COL000001947,LOAN00001667,2025-05-11,21033.62,DIGITAL,FAILED
COL000001948,LOAN00001669,2024-09-03,18367.66,CALL_CENTER,SUCCESS
COL000001949,LOAN00001669,2025-06-04,45906.97,BRANCH,SUCCESS
COL000001950,LOAN00001669,2026-08-04,44814.08,CALL_CENTER,PARTIAL
COL000001951,LOAN00001669,2025-02-27,11038.49,FIELD_AGENT,PARTIAL
COL000001952,LOAN00001673,2025-06-02,23598.97,DIGITAL,SUCCESS
COL000001953,LOAN00001673,2025-08-20,14714.98,BRANCH,SUCCESS
COL000001954,LOAN00001673,2025-02-03,13077.72,CALL_CENTER,SUCCESS
COL000001955,LOAN00001673,2026-09-22,24898.77,BRANCH,SUCCESS
COL000001956,LOAN00001673,2024-03-03,47298.54,FIELD_AGENT,PARTIAL
COL000001957,LOAN00001675,2025-04-11,30372.64,BRANCH,SUCCESS
COL000001958,LOAN00001675,2025-12-10,12768.38,BRANCH,SUCCESS
COL000001959,LOAN00001680,2024-04-26,8371.36,CALL_CENTER,SUCCESS
COL000001960,LOAN00001681,2025-11-28,9608.72,DIGITAL,PARTIAL
COL000001961,LOAN00001683,2024-03-28,12231.47,FIELD_AGENT,SUCCESS
COL000001962,LOAN00001683,2026-04-19,45903.35,FIELD_AGENT,SUCCESS
COL000001963,LOAN00001683,2026-04-17,8237.74,FIELD_AGENT,SUCCESS
COL000001964,LOAN00001683,2025-04-15,30455.39,CALL_CENTER,SUCCESS
COL000001965,LOAN00001685,2024-09-01,17117.87,CALL_CENTER,SUCCESS
COL000001966,LOAN00001685,2026-05-28,31567.79,DIGITAL,SUCCESS
COL000001967,LOAN00001686,2024-07-14,16231.17,CALL_CENTER,SUCCESS
COL000001968,LOAN00001686,2025-02-23,44789.71,FIELD_AGENT,SUCCESS
COL000001969,LOAN00001686,2025-10-15,16133.18,CALL_CENTER,SUCCESS
COL000001970,LOAN00001686,2025-05-11,7113.63,CALL_CENTER,SUCCESS
COL000001971,LOAN00001686,2025-08-23,40522.22,CALL_CENTER,SUCCESS
COL000001972,LOAN00001686,2026-06-19,38965.48,FIELD_AGENT,FAILED
COL000001973,LOAN00001687,2025-05-09,42162.64,DIGITAL,SUCCESS
COL000001974,LOAN00001687,2024-10-11,34483.91,CALL_CENTER,SUCCESS
COL000001975,LOAN00001691,2026-07-25,15347.65,CALL_CENTER,SUCCESS
COL000001976,LOAN00001691,2025-04-19,49914.23,FIELD_AGENT,PARTIAL
COL000001977,LOAN00001691,2025-02-01,44065.24,FIELD_AGENT,SUCCESS
COL000001978,LOAN00001692,2024-03-29,4131.54,DIGITAL,FAILED
COL000001979,LOAN00001694,2026-09-20,33598.94,CALL_CENTER,PARTIAL
COL000001980,LOAN00001694,2024-09-15,26705.13,BRANCH,PARTIAL
COL000001981,LOAN00001694,2025-12-27,43240.14,FIELD_AGENT,SUCCESS
COL000001982,LOAN00001694,2026-03-11,30356.65,FIELD_AGENT,PARTIAL
COL000001983,LOAN00001694,2026-03-31,34472.13,BRANCH,SUCCESS
COL000001984,LOAN00001694,2025-12-20,44973.92,FIELD_AGENT,SUCCESS
COL000001985,LOAN00001695,2025-02-25,28075.62,FIELD_AGENT,SUCCESS
COL000001986,LOAN00001695,2026-09-16,23826.42,CALL_CENTER,SUCCESS
COL000001987,LOAN00001698,2025-09-04,7947.16,DIGITAL,SUCCESS
COL000001988,LOAN00001698,2026-03-26,7245.63,CALL_CENTER,PARTIAL
COL000001989,LOAN00001698,2025-04-15,27637.75,CALL_CENTER,PARTIAL
COL000001990,LOAN00001698,2026-08-22,33074.78,DIGITAL,SUCCESS
COL000001991,LOAN00001698,2024-12-06,6569.69,BRANCH,SUCCESS
COL000001992,LOAN00001699,2024-07-13,41816.45,CALL_CENTER,SUCCESS
COL000001993,LOAN00001703,2025-05-22,5819.32,DIGITAL,SUCCESS
COL000001994,LOAN00001703,2024-04-10,23036.66,CALL_CENTER,SUCCESS
COL000001995,LOAN00001705,2026-05-08,23910.83,CALL_CENTER,PARTIAL
COL000001996,LOAN00001705,2026-08-07,20567.83,FIELD_AGENT,SUCCESS
COL000001997,LOAN00001705,2024-11-29,2692.78,DIGITAL,PARTIAL
COL000001998,LOAN00001709,2026-06-10,16883.24,DIGITAL,SUCCESS
COL000001999,LOAN00001709,2024-04-12,20407.52,BRANCH,SUCCESS
COL000002000,LOAN00001709,2026-09-18,28590.56,FIELD_AGENT,PARTIAL
COL000002001,LOAN00001709,2025-03-24,42583.25,DIGITAL,SUCCESS
COL000002002,LOAN00001709,2026-09-16,30849.51,CALL_CENTER,SUCCESS
COL000002003,LOAN00001712,2026-07-18,13950.86,CALL_CENTER,SUCCESS
COL000002004,LOAN00001712,2026-02-04,33239.44,CALL_CENTER,PARTIAL
COL000002005,LOAN00001714,2025-07-16,38540.13,BRANCH,SUCCESS
COL000002006,LOAN00001714,2024-03-26,24571.67,CALL_CENTER,SUCCESS
COL000002007,LOAN00001714,2024-10-15,25591.17,FIELD_AGENT,SUCCESS
COL000002008,LOAN00001714,2025-06-23,4803.83,BRANCH,SUCCESS
COL000002009,LOAN00001714,2025-06-28,16288.25,CALL_CENTER,SUCCESS
COL000002010,LOAN00001716,2026-07-13,3817.42,DIGITAL,SUCCESS
COL000002011,LOAN00001716,2025-10-27,29063.14,CALL_CENTER,FAILED
COL000002012,LOAN00001716,2026-09-10,42568.08,CALL_CENTER,SUCCESS
COL000002013,LOAN00001716,2025-08-13,22731.69,BRANCH,SUCCESS
COL000002014,LOAN00001716,2024-11-11,27080.65,CALL_CENTER,SUCCESS
COL000002015,LOAN00001717,2024-03-03,5334.36,DIGITAL,SUCCESS
COL000002016,LOAN00001717,2025-06-05,14175.11,DIGITAL,PARTIAL
COL000002017,LOAN00001718,2025-12-27,26608.67,DIGITAL,SUCCESS
COL000002018,LOAN00001718,2025-03-24,18312.16,FIELD_AGENT,SUCCESS
COL000002019,LOAN00001721,2024-04-17,32649.27,FIELD_AGENT,PARTIAL
COL000002020,LOAN00001721,2025-07-17,30607.5,BRANCH,SUCCESS
COL000002021,LOAN00001721,2025-12-22,39553.56,BRANCH,PARTIAL
COL000002022,LOAN00001721,2026-09-09,31964.87,CALL_CENTER,PARTIAL
COL000002023,LOAN00001721,2026-02-18,15356.81,BRANCH,SUCCESS
COL000002024,LOAN00001721,2026-03-10,13239.88,FIELD_AGENT,SUCCESS
COL000002025,LOAN00001724,2026-04-19,13310.54,DIGITAL,SUCCESS
COL000002026,LOAN00001728,2025-12-25,23345.09,FIELD_AGENT,SUCCESS
COL000002027,LOAN00001728,2026-04-18,14884.05,CALL_CENTER,SUCCESS
COL000002028,LOAN00001728,2024-05-06,24298.05,BRANCH,SUCCESS
COL000002029,LOAN00001728,2025-06-02,26945.1,BRANCH,SUCCESS
COL000002030,LOAN00001734,2025-08-16,45655.29,DIGITAL,SUCCESS
COL000002031,LOAN00001734,2024-10-18,10931.31,CALL_CENTER,SUCCESS
COL000002032,LOAN00001734,2026-05-25,8658.99,FIELD_AGENT,PARTIAL
COL000002033,LOAN00001734,2026-09-22,22595.1,FIELD_AGENT,SUCCESS
COL000002034,LOAN00001743,2026-02-03,34850.49,BRANCH,SUCCESS
COL000002035,LOAN00001743,2025-10-29,46960.82,CALL_CENTER,SUCCESS
COL000002036,LOAN00001743,2026-04-02,43938.59,DIGITAL,SUCCESS
COL000002037,LOAN00001743,2024-11-13,37284.38,FIELD_AGENT,SUCCESS
COL000002038,LOAN00001743,2026-01-30,6456.14,BRANCH,SUCCESS
COL000002039,LOAN00001747,2026-05-06,21565.45,BRANCH,SUCCESS
COL000002040,LOAN00001750,2026-09-18,32289.2,DIGITAL,SUCCESS
COL000002041,LOAN00001751,2026-07-25,33388.41,CALL_CENTER,SUCCESS
COL000002042,LOAN00001751,2025-09-10,10469.25,FIELD_AGENT,SUCCESS
COL000002043,LOAN00001751,2025-04-28,17183.98,DIGITAL,SUCCESS
COL000002044,LOAN00001751,2025-10-20,11333.14,DIGITAL,PARTIAL
COL000002045,LOAN00001751,2026-04-09,9133.2,FIELD_AGENT,SUCCESS
COL000002046,LOAN00001751,2025-11-22,1963.74,FIELD_AGENT,SUCCESS
COL000002047,LOAN00001752,2025-09-26,39798.94,FIELD_AGENT,SUCCESS
COL000002048,LOAN00001752,2025-04-11,18527.22,CALL_CENTER,PARTIAL
COL000002049,LOAN00001752,2025-10-30,41494.72,CALL_CENTER,SUCCESS
COL000002050,LOAN00001752,2024-07-09,46113.89,DIGITAL,SUCCESS
COL000002051,LOAN00001752,2024-08-01,6748.98,BRANCH,SUCCESS
COL000002052,LOAN00001752,2025-12-15,15414.94,FIELD_AGENT,PARTIAL
COL000002053,LOAN00001754,2024-10-19,10170.35,BRANCH,PARTIAL
COL000002054,LOAN00001755,2025-04-20,9145.18,CALL_CENTER,SUCCESS
COL000002055,LOAN00001755,2025-12-24,48387.12,BRANCH,PARTIAL
COL000002056,LOAN00001755,2025-10-10,46925.9,FIELD_AGENT,SUCCESS
COL000002057,LOAN00001755,2025-06-01,11973.63,CALL_CENTER,SUCCESS
COL000002058,LOAN00001758,2026-05-18,4463.02,DIGITAL,SUCCESS
COL000002059,LOAN00001758,2024-07-25,48465.53,DIGITAL,SUCCESS
COL000002060,LOAN00001760,2026-01-24,2177.58,DIGITAL,SUCCESS
COL000002061,LOAN00001760,2024-07-13,36694.93,BRANCH,SUCCESS
COL000002062,LOAN00001760,2025-05-11,14361.29,CALL_CENTER,SUCCESS
COL000002063,LOAN00001760,2026-06-04,43024.74,DIGITAL,PARTIAL
COL000002064,LOAN00001761,2024-10-09,15475.0,CALL_CENTER,SUCCESS
COL000002065,LOAN00001761,2025-01-17,25974.7,DIGITAL,FAILED
COL000002066,LOAN00001761,2026-09-03,44269.33,DIGITAL,SUCCESS
COL000002067,LOAN00001761,2025-10-01,4832.09,FIELD_AGENT,SUCCESS
COL000002068,LOAN00001762,2026-02-16,40241.31,FIELD_AGENT,SUCCESS
COL000002069,LOAN00001762,2026-09-15,45046.94,CALL_CENTER,SUCCESS
COL000002070,LOAN00001762,2026-08-17,48151.15,BRANCH,SUCCESS
COL000002071,LOAN00001762,2026-05-06,29151.18,CALL_CENTER,SUCCESS
COL000002072,LOAN00001762,2026-05-25,12700.69,CALL_CENTER,SUCCESS
COL000002073,LOAN00001762,2024-04-09,37040.56,CALL_CENTER,PARTIAL
COL000002074,LOAN00001766,2026-02-19,29807.16,CALL_CENTER,PARTIAL
COL000002075,LOAN00001766,2026-03-30,2812.54,DIGITAL,SUCCESS
COL000002076,LOAN00001766,2025-11-29,44452.21,FIELD_AGENT,SUCCESS
COL000002077,LOAN00001766,2026-06-24,5718.85,DIGITAL,SUCCESS
COL000002078,LOAN00001772,2024-09-09,16202.62,CALL_CENTER,PARTIAL
COL000002079,LOAN00001772,2025-12-05,20864.01,DIGITAL,SUCCESS
COL000002080,LOAN00001772,2025-10-01,45653.21,BRANCH,SUCCESS
COL000002081,LOAN00001772,2024-09-20,13677.06,CALL_CENTER,SUCCESS
COL000002082,LOAN00001772,2024-11-23,23719.01,DIGITAL,SUCCESS
COL000002083,LOAN00001775,2026-08-29,31248.0,DIGITAL,PARTIAL
COL000002084,LOAN00001775,2025-05-04,32071.55,CALL_CENTER,SUCCESS
COL000002085,LOAN00001781,2024-05-24,17459.56,FIELD_AGENT,PARTIAL
COL000002086,LOAN00001781,2026-02-25,22309.95,CALL_CENTER,PARTIAL
COL000002087,LOAN00001781,2026-01-10,25190.41,BRANCH,SUCCESS
COL000002088,LOAN00001781,2024-08-16,15780.57,DIGITAL,FAILED
COL000002089,LOAN00001782,2025-12-05,7720.01,FIELD_AGENT,SUCCESS
COL000002090,LOAN00001782,2026-09-29,47717.4,DIGITAL,SUCCESS
COL000002091,LOAN00001782,2025-12-26,47118.83,DIGITAL,SUCCESS
COL000002092,LOAN00001782,2025-12-24,30051.89,DIGITAL,SUCCESS
COL000002093,LOAN00001783,2025-08-24,17077.75,FIELD_AGENT,SUCCESS
COL000002094,LOAN00001783,2026-05-06,48287.28,DIGITAL,SUCCESS
COL000002095,LOAN00001783,2025-05-16,18510.11,CALL_CENTER,SUCCESS
COL000002096,LOAN00001783,2024-06-24,9483.67,BRANCH,PARTIAL
COL000002097,LOAN00001783,2024-12-05,49212.91,FIELD_AGENT,PARTIAL
COL000002098,LOAN00001783,2026-01-17,32772.36,CALL_CENTER,PARTIAL
COL000002099,LOAN00001787,2025-02-07,26977.22,BRANCH,SUCCESS
COL000002100,LOAN00001787,2026-05-21,23104.3,CALL_CENTER,SUCCESS
COL000002101,LOAN00001787,2026-07-17,49744.6,DIGITAL,SUCCESS
COL000002102,LOAN00001787,2026-01-03,4450.82,DIGITAL,SUCCESS
COL000002103,LOAN00001787,2025-08-06,17910.29,FIELD_AGENT,SUCCESS
COL000002104,LOAN00001788,2025-08-03,38044.97,CALL_CENTER,PARTIAL
COL000002105,LOAN00001792,2026-05-22,2798.17,FIELD_AGENT,PARTIAL
COL000002106,LOAN00001792,2025-05-18,36726.44,FIELD_AGENT,SUCCESS
COL000002107,LOAN00001792,2025-07-10,23432.89,DIGITAL,PARTIAL
COL000002108,LOAN00001792,2025-08-21,2333.44,DIGITAL,PARTIAL
COL000002109,LOAN00001792,2025-05-29,34909.32,DIGITAL,SUCCESS
COL000002110,LOAN00001792,2025-07-19,13362.64,CALL_CENTER,SUCCESS
COL000002111,LOAN00001796,2025-02-15,24416.2,FIELD_AGENT,PARTIAL
COL000002112,LOAN00001796,2026-08-05,20790.93,DIGITAL,SUCCESS
COL000002113,LOAN00001797,2026-04-07,6224.8,BRANCH,PARTIAL
COL000002114,LOAN00001797,2026-03-29,6380.67,CALL_CENTER,PARTIAL
COL000002115,LOAN00001798,2026-06-21,27820.41,CALL_CENTER,SUCCESS
COL000002116,LOAN00001798,2026-07-11,25093.82,CALL_CENTER,PARTIAL
COL000002117,LOAN00001798,2025-01-12,36894.25,DIGITAL,PARTIAL
COL000002118,LOAN00001798,2024-04-09,6645.12,DIGITAL,SUCCESS
COL000002119,LOAN00001798,2025-11-22,35922.38,FIELD_AGENT,SUCCESS
COL000002120,LOAN00001799,2026-03-10,6519.0,CALL_CENTER,SUCCESS
COL000002121,LOAN00001799,2025-02-05,46325.89,FIELD_AGENT,SUCCESS
COL000002122,LOAN00001799,2026-04-09,23185.7,DIGITAL,SUCCESS
COL000002123,LOAN00001799,2025-10-21,46210.2,FIELD_AGENT,SUCCESS
COL000002124,LOAN00001800,2025-02-03,33633.77,BRANCH,SUCCESS
COL000002125,LOAN00001803,2024-12-06,14874.62,BRANCH,SUCCESS
COL000002126,LOAN00001805,2025-03-09,36568.93,FIELD_AGENT,SUCCESS
COL000002127,LOAN00001805,2026-02-21,23562.77,CALL_CENTER,PARTIAL
COL000002128,LOAN00001805,2026-02-02,31417.49,FIELD_AGENT,SUCCESS
COL000002129,LOAN00001805,2025-03-19,34561.5,BRANCH,SUCCESS
COL000002130,LOAN00001807,2025-08-17,3469.33,BRANCH,SUCCESS
COL000002131,LOAN00001809,2026-03-29,22027.38,DIGITAL,SUCCESS
COL000002132,LOAN00001809,2025-04-17,36337.72,FIELD_AGENT,SUCCESS
COL000002133,LOAN00001810,2026-09-20,10805.74,FIELD_AGENT,SUCCESS
COL000002134,LOAN00001810,2026-07-01,29642.16,CALL_CENTER,SUCCESS
COL000002135,LOAN00001810,2025-02-22,10644.32,FIELD_AGENT,PARTIAL
COL000002136,LOAN00001810,2026-04-24,36073.68,CALL_CENTER,SUCCESS
COL000002137,LOAN00001810,2024-03-06,45517.26,DIGITAL,SUCCESS
COL000002138,LOAN00001810,2026-04-21,26583.24,CALL_CENTER,SUCCESS
COL000002139,LOAN00001811,2026-08-24,49195.03,CALL_CENTER,SUCCESS
COL000002140,LOAN00001811,2025-08-16,6444.84,CALL_CENTER,SUCCESS
COL000002141,LOAN00001811,2025-06-12,28551.41,FIELD_AGENT,SUCCESS
COL000002142,LOAN00001811,2024-07-14,37649.54,FIELD_AGENT,SUCCESS
COL000002143,LOAN00001813,2024-09-23,41370.65,CALL_CENTER,SUCCESS
COL000002144,LOAN00001813,2024-09-09,3040.51,DIGITAL,FAILED
COL000002145,LOAN00001813,2024-07-01,48117.05,DIGITAL,PARTIAL
COL000002146,LOAN00001813,2024-05-29,21672.37,CALL_CENTER,PARTIAL
COL000002147,LOAN00001814,2026-08-13,47656.9,DIGITAL,PARTIAL
COL000002148,LOAN00001814,2026-08-19,8861.23,FIELD_AGENT,SUCCESS
COL000002149,LOAN00001815,2026-09-05,24753.96,DIGITAL,SUCCESS
COL000002150,LOAN00001815,2024-12-24,26431.8,BRANCH,SUCCESS
COL000002151,LOAN00001815,2024-07-22,37242.67,FIELD_AGENT,PARTIAL
COL000002152,LOAN00001830,2024-09-30,10275.46,CALL_CENTER,FAILED
COL000002153,LOAN00001830,2025-10-25,43400.53,DIGITAL,PARTIAL
COL000002154,LOAN00001833,2024-03-18,36099.94,DIGITAL,SUCCESS
COL000002155,LOAN00001833,2024-08-03,32361.33,FIELD_AGENT,SUCCESS
COL000002156,LOAN00001833,2025-01-04,24132.58,FIELD_AGENT,SUCCESS
COL000002157,LOAN00001833,2024-04-11,24917.43,CALL_CENTER,SUCCESS
COL000002158,LOAN00001836,2024-07-18,40347.01,DIGITAL,SUCCESS
COL000002159,LOAN00001836,2025-04-05,19817.93,FIELD_AGENT,SUCCESS
COL000002160,LOAN00001836,2025-05-04,2942.52,DIGITAL,SUCCESS
COL000002161,LOAN00001836,2024-03-31,48443.37,CALL_CENTER,SUCCESS
COL000002162,LOAN00001838,2024-11-01,10856.94,BRANCH,SUCCESS
COL000002163,LOAN00001838,2024-11-15,11099.71,CALL_CENTER,SUCCESS
COL000002164,LOAN00001838,2024-06-29,13749.96,CALL_CENTER,PARTIAL
COL000002165,LOAN00001839,2025-12-09,10512.48,CALL_CENTER,SUCCESS
COL000002166,LOAN00001842,2025-03-20,36382.05,BRANCH,SUCCESS
COL000002167,LOAN00001842,2026-02-07,9371.09,FIELD_AGENT,SUCCESS
COL000002168,LOAN00001842,2025-10-31,33207.0,BRANCH,SUCCESS
COL000002169,LOAN00001842,2026-04-01,5850.23,BRANCH,SUCCESS
COL000002170,LOAN00001843,2024-05-16,27378.07,DIGITAL,SUCCESS
COL000002171,LOAN00001843,2025-08-02,8574.07,DIGITAL,SUCCESS
COL000002172,LOAN00001843,2026-06-25,37463.67,DIGITAL,SUCCESS
COL000002173,LOAN00001844,2025-10-25,40464.13,BRANCH,SUCCESS
COL000002174,LOAN00001844,2025-12-20,27205.25,DIGITAL,SUCCESS
COL000002175,LOAN00001844,2025-09-17,47299.4,FIELD_AGENT,SUCCESS
COL000002176,LOAN00001846,2026-03-15,46687.02,FIELD_AGENT,PARTIAL
COL000002177,LOAN00001850,2026-07-12,37210.85,BRANCH,SUCCESS
COL000002178,LOAN00001850,2026-05-09,4158.06,DIGITAL,SUCCESS
COL000002179,LOAN00001850,2025-09-08,15286.55,CALL_CENTER,SUCCESS
COL000002180,LOAN00001850,2026-05-01,32218.98,BRANCH,SUCCESS
COL000002181,LOAN00001850,2024-04-10,8295.67,DIGITAL,SUCCESS
COL000002182,LOAN00001851,2026-07-26,26582.69,FIELD_AGENT,SUCCESS
COL000002183,LOAN00001851,2024-11-09,39310.18,DIGITAL,SUCCESS
COL000002184,LOAN00001851,2025-07-23,31153.34,CALL_CENTER,SUCCESS
COL000002185,LOAN00001852,2025-12-05,27406.59,CALL_CENTER,SUCCESS
COL000002186,LOAN00001852,2025-06-13,12439.68,FIELD_AGENT,SUCCESS
COL000002187,LOAN00001852,2025-08-14,30054.39,BRANCH,SUCCESS
COL000002188,LOAN00001853,2024-12-28,17819.13,CALL_CENTER,SUCCESS
COL000002189,LOAN00001853,2026-06-05,26993.36,DIGITAL,SUCCESS
COL000002190,LOAN00001853,2024-12-06,49517.27,CALL_CENTER,SUCCESS
COL000002191,LOAN00001853,2024-05-09,4570.35,DIGITAL,SUCCESS
COL000002192,LOAN00001855,2025-04-15,5440.06,BRANCH,SUCCESS
COL000002193,LOAN00001855,2024-11-17,28932.65,CALL_CENTER,SUCCESS
COL000002194,LOAN00001855,2024-12-16,44831.68,CALL_CENTER,SUCCESS
COL000002195,LOAN00001858,2025-04-20,14795.77,FIELD_AGENT,SUCCESS
COL000002196,LOAN00001859,2025-06-08,10763.36,FIELD_AGENT,SUCCESS
COL000002197,LOAN00001859,2026-03-29,49498.89,DIGITAL,PARTIAL
COL000002198,LOAN00001859,2024-08-13,3448.44,CALL_CENTER,PARTIAL
COL000002199,LOAN00001859,2025-03-26,6851.88,DIGITAL,PARTIAL
COL000002200,LOAN00001859,2025-07-16,37235.89,CALL_CENTER,PARTIAL
COL000002201,LOAN00001859,2024-07-11,8379.02,BRANCH,SUCCESS
COL000002202,LOAN00001862,2026-05-17,40238.5,CALL_CENTER,PARTIAL
COL000002203,LOAN00001862,2026-04-02,21037.35,BRANCH,PARTIAL
COL000002204,LOAN00001862,2026-09-03,10264.78,CALL_CENTER,PARTIAL
COL000002205,LOAN00001863,2025-03-26,24492.81,FIELD_AGENT,SUCCESS
COL000002206,LOAN00001864,2026-02-04,17932.49,FIELD_AGENT,PARTIAL
COL000002207,LOAN00001864,2025-12-14,48243.53,FIELD_AGENT,SUCCESS
COL000002208,LOAN00001864,2024-10-05,1996.72,BRANCH,SUCCESS
COL000002209,LOAN00001864,2025-04-22,11250.48,CALL_CENTER,PARTIAL
COL000002210,LOAN00001866,2024-09-04,4125.99,FIELD_AGENT,PARTIAL
COL000002211,LOAN00001866,2025-07-20,49083.34,DIGITAL,SUCCESS
COL000002212,LOAN00001866,2025-04-09,20949.85,DIGITAL,SUCCESS
COL000002213,LOAN00001866,2025-09-07,43756.43,DIGITAL,SUCCESS
COL000002214,LOAN00001866,2026-09-29,8769.6,DIGITAL,SUCCESS
COL000002215,LOAN00001866,2025-08-15,28124.33,BRANCH,PARTIAL
COL000002216,LOAN00001877,2025-05-04,9412.06,CALL_CENTER,SUCCESS
COL000002217,LOAN00001877,2024-09-06,45132.62,CALL_CENTER,SUCCESS
COL000002218,LOAN00001877,2025-01-01,7775.95,BRANCH,SUCCESS
COL000002219,LOAN00001877,2025-10-13,30660.22,FIELD_AGENT,PARTIAL
COL000002220,LOAN00001877,2026-03-15,48615.97,CALL_CENTER,PARTIAL
COL000002221,LOAN00001877,2026-01-12,27837.57,FIELD_AGENT,SUCCESS
COL000002222,LOAN00001882,2025-04-06,48291.92,CALL_CENTER,FAILED
COL000002223,LOAN00001882,2026-05-07,47683.63,DIGITAL,PARTIAL
COL000002224,LOAN00001882,2024-07-16,7822.44,BRANCH,SUCCESS
COL000002225,LOAN00001882,2026-08-13,30354.82,BRANCH,SUCCESS
COL000002226,LOAN00001882,2025-05-18,45597.85,DIGITAL,SUCCESS
COL000002227,LOAN00001887,2025-10-03,32178.79,BRANCH,SUCCESS
COL000002228,LOAN00001887,2026-05-22,37756.81,CALL_CENTER,SUCCESS
COL000002229,LOAN00001887,2026-01-24,8229.56,DIGITAL,SUCCESS
COL000002230,LOAN00001887,2026-02-27,32929.47,FIELD_AGENT,SUCCESS
COL000002231,LOAN00001888,2025-08-05,25264.54,DIGITAL,PARTIAL
COL000002232,LOAN00001888,2025-02-03,42252.73,DIGITAL,SUCCESS
COL000002233,LOAN00001888,2024-08-17,28789.52,CALL_CENTER,SUCCESS
COL000002234,LOAN00001888,2026-03-22,37616.6,CALL_CENTER,SUCCESS
COL000002235,LOAN00001888,2026-03-31,25709.76,BRANCH,SUCCESS
COL000002236,LOAN00001889,2024-08-03,1086.19,CALL_CENTER,SUCCESS
COL000002237,LOAN00001889,2024-08-15,49797.52,DIGITAL,SUCCESS
COL000002238,LOAN00001889,2025-09-23,8571.2,FIELD_AGENT,SUCCESS
COL000002239,LOAN00001889,2024-05-19,32247.34,BRANCH,SUCCESS
COL000002240,LOAN00001891,2025-03-27,22430.09,CALL_CENTER,SUCCESS
COL000002241,LOAN00001891,2026-09-02,33773.35,FIELD_AGENT,SUCCESS
COL000002242,LOAN00001891,2025-07-10,45446.57,CALL_CENTER,SUCCESS
COL000002243,LOAN00001891,2025-04-20,27380.1,BRANCH,SUCCESS
COL000002244,LOAN00001891,2025-08-31,25860.88,DIGITAL,SUCCESS
COL000002245,LOAN00001892,2025-09-25,33772.72,BRANCH,SUCCESS
COL000002246,LOAN00001892,2025-06-20,42138.16,BRANCH,FAILED
COL000002247,LOAN00001894,2025-11-09,38335.81,FIELD_AGENT,FAILED
COL000002248,LOAN00001894,2024-03-04,3009.66,DIGITAL,SUCCESS
COL000002249,LOAN00001894,2024-09-25,9529.89,DIGITAL,SUCCESS
COL000002250,LOAN00001894,2024-03-26,16432.19,DIGITAL,SUCCESS
COL000002251,LOAN00001894,2026-04-01,3478.53,DIGITAL,SUCCESS
COL000002252,LOAN00001894,2026-07-02,48374.59,DIGITAL,SUCCESS
COL000002253,LOAN00001897,2026-01-25,24129.25,BRANCH,PARTIAL
COL000002254,LOAN00001897,2026-09-17,19158.65,CALL_CENTER,SUCCESS
COL000002255,LOAN00001897,2026-08-27,31619.31,FIELD_AGENT,SUCCESS
COL000002256,LOAN00001897,2025-04-05,33013.93,CALL_CENTER,SUCCESS
COL000002257,LOAN00001897,2024-05-04,27774.75,FIELD_AGENT,SUCCESS
COL000002258,LOAN00001897,2024-06-17,2742.95,BRANCH,PARTIAL
COL000002259,LOAN00001898,2024-09-20,27217.54,BRANCH,SUCCESS
COL000002260,LOAN00001898,2025-08-12,11815.22,BRANCH,SUCCESS
COL000002261,LOAN00001898,2026-01-27,39903.74,BRANCH,FAILED
COL000002262,LOAN00001898,2025-02-19,25196.41,FIELD_AGENT,SUCCESS
COL000002263,LOAN00001902,2024-09-23,22565.12,DIGITAL,SUCCESS
COL000002264,LOAN00001902,2024-10-06,21467.48,BRANCH,SUCCESS
COL000002265,LOAN00001902,2025-03-19,27530.54,DIGITAL,PARTIAL
COL000002266,LOAN00001902,2026-05-10,21452.27,FIELD_AGENT,SUCCESS
COL000002267,LOAN00001902,2024-11-28,17360.67,CALL_CENTER,PARTIAL
COL000002268,LOAN00001906,2026-05-20,34297.99,CALL_CENTER,SUCCESS
COL000002269,LOAN00001906,2026-07-24,15905.24,DIGITAL,SUCCESS
COL000002270,LOAN00001906,2024-11-05,48860.76,CALL_CENTER,SUCCESS
COL000002271,LOAN00001906,2026-07-23,15601.18,CALL_CENTER,SUCCESS
COL000002272,LOAN00001906,2026-01-27,27173.98,FIELD_AGENT,SUCCESS
COL000002273,LOAN00001911,2026-08-26,46585.32,CALL_CENTER,SUCCESS
COL000002274,LOAN00001915,2025-12-08,13669.36,CALL_CENTER,SUCCESS
COL000002275,LOAN00001915,2026-08-21,3436.44,FIELD_AGENT,SUCCESS
COL000002276,LOAN00001915,2025-05-25,48821.71,FIELD_AGENT,FAILED
COL000002277,LOAN00001915,2024-03-23,6909.28,CALL_CENTER,SUCCESS
COL000002278,LOAN00001923,2026-01-16,23998.85,CALL_CENTER,SUCCESS
COL000002279,LOAN00001923,2025-08-08,33025.26,CALL_CENTER,SUCCESS
COL000002280,LOAN00001923,2026-05-30,2162.99,BRANCH,SUCCESS
COL000002281,LOAN00001923,2026-05-20,45395.29,FIELD_AGENT,SUCCESS
COL000002282,LOAN00001930,2024-03-23,48276.28,CALL_CENTER,PARTIAL
COL000002283,LOAN00001930,2026-04-26,43290.26,FIELD_AGENT,SUCCESS
COL000002284,LOAN00001930,2024-03-09,21457.24,CALL_CENTER,SUCCESS
COL000002285,LOAN00001930,2026-04-30,1807.91,BRANCH,SUCCESS
COL000002286,LOAN00001930,2025-05-09,29244.81,BRANCH,SUCCESS
COL000002287,LOAN00001930,2025-01-22,9486.98,FIELD_AGENT,SUCCESS
COL000002288,LOAN00001932,2026-09-07,26436.54,DIGITAL,SUCCESS
COL000002289,LOAN00001932,2026-08-01,46915.56,DIGITAL,SUCCESS
COL000002290,LOAN00001932,2024-06-29,1133.65,BRANCH,SUCCESS
COL000002291,LOAN00001937,2025-06-14,13996.94,CALL_CENTER,SUCCESS
COL000002292,LOAN00001937,2024-04-21,36972.33,CALL_CENTER,SUCCESS
COL000002293,LOAN00001937,2024-12-12,47271.19,BRANCH,SUCCESS
COL000002294,LOAN00001937,2025-09-19,43363.0,FIELD_AGENT,PARTIAL
COL000002295,LOAN00001937,2024-06-10,22864.99,BRANCH,SUCCESS
COL000002296,LOAN00001937,2024-04-15,25089.23,CALL_CENTER,SUCCESS
COL000002297,LOAN00001938,2026-05-26,29996.86,BRANCH,SUCCESS
COL000002298,LOAN00001938,2026-06-14,15217.36,DIGITAL,PARTIAL
COL000002299,LOAN00001939,2025-06-26,24956.49,CALL_CENTER,PARTIAL
COL000002300,LOAN00001939,2025-03-04,9685.76,BRANCH,PARTIAL
COL000002301,LOAN00001940,2026-08-11,22189.33,BRANCH,PARTIAL
COL000002302,LOAN00001940,2024-11-06,47704.4,FIELD_AGENT,SUCCESS
COL000002303,LOAN00001940,2025-12-06,16638.53,DIGITAL,FAILED
COL000002304,LOAN00001940,2024-04-04,49478.52,BRANCH,SUCCESS
COL000002305,LOAN00001940,2024-06-12,37739.64,DIGITAL,SUCCESS
COL000002306,LOAN00001940,2025-01-28,39868.04,CALL_CENTER,SUCCESS
COL000002307,LOAN00001941,2025-03-27,24912.03,BRANCH,PARTIAL
COL000002308,LOAN00001941,2026-01-26,26033.55,BRANCH,SUCCESS
COL000002309,LOAN00001941,2025-12-12,27060.57,FIELD_AGENT,SUCCESS
COL000002310,LOAN00001950,2026-03-01,31094.62,BRANCH,PARTIAL
COL000002311,LOAN00001950,2026-02-22,14716.49,FIELD_AGENT,SUCCESS
COL000002312,LOAN00001950,2025-10-06,8574.98,FIELD_AGENT,SUCCESS
COL000002313,LOAN00001950,2026-04-14,32958.07,BRANCH,PARTIAL
COL000002314,LOAN00001950,2025-06-23,21568.9,FIELD_AGENT,PARTIAL
COL000002315,LOAN00001955,2024-11-14,1525.06,FIELD_AGENT,SUCCESS
COL000002316,LOAN00001955,2026-03-10,20422.81,CALL_CENTER,SUCCESS
COL000002317,LOAN00001955,2026-07-05,27979.5,CALL_CENTER,SUCCESS
COL000002318,LOAN00001955,2024-05-30,30976.86,CALL_CENTER,SUCCESS
COL000002319,LOAN00001955,2026-04-25,22633.05,CALL_CENTER,SUCCESS
COL000002320,LOAN00001955,2026-06-19,23094.64,FIELD_AGENT,SUCCESS
COL000002321,LOAN00001960,2025-10-02,27820.3,FIELD_AGENT,SUCCESS
COL000002322,LOAN00001960,2025-09-28,42096.28,DIGITAL,SUCCESS
COL000002323,LOAN00001960,2024-08-25,12216.03,FIELD_AGENT,SUCCESS
COL000002324,LOAN00001963,2024-03-02,12571.57,DIGITAL,SUCCESS
COL000002325,LOAN00001963,2024-12-01,31824.99,DIGITAL,PARTIAL
COL000002326,LOAN00001963,2024-05-16,13028.49,FIELD_AGENT,SUCCESS
COL000002327,LOAN00001963,2024-05-08,8755.72,FIELD_AGENT,SUCCESS
COL000002328,LOAN00001963,2025-03-19,31314.13,DIGITAL,SUCCESS
COL000002329,LOAN00001963,2025-02-28,17650.06,FIELD_AGENT,SUCCESS
COL000002330,LOAN00001965,2026-07-18,3338.16,CALL_CENTER,SUCCESS
COL000002331,LOAN00001965,2024-04-27,13057.57,CALL_CENTER,SUCCESS
COL000002332,LOAN00001968,2024-03-19,18705.16,DIGITAL,PARTIAL
COL000002333,LOAN00001968,2024-12-06,17681.95,BRANCH,SUCCESS
COL000002334,LOAN00001970,2024-05-16,43064.75,DIGITAL,SUCCESS
COL000002335,LOAN00001970,2025-04-14,48297.65,FIELD_AGENT,SUCCESS
COL000002336,LOAN00001970,2026-08-28,13871.84,DIGITAL,SUCCESS
COL000002337,LOAN00001970,2024-11-27,5545.68,BRANCH,SUCCESS
COL000002338,LOAN00001979,2025-04-23,43415.62,DIGITAL,SUCCESS
COL000002339,LOAN00001979,2024-09-07,9779.79,CALL_CENTER,SUCCESS
COL000002340,LOAN00001979,2024-10-16,44088.25,DIGITAL,SUCCESS
COL000002341,LOAN00001979,2026-03-02,4751.4,DIGITAL,SUCCESS
COL000002342,LOAN00001979,2024-11-21,40175.51,DIGITAL,SUCCESS
COL000002343,LOAN00001980,2024-05-01,34830.54,DIGITAL,SUCCESS
COL000002344,LOAN00001980,2025-09-06,21438.02,FIELD_AGENT,SUCCESS
COL000002345,LOAN00001980,2024-08-04,5126.73,FIELD_AGENT,FAILED
COL000002346,LOAN00001981,2025-11-26,10279.54,DIGITAL,SUCCESS
COL000002347,LOAN00001981,2026-09-20,35022.98,CALL_CENTER,PARTIAL
COL000002348,LOAN00001981,2024-12-09,36659.17,DIGITAL,PARTIAL
COL000002349,LOAN00001981,2024-08-07,17061.06,FIELD_AGENT,SUCCESS
COL000002350,LOAN00001981,2025-09-22,7903.2,CALL_CENTER,SUCCESS
COL000002351,LOAN00001984,2024-05-30,31295.33,DIGITAL,SUCCESS
COL000002352,LOAN00001984,2024-11-18,35933.77,BRANCH,SUCCESS
COL000002353,LOAN00001984,2024-12-14,37154.13,CALL_CENTER,SUCCESS
COL000002354,LOAN00001984,2024-11-26,2745.44,CALL_CENTER,FAILED
COL000002355,LOAN00001984,2025-07-26,9784.5,DIGITAL,SUCCESS
COL000002356,LOAN00001985,2024-03-07,16026.6,FIELD_AGENT,SUCCESS
COL000002357,LOAN00001985,2024-04-26,46112.75,DIGITAL,SUCCESS
COL000002358,LOAN00001985,2025-01-15,33995.36,DIGITAL,FAILED
COL000002359,LOAN00001985,2025-10-20,29592.0,FIELD_AGENT,SUCCESS
COL000002360,LOAN00001985,2024-11-23,13579.75,BRANCH,SUCCESS
COL000002361,LOAN00001986,2024-04-11,31906.15,FIELD_AGENT,SUCCESS
COL000002362,LOAN00001987,2024-09-01,4248.6,DIGITAL,PARTIAL
COL000002363,LOAN00001998,2024-12-27,11740.5,BRANCH,SUCCESS
COL000002364,LOAN00001998,2025-08-22,35171.6,CALL_CENTER,FAILED
COL000002365,LOAN00001998,2025-12-31,48218.33,DIGITAL,FAILED
COL000002366,LOAN00001998,2025-05-10,19073.8,CALL_CENTER,PARTIAL
COL000002367,LOAN00001998,2025-06-20,49868.83,FIELD_AGENT,SUCCESS
COL000002368,LOAN00002005,2024-10-17,40156.33,CALL_CENTER,SUCCESS
COL000002369,LOAN00002006,2024-11-13,11166.4,FIELD_AGENT,SUCCESS
COL000002370,LOAN00002006,2026-02-16,14000.55,FIELD_AGENT,SUCCESS
COL000002371,LOAN00002006,2024-05-18,18128.07,FIELD_AGENT,SUCCESS
COL000002372,LOAN00002010,2025-10-21,2744.32,CALL_CENTER,PARTIAL
COL000002373,LOAN00002010,2026-08-25,34931.55,BRANCH,SUCCESS
COL000002374,LOAN00002010,2025-10-03,40594.47,FIELD_AGENT,SUCCESS
COL000002375,LOAN00002013,2025-12-27,39433.62,CALL_CENTER,SUCCESS
COL000002376,LOAN00002015,2025-08-06,3936.87,BRANCH,SUCCESS
COL000002377,LOAN00002015,2026-09-23,18502.95,DIGITAL,PARTIAL
COL000002378,LOAN00002015,2025-05-17,18339.11,FIELD_AGENT,SUCCESS
COL000002379,LOAN00002015,2025-06-15,26595.41,FIELD_AGENT,SUCCESS
COL000002380,LOAN00002018,2025-01-24,5837.75,DIGITAL,SUCCESS
COL000002381,LOAN00002018,2024-08-27,43227.01,DIGITAL,FAILED
COL000002382,LOAN00002018,2024-11-26,16432.78,DIGITAL,PARTIAL
COL000002383,LOAN00002018,2024-09-02,48777.86,CALL_CENTER,SUCCESS
COL000002384,LOAN00002018,2025-07-21,9214.57,BRANCH,FAILED
COL000002385,LOAN00002018,2025-09-02,31781.91,BRANCH,SUCCESS
COL000002386,LOAN00002019,2025-02-20,45794.67,BRANCH,SUCCESS
COL000002387,LOAN00002019,2024-07-13,30279.67,DIGITAL,SUCCESS
COL000002388,LOAN00002019,2025-04-16,20578.74,DIGITAL,SUCCESS
COL000002389,LOAN00002019,2024-09-12,10002.11,CALL_CENTER,SUCCESS
COL000002390,LOAN00002019,2024-12-21,22611.22,BRANCH,PARTIAL
COL000002391,LOAN00002019,2025-03-31,36731.63,BRANCH,SUCCESS
COL000002392,LOAN00002021,2025-12-08,24239.75,FIELD_AGENT,SUCCESS
COL000002393,LOAN00002021,2024-03-21,49083.96,DIGITAL,PARTIAL
COL000002394,LOAN00002021,2025-03-26,36593.77,DIGITAL,PARTIAL
COL000002395,LOAN00002024,2025-03-12,3817.35,DIGITAL,FAILED
COL000002396,LOAN00002025,2024-10-26,14481.42,CALL_CENTER,PARTIAL
COL000002397,LOAN00002025,2024-09-12,37358.82,FIELD_AGENT,SUCCESS
COL000002398,LOAN00002025,2024-08-11,37585.38,DIGITAL,SUCCESS
COL000002399,LOAN00002025,2024-10-18,6771.51,CALL_CENTER,SUCCESS
COL000002400,LOAN00002025,2025-09-23,43653.51,CALL_CENTER,SUCCESS
COL000002401,LOAN00002025,2024-09-03,38224.09,CALL_CENTER,PARTIAL
COL000002402,LOAN00002026,2025-08-06,27508.97,CALL_CENTER,PARTIAL
COL000002403,LOAN00002027,2025-08-01,5986.34,BRANCH,SUCCESS
COL000002404,LOAN00002027,2025-05-12,24370.32,CALL_CENTER,SUCCESS
COL000002405,LOAN00002028,2026-08-29,8905.97,FIELD_AGENT,FAILED
COL000002406,LOAN00002028,2025-05-01,28357.55,DIGITAL,SUCCESS
COL000002407,LOAN00002032,2024-04-11,45294.93,CALL_CENTER,SUCCESS
COL000002408,LOAN00002032,2026-04-05,21196.95,BRANCH,SUCCESS
COL000002409,LOAN00002032,2025-09-19,17997.85,DIGITAL,SUCCESS
COL000002410,LOAN00002032,2024-08-12,2941.33,FIELD_AGENT,SUCCESS
COL000002411,LOAN00002035,2024-08-15,19464.11,DIGITAL,SUCCESS
COL000002412,LOAN00002035,2024-07-12,8930.9,CALL_CENTER,SUCCESS
COL000002413,LOAN00002035,2024-07-27,15288.68,CALL_CENTER,SUCCESS
COL000002414,LOAN00002036,2026-08-18,4690.31,DIGITAL,PARTIAL
COL000002415,LOAN00002036,2024-09-07,10813.99,CALL_CENTER,PARTIAL
COL000002416,LOAN00002036,2025-08-23,44031.74,DIGITAL,PARTIAL
COL000002417,LOAN00002036,2026-06-10,38837.44,DIGITAL,SUCCESS
COL000002418,LOAN00002038,2026-02-19,35029.31,DIGITAL,SUCCESS
COL000002419,LOAN00002038,2024-09-16,34806.5,BRANCH,SUCCESS
COL000002420,LOAN00002038,2024-04-25,31713.4,CALL_CENTER,SUCCESS
COL000002421,LOAN00002039,2024-07-04,16734.89,FIELD_AGENT,SUCCESS
COL000002422,LOAN00002039,2025-10-20,15308.87,BRANCH,SUCCESS
COL000002423,LOAN00002039,2026-03-28,45177.73,BRANCH,FAILED
COL000002424,LOAN00002039,2024-08-01,22515.25,CALL_CENTER,SUCCESS
COL000002425,LOAN00002039,2024-06-30,13654.03,DIGITAL,SUCCESS
COL000002426,LOAN00002050,2026-03-18,22388.48,BRANCH,SUCCESS
COL000002427,LOAN00002050,2024-03-05,37184.01,DIGITAL,PARTIAL
COL000002428,LOAN00002050,2025-05-12,27651.92,FIELD_AGENT,PARTIAL
COL000002429,LOAN00002051,2024-09-01,18376.38,FIELD_AGENT,SUCCESS
COL000002430,LOAN00002051,2025-07-04,13784.58,DIGITAL,SUCCESS
COL000002431,LOAN00002051,2025-12-28,27011.01,DIGITAL,SUCCESS
COL000002432,LOAN00002051,2026-07-26,34089.44,CALL_CENTER,PARTIAL
COL000002433,LOAN00002051,2024-06-12,9245.79,FIELD_AGENT,SUCCESS
COL000002434,LOAN00002052,2025-03-08,4911.9,BRANCH,SUCCESS
COL000002435,LOAN00002052,2025-12-06,6975.56,BRANCH,SUCCESS
COL000002436,LOAN00002052,2025-01-22,1520.03,FIELD_AGENT,PARTIAL
COL000002437,LOAN00002052,2025-05-26,20433.06,CALL_CENTER,SUCCESS
COL000002438,LOAN00002052,2025-05-13,20105.43,CALL_CENTER,SUCCESS
COL000002439,LOAN00002052,2024-03-22,26272.22,FIELD_AGENT,SUCCESS
COL000002440,LOAN00002056,2026-07-04,46408.57,CALL_CENTER,SUCCESS
COL000002441,LOAN00002059,2025-11-06,35927.3,CALL_CENTER,PARTIAL
COL000002442,LOAN00002059,2024-11-22,49581.15,DIGITAL,SUCCESS
COL000002443,LOAN00002059,2024-04-01,12348.92,DIGITAL,SUCCESS
COL000002444,LOAN00002059,2025-03-18,34165.73,CALL_CENTER,SUCCESS
COL000002445,LOAN00002059,2025-03-28,42302.78,DIGITAL,SUCCESS
COL000002446,LOAN00002060,2024-04-21,23246.09,CALL_CENTER,SUCCESS
COL000002447,LOAN00002062,2024-10-09,4169.08,FIELD_AGENT,SUCCESS
COL000002448,LOAN00002062,2024-11-28,11082.65,FIELD_AGENT,SUCCESS
COL000002449,LOAN00002063,2025-03-25,29868.49,CALL_CENTER,SUCCESS
COL000002450,LOAN00002063,2025-08-04,26520.29,FIELD_AGENT,SUCCESS
COL000002451,LOAN00002063,2024-10-31,3157.94,DIGITAL,SUCCESS
COL000002452,LOAN00002063,2024-03-30,31234.02,FIELD_AGENT,SUCCESS
COL000002453,LOAN00002063,2025-02-10,27833.98,CALL_CENTER,PARTIAL
COL000002454,LOAN00002063,2024-09-25,23717.31,FIELD_AGENT,SUCCESS
COL000002455,LOAN00002064,2025-05-06,22000.36,DIGITAL,SUCCESS
COL000002456,LOAN00002064,2025-06-18,9799.07,CALL_CENTER,SUCCESS
COL000002457,LOAN00002065,2024-09-30,15652.59,BRANCH,SUCCESS
COL000002458,LOAN00002065,2026-03-03,6831.83,DIGITAL,SUCCESS
COL000002459,LOAN00002065,2025-03-28,6863.15,CALL_CENTER,SUCCESS
COL000002460,LOAN00002077,2025-04-21,25353.87,DIGITAL,SUCCESS
COL000002461,LOAN00002077,2026-08-29,33254.32,DIGITAL,SUCCESS
COL000002462,LOAN00002079,2025-01-25,29737.32,BRANCH,SUCCESS
COL000002463,LOAN00002079,2026-09-28,39707.5,DIGITAL,SUCCESS
COL000002464,LOAN00002079,2025-06-02,22731.23,CALL_CENTER,SUCCESS
COL000002465,LOAN00002079,2026-02-06,48601.95,DIGITAL,PARTIAL
COL000002466,LOAN00002081,2025-03-05,46011.32,CALL_CENTER,PARTIAL
COL000002467,LOAN00002081,2026-07-20,47773.48,DIGITAL,SUCCESS
COL000002468,LOAN00002081,2024-06-30,2530.32,DIGITAL,SUCCESS
COL000002469,LOAN00002081,2024-06-01,38949.39,BRANCH,SUCCESS
COL000002470,LOAN00002082,2025-09-13,4247.77,CALL_CENTER,SUCCESS
COL000002471,LOAN00002084,2025-08-31,45171.72,CALL_CENTER,SUCCESS
COL000002472,LOAN00002084,2024-06-03,10610.98,DIGITAL,SUCCESS
COL000002473,LOAN00002084,2026-03-17,40978.6,DIGITAL,SUCCESS
COL000002474,LOAN00002084,2026-01-29,19497.99,FIELD_AGENT,SUCCESS
COL000002475,LOAN00002084,2024-10-24,2025.7,FIELD_AGENT,SUCCESS
COL000002476,LOAN00002084,2026-08-28,23323.94,BRANCH,SUCCESS
COL000002477,LOAN00002088,2026-09-10,46202.48,CALL_CENTER,SUCCESS
COL000002478,LOAN00002088,2026-05-21,29884.39,DIGITAL,PARTIAL
COL000002479,LOAN00002088,2024-07-11,22076.57,CALL_CENTER,PARTIAL
COL000002480,LOAN00002088,2025-07-27,25284.92,BRANCH,SUCCESS
COL000002481,LOAN00002088,2024-03-09,20647.19,DIGITAL,PARTIAL
COL000002482,LOAN00002088,2025-09-25,10267.97,DIGITAL,SUCCESS
COL000002483,LOAN00002090,2025-01-21,28902.28,BRANCH,SUCCESS
COL000002484,LOAN00002090,2026-06-12,30868.77,CALL_CENTER,SUCCESS
COL000002485,LOAN00002090,2025-03-04,1146.63,CALL_CENTER,PARTIAL
COL000002486,LOAN00002090,2025-09-30,31834.92,CALL_CENTER,FAILED
COL000002487,LOAN00002103,2026-07-23,31679.63,CALL_CENTER,SUCCESS
COL000002488,LOAN00002103,2025-05-02,34991.48,DIGITAL,SUCCESS
COL000002489,LOAN00002103,2026-09-04,19864.42,CALL_CENTER,SUCCESS
COL000002490,LOAN00002103,2026-05-24,9538.64,FIELD_AGENT,SUCCESS
COL000002491,LOAN00002103,2025-08-18,16169.41,BRANCH,SUCCESS
COL000002492,LOAN00002103,2026-03-28,14102.01,CALL_CENTER,SUCCESS
COL000002493,LOAN00002105,2025-01-03,22484.93,FIELD_AGENT,PARTIAL
COL000002494,LOAN00002105,2025-09-06,18340.44,CALL_CENTER,PARTIAL
COL000002495,LOAN00002109,2025-02-24,9679.35,CALL_CENTER,FAILED
COL000002496,LOAN00002109,2024-12-29,33818.09,FIELD_AGENT,SUCCESS
COL000002497,LOAN00002109,2026-04-27,10936.76,FIELD_AGENT,SUCCESS
COL000002498,LOAN00002109,2026-05-04,37150.68,CALL_CENTER,FAILED
COL000002499,LOAN00002109,2025-03-30,39967.18,DIGITAL,SUCCESS
COL000002500,LOAN00002110,2026-06-09,20563.52,DIGITAL,SUCCESS
COL000002501,LOAN00002110,2025-06-23,46543.53,FIELD_AGENT,SUCCESS
COL000002502,LOAN00002110,2026-08-08,11281.49,CALL_CENTER,SUCCESS
COL000002503,LOAN00002112,2026-07-29,31838.8,FIELD_AGENT,FAILED
COL000002504,LOAN00002112,2024-03-01,42032.39,FIELD_AGENT,SUCCESS
COL000002505,LOAN00002112,2024-05-24,7912.27,CALL_CENTER,SUCCESS
COL000002506,LOAN00002112,2026-05-18,21403.87,FIELD_AGENT,SUCCESS
COL000002507,LOAN00002112,2026-04-21,12422.82,DIGITAL,SUCCESS
COL000002508,LOAN00002114,2025-01-21,25296.17,FIELD_AGENT,SUCCESS
COL000002509,LOAN00002117,2026-08-12,30856.98,FIELD_AGENT,SUCCESS
COL000002510,LOAN00002117,2025-06-28,2480.33,FIELD_AGENT,PARTIAL
COL000002511,LOAN00002121,2026-07-30,44740.72,CALL_CENTER,SUCCESS
COL000002512,LOAN00002121,2025-03-18,39530.63,FIELD_AGENT,SUCCESS
COL000002513,LOAN00002123,2024-07-08,33678.93,FIELD_AGENT,SUCCESS
COL000002514,LOAN00002123,2025-05-05,28547.83,FIELD_AGENT,PARTIAL
COL000002515,LOAN00002123,2024-09-23,8135.3,CALL_CENTER,PARTIAL
COL000002516,LOAN00002123,2024-04-17,41528.16,FIELD_AGENT,SUCCESS
COL000002517,LOAN00002125,2025-07-16,31217.53,DIGITAL,SUCCESS
COL000002518,LOAN00002125,2025-07-05,33205.84,DIGITAL,PARTIAL
COL000002519,LOAN00002125,2025-04-15,35832.3,FIELD_AGENT,SUCCESS
COL000002520,LOAN00002129,2024-06-29,13827.87,DIGITAL,SUCCESS
COL000002521,LOAN00002130,2026-08-06,43241.25,FIELD_AGENT,SUCCESS
COL000002522,LOAN00002130,2026-08-31,2988.35,DIGITAL,PARTIAL
COL000002523,LOAN00002130,2025-06-08,10341.72,DIGITAL,SUCCESS
COL000002524,LOAN00002130,2024-05-03,20570.05,BRANCH,SUCCESS
COL000002525,LOAN00002130,2026-07-16,43609.08,DIGITAL,SUCCESS
COL000002526,LOAN00002131,2024-08-13,44892.42,FIELD_AGENT,PARTIAL
COL000002527,LOAN00002131,2026-02-24,4814.97,BRANCH,SUCCESS
COL000002528,LOAN00002133,2024-11-26,14780.56,BRANCH,SUCCESS
COL000002529,LOAN00002133,2025-02-21,20760.11,DIGITAL,SUCCESS
COL000002530,LOAN00002133,2024-10-11,4769.92,FIELD_AGENT,PARTIAL
COL000002531,LOAN00002133,2024-03-27,30387.53,CALL_CENTER,SUCCESS
COL000002532,LOAN00002135,2026-05-13,27124.05,DIGITAL,SUCCESS
COL000002533,LOAN00002135,2026-04-23,47606.62,FIELD_AGENT,SUCCESS
COL000002534,LOAN00002135,2026-06-07,21614.22,BRANCH,SUCCESS
COL000002535,LOAN00002135,2026-03-03,11956.8,FIELD_AGENT,SUCCESS
COL000002536,LOAN00002135,2025-08-17,36582.45,BRANCH,SUCCESS
COL000002537,LOAN00002135,2026-02-08,33286.59,CALL_CENTER,SUCCESS
COL000002538,LOAN00002136,2024-04-29,26714.39,DIGITAL,SUCCESS
COL000002539,LOAN00002136,2025-08-11,3896.89,DIGITAL,SUCCESS
COL000002540,LOAN00002136,2025-12-06,46082.28,DIGITAL,SUCCESS
COL000002541,LOAN00002136,2024-06-09,32869.53,DIGITAL,SUCCESS
COL000002542,LOAN00002138,2026-01-18,18831.14,BRANCH,SUCCESS
COL000002543,LOAN00002138,2026-05-22,48247.57,CALL_CENTER,SUCCESS
COL000002544,LOAN00002138,2025-03-11,12733.33,DIGITAL,SUCCESS
COL000002545,LOAN00002139,2024-10-27,34949.91,CALL_CENTER,PARTIAL
COL000002546,LOAN00002139,2024-03-13,8333.95,CALL_CENTER,SUCCESS
COL000002547,LOAN00002149,2026-06-25,21867.93,CALL_CENTER,SUCCESS
COL000002548,LOAN00002149,2026-04-24,39718.64,DIGITAL,SUCCESS
COL000002549,LOAN00002149,2024-11-08,23606.98,DIGITAL,PARTIAL
COL000002550,LOAN00002149,2024-04-15,46663.96,FIELD_AGENT,SUCCESS
COL000002551,LOAN00002149,2025-08-11,5057.16,DIGITAL,SUCCESS
COL000002552,LOAN00002149,2025-10-12,11217.11,FIELD_AGENT,PARTIAL
COL000002553,LOAN00002151,2025-05-29,28964.1,FIELD_AGENT,PARTIAL
COL000002554,LOAN00002151,2024-10-01,37326.3,DIGITAL,FAILED
COL000002555,LOAN00002153,2025-03-20,14589.72,BRANCH,SUCCESS
COL000002556,LOAN00002153,2024-12-12,37914.81,CALL_CENTER,PARTIAL
COL000002557,LOAN00002153,2024-09-14,14023.12,DIGITAL,SUCCESS
COL000002558,LOAN00002156,2026-02-28,27398.79,BRANCH,SUCCESS
COL000002559,LOAN00002156,2025-11-06,43986.9,BRANCH,SUCCESS
COL000002560,LOAN00002156,2024-05-29,9235.18,DIGITAL,SUCCESS
COL000002561,LOAN00002157,2024-04-05,44007.51,DIGITAL,SUCCESS
COL000002562,LOAN00002157,2024-04-04,15608.08,DIGITAL,PARTIAL
COL000002563,LOAN00002157,2026-02-19,47441.67,DIGITAL,SUCCESS
COL000002564,LOAN00002157,2026-02-22,16187.71,FIELD_AGENT,SUCCESS
COL000002565,LOAN00002159,2025-02-19,40384.22,FIELD_AGENT,SUCCESS
COL000002566,LOAN00002159,2025-09-20,30005.71,FIELD_AGENT,PARTIAL
COL000002567,LOAN00002159,2026-08-02,48177.33,BRANCH,SUCCESS
COL000002568,LOAN00002159,2025-07-26,12200.87,DIGITAL,SUCCESS
COL000002569,LOAN00002161,2024-03-11,21021.03,CALL_CENTER,PARTIAL
COL000002570,LOAN00002161,2024-10-30,13241.31,BRANCH,SUCCESS
COL000002571,LOAN00002161,2026-03-16,38660.88,BRANCH,SUCCESS
COL000002572,LOAN00002161,2025-08-29,36292.06,BRANCH,SUCCESS
COL000002573,LOAN00002161,2026-09-10,13308.5,DIGITAL,PARTIAL
COL000002574,LOAN00002163,2024-03-22,10647.3,FIELD_AGENT,PARTIAL
COL000002575,LOAN00002163,2026-01-08,31912.79,BRANCH,SUCCESS
COL000002576,LOAN00002166,2024-03-02,33095.16,DIGITAL,SUCCESS
COL000002577,LOAN00002166,2024-05-25,27634.01,CALL_CENTER,SUCCESS
COL000002578,LOAN00002166,2025-03-12,39996.04,CALL_CENTER,PARTIAL
COL000002579,LOAN00002168,2026-09-15,21332.07,DIGITAL,PARTIAL
COL000002580,LOAN00002168,2024-12-29,18614.89,FIELD_AGENT,SUCCESS
COL000002581,LOAN00002168,2025-07-02,2414.92,CALL_CENTER,SUCCESS
COL000002582,LOAN00002168,2026-07-20,11897.0,BRANCH,SUCCESS
COL000002583,LOAN00002169,2026-03-13,49292.54,DIGITAL,SUCCESS
COL000002584,LOAN00002169,2025-11-05,48605.82,FIELD_AGENT,SUCCESS
COL000002585,LOAN00002169,2024-12-04,35202.15,BRANCH,SUCCESS
COL000002586,LOAN00002169,2024-03-17,3848.31,DIGITAL,SUCCESS
COL000002587,LOAN00002169,2024-05-29,42433.83,CALL_CENTER,SUCCESS
COL000002588,LOAN00002169,2025-09-01,4078.44,DIGITAL,PARTIAL
COL000002589,LOAN00002174,2025-01-13,2894.05,BRANCH,SUCCESS
COL000002590,LOAN00002177,2024-08-18,42463.31,CALL_CENTER,SUCCESS
COL000002591,LOAN00002177,2025-11-13,28781.71,FIELD_AGENT,PARTIAL
COL000002592,LOAN00002177,2026-07-29,22316.68,DIGITAL,PARTIAL
COL000002593,LOAN00002177,2025-03-06,39787.6,DIGITAL,SUCCESS
COL000002594,LOAN00002177,2026-06-17,34205.98,CALL_CENTER,SUCCESS
COL000002595,LOAN00002177,2025-08-06,27669.52,CALL_CENTER,SUCCESS
COL000002596,LOAN00002178,2024-05-09,37146.71,BRANCH,SUCCESS
COL000002597,LOAN00002182,2025-03-26,20404.6,DIGITAL,SUCCESS
COL000002598,LOAN00002182,2025-06-20,9184.21,BRANCH,SUCCESS
COL000002599,LOAN00002182,2026-05-15,8411.3,CALL_CENTER,SUCCESS
COL000002600,LOAN00002189,2025-01-12,47878.26,FIELD_AGENT,SUCCESS
COL000002601,LOAN00002189,2025-04-20,10848.7,DIGITAL,SUCCESS
COL000002602,LOAN00002190,2026-06-01,49588.69,FIELD_AGENT,SUCCESS
COL000002603,LOAN00002190,2026-09-03,31825.43,DIGITAL,PARTIAL
COL000002604,LOAN00002190,2024-09-27,13127.79,FIELD_AGENT,SUCCESS
COL000002605,LOAN00002191,2026-07-03,37860.2,BRANCH,SUCCESS
COL000002606,LOAN00002191,2025-05-19,46602.88,CALL_CENTER,SUCCESS
COL000002607,LOAN00002194,2024-03-08,20229.68,CALL_CENTER,SUCCESS
COL000002608,LOAN00002194,2025-01-17,2237.83,BRANCH,SUCCESS
COL000002609,LOAN00002197,2025-10-01,29642.24,CALL_CENTER,SUCCESS
COL000002610,LOAN00002198,2025-12-19,13744.48,BRANCH,SUCCESS
COL000002611,LOAN00002198,2026-05-11,14832.26,FIELD_AGENT,SUCCESS
COL000002612,LOAN00002198,2026-07-14,21900.29,CALL_CENTER,SUCCESS
COL000002613,LOAN00002198,2025-10-17,7278.9,CALL_CENTER,PARTIAL
COL000002614,LOAN00002199,2024-07-24,16755.62,DIGITAL,SUCCESS
COL000002615,LOAN00002199,2026-04-30,19774.41,CALL_CENTER,SUCCESS
COL000002616,LOAN00002199,2025-03-28,33741.28,BRANCH,PARTIAL
COL000002617,LOAN00002199,2024-12-19,21152.35,FIELD_AGENT,SUCCESS
COL000002618,LOAN00002199,2025-10-27,43574.65,FIELD_AGENT,FAILED
COL000002619,LOAN00002202,2025-10-17,35125.79,DIGITAL,SUCCESS
COL000002620,LOAN00002202,2025-08-20,25571.78,CALL_CENTER,PARTIAL
COL000002621,LOAN00002209,2025-09-03,47425.9,CALL_CENTER,SUCCESS
COL000002622,LOAN00002209,2024-12-05,42105.98,FIELD_AGENT,SUCCESS
COL000002623,LOAN00002209,2024-08-25,9173.0,BRANCH,SUCCESS
COL000002624,LOAN00002209,2026-05-13,2735.84,CALL_CENTER,SUCCESS
COL000002625,LOAN00002209,2026-01-04,9823.74,CALL_CENTER,SUCCESS
COL000002626,LOAN00002212,2026-06-05,1125.37,CALL_CENTER,SUCCESS
COL000002627,LOAN00002212,2026-07-19,40147.92,FIELD_AGENT,SUCCESS
COL000002628,LOAN00002212,2026-01-15,42614.59,FIELD_AGENT,FAILED
COL000002629,LOAN00002217,2025-02-04,27357.94,BRANCH,SUCCESS
COL000002630,LOAN00002217,2025-07-03,18047.86,BRANCH,PARTIAL
COL000002631,LOAN00002217,2024-11-18,43938.08,FIELD_AGENT,SUCCESS
COL000002632,LOAN00002217,2025-04-14,39168.9,BRANCH,SUCCESS
COL000002633,LOAN00002217,2026-05-22,1850.3,CALL_CENTER,SUCCESS
COL000002634,LOAN00002225,2026-08-02,40355.11,CALL_CENTER,SUCCESS
COL000002635,LOAN00002225,2026-07-10,3510.25,DIGITAL,SUCCESS
COL000002636,LOAN00002227,2025-08-11,22627.17,DIGITAL,SUCCESS
COL000002637,LOAN00002227,2025-03-18,42772.81,FIELD_AGENT,SUCCESS
COL000002638,LOAN00002227,2024-03-28,7997.21,CALL_CENTER,SUCCESS
COL000002639,LOAN00002227,2024-04-17,36177.03,DIGITAL,SUCCESS
COL000002640,LOAN00002227,2026-09-09,28695.83,DIGITAL,SUCCESS
COL000002641,LOAN00002227,2026-05-11,14074.11,DIGITAL,SUCCESS
COL000002642,LOAN00002228,2025-12-12,41375.41,CALL_CENTER,SUCCESS
COL000002643,LOAN00002233,2025-03-18,21838.04,FIELD_AGENT,SUCCESS
COL000002644,LOAN00002233,2024-07-05,28051.17,FIELD_AGENT,SUCCESS
COL000002645,LOAN00002233,2024-04-20,35203.37,BRANCH,PARTIAL
COL000002646,LOAN00002233,2024-11-24,41622.24,CALL_CENTER,SUCCESS
COL000002647,LOAN00002234,2024-11-16,7600.01,FIELD_AGENT,SUCCESS
COL000002648,LOAN00002234,2025-03-22,22674.37,DIGITAL,SUCCESS
COL000002649,LOAN00002241,2026-09-22,10595.34,CALL_CENTER,SUCCESS
COL000002650,LOAN00002242,2026-06-25,20544.42,FIELD_AGENT,SUCCESS
COL000002651,LOAN00002242,2024-08-19,17523.27,BRANCH,SUCCESS
COL000002652,LOAN00002242,2025-03-25,12558.34,FIELD_AGENT,SUCCESS
COL000002653,LOAN00002243,2025-12-04,36920.53,DIGITAL,SUCCESS
COL000002654,LOAN00002243,2024-11-19,32838.67,FIELD_AGENT,PARTIAL
COL000002655,LOAN00002243,2026-03-11,33903.68,DIGITAL,PARTIAL
COL000002656,LOAN00002243,2026-07-02,38091.27,FIELD_AGENT,SUCCESS
COL000002657,LOAN00002252,2024-03-23,14783.46,FIELD_AGENT,SUCCESS
COL000002658,LOAN00002252,2026-01-20,48864.36,CALL_CENTER,PARTIAL
COL000002659,LOAN00002252,2025-09-14,21780.13,FIELD_AGENT,SUCCESS
COL000002660,LOAN00002252,2024-10-17,26342.92,FIELD_AGENT,SUCCESS
COL000002661,LOAN00002256,2024-08-30,37507.89,CALL_CENTER,PARTIAL
COL000002662,LOAN00002256,2025-01-24,7976.42,FIELD_AGENT,SUCCESS
COL000002663,LOAN00002257,2024-04-19,4575.04,BRANCH,SUCCESS
COL000002664,LOAN00002257,2026-02-21,38880.04,DIGITAL,FAILED
COL000002665,LOAN00002257,2025-03-24,34427.07,FIELD_AGENT,SUCCESS
COL000002666,LOAN00002257,2025-06-03,21049.3,BRANCH,FAILED
COL000002667,LOAN00002257,2025-05-11,29192.67,BRANCH,FAILED
COL000002668,LOAN00002257,2024-04-30,15507.78,CALL_CENTER,SUCCESS
COL000002669,LOAN00002259,2024-10-16,25248.68,DIGITAL,SUCCESS
COL000002670,LOAN00002259,2025-07-08,4890.15,CALL_CENTER,SUCCESS
COL000002671,LOAN00002259,2026-03-28,17094.82,CALL_CENTER,SUCCESS
COL000002672,LOAN00002259,2026-06-28,33984.25,FIELD_AGENT,SUCCESS
COL000002673,LOAN00002263,2026-06-09,31203.79,FIELD_AGENT,SUCCESS
COL000002674,LOAN00002263,2025-03-24,20989.57,BRANCH,SUCCESS
COL000002675,LOAN00002263,2025-03-19,3072.36,BRANCH,SUCCESS
COL000002676,LOAN00002263,2024-06-22,42566.63,BRANCH,PARTIAL
COL000002677,LOAN00002264,2024-08-13,8215.25,BRANCH,PARTIAL
COL000002678,LOAN00002264,2025-10-09,42489.66,DIGITAL,PARTIAL
COL000002679,LOAN00002264,2026-07-24,49515.29,CALL_CENTER,SUCCESS
COL000002680,LOAN00002268,2025-02-20,26443.2,FIELD_AGENT,FAILED
COL000002681,LOAN00002268,2026-02-07,5933.05,BRANCH,FAILED
COL000002682,LOAN00002270,2024-05-05,27151.82,BRANCH,SUCCESS
COL000002683,LOAN00002270,2025-03-06,37620.1,DIGITAL,FAILED
COL000002684,LOAN00002270,2026-01-29,27339.53,BRANCH,FAILED
COL000002685,LOAN00002274,2025-03-07,42356.36,BRANCH,SUCCESS
COL000002686,LOAN00002274,2025-07-29,18499.99,CALL_CENTER,SUCCESS
COL000002687,LOAN00002274,2024-06-14,45210.13,CALL_CENTER,SUCCESS
COL000002688,LOAN00002274,2024-08-13,35366.14,CALL_CENTER,PARTIAL
COL000002689,LOAN00002274,2024-05-23,8916.15,FIELD_AGENT,SUCCESS
COL000002690,LOAN00002274,2025-04-27,28217.07,BRANCH,PARTIAL
COL000002691,LOAN00002277,2025-05-07,38271.45,FIELD_AGENT,SUCCESS
COL000002692,LOAN00002277,2025-01-10,3791.23,BRANCH,SUCCESS
COL000002693,LOAN00002277,2025-09-28,41444.75,DIGITAL,SUCCESS
COL000002694,LOAN00002277,2024-04-23,21907.18,FIELD_AGENT,SUCCESS
COL000002695,LOAN00002277,2025-01-06,16806.76,DIGITAL,SUCCESS
COL000002696,LOAN00002277,2025-12-17,49980.68,CALL_CENTER,SUCCESS
COL000002697,LOAN00002279,2026-06-04,8663.82,BRANCH,SUCCESS
COL000002698,LOAN00002279,2025-05-03,23346.31,DIGITAL,SUCCESS
COL000002699,LOAN00002279,2026-06-20,23092.63,CALL_CENTER,SUCCESS
COL000002700,LOAN00002279,2024-03-30,32836.56,DIGITAL,FAILED
COL000002701,LOAN00002279,2026-04-24,38503.39,DIGITAL,SUCCESS
COL000002702,LOAN00002279,2025-02-14,40512.55,CALL_CENTER,SUCCESS
COL000002703,LOAN00002280,2025-02-21,27168.35,DIGITAL,SUCCESS
COL000002704,LOAN00002280,2025-06-28,40569.61,BRANCH,SUCCESS
COL000002705,LOAN00002280,2024-10-12,42793.33,DIGITAL,PARTIAL
COL000002706,LOAN00002280,2026-03-03,26687.57,BRANCH,SUCCESS
COL000002707,LOAN00002282,2024-07-17,20549.54,DIGITAL,FAILED
COL000002708,LOAN00002282,2025-01-03,40849.24,BRANCH,SUCCESS
COL000002709,LOAN00002282,2026-07-12,7628.22,BRANCH,PARTIAL
COL000002710,LOAN00002282,2026-01-15,22878.93,CALL_CENTER,SUCCESS
COL000002711,LOAN00002287,2024-06-12,48238.24,FIELD_AGENT,PARTIAL
COL000002712,LOAN00002287,2026-01-27,22170.77,BRANCH,PARTIAL
COL000002713,LOAN00002287,2024-07-31,9552.55,DIGITAL,SUCCESS
COL000002714,LOAN00002287,2024-12-30,10214.69,BRANCH,SUCCESS
COL000002715,LOAN00002288,2024-05-08,34431.2,DIGITAL,SUCCESS
COL000002716,LOAN00002288,2026-03-08,48899.94,DIGITAL,SUCCESS
COL000002717,LOAN00002288,2024-08-19,41858.65,CALL_CENTER,PARTIAL
COL000002718,LOAN00002288,2026-05-06,10362.43,BRANCH,SUCCESS
COL000002719,LOAN00002290,2025-10-06,33615.44,CALL_CENTER,SUCCESS
COL000002720,LOAN00002290,2024-03-19,27969.99,CALL_CENTER,SUCCESS
COL000002721,LOAN00002290,2026-09-14,27988.57,BRANCH,PARTIAL
COL000002722,LOAN00002290,2025-03-14,49041.5,CALL_CENTER,SUCCESS
COL000002723,LOAN00002290,2025-01-04,35067.65,DIGITAL,SUCCESS
COL000002724,LOAN00002290,2026-02-22,37044.55,BRANCH,PARTIAL
COL000002725,LOAN00002291,2025-04-01,49361.35,BRANCH,SUCCESS
COL000002726,LOAN00002291,2025-06-04,42983.01,FIELD_AGENT,PARTIAL
COL000002727,LOAN00002303,2026-01-22,31774.74,BRANCH,SUCCESS
COL000002728,LOAN00002303,2026-05-14,38646.63,DIGITAL,SUCCESS
COL000002729,LOAN00002303,2024-08-15,43178.07,BRANCH,SUCCESS
COL000002730,LOAN00002303,2025-04-01,37053.37,BRANCH,SUCCESS
COL000002731,LOAN00002303,2025-06-28,14811.58,DIGITAL,PARTIAL
COL000002732,LOAN00002306,2024-06-05,43327.69,FIELD_AGENT,PARTIAL
COL000002733,LOAN00002306,2024-09-02,31356.76,FIELD_AGENT,SUCCESS
COL000002734,LOAN00002306,2025-07-08,35223.21,CALL_CENTER,SUCCESS
COL000002735,LOAN00002306,2024-06-09,43622.85,FIELD_AGENT,FAILED
COL000002736,LOAN00002310,2025-11-25,35092.77,BRANCH,SUCCESS
COL000002737,LOAN00002310,2024-10-23,39450.84,DIGITAL,SUCCESS
COL000002738,LOAN00002310,2026-01-27,29839.11,CALL_CENTER,SUCCESS
COL000002739,LOAN00002310,2025-05-10,4308.21,FIELD_AGENT,SUCCESS
COL000002740,LOAN00002310,2024-05-11,8318.17,FIELD_AGENT,SUCCESS
COL000002741,LOAN00002311,2025-05-15,17236.07,CALL_CENTER,SUCCESS
COL000002742,LOAN00002315,2024-05-30,32364.58,DIGITAL,SUCCESS
COL000002743,LOAN00002315,2025-03-08,4339.87,DIGITAL,SUCCESS
COL000002744,LOAN00002315,2025-06-21,13315.32,BRANCH,SUCCESS
COL000002745,LOAN00002317,2025-08-13,32272.91,CALL_CENTER,SUCCESS
COL000002746,LOAN00002317,2026-07-13,34150.56,FIELD_AGENT,SUCCESS
COL000002747,LOAN00002317,2024-11-04,42783.1,FIELD_AGENT,SUCCESS
COL000002748,LOAN00002317,2024-06-26,40944.81,BRANCH,SUCCESS
COL000002749,LOAN00002317,2026-06-19,47625.2,CALL_CENTER,PARTIAL
COL000002750,LOAN00002319,2025-01-03,26462.24,FIELD_AGENT,PARTIAL
COL000002751,LOAN00002319,2026-04-09,37270.65,FIELD_AGENT,FAILED
COL000002752,LOAN00002319,2025-05-12,48581.38,FIELD_AGENT,SUCCESS
COL000002753,LOAN00002319,2025-11-25,32038.03,DIGITAL,PARTIAL
COL000002754,LOAN00002319,2024-07-22,39650.28,FIELD_AGENT,PARTIAL
COL000002755,LOAN00002319,2024-03-16,44103.03,BRANCH,FAILED
COL000002756,LOAN00002322,2024-04-20,21428.53,BRANCH,SUCCESS
COL000002757,LOAN00002322,2026-05-14,18141.06,FIELD_AGENT,SUCCESS
COL000002758,LOAN00002322,2025-06-30,49163.87,CALL_CENTER,SUCCESS
COL000002759,LOAN00002324,2026-09-22,11397.18,DIGITAL,SUCCESS
COL000002760,LOAN00002324,2024-06-14,23345.61,FIELD_AGENT,SUCCESS
COL000002761,LOAN00002324,2024-06-19,7385.32,CALL_CENTER,SUCCESS
COL000002762,LOAN00002324,2026-04-22,37657.83,BRANCH,SUCCESS
COL000002763,LOAN00002327,2026-07-27,31892.23,CALL_CENTER,SUCCESS
COL000002764,LOAN00002327,2025-12-25,20878.4,BRANCH,PARTIAL
COL000002765,LOAN00002327,2026-07-12,46046.58,DIGITAL,SUCCESS
COL000002766,LOAN00002327,2026-09-01,33925.66,BRANCH,SUCCESS
COL000002767,LOAN00002327,2026-07-03,26918.65,CALL_CENTER,SUCCESS
COL000002768,LOAN00002327,2024-10-04,31201.14,BRANCH,SUCCESS
COL000002769,LOAN00002328,2026-02-01,37853.49,BRANCH,PARTIAL
COL000002770,LOAN00002328,2026-06-21,41183.22,BRANCH,FAILED
COL000002771,LOAN00002328,2025-09-04,26940.15,DIGITAL,SUCCESS
COL000002772,LOAN00002328,2025-12-26,35261.66,FIELD_AGENT,PARTIAL
COL000002773,LOAN00002328,2024-06-24,31316.93,CALL_CENTER,SUCCESS
COL000002774,LOAN00002330,2024-03-01,7587.01,DIGITAL,SUCCESS
COL000002775,LOAN00002330,2026-02-18,12107.47,FIELD_AGENT,SUCCESS
COL000002776,LOAN00002330,2025-05-30,45180.96,CALL_CENTER,PARTIAL
COL000002777,LOAN00002330,2025-02-28,14357.84,BRANCH,PARTIAL
COL000002778,LOAN00002334,2025-09-07,46842.98,BRANCH,PARTIAL
COL000002779,LOAN00002334,2024-07-06,28029.32,FIELD_AGENT,SUCCESS
COL000002780,LOAN00002334,2025-06-22,33464.34,FIELD_AGENT,SUCCESS
COL000002781,LOAN00002334,2024-06-20,33823.02,BRANCH,SUCCESS
COL000002782,LOAN00002334,2024-11-12,27401.91,FIELD_AGENT,SUCCESS
COL000002783,LOAN00002336,2024-11-18,30677.18,FIELD_AGENT,PARTIAL
COL000002784,LOAN00002336,2026-07-25,28860.82,BRANCH,PARTIAL
COL000002785,LOAN00002336,2024-06-07,46881.46,FIELD_AGENT,SUCCESS
COL000002786,LOAN00002336,2025-12-01,8443.04,BRANCH,SUCCESS
COL000002787,LOAN00002336,2024-03-10,40847.28,DIGITAL,SUCCESS
COL000002788,LOAN00002337,2026-02-02,27160.79,DIGITAL,SUCCESS
COL000002789,LOAN00002337,2025-08-28,8311.44,BRANCH,SUCCESS
COL000002790,LOAN00002337,2025-02-03,41467.7,BRANCH,SUCCESS
COL000002791,LOAN00002337,2026-01-27,4616.49,FIELD_AGENT,SUCCESS
COL000002792,LOAN00002337,2026-03-07,10168.41,FIELD_AGENT,SUCCESS
COL000002793,LOAN00002337,2024-03-28,38026.09,DIGITAL,SUCCESS
COL000002794,LOAN00002339,2026-06-17,4429.8,CALL_CENTER,SUCCESS
COL000002795,LOAN00002339,2026-04-24,29195.58,FIELD_AGENT,SUCCESS
COL000002796,LOAN00002339,2024-09-08,48014.77,FIELD_AGENT,SUCCESS
COL000002797,LOAN00002341,2024-04-06,3437.18,DIGITAL,SUCCESS
COL000002798,LOAN00002341,2024-11-11,41223.36,BRANCH,SUCCESS
COL000002799,LOAN00002342,2025-11-21,30259.52,CALL_CENTER,PARTIAL
COL000002800,LOAN00002342,2024-05-04,44498.26,CALL_CENTER,SUCCESS
COL000002801,LOAN00002342,2026-01-14,40141.88,FIELD_AGENT,SUCCESS
COL000002802,LOAN00002342,2025-02-06,37513.94,CALL_CENTER,SUCCESS
COL000002803,LOAN00002343,2026-06-03,5961.16,BRANCH,SUCCESS
COL000002804,LOAN00002347,2025-12-20,47829.95,DIGITAL,SUCCESS
COL000002805,LOAN00002347,2025-05-11,28541.78,DIGITAL,PARTIAL
COL000002806,LOAN00002347,2024-11-08,1711.52,CALL_CENTER,SUCCESS
COL000002807,LOAN00002347,2025-04-30,32248.28,DIGITAL,PARTIAL
COL000002808,LOAN00002353,2025-12-02,13255.01,CALL_CENTER,SUCCESS
COL000002809,LOAN00002353,2025-06-15,30855.0,DIGITAL,SUCCESS
COL000002810,LOAN00002353,2024-07-09,3253.03,BRANCH,PARTIAL
COL000002811,LOAN00002363,2024-11-14,30350.16,DIGITAL,SUCCESS
COL000002812,LOAN00002363,2024-05-22,44343.85,CALL_CENTER,SUCCESS
COL000002813,LOAN00002363,2025-12-01,31675.46,FIELD_AGENT,SUCCESS
COL000002814,LOAN00002363,2025-03-05,33765.78,DIGITAL,SUCCESS
COL000002815,LOAN00002363,2024-12-09,35845.72,BRANCH,SUCCESS
COL000002816,LOAN00002368,2024-03-25,13424.09,DIGITAL,SUCCESS
COL000002817,LOAN00002368,2026-01-22,7826.54,BRANCH,SUCCESS
COL000002818,LOAN00002369,2026-01-19,22487.87,CALL_CENTER,SUCCESS
COL000002819,LOAN00002369,2025-07-21,29189.71,BRANCH,SUCCESS
COL000002820,LOAN00002369,2024-06-24,38658.42,BRANCH,FAILED
COL000002821,LOAN00002369,2025-08-07,41378.51,CALL_CENTER,SUCCESS
COL000002822,LOAN00002369,2024-07-23,36912.84,FIELD_AGENT,PARTIAL
COL000002823,LOAN00002369,2024-11-29,39199.93,DIGITAL,SUCCESS
COL000002824,LOAN00002370,2026-07-06,42196.16,DIGITAL,SUCCESS
COL000002825,LOAN00002370,2025-06-10,7728.62,DIGITAL,SUCCESS
COL000002826,LOAN00002370,2026-02-07,46715.35,BRANCH,SUCCESS
COL000002827,LOAN00002370,2025-05-17,44727.14,FIELD_AGENT,SUCCESS
COL000002828,LOAN00002370,2025-08-23,32754.56,FIELD_AGENT,SUCCESS
COL000002829,LOAN00002370,2024-05-16,37767.02,DIGITAL,SUCCESS
COL000002830,LOAN00002371,2026-04-26,3060.36,BRANCH,SUCCESS
COL000002831,LOAN00002371,2026-05-17,44065.29,BRANCH,SUCCESS
COL000002832,LOAN00002379,2025-10-10,18608.78,CALL_CENTER,SUCCESS
COL000002833,LOAN00002379,2026-03-25,32248.7,CALL_CENTER,SUCCESS
COL000002834,LOAN00002379,2026-07-04,42425.52,CALL_CENTER,FAILED
COL000002835,LOAN00002379,2026-03-06,22397.16,CALL_CENTER,PARTIAL
COL000002836,LOAN00002379,2025-04-20,18342.86,FIELD_AGENT,SUCCESS
COL000002837,LOAN00002379,2024-08-03,45575.59,BRANCH,SUCCESS
COL000002838,LOAN00002382,2024-03-13,14078.19,FIELD_AGENT,SUCCESS
COL000002839,LOAN00002382,2026-05-26,1267.0,FIELD_AGENT,SUCCESS
COL000002840,LOAN00002382,2024-03-29,37785.04,DIGITAL,SUCCESS
COL000002841,LOAN00002382,2025-02-23,3357.35,DIGITAL,SUCCESS
COL000002842,LOAN00002382,2026-08-05,36898.72,FIELD_AGENT,SUCCESS
COL000002843,LOAN00002382,2025-10-24,1961.44,CALL_CENTER,PARTIAL
COL000002844,LOAN00002385,2025-01-21,16721.94,BRANCH,SUCCESS
COL000002845,LOAN00002385,2024-12-05,47927.84,DIGITAL,SUCCESS
COL000002846,LOAN00002390,2025-05-12,36196.92,DIGITAL,PARTIAL
COL000002847,LOAN00002390,2024-08-06,38293.59,BRANCH,SUCCESS
COL000002848,LOAN00002390,2025-12-11,46269.89,CALL_CENTER,SUCCESS
COL000002849,LOAN00002390,2024-05-14,22517.93,DIGITAL,SUCCESS
COL000002850,LOAN00002394,2025-04-30,11853.16,FIELD_AGENT,SUCCESS
COL000002851,LOAN00002394,2024-04-01,1885.71,DIGITAL,SUCCESS
COL000002852,LOAN00002394,2024-05-08,34571.37,CALL_CENTER,SUCCESS
COL000002853,LOAN00002394,2025-02-14,11255.81,FIELD_AGENT,SUCCESS
COL000002854,LOAN00002396,2026-06-01,37087.2,FIELD_AGENT,SUCCESS
COL000002855,LOAN00002398,2025-11-15,10645.62,FIELD_AGENT,PARTIAL
COL000002856,LOAN00002398,2024-09-22,38060.99,FIELD_AGENT,SUCCESS
COL000002857,LOAN00002398,2025-01-13,49103.39,DIGITAL,SUCCESS
COL000002858,LOAN00002398,2024-04-09,42003.66,CALL_CENTER,SUCCESS
COL000002859,LOAN00002406,2026-08-31,13194.56,BRANCH,PARTIAL
COL000002860,LOAN00002406,2025-02-25,14343.2,BRANCH,PARTIAL
COL000002861,LOAN00002406,2026-07-24,38105.06,CALL_CENTER,PARTIAL
COL000002862,LOAN00002406,2025-11-02,3389.09,CALL_CENTER,SUCCESS
COL000002863,LOAN00002406,2026-06-12,45026.76,DIGITAL,PARTIAL
COL000002864,LOAN00002406,2026-02-02,12360.4,DIGITAL,SUCCESS
COL000002865,LOAN00002408,2026-01-29,19252.2,FIELD_AGENT,SUCCESS
COL000002866,LOAN00002408,2025-05-18,9563.2,BRANCH,SUCCESS
COL000002867,LOAN00002408,2025-04-12,44456.93,BRANCH,PARTIAL
COL000002868,LOAN00002408,2025-09-18,29089.6,FIELD_AGENT,SUCCESS
COL000002869,LOAN00002409,2024-04-01,2474.61,BRANCH,SUCCESS
COL000002870,LOAN00002410,2026-06-09,24747.29,CALL_CENTER,SUCCESS
COL000002871,LOAN00002412,2025-12-14,10858.95,CALL_CENTER,SUCCESS
COL000002872,LOAN00002412,2025-10-08,37555.8,BRANCH,SUCCESS
COL000002873,LOAN00002412,2024-03-07,10852.9,FIELD_AGENT,PARTIAL
COL000002874,LOAN00002412,2025-03-07,8851.89,DIGITAL,SUCCESS
COL000002875,LOAN00002413,2025-09-06,42324.66,FIELD_AGENT,SUCCESS
COL000002876,LOAN00002413,2024-05-21,8048.22,BRANCH,SUCCESS
COL000002877,LOAN00002413,2024-04-16,34466.66,CALL_CENTER,PARTIAL
COL000002878,LOAN00002413,2024-08-25,36005.56,DIGITAL,SUCCESS
COL000002879,LOAN00002413,2026-05-08,37326.27,BRANCH,PARTIAL
COL000002880,LOAN00002413,2024-07-29,26977.01,CALL_CENTER,SUCCESS
COL000002881,LOAN00002420,2026-04-18,45062.4,CALL_CENTER,PARTIAL
COL000002882,LOAN00002420,2026-02-18,45565.61,DIGITAL,SUCCESS
COL000002883,LOAN00002420,2024-03-12,12069.5,BRANCH,SUCCESS
COL000002884,LOAN00002420,2024-08-24,18086.29,BRANCH,SUCCESS
COL000002885,LOAN00002421,2026-02-16,12384.76,CALL_CENTER,PARTIAL
COL000002886,LOAN00002421,2025-05-19,33533.13,FIELD_AGENT,SUCCESS
COL000002887,LOAN00002423,2026-01-12,2894.43,DIGITAL,PARTIAL
COL000002888,LOAN00002425,2026-05-23,34099.73,BRANCH,PARTIAL
COL000002889,LOAN00002425,2026-01-03,25418.76,BRANCH,SUCCESS
COL000002890,LOAN00002425,2026-05-08,49101.33,FIELD_AGENT,PARTIAL
COL000002891,LOAN00002425,2025-03-09,16016.82,BRANCH,SUCCESS
COL000002892,LOAN00002427,2024-12-02,29192.46,FIELD_AGENT,SUCCESS
COL000002893,LOAN00002427,2024-09-10,13782.77,FIELD_AGENT,PARTIAL
COL000002894,LOAN00002427,2025-09-16,31212.73,BRANCH,SUCCESS
COL000002895,LOAN00002431,2024-07-01,22609.42,FIELD_AGENT,PARTIAL
COL000002896,LOAN00002431,2024-07-30,1985.99,DIGITAL,PARTIAL
COL000002897,LOAN00002431,2024-08-26,35908.92,BRANCH,SUCCESS
COL000002898,LOAN00002431,2026-01-09,47892.76,CALL_CENTER,SUCCESS
COL000002899,LOAN00002434,2026-02-16,19165.44,DIGITAL,PARTIAL
COL000002900,LOAN00002434,2024-06-01,20787.93,DIGITAL,SUCCESS
COL000002901,LOAN00002434,2025-02-01,44369.49,FIELD_AGENT,PARTIAL
COL000002902,LOAN00002434,2024-05-30,20370.14,BRANCH,SUCCESS
COL000002903,LOAN00002434,2025-03-21,41316.58,BRANCH,SUCCESS
COL000002904,LOAN00002434,2025-06-29,42422.04,DIGITAL,SUCCESS
COL000002905,LOAN00002435,2025-01-20,2637.54,BRANCH,SUCCESS
COL000002906,LOAN00002435,2024-10-20,45043.76,CALL_CENTER,PARTIAL
COL000002907,LOAN00002435,2025-12-13,6724.0,FIELD_AGENT,SUCCESS
COL000002908,LOAN00002435,2025-02-15,31655.9,DIGITAL,SUCCESS
COL000002909,LOAN00002435,2025-06-11,40283.74,DIGITAL,SUCCESS
COL000002910,LOAN00002438,2024-10-24,19501.12,CALL_CENTER,PARTIAL
COL000002911,LOAN00002438,2024-06-28,48696.44,BRANCH,PARTIAL
COL000002912,LOAN00002438,2025-07-03,3457.44,BRANCH,SUCCESS
COL000002913,LOAN00002438,2024-11-23,18548.09,DIGITAL,SUCCESS
COL000002914,LOAN00002438,2025-05-08,15172.12,BRANCH,SUCCESS
COL000002915,LOAN00002440,2024-04-28,13275.8,BRANCH,PARTIAL
COL000002916,LOAN00002440,2026-03-05,45635.74,CALL_CENTER,SUCCESS
COL000002917,LOAN00002440,2026-05-03,8360.91,DIGITAL,SUCCESS
COL000002918,LOAN00002440,2025-08-26,37557.26,CALL_CENTER,PARTIAL
COL000002919,LOAN00002440,2024-05-30,35694.08,BRANCH,SUCCESS
COL000002920,LOAN00002442,2024-07-17,20933.34,FIELD_AGENT,SUCCESS
COL000002921,LOAN00002442,2024-09-18,29390.06,DIGITAL,SUCCESS
COL000002922,LOAN00002442,2024-10-03,28930.19,FIELD_AGENT,SUCCESS
COL000002923,LOAN00002444,2025-07-30,17249.95,FIELD_AGENT,SUCCESS
COL000002924,LOAN00002444,2024-09-14,9796.69,CALL_CENTER,SUCCESS
COL000002925,LOAN00002445,2024-10-08,14003.29,CALL_CENTER,SUCCESS
COL000002926,LOAN00002445,2025-05-17,32647.46,DIGITAL,PARTIAL
COL000002927,LOAN00002445,2024-08-06,46338.78,FIELD_AGENT,FAILED
COL000002928,LOAN00002445,2025-09-05,45723.26,CALL_CENTER,SUCCESS
COL000002929,LOAN00002446,2026-01-03,10940.37,FIELD_AGENT,PARTIAL
COL000002930,LOAN00002447,2026-09-22,13680.6,DIGITAL,SUCCESS
COL000002931,LOAN00002447,2025-11-12,49036.06,DIGITAL,SUCCESS
COL000002932,LOAN00002447,2026-09-15,30588.61,CALL_CENTER,SUCCESS
COL000002933,LOAN00002447,2026-08-31,13312.56,DIGITAL,PARTIAL
COL000002934,LOAN00002448,2025-03-12,49514.33,BRANCH,SUCCESS
COL000002935,LOAN00002448,2025-03-31,41650.5,DIGITAL,PARTIAL
COL000002936,LOAN00002449,2026-09-19,17633.5,BRANCH,SUCCESS
COL000002937,LOAN00002453,2025-04-29,3139.87,BRANCH,SUCCESS
COL000002938,LOAN00002453,2024-04-20,47933.28,FIELD_AGENT,SUCCESS
COL000002939,LOAN00002453,2026-07-02,48765.99,FIELD_AGENT,FAILED
COL000002940,LOAN00002453,2025-08-11,20160.76,CALL_CENTER,SUCCESS
COL000002941,LOAN00002453,2024-08-04,27619.55,FIELD_AGENT,SUCCESS
COL000002942,LOAN00002454,2026-07-17,13014.83,BRANCH,PARTIAL
COL000002943,LOAN00002462,2024-11-12,7307.75,CALL_CENTER,SUCCESS
COL000002944,LOAN00002462,2024-03-08,41858.04,BRANCH,SUCCESS
COL000002945,LOAN00002462,2026-07-17,18731.22,BRANCH,FAILED
COL000002946,LOAN00002462,2024-11-13,20439.09,DIGITAL,PARTIAL
COL000002947,LOAN00002462,2025-07-14,47985.28,CALL_CENTER,SUCCESS
COL000002948,LOAN00002462,2026-04-12,30616.95,FIELD_AGENT,FAILED
COL000002949,LOAN00002465,2025-04-08,38349.04,FIELD_AGENT,SUCCESS
COL000002950,LOAN00002465,2025-06-02,37361.11,DIGITAL,SUCCESS
COL000002951,LOAN00002465,2026-01-08,42166.28,CALL_CENTER,SUCCESS
COL000002952,LOAN00002465,2024-06-23,12686.51,CALL_CENTER,PARTIAL
COL000002953,LOAN00002465,2025-12-11,6940.27,FIELD_AGENT,PARTIAL
COL000002954,LOAN00002465,2025-08-08,44331.86,CALL_CENTER,SUCCESS
COL000002955,LOAN00002467,2024-08-02,41267.13,DIGITAL,SUCCESS
COL000002956,LOAN00002467,2025-12-04,35381.94,BRANCH,PARTIAL
COL000002957,LOAN00002467,2026-01-05,5209.54,DIGITAL,SUCCESS
COL000002958,LOAN00002468,2025-04-02,20845.96,CALL_CENTER,SUCCESS
COL000002959,LOAN00002468,2026-07-16,4724.23,BRANCH,SUCCESS
COL000002960,LOAN00002468,2026-02-21,20971.44,CALL_CENTER,SUCCESS
COL000002961,LOAN00002468,2026-02-07,30764.69,DIGITAL,PARTIAL
COL000002962,LOAN00002474,2025-06-30,49463.01,FIELD_AGENT,SUCCESS
COL000002963,LOAN00002476,2025-12-31,20314.09,BRANCH,SUCCESS
COL000002964,LOAN00002476,2026-05-12,24099.6,CALL_CENTER,SUCCESS
COL000002965,LOAN00002478,2024-07-08,1243.91,DIGITAL,SUCCESS
COL000002966,LOAN00002478,2025-07-19,23540.63,CALL_CENTER,SUCCESS
COL000002967,LOAN00002478,2024-06-17,40280.5,CALL_CENTER,SUCCESS
COL000002968,LOAN00002481,2025-11-07,45979.17,FIELD_AGENT,SUCCESS
COL000002969,LOAN00002481,2025-01-16,32596.93,CALL_CENTER,SUCCESS
COL000002970,LOAN00002481,2024-07-15,3560.56,CALL_CENTER,PARTIAL
COL000002971,LOAN00002481,2025-07-17,18829.68,BRANCH,PARTIAL
COL000002972,LOAN00002483,2024-07-14,16259.95,DIGITAL,SUCCESS
COL000002973,LOAN00002483,2024-10-01,4474.95,CALL_CENTER,PARTIAL
COL000002974,LOAN00002483,2025-04-06,24562.71,DIGITAL,SUCCESS
COL000002975,LOAN00002485,2024-10-01,29543.52,FIELD_AGENT,SUCCESS
COL000002976,LOAN00002485,2025-12-07,29049.97,BRANCH,SUCCESS
COL000002977,LOAN00002485,2025-10-28,42440.13,BRANCH,SUCCESS
COL000002978,LOAN00002485,2024-03-18,8886.93,BRANCH,SUCCESS
COL000002979,LOAN00002485,2025-01-28,36938.44,FIELD_AGENT,SUCCESS
COL000002980,LOAN00002485,2025-10-08,16248.2,FIELD_AGENT,FAILED
COL000002981,LOAN00002487,2026-01-16,22766.79,DIGITAL,SUCCESS
COL000002982,LOAN00002487,2024-04-17,25864.28,DIGITAL,SUCCESS
COL000002983,LOAN00002491,2026-08-06,1631.67,BRANCH,SUCCESS
COL000002984,LOAN00002497,2024-04-13,12342.08,FIELD_AGENT,PARTIAL
COL000002985,LOAN00002497,2024-12-30,18604.26,DIGITAL,SUCCESS
COL000002986,LOAN00002497,2025-07-20,10169.47,CALL_CENTER,SUCCESS
COL000002987,LOAN00002499,2025-07-03,36077.2,BRANCH,SUCCESS
COL000002988,LOAN00002499,2024-11-30,17811.27,CALL_CENTER,SUCCESS
COL000002989,LOAN00002499,2026-06-08,48431.76,CALL_CENTER,SUCCESS
COL000002990,LOAN00002499,2026-09-13,14822.53,FIELD_AGENT,PARTIAL
COL000002991,LOAN00002499,2024-11-11,41628.62,DIGITAL,PARTIAL
COL000002992,LOAN00002500,2025-10-26,12692.84,BRANCH,SUCCESS
COL000002993,LOAN00002500,2025-04-12,25121.07,FIELD_AGENT,PARTIAL
COL000002994,LOAN00002500,2024-12-11,23356.91,CALL_CENTER,SUCCESS
COL000002995,LOAN00002500,2026-01-22,9382.94,DIGITAL,SUCCESS
COL000002996,LOAN00002500,2024-07-17,12130.53,BRANCH,SUCCESS
COL000002997,LOAN00002500,2024-05-26,14808.46,DIGITAL,SUCCESS
COL000002998,LOAN00002502,2025-09-29,8347.14,BRANCH,PARTIAL
COL000002999,LOAN00002502,2024-07-20,4780.93,DIGITAL,SUCCESS
COL000003000,LOAN00002502,2024-10-04,42024.73,DIGITAL,SUCCESS
COL000003001,LOAN00002502,2024-05-29,4084.83,BRANCH,SUCCESS
COL000003002,LOAN00002505,2026-02-03,26398.75,FIELD_AGENT,SUCCESS
COL000003003,LOAN00002505,2024-08-21,26271.5,FIELD_AGENT,PARTIAL
COL000003004,LOAN00002505,2026-07-08,7393.45,BRANCH,SUCCESS
COL000003005,LOAN00002505,2024-07-02,18511.43,FIELD_AGENT,PARTIAL
COL000003006,LOAN00002505,2025-09-09,16258.25,CALL_CENTER,PARTIAL
COL000003007,LOAN00002506,2026-07-29,18764.58,BRANCH,SUCCESS
COL000003008,LOAN00002506,2026-02-02,31658.21,FIELD_AGENT,FAILED
COL000003009,LOAN00002506,2025-09-23,43639.36,CALL_CENTER,SUCCESS
COL000003010,LOAN00002506,2026-09-16,3290.44,FIELD_AGENT,SUCCESS
COL000003011,LOAN00002508,2024-05-27,7726.12,CALL_CENTER,FAILED
COL000003012,LOAN00002508,2024-05-15,42477.42,DIGITAL,SUCCESS
COL000003013,LOAN00002510,2025-09-03,46477.68,BRANCH,SUCCESS
COL000003014,LOAN00002510,2025-01-28,6118.64,DIGITAL,PARTIAL
COL000003015,LOAN00002519,2025-12-04,46428.64,BRANCH,SUCCESS
COL000003016,LOAN00002521,2025-02-20,8298.32,BRANCH,SUCCESS
COL000003017,LOAN00002521,2026-01-29,21617.71,FIELD_AGENT,PARTIAL
COL000003018,LOAN00002521,2026-03-13,10419.7,FIELD_AGENT,SUCCESS
COL000003019,LOAN00002521,2026-04-10,16701.22,CALL_CENTER,SUCCESS
COL000003020,LOAN00002521,2026-01-11,28239.41,BRANCH,SUCCESS
COL000003021,LOAN00002522,2025-10-07,16307.14,DIGITAL,SUCCESS
COL000003022,LOAN00002522,2024-06-29,8832.64,BRANCH,SUCCESS
COL000003023,LOAN00002522,2025-12-24,49072.43,BRANCH,SUCCESS
COL000003024,LOAN00002522,2026-05-19,27220.84,BRANCH,PARTIAL
COL000003025,LOAN00002522,2026-07-27,36253.22,BRANCH,SUCCESS
COL000003026,LOAN00002527,2024-04-03,25226.12,CALL_CENTER,SUCCESS
COL000003027,LOAN00002527,2024-06-15,32492.52,BRANCH,SUCCESS
COL000003028,LOAN00002527,2025-10-11,5630.3,DIGITAL,SUCCESS
COL000003029,LOAN00002527,2025-08-24,19941.93,FIELD_AGENT,PARTIAL
COL000003030,LOAN00002527,2025-05-20,25564.03,FIELD_AGENT,PARTIAL
COL000003031,LOAN00002527,2026-01-14,33593.44,BRANCH,SUCCESS
COL000003032,LOAN00002529,2026-04-26,43686.78,DIGITAL,SUCCESS
COL000003033,LOAN00002530,2026-06-03,39075.2,BRANCH,PARTIAL
COL000003034,LOAN00002530,2025-06-30,29222.06,BRANCH,FAILED
COL000003035,LOAN00002530,2025-08-29,45012.57,FIELD_AGENT,SUCCESS
COL000003036,LOAN00002530,2026-03-06,31271.6,CALL_CENTER,SUCCESS
COL000003037,LOAN00002530,2026-01-14,12810.36,BRANCH,SUCCESS
COL000003038,LOAN00002530,2025-11-16,26335.75,CALL_CENTER,SUCCESS
COL000003039,LOAN00002532,2024-06-03,2905.54,BRANCH,SUCCESS
COL000003040,LOAN00002535,2025-12-31,26795.58,CALL_CENTER,SUCCESS
COL000003041,LOAN00002535,2026-09-05,35599.16,DIGITAL,SUCCESS
COL000003042,LOAN00002535,2024-06-03,3304.75,BRANCH,SUCCESS
COL000003043,LOAN00002535,2024-04-10,1623.04,FIELD_AGENT,SUCCESS
COL000003044,LOAN00002535,2025-06-27,46796.97,CALL_CENTER,SUCCESS
COL000003045,LOAN00002535,2026-06-12,9248.61,BRANCH,SUCCESS
COL000003046,LOAN00002536,2026-05-18,4829.86,FIELD_AGENT,SUCCESS
COL000003047,LOAN00002536,2025-09-26,5373.45,CALL_CENTER,PARTIAL
COL000003048,LOAN00002536,2025-05-10,2743.74,FIELD_AGENT,SUCCESS
COL000003049,LOAN00002537,2025-03-04,32511.78,BRANCH,SUCCESS
COL000003050,LOAN00002537,2025-05-10,1995.53,CALL_CENTER,SUCCESS
COL000003051,LOAN00002537,2024-07-26,3789.96,DIGITAL,SUCCESS
COL000003052,LOAN00002538,2025-07-13,20717.64,DIGITAL,SUCCESS
COL000003053,LOAN00002538,2024-09-21,29388.89,BRANCH,SUCCESS
COL000003054,LOAN00002538,2025-05-14,17578.02,CALL_CENTER,SUCCESS
COL000003055,LOAN00002538,2026-03-29,29558.09,FIELD_AGENT,SUCCESS
COL000003056,LOAN00002539,2025-11-22,49309.92,BRANCH,PARTIAL
COL000003057,LOAN00002539,2024-11-15,3607.8,BRANCH,SUCCESS
COL000003058,LOAN00002539,2024-06-05,14384.04,BRANCH,SUCCESS
COL000003059,LOAN00002544,2025-05-21,14716.64,CALL_CENTER,PARTIAL
COL000003060,LOAN00002544,2024-08-28,26600.43,CALL_CENTER,PARTIAL
COL000003061,LOAN00002544,2024-09-04,42825.76,DIGITAL,PARTIAL
COL000003062,LOAN00002544,2024-10-11,37435.12,BRANCH,SUCCESS
COL000003063,LOAN00002544,2025-05-26,5017.85,BRANCH,SUCCESS
COL000003064,LOAN00002546,2026-01-09,30744.79,CALL_CENTER,SUCCESS
COL000003065,LOAN00002546,2026-06-04,6689.33,BRANCH,SUCCESS
COL000003066,LOAN00002546,2026-02-03,1755.01,BRANCH,SUCCESS
COL000003067,LOAN00002546,2025-08-17,9901.65,DIGITAL,PARTIAL
COL000003068,LOAN00002547,2024-05-19,32394.29,FIELD_AGENT,FAILED
COL000003069,LOAN00002547,2025-06-18,45903.06,CALL_CENTER,SUCCESS
COL000003070,LOAN00002547,2024-09-06,4582.6,DIGITAL,SUCCESS
COL000003071,LOAN00002547,2026-06-12,15890.33,DIGITAL,SUCCESS
COL000003072,LOAN00002547,2024-04-11,26885.51,CALL_CENTER,FAILED
COL000003073,LOAN00002552,2024-12-25,21920.29,DIGITAL,SUCCESS
COL000003074,LOAN00002552,2026-06-21,14628.47,BRANCH,SUCCESS
COL000003075,LOAN00002554,2025-06-01,20940.61,BRANCH,SUCCESS
COL000003076,LOAN00002556,2024-10-18,21888.8,FIELD_AGENT,SUCCESS
COL000003077,LOAN00002556,2025-03-21,21416.23,DIGITAL,PARTIAL
COL000003078,LOAN00002564,2024-12-30,33751.56,DIGITAL,SUCCESS
COL000003079,LOAN00002564,2025-11-25,10789.71,FIELD_AGENT,SUCCESS
COL000003080,LOAN00002564,2024-07-20,13991.04,BRANCH,SUCCESS
COL000003081,LOAN00002564,2026-09-30,17362.75,CALL_CENTER,PARTIAL
COL000003082,LOAN00002564,2024-07-28,10223.05,CALL_CENTER,SUCCESS
COL000003083,LOAN00002566,2026-01-30,49771.65,FIELD_AGENT,PARTIAL
COL000003084,LOAN00002566,2026-06-27,27489.46,DIGITAL,PARTIAL
COL000003085,LOAN00002566,2025-04-26,18916.83,CALL_CENTER,PARTIAL
COL000003086,LOAN00002568,2025-07-16,31664.4,CALL_CENTER,SUCCESS
COL000003087,LOAN00002571,2026-05-22,7466.49,DIGITAL,SUCCESS
COL000003088,LOAN00002571,2025-07-17,33298.86,BRANCH,SUCCESS
COL000003089,LOAN00002571,2024-08-04,23631.12,DIGITAL,SUCCESS
COL000003090,LOAN00002571,2026-04-12,14981.91,FIELD_AGENT,SUCCESS
COL000003091,LOAN00002572,2026-01-08,3050.63,FIELD_AGENT,SUCCESS
COL000003092,LOAN00002572,2024-08-05,40492.24,BRANCH,SUCCESS
COL000003093,LOAN00002572,2025-07-31,10191.66,FIELD_AGENT,SUCCESS
COL000003094,LOAN00002573,2026-02-21,15218.39,FIELD_AGENT,SUCCESS
COL000003095,LOAN00002573,2025-10-22,21691.74,BRANCH,SUCCESS
COL000003096,LOAN00002573,2025-03-23,29797.76,BRANCH,SUCCESS
COL000003097,LOAN00002579,2026-05-17,11478.62,BRANCH,SUCCESS
COL000003098,LOAN00002579,2026-08-01,14710.55,BRANCH,SUCCESS
COL000003099,LOAN00002579,2024-10-04,32215.16,BRANCH,SUCCESS
COL000003100,LOAN00002579,2025-05-09,15730.68,BRANCH,PARTIAL
COL000003101,LOAN00002579,2026-09-06,15388.89,DIGITAL,SUCCESS
COL000003102,LOAN00002579,2025-12-31,24158.28,BRANCH,PARTIAL
COL000003103,LOAN00002581,2025-10-19,29355.9,BRANCH,SUCCESS
COL000003104,LOAN00002587,2025-12-06,1382.81,FIELD_AGENT,PARTIAL
COL000003105,LOAN00002589,2025-12-11,42462.51,DIGITAL,SUCCESS
COL000003106,LOAN00002589,2025-09-28,39351.06,FIELD_AGENT,FAILED
COL000003107,LOAN00002591,2025-09-08,10889.41,BRANCH,SUCCESS
COL000003108,LOAN00002591,2026-02-22,45395.37,CALL_CENTER,SUCCESS
COL000003109,LOAN00002598,2025-07-31,47505.02,CALL_CENTER,SUCCESS
COL000003110,LOAN00002598,2025-01-19,39637.32,BRANCH,SUCCESS
COL000003111,LOAN00002598,2025-11-10,23463.11,FIELD_AGENT,SUCCESS
COL000003112,LOAN00002598,2025-06-24,23608.15,FIELD_AGENT,SUCCESS
COL000003113,LOAN00002598,2025-09-22,40578.86,BRANCH,SUCCESS
COL000003114,LOAN00002603,2026-01-16,48069.43,FIELD_AGENT,PARTIAL
COL000003115,LOAN00002603,2025-07-12,2784.79,FIELD_AGENT,SUCCESS
COL000003116,LOAN00002603,2026-04-01,6648.67,FIELD_AGENT,SUCCESS
COL000003117,LOAN00002603,2026-02-15,1612.3,DIGITAL,PARTIAL
COL000003118,LOAN00002603,2024-08-15,35873.91,DIGITAL,PARTIAL
COL000003119,LOAN00002603,2026-06-10,19359.14,BRANCH,SUCCESS
COL000003120,LOAN00002604,2024-11-21,15386.88,DIGITAL,PARTIAL
COL000003121,LOAN00002604,2024-03-19,8661.63,FIELD_AGENT,FAILED
COL000003122,LOAN00002604,2024-09-10,37899.49,FIELD_AGENT,SUCCESS
COL000003123,LOAN00002605,2024-09-10,26138.57,CALL_CENTER,SUCCESS
COL000003124,LOAN00002605,2024-03-26,8346.59,CALL_CENTER,SUCCESS
COL000003125,LOAN00002605,2024-03-07,17255.14,FIELD_AGENT,SUCCESS
COL000003126,LOAN00002614,2024-04-12,27923.29,BRANCH,SUCCESS
COL000003127,LOAN00002614,2024-03-05,44091.46,BRANCH,SUCCESS
COL000003128,LOAN00002614,2026-02-10,13024.48,BRANCH,SUCCESS
COL000003129,LOAN00002614,2025-09-19,23058.09,FIELD_AGENT,SUCCESS
COL000003130,LOAN00002614,2026-04-17,37720.14,DIGITAL,PARTIAL
COL000003131,LOAN00002618,2026-04-11,37884.61,FIELD_AGENT,SUCCESS
COL000003132,LOAN00002618,2025-01-29,48291.56,FIELD_AGENT,SUCCESS
COL000003133,LOAN00002618,2025-09-08,42106.76,FIELD_AGENT,FAILED
COL000003134,LOAN00002620,2026-03-09,31366.1,CALL_CENTER,SUCCESS
COL000003135,LOAN00002620,2025-03-28,21462.42,FIELD_AGENT,SUCCESS
COL000003136,LOAN00002620,2025-01-04,3508.43,CALL_CENTER,SUCCESS
COL000003137,LOAN00002620,2024-06-25,23403.89,BRANCH,SUCCESS
COL000003138,LOAN00002620,2026-07-29,7704.88,FIELD_AGENT,PARTIAL
COL000003139,LOAN00002620,2026-08-27,11221.15,BRANCH,SUCCESS
COL000003140,LOAN00002622,2025-12-09,5610.45,CALL_CENTER,SUCCESS
COL000003141,LOAN00002622,2026-02-25,45780.19,BRANCH,PARTIAL
COL000003142,LOAN00002622,2024-05-15,42048.81,CALL_CENTER,SUCCESS
COL000003143,LOAN00002622,2026-04-05,7465.22,FIELD_AGENT,SUCCESS
COL000003144,LOAN00002622,2024-12-29,14674.88,BRANCH,FAILED
COL000003145,LOAN00002622,2026-05-04,37465.33,FIELD_AGENT,PARTIAL
COL000003146,LOAN00002625,2026-09-01,24209.75,CALL_CENTER,PARTIAL
COL000003147,LOAN00002625,2024-04-19,4544.88,FIELD_AGENT,SUCCESS
COL000003148,LOAN00002625,2025-03-28,31453.72,DIGITAL,SUCCESS
COL000003149,LOAN00002626,2026-02-06,7880.96,CALL_CENTER,SUCCESS
COL000003150,LOAN00002626,2025-02-05,25631.61,DIGITAL,SUCCESS
COL000003151,LOAN00002626,2025-06-12,21415.08,CALL_CENTER,SUCCESS
COL000003152,LOAN00002626,2024-09-09,15364.56,FIELD_AGENT,SUCCESS
COL000003153,LOAN00002626,2026-02-03,11186.92,BRANCH,SUCCESS
COL000003154,LOAN00002633,2024-04-11,8298.62,FIELD_AGENT,SUCCESS
COL000003155,LOAN00002637,2024-05-08,34920.53,FIELD_AGENT,SUCCESS
COL000003156,LOAN00002638,2024-04-26,9835.74,DIGITAL,SUCCESS
COL000003157,LOAN00002638,2024-09-25,6788.74,DIGITAL,FAILED
COL000003158,LOAN00002638,2025-04-04,32301.05,FIELD_AGENT,PARTIAL
COL000003159,LOAN00002638,2024-05-18,31792.84,BRANCH,SUCCESS
COL000003160,LOAN00002639,2024-11-05,14649.5,BRANCH,PARTIAL
COL000003161,LOAN00002639,2026-05-15,19628.31,FIELD_AGENT,SUCCESS
COL000003162,LOAN00002639,2026-06-07,22460.24,CALL_CENTER,PARTIAL
COL000003163,LOAN00002639,2025-06-30,21007.12,CALL_CENTER,SUCCESS
COL000003164,LOAN00002642,2024-06-11,47926.98,FIELD_AGENT,SUCCESS
COL000003165,LOAN00002642,2024-10-27,9175.42,FIELD_AGENT,SUCCESS
COL000003166,LOAN00002646,2026-04-04,41830.93,CALL_CENTER,SUCCESS
COL000003167,LOAN00002646,2024-03-23,12735.85,FIELD_AGENT,SUCCESS
COL000003168,LOAN00002647,2024-07-08,21072.83,DIGITAL,SUCCESS
COL000003169,LOAN00002647,2025-04-04,4507.19,CALL_CENTER,SUCCESS
COL000003170,LOAN00002647,2025-02-25,16602.28,DIGITAL,SUCCESS
COL000003171,LOAN00002647,2025-12-04,43263.1,DIGITAL,SUCCESS
COL000003172,LOAN00002647,2024-08-31,12420.78,DIGITAL,PARTIAL
COL000003173,LOAN00002648,2024-10-24,38160.64,BRANCH,SUCCESS
COL000003174,LOAN00002648,2025-07-02,43401.68,BRANCH,SUCCESS
COL000003175,LOAN00002648,2026-06-18,41703.47,BRANCH,SUCCESS
COL000003176,LOAN00002660,2025-03-20,19219.47,BRANCH,PARTIAL
COL000003177,LOAN00002660,2025-12-10,42155.02,CALL_CENTER,PARTIAL
COL000003178,LOAN00002660,2025-11-09,21220.61,FIELD_AGENT,SUCCESS
COL000003179,LOAN00002660,2026-02-12,16564.75,FIELD_AGENT,SUCCESS
COL000003180,LOAN00002660,2024-08-30,16798.46,DIGITAL,SUCCESS
COL000003181,LOAN00002669,2025-05-22,49869.06,CALL_CENTER,SUCCESS
COL000003182,LOAN00002669,2026-04-17,20253.43,FIELD_AGENT,SUCCESS
COL000003183,LOAN00002669,2025-04-30,8125.44,BRANCH,PARTIAL
COL000003184,LOAN00002672,2025-06-05,30275.63,CALL_CENTER,SUCCESS
COL000003185,LOAN00002672,2026-02-11,3492.11,BRANCH,SUCCESS
COL000003186,LOAN00002672,2026-02-19,43953.02,FIELD_AGENT,FAILED
COL000003187,LOAN00002673,2026-05-15,34357.54,DIGITAL,SUCCESS
COL000003188,LOAN00002675,2024-09-21,29547.69,FIELD_AGENT,SUCCESS
COL000003189,LOAN00002675,2026-03-31,14936.04,CALL_CENTER,SUCCESS
COL000003190,LOAN00002677,2024-08-14,14592.12,BRANCH,SUCCESS
COL000003191,LOAN00002677,2026-07-18,39158.87,BRANCH,PARTIAL
COL000003192,LOAN00002677,2024-12-16,9415.07,FIELD_AGENT,PARTIAL
COL000003193,LOAN00002677,2025-11-15,9159.26,FIELD_AGENT,SUCCESS
COL000003194,LOAN00002677,2024-09-02,25558.54,CALL_CENTER,PARTIAL
COL000003195,LOAN00002677,2026-05-20,30059.83,CALL_CENTER,SUCCESS
COL000003196,LOAN00002681,2025-09-14,20581.17,DIGITAL,SUCCESS
COL000003197,LOAN00002681,2024-12-07,17663.19,FIELD_AGENT,PARTIAL
COL000003198,LOAN00002685,2024-08-31,45346.91,DIGITAL,SUCCESS
COL000003199,LOAN00002685,2025-01-23,27189.14,FIELD_AGENT,SUCCESS
COL000003200,LOAN00002693,2025-08-18,16331.16,BRANCH,SUCCESS
COL000003201,LOAN00002693,2025-03-02,16580.03,DIGITAL,SUCCESS
COL000003202,LOAN00002693,2025-03-31,39144.8,BRANCH,SUCCESS
COL000003203,LOAN00002699,2024-11-27,23572.63,FIELD_AGENT,SUCCESS
COL000003204,LOAN00002701,2026-05-03,14742.51,FIELD_AGENT,SUCCESS
COL000003205,LOAN00002701,2025-02-16,25315.35,DIGITAL,SUCCESS
COL000003206,LOAN00002701,2026-07-11,24152.51,DIGITAL,SUCCESS
COL000003207,LOAN00002701,2025-03-04,8903.57,DIGITAL,PARTIAL
COL000003208,LOAN00002702,2024-10-18,2666.32,BRANCH,PARTIAL
COL000003209,LOAN00002706,2025-01-06,7423.27,DIGITAL,SUCCESS
COL000003210,LOAN00002707,2025-10-23,41481.03,BRANCH,PARTIAL
COL000003211,LOAN00002707,2025-10-14,3581.52,DIGITAL,SUCCESS
COL000003212,LOAN00002707,2026-07-10,24454.72,CALL_CENTER,SUCCESS
COL000003213,LOAN00002711,2025-01-22,44753.5,FIELD_AGENT,SUCCESS
COL000003214,LOAN00002711,2026-09-28,4275.96,FIELD_AGENT,SUCCESS
COL000003215,LOAN00002711,2026-09-06,46408.61,DIGITAL,SUCCESS
COL000003216,LOAN00002715,2025-08-14,22922.11,DIGITAL,SUCCESS
COL000003217,LOAN00002715,2024-08-18,30650.75,BRANCH,SUCCESS
COL000003218,LOAN00002715,2025-06-27,27974.58,BRANCH,SUCCESS
COL000003219,LOAN00002715,2026-08-21,5763.62,CALL_CENTER,PARTIAL
COL000003220,LOAN00002720,2024-11-01,43055.72,CALL_CENTER,SUCCESS
COL000003221,LOAN00002720,2025-06-09,45304.66,DIGITAL,PARTIAL
COL000003222,LOAN00002720,2024-06-21,42697.84,FIELD_AGENT,SUCCESS
COL000003223,LOAN00002720,2025-07-24,44064.51,BRANCH,PARTIAL
COL000003224,LOAN00002722,2025-08-17,49051.68,CALL_CENTER,SUCCESS
COL000003225,LOAN00002722,2026-06-09,19133.57,FIELD_AGENT,SUCCESS
COL000003226,LOAN00002722,2024-08-06,30210.41,BRANCH,SUCCESS
COL000003227,LOAN00002722,2025-03-29,17574.97,FIELD_AGENT,SUCCESS
COL000003228,LOAN00002725,2024-04-20,6754.41,BRANCH,SUCCESS
COL000003229,LOAN00002725,2025-08-02,29381.68,DIGITAL,SUCCESS
COL000003230,LOAN00002725,2025-08-26,29108.03,CALL_CENTER,PARTIAL
COL000003231,LOAN00002725,2024-06-04,10761.79,FIELD_AGENT,PARTIAL
COL000003232,LOAN00002725,2026-09-28,1261.71,FIELD_AGENT,PARTIAL
COL000003233,LOAN00002725,2025-03-17,14713.78,BRANCH,SUCCESS
COL000003234,LOAN00002730,2024-03-13,24186.77,CALL_CENTER,SUCCESS
COL000003235,LOAN00002730,2025-05-24,48422.94,CALL_CENTER,SUCCESS
COL000003236,LOAN00002730,2026-02-15,47267.01,DIGITAL,SUCCESS
COL000003237,LOAN00002730,2024-12-18,14399.8,FIELD_AGENT,SUCCESS
COL000003238,LOAN00002730,2026-02-01,25356.54,DIGITAL,SUCCESS
COL000003239,LOAN00002731,2026-04-02,44558.41,BRANCH,FAILED
COL000003240,LOAN00002731,2024-05-31,26202.08,FIELD_AGENT,SUCCESS
COL000003241,LOAN00002731,2025-08-11,26719.27,FIELD_AGENT,SUCCESS
COL000003242,LOAN00002731,2026-04-06,10493.91,BRANCH,SUCCESS
COL000003243,LOAN00002731,2026-04-23,18348.49,FIELD_AGENT,SUCCESS
COL000003244,LOAN00002738,2024-04-29,14935.31,BRANCH,PARTIAL
COL000003245,LOAN00002738,2025-08-27,43960.65,FIELD_AGENT,PARTIAL
COL000003246,LOAN00002739,2025-05-29,30948.61,FIELD_AGENT,PARTIAL
COL000003247,LOAN00002739,2026-04-19,17243.79,DIGITAL,SUCCESS
COL000003248,LOAN00002739,2024-03-21,46362.79,BRANCH,SUCCESS
COL000003249,LOAN00002739,2024-03-05,42270.82,BRANCH,SUCCESS
COL000003250,LOAN00002745,2024-08-18,11160.32,CALL_CENTER,FAILED
COL000003251,LOAN00002745,2026-06-09,45268.48,BRANCH,SUCCESS
COL000003252,LOAN00002745,2026-04-17,1966.42,DIGITAL,PARTIAL
COL000003253,LOAN00002745,2026-04-28,23459.25,DIGITAL,SUCCESS
COL000003254,LOAN00002747,2024-09-26,17865.25,BRANCH,SUCCESS
COL000003255,LOAN00002747,2025-08-07,15321.22,DIGITAL,PARTIAL
COL000003256,LOAN00002747,2026-03-24,28401.1,BRANCH,SUCCESS
COL000003257,LOAN00002747,2026-05-22,24462.16,FIELD_AGENT,SUCCESS
COL000003258,LOAN00002747,2025-07-07,47921.12,BRANCH,SUCCESS
COL000003259,LOAN00002747,2024-07-23,24620.99,BRANCH,SUCCESS
COL000003260,LOAN00002750,2024-04-20,23506.24,CALL_CENTER,PARTIAL
COL000003261,LOAN00002750,2024-11-06,31879.7,BRANCH,SUCCESS
COL000003262,LOAN00002750,2025-06-09,23972.5,BRANCH,SUCCESS
COL000003263,LOAN00002750,2026-01-21,30434.74,FIELD_AGENT,SUCCESS
COL000003264,LOAN00002750,2025-08-22,25277.75,CALL_CENTER,SUCCESS
COL000003265,LOAN00002751,2025-05-16,39188.73,FIELD_AGENT,PARTIAL
COL000003266,LOAN00002751,2026-07-07,9911.62,CALL_CENTER,PARTIAL
COL000003267,LOAN00002751,2025-03-17,21391.48,FIELD_AGENT,PARTIAL
COL000003268,LOAN00002751,2025-10-07,17077.54,FIELD_AGENT,SUCCESS
COL000003269,LOAN00002751,2025-05-25,44546.07,FIELD_AGENT,SUCCESS
COL000003270,LOAN00002753,2026-07-24,35416.96,BRANCH,PARTIAL
COL000003271,LOAN00002754,2026-08-03,3108.09,DIGITAL,SUCCESS
COL000003272,LOAN00002758,2025-03-14,47600.47,CALL_CENTER,SUCCESS
COL000003273,LOAN00002758,2024-09-21,32594.34,BRANCH,SUCCESS
COL000003274,LOAN00002758,2025-06-27,15502.5,BRANCH,PARTIAL
COL000003275,LOAN00002758,2026-02-02,28663.49,FIELD_AGENT,SUCCESS
COL000003276,LOAN00002762,2025-08-06,48644.77,CALL_CENTER,SUCCESS
COL000003277,LOAN00002765,2024-11-01,2339.04,FIELD_AGENT,SUCCESS
COL000003278,LOAN00002765,2025-03-30,23536.99,CALL_CENTER,SUCCESS
COL000003279,LOAN00002765,2025-05-24,1923.64,CALL_CENTER,SUCCESS
COL000003280,LOAN00002765,2024-10-24,20319.94,DIGITAL,SUCCESS
COL000003281,LOAN00002765,2025-02-20,26293.93,CALL_CENTER,SUCCESS
COL000003282,LOAN00002770,2026-03-28,36026.8,BRANCH,SUCCESS
COL000003283,LOAN00002770,2026-06-26,23308.9,BRANCH,PARTIAL
COL000003284,LOAN00002771,2026-04-14,46696.58,DIGITAL,PARTIAL
COL000003285,LOAN00002771,2025-05-21,10740.89,DIGITAL,SUCCESS
COL000003286,LOAN00002771,2026-06-03,7094.89,BRANCH,PARTIAL
COL000003287,LOAN00002771,2024-04-26,32107.13,CALL_CENTER,SUCCESS
COL000003288,LOAN00002771,2026-07-17,10914.5,FIELD_AGENT,SUCCESS
COL000003289,LOAN00002773,2025-03-29,45511.95,FIELD_AGENT,SUCCESS
COL000003290,LOAN00002773,2025-10-26,32079.95,DIGITAL,SUCCESS
COL000003291,LOAN00002773,2025-09-11,16803.93,DIGITAL,SUCCESS
COL000003292,LOAN00002773,2024-09-14,27369.12,CALL_CENTER,SUCCESS
COL000003293,LOAN00002773,2025-04-17,26669.76,BRANCH,SUCCESS
COL000003294,LOAN00002774,2024-10-14,25789.88,FIELD_AGENT,FAILED
COL000003295,LOAN00002780,2026-02-17,44123.9,CALL_CENTER,SUCCESS
COL000003296,LOAN00002780,2025-03-24,3215.03,DIGITAL,SUCCESS
COL000003297,LOAN00002780,2026-03-31,30153.57,BRANCH,SUCCESS
COL000003298,LOAN00002782,2024-07-29,32680.86,DIGITAL,SUCCESS
COL000003299,LOAN00002786,2026-02-08,32253.04,DIGITAL,SUCCESS
COL000003300,LOAN00002786,2025-02-23,48211.8,BRANCH,SUCCESS
COL000003301,LOAN00002786,2024-05-19,11821.8,FIELD_AGENT,SUCCESS
COL000003302,LOAN00002789,2024-03-26,2108.2,DIGITAL,SUCCESS
COL000003303,LOAN00002789,2024-08-11,36551.01,BRANCH,SUCCESS
COL000003304,LOAN00002791,2024-10-21,25817.76,FIELD_AGENT,SUCCESS
COL000003305,LOAN00002791,2024-10-14,21312.34,BRANCH,SUCCESS
COL000003306,LOAN00002791,2026-09-10,24400.06,DIGITAL,SUCCESS
COL000003307,LOAN00002791,2026-01-15,10760.3,CALL_CENTER,SUCCESS
COL000003308,LOAN00002791,2025-05-03,9492.68,FIELD_AGENT,SUCCESS
COL000003309,LOAN00002791,2025-09-05,30134.55,BRANCH,PARTIAL
COL000003310,LOAN00002792,2026-09-25,36054.67,CALL_CENTER,PARTIAL
COL000003311,LOAN00002792,2025-05-31,18785.67,DIGITAL,SUCCESS
COL000003312,LOAN00002792,2024-12-22,12534.09,CALL_CENTER,SUCCESS
COL000003313,LOAN00002792,2025-09-28,18437.42,DIGITAL,SUCCESS
COL000003314,LOAN00002792,2024-06-27,21087.78,BRANCH,PARTIAL
COL000003315,LOAN00002794,2025-01-24,29650.41,CALL_CENTER,PARTIAL
COL000003316,LOAN00002801,2024-09-22,29726.21,CALL_CENTER,SUCCESS
COL000003317,LOAN00002801,2025-01-08,44060.19,DIGITAL,SUCCESS
COL000003318,LOAN00002802,2024-06-25,43078.7,DIGITAL,SUCCESS
COL000003319,LOAN00002802,2025-12-01,7570.0,DIGITAL,SUCCESS
COL000003320,LOAN00002802,2025-11-28,23127.97,FIELD_AGENT,SUCCESS
COL000003321,LOAN00002802,2024-12-24,11354.35,FIELD_AGENT,SUCCESS
COL000003322,LOAN00002804,2026-07-21,48162.54,FIELD_AGENT,PARTIAL
COL000003323,LOAN00002809,2026-06-24,1040.51,DIGITAL,PARTIAL
COL000003324,LOAN00002809,2025-08-25,49153.71,FIELD_AGENT,SUCCESS
COL000003325,LOAN00002809,2025-03-08,36873.79,CALL_CENTER,SUCCESS
COL000003326,LOAN00002810,2026-06-01,30758.31,DIGITAL,SUCCESS
COL000003327,LOAN00002810,2025-07-23,36521.09,FIELD_AGENT,SUCCESS
COL000003328,LOAN00002810,2026-08-23,40179.75,CALL_CENTER,SUCCESS
COL000003329,LOAN00002810,2026-07-11,30773.76,CALL_CENTER,PARTIAL
COL000003330,LOAN00002810,2025-01-05,36501.82,BRANCH,SUCCESS
COL000003331,LOAN00002813,2024-06-25,3887.28,CALL_CENTER,SUCCESS
COL000003332,LOAN00002814,2026-09-07,20786.31,FIELD_AGENT,SUCCESS
COL000003333,LOAN00002814,2026-09-20,44138.65,CALL_CENTER,PARTIAL
COL000003334,LOAN00002814,2024-04-11,26793.29,DIGITAL,SUCCESS
COL000003335,LOAN00002814,2026-02-16,25308.5,FIELD_AGENT,SUCCESS
COL000003336,LOAN00002814,2025-01-16,26219.23,BRANCH,SUCCESS
COL000003337,LOAN00002814,2024-11-17,46222.78,FIELD_AGENT,SUCCESS
COL000003338,LOAN00002815,2025-05-07,1189.2,CALL_CENTER,SUCCESS
COL000003339,LOAN00002815,2025-01-21,32242.47,DIGITAL,SUCCESS
COL000003340,LOAN00002815,2025-02-09,49086.21,DIGITAL,SUCCESS
COL000003341,LOAN00002815,2024-05-01,23044.34,DIGITAL,SUCCESS
COL000003342,LOAN00002816,2026-07-15,2321.32,DIGITAL,SUCCESS
COL000003343,LOAN00002816,2025-08-30,10303.87,CALL_CENTER,SUCCESS
COL000003344,LOAN00002816,2024-08-08,28318.9,CALL_CENTER,PARTIAL
COL000003345,LOAN00002816,2025-12-03,15594.51,BRANCH,SUCCESS
COL000003346,LOAN00002820,2025-02-10,41357.24,CALL_CENTER,SUCCESS
COL000003347,LOAN00002820,2026-08-02,43096.8,CALL_CENTER,PARTIAL
COL000003348,LOAN00002820,2024-07-31,10447.42,BRANCH,SUCCESS
COL000003349,LOAN00002820,2024-10-25,35487.13,CALL_CENTER,FAILED
COL000003350,LOAN00002820,2025-11-09,44780.92,FIELD_AGENT,SUCCESS
COL000003351,LOAN00002820,2024-04-09,25895.4,DIGITAL,SUCCESS
COL000003352,LOAN00002821,2025-11-18,43458.78,DIGITAL,SUCCESS
COL000003353,LOAN00002824,2024-12-31,47518.28,DIGITAL,SUCCESS
COL000003354,LOAN00002826,2026-01-17,14671.45,FIELD_AGENT,SUCCESS
COL000003355,LOAN00002826,2025-06-22,14283.82,DIGITAL,SUCCESS
COL000003356,LOAN00002826,2024-07-10,34487.97,DIGITAL,PARTIAL
COL000003357,LOAN00002826,2024-08-04,49642.34,FIELD_AGENT,FAILED
COL000003358,LOAN00002826,2024-12-30,20435.68,BRANCH,SUCCESS
COL000003359,LOAN00002827,2025-08-29,47917.88,BRANCH,PARTIAL
COL000003360,LOAN00002827,2025-11-17,42500.29,BRANCH,SUCCESS
COL000003361,LOAN00002827,2024-09-27,48273.8,DIGITAL,SUCCESS
COL000003362,LOAN00002827,2024-08-02,11430.4,BRANCH,SUCCESS
COL000003363,LOAN00002828,2025-07-19,36720.11,CALL_CENTER,SUCCESS
COL000003364,LOAN00002828,2024-09-04,2285.01,FIELD_AGENT,PARTIAL
COL000003365,LOAN00002828,2025-08-19,32754.2,BRANCH,SUCCESS
COL000003366,LOAN00002828,2024-03-16,9648.87,CALL_CENTER,SUCCESS
COL000003367,LOAN00002828,2026-03-17,18912.07,CALL_CENTER,SUCCESS
COL000003368,LOAN00002829,2025-01-04,44690.7,CALL_CENTER,SUCCESS
COL000003369,LOAN00002829,2024-10-15,35572.59,BRANCH,SUCCESS
COL000003370,LOAN00002833,2025-11-25,33836.53,DIGITAL,SUCCESS
COL000003371,LOAN00002833,2026-09-25,48770.86,CALL_CENTER,PARTIAL
COL000003372,LOAN00002833,2024-10-19,9556.49,BRANCH,PARTIAL
COL000003373,LOAN00002833,2024-04-11,15942.72,FIELD_AGENT,SUCCESS
COL000003374,LOAN00002833,2026-08-07,15401.91,DIGITAL,SUCCESS
COL000003375,LOAN00002835,2025-09-20,9259.26,CALL_CENTER,SUCCESS
COL000003376,LOAN00002836,2026-09-30,6553.97,CALL_CENTER,PARTIAL
COL000003377,LOAN00002836,2025-01-04,14214.95,DIGITAL,PARTIAL
COL000003378,LOAN00002839,2024-05-25,48644.87,CALL_CENTER,SUCCESS
COL000003379,LOAN00002843,2026-04-14,33250.59,DIGITAL,SUCCESS
COL000003380,LOAN00002843,2024-05-03,47877.5,DIGITAL,FAILED
COL000003381,LOAN00002844,2026-06-08,24456.45,FIELD_AGENT,SUCCESS
COL000003382,LOAN00002844,2025-05-21,9299.53,CALL_CENTER,SUCCESS
COL000003383,LOAN00002852,2026-09-03,39283.73,FIELD_AGENT,SUCCESS
COL000003384,LOAN00002853,2025-10-01,9986.64,FIELD_AGENT,PARTIAL
COL000003385,LOAN00002853,2025-04-04,40109.55,DIGITAL,SUCCESS
COL000003386,LOAN00002853,2026-04-07,10112.68,DIGITAL,SUCCESS
COL000003387,LOAN00002853,2024-07-14,11690.08,DIGITAL,SUCCESS
COL000003388,LOAN00002853,2024-04-15,4123.86,DIGITAL,SUCCESS
COL000003389,LOAN00002853,2025-12-28,31064.92,CALL_CENTER,SUCCESS
COL000003390,LOAN00002855,2024-06-19,26185.87,DIGITAL,FAILED
COL000003391,LOAN00002855,2025-12-21,34437.77,FIELD_AGENT,PARTIAL
COL000003392,LOAN00002855,2025-07-09,18174.64,DIGITAL,SUCCESS
COL000003393,LOAN00002855,2025-04-20,12561.5,BRANCH,SUCCESS
COL000003394,LOAN00002855,2024-07-21,23767.15,DIGITAL,SUCCESS
COL000003395,LOAN00002860,2025-11-22,45180.12,CALL_CENTER,SUCCESS
COL000003396,LOAN00002860,2024-06-07,15230.61,DIGITAL,SUCCESS
COL000003397,LOAN00002864,2026-07-12,46564.51,DIGITAL,SUCCESS
COL000003398,LOAN00002864,2024-03-16,9835.44,CALL_CENTER,SUCCESS
COL000003399,LOAN00002864,2024-06-20,15413.22,BRANCH,SUCCESS
COL000003400,LOAN00002864,2025-10-14,23920.8,CALL_CENTER,SUCCESS
COL000003401,LOAN00002869,2024-09-24,10467.17,CALL_CENTER,PARTIAL
COL000003402,LOAN00002869,2026-07-20,15148.86,BRANCH,SUCCESS
COL000003403,LOAN00002869,2024-07-04,47393.26,BRANCH,PARTIAL
COL000003404,LOAN00002870,2024-08-06,42430.59,DIGITAL,SUCCESS
COL000003405,LOAN00002870,2026-04-11,2231.62,DIGITAL,SUCCESS
COL000003406,LOAN00002873,2025-03-05,45569.82,DIGITAL,PARTIAL
COL000003407,LOAN00002873,2025-06-01,43259.18,FIELD_AGENT,PARTIAL
COL000003408,LOAN00002875,2024-04-13,38489.81,CALL_CENTER,PARTIAL
COL000003409,LOAN00002875,2025-09-05,7543.58,BRANCH,PARTIAL
COL000003410,LOAN00002878,2026-05-31,27736.68,DIGITAL,PARTIAL
COL000003411,LOAN00002879,2024-11-07,15796.38,DIGITAL,SUCCESS
COL000003412,LOAN00002879,2026-05-03,21151.67,DIGITAL,PARTIAL
COL000003413,LOAN00002879,2026-01-02,42122.89,CALL_CENTER,PARTIAL
COL000003414,LOAN00002879,2026-05-28,39300.88,FIELD_AGENT,SUCCESS
COL000003415,LOAN00002883,2025-04-09,18982.28,FIELD_AGENT,SUCCESS
COL000003416,LOAN00002883,2025-07-19,31381.07,DIGITAL,SUCCESS
COL000003417,LOAN00002883,2026-07-18,35077.79,FIELD_AGENT,SUCCESS
COL000003418,LOAN00002883,2024-06-29,6963.52,DIGITAL,PARTIAL
COL000003419,LOAN00002883,2026-09-29,30343.77,FIELD_AGENT,PARTIAL
COL000003420,LOAN00002884,2025-12-14,10853.23,DIGITAL,SUCCESS
COL000003421,LOAN00002884,2025-09-28,24603.7,BRANCH,SUCCESS
COL000003422,LOAN00002884,2026-08-06,47835.52,CALL_CENTER,SUCCESS
COL000003423,LOAN00002884,2026-06-24,39362.98,BRANCH,PARTIAL
COL000003424,LOAN00002888,2025-09-03,27611.53,BRANCH,PARTIAL
COL000003425,LOAN00002888,2024-04-30,7384.4,FIELD_AGENT,SUCCESS
COL000003426,LOAN00002888,2024-07-27,28059.56,FIELD_AGENT,SUCCESS
COL000003427,LOAN00002891,2024-08-27,3500.1,FIELD_AGENT,SUCCESS
COL000003428,LOAN00002891,2025-06-20,47057.36,FIELD_AGENT,SUCCESS
COL000003429,LOAN00002891,2026-08-13,41067.95,FIELD_AGENT,SUCCESS
COL000003430,LOAN00002891,2025-01-19,8410.83,DIGITAL,SUCCESS
COL000003431,LOAN00002891,2024-03-17,13416.35,CALL_CENTER,PARTIAL
COL000003432,LOAN00002891,2025-12-02,19230.99,DIGITAL,PARTIAL
COL000003433,LOAN00002893,2024-08-07,41375.6,FIELD_AGENT,SUCCESS
COL000003434,LOAN00002895,2024-10-06,44804.0,CALL_CENTER,FAILED
COL000003435,LOAN00002895,2026-03-18,2413.53,CALL_CENTER,SUCCESS
COL000003436,LOAN00002895,2025-09-08,43064.89,BRANCH,SUCCESS
COL000003437,LOAN00002895,2025-10-24,29625.74,CALL_CENTER,FAILED
COL000003438,LOAN00002900,2024-10-21,3380.34,BRANCH,SUCCESS
COL000003439,LOAN00002900,2025-11-16,30769.58,FIELD_AGENT,SUCCESS
COL000003440,LOAN00002900,2025-09-05,49421.85,FIELD_AGENT,SUCCESS
COL000003441,LOAN00002900,2026-09-30,23931.73,BRANCH,SUCCESS
COL000003442,LOAN00002900,2025-11-12,26929.63,CALL_CENTER,PARTIAL
COL000003443,LOAN00002900,2024-07-20,33101.45,FIELD_AGENT,SUCCESS
COL000003444,LOAN00002903,2026-02-26,44906.95,BRANCH,SUCCESS
COL000003445,LOAN00002903,2024-12-09,5778.66,CALL_CENTER,SUCCESS
COL000003446,LOAN00002903,2026-04-14,3192.46,BRANCH,PARTIAL
COL000003447,LOAN00002903,2024-10-21,19482.95,BRANCH,FAILED
COL000003448,LOAN00002903,2024-08-29,21942.83,DIGITAL,FAILED
COL000003449,LOAN00002907,2026-03-01,37232.49,FIELD_AGENT,FAILED
COL000003450,LOAN00002907,2025-10-04,47120.1,FIELD_AGENT,SUCCESS
COL000003451,LOAN00002907,2024-07-23,1129.44,CALL_CENTER,SUCCESS
COL000003452,LOAN00002907,2025-01-30,22246.94,FIELD_AGENT,SUCCESS
COL000003453,LOAN00002907,2024-10-23,45239.21,BRANCH,SUCCESS
COL000003454,LOAN00002913,2024-10-03,22613.74,FIELD_AGENT,SUCCESS
COL000003455,LOAN00002913,2025-05-07,40375.65,CALL_CENTER,SUCCESS
COL000003456,LOAN00002913,2026-01-03,47677.54,CALL_CENTER,SUCCESS
COL000003457,LOAN00002913,2026-05-09,18483.73,CALL_CENTER,SUCCESS
COL000003458,LOAN00002915,2025-03-11,45994.69,CALL_CENTER,PARTIAL
COL000003459,LOAN00002915,2026-05-20,39108.36,BRANCH,SUCCESS
COL000003460,LOAN00002916,2024-09-28,18628.78,BRANCH,SUCCESS
COL000003461,LOAN00002916,2026-06-12,45708.68,BRANCH,SUCCESS
COL000003462,LOAN00002916,2026-06-06,10981.15,DIGITAL,SUCCESS
COL000003463,LOAN00002916,2026-07-30,6839.03,BRANCH,SUCCESS
COL000003464,LOAN00002918,2024-07-17,26191.04,BRANCH,SUCCESS
COL000003465,LOAN00002918,2026-04-15,3691.65,FIELD_AGENT,SUCCESS
COL000003466,LOAN00002918,2024-06-13,4700.59,FIELD_AGENT,PARTIAL
COL000003467,LOAN00002918,2025-01-17,8447.59,DIGITAL,SUCCESS
COL000003468,LOAN00002919,2025-01-13,12688.53,DIGITAL,SUCCESS
COL000003469,LOAN00002919,2024-05-12,4605.52,FIELD_AGENT,SUCCESS
COL000003470,LOAN00002920,2025-09-01,24605.75,BRANCH,FAILED
COL000003471,LOAN00002924,2026-07-08,7537.94,BRANCH,SUCCESS
COL000003472,LOAN00002924,2026-08-20,13979.67,BRANCH,SUCCESS
COL000003473,LOAN00002925,2025-09-17,5784.7,BRANCH,FAILED
COL000003474,LOAN00002925,2025-11-22,15846.48,CALL_CENTER,SUCCESS
COL000003475,LOAN00002925,2026-02-15,16665.52,FIELD_AGENT,SUCCESS
COL000003476,LOAN00002931,2025-12-04,35368.42,FIELD_AGENT,PARTIAL
COL000003477,LOAN00002934,2024-03-03,37773.61,DIGITAL,SUCCESS
COL000003478,LOAN00002934,2024-12-09,43192.61,CALL_CENTER,SUCCESS
COL000003479,LOAN00002934,2024-03-01,48407.02,DIGITAL,PARTIAL
COL000003480,LOAN00002934,2024-03-04,44123.5,CALL_CENTER,SUCCESS
COL000003481,LOAN00002939,2026-05-21,19666.66,FIELD_AGENT,SUCCESS
COL000003482,LOAN00002939,2024-07-21,37898.14,DIGITAL,SUCCESS
COL000003483,LOAN00002941,2024-10-31,18187.64,CALL_CENTER,SUCCESS
COL000003484,LOAN00002941,2025-04-25,21029.69,FIELD_AGENT,SUCCESS
COL000003485,LOAN00002943,2024-11-11,15731.68,DIGITAL,SUCCESS
COL000003486,LOAN00002943,2025-05-17,13874.32,DIGITAL,SUCCESS
COL000003487,LOAN00002943,2025-11-10,11062.65,BRANCH,SUCCESS
COL000003488,LOAN00002943,2025-05-06,21977.04,BRANCH,SUCCESS
COL000003489,LOAN00002943,2024-08-08,34486.32,DIGITAL,PARTIAL
COL000003490,LOAN00002947,2025-02-09,41867.4,CALL_CENTER,SUCCESS
COL000003491,LOAN00002947,2025-07-21,39759.07,DIGITAL,SUCCESS
COL000003492,LOAN00002951,2025-06-24,12774.21,CALL_CENTER,SUCCESS
COL000003493,LOAN00002951,2024-12-21,24538.2,BRANCH,PARTIAL
COL000003494,LOAN00002951,2024-11-02,15507.35,DIGITAL,PARTIAL
COL000003495,LOAN00002952,2026-07-04,13115.05,BRANCH,SUCCESS
COL000003496,LOAN00002952,2024-05-05,25880.37,DIGITAL,SUCCESS
COL000003497,LOAN00002952,2026-06-11,29888.22,DIGITAL,SUCCESS
COL000003498,LOAN00002952,2026-08-17,26600.1,CALL_CENTER,SUCCESS
COL000003499,LOAN00002952,2026-06-23,24680.6,DIGITAL,SUCCESS
COL000003500,LOAN00002952,2024-04-03,36517.52,DIGITAL,PARTIAL
COL000003501,LOAN00002953,2025-01-16,49789.17,DIGITAL,PARTIAL
COL000003502,LOAN00002953,2024-09-10,30163.17,FIELD_AGENT,SUCCESS
COL000003503,LOAN00002953,2026-03-18,20069.85,CALL_CENTER,SUCCESS
COL000003504,LOAN00002953,2024-09-05,43612.5,FIELD_AGENT,SUCCESS
COL000003505,LOAN00002960,2025-02-24,41897.93,FIELD_AGENT,SUCCESS
COL000003506,LOAN00002960,2025-04-30,46832.47,DIGITAL,SUCCESS
COL000003507,LOAN00002960,2025-11-02,48776.16,DIGITAL,SUCCESS
COL000003508,LOAN00002962,2024-11-06,12215.73,CALL_CENTER,SUCCESS
COL000003509,LOAN00002962,2025-06-15,17907.89,FIELD_AGENT,SUCCESS
COL000003510,LOAN00002962,2025-01-27,26533.69,FIELD_AGENT,SUCCESS
COL000003511,LOAN00002962,2024-05-09,29565.86,DIGITAL,SUCCESS
COL000003512,LOAN00002966,2026-05-29,38871.56,CALL_CENTER,SUCCESS
COL000003513,LOAN00002974,2026-02-01,31594.19,BRANCH,SUCCESS
COL000003514,LOAN00002974,2026-02-16,43500.32,FIELD_AGENT,SUCCESS
COL000003515,LOAN00002976,2025-10-08,42704.54,BRANCH,PARTIAL
COL000003516,LOAN00002976,2025-10-12,15654.05,CALL_CENTER,SUCCESS
COL000003517,LOAN00002976,2024-12-11,36524.97,CALL_CENTER,SUCCESS
COL000003518,LOAN00002977,2025-08-15,21716.3,DIGITAL,PARTIAL
COL000003519,LOAN00002977,2024-06-20,36519.14,CALL_CENTER,SUCCESS
COL000003520,LOAN00002977,2025-01-20,31795.18,FIELD_AGENT,PARTIAL
COL000003521,LOAN00002977,2025-11-07,37451.75,DIGITAL,SUCCESS
COL000003522,LOAN00002977,2026-03-12,11191.42,CALL_CENTER,SUCCESS
COL000003523,LOAN00002979,2026-03-24,26289.83,FIELD_AGENT,PARTIAL
COL000003524,LOAN00002979,2024-07-04,49617.28,FIELD_AGENT,SUCCESS
COL000003525,LOAN00002979,2024-06-21,17114.41,DIGITAL,FAILED
COL000003526,LOAN00002980,2024-11-10,1870.02,BRANCH,SUCCESS
COL000003527,LOAN00002980,2026-09-14,37521.14,CALL_CENTER,SUCCESS
COL000003528,LOAN00002980,2024-05-19,3775.91,BRANCH,PARTIAL
COL000003529,LOAN00002980,2026-05-04,22871.93,DIGITAL,SUCCESS
COL000003530,LOAN00002980,2025-03-25,36487.8,DIGITAL,SUCCESS
COL000003531,LOAN00002980,2026-03-12,46839.04,FIELD_AGENT,SUCCESS
COL000003532,LOAN00002983,2026-05-26,39162.2,BRANCH,SUCCESS
COL000003533,LOAN00002983,2024-10-03,29664.91,CALL_CENTER,SUCCESS
COL000003534,LOAN00002986,2026-07-16,29247.75,BRANCH,SUCCESS
COL000003535,LOAN00002986,2026-07-19,33522.55,CALL_CENTER,SUCCESS
COL000003536,LOAN00002986,2026-08-09,29026.98,DIGITAL,PARTIAL
COL000003537,LOAN00002986,2026-09-22,5710.56,BRANCH,SUCCESS
COL000003538,LOAN00002986,2024-05-27,1449.61,DIGITAL,SUCCESS
COL000003539,LOAN00002988,2026-05-06,30155.6,CALL_CENTER,SUCCESS
COL000003540,LOAN00002988,2024-05-21,10171.33,BRANCH,SUCCESS
COL000003541,LOAN00002988,2025-07-12,29410.57,BRANCH,PARTIAL
COL000003542,LOAN00002988,2025-06-17,39244.2,BRANCH,SUCCESS
COL000003543,LOAN00002988,2024-07-15,46074.88,BRANCH,SUCCESS
COL000003544,LOAN00002988,2025-09-20,24601.38,FIELD_AGENT,SUCCESS
COL000003545,LOAN00002989,2026-07-27,41613.39,CALL_CENTER,SUCCESS
COL000003546,LOAN00002989,2026-05-07,7645.59,FIELD_AGENT,SUCCESS
COL000003547,LOAN00002989,2026-06-26,42970.6,FIELD_AGENT,SUCCESS
COL000003548,LOAN00002989,2024-10-12,39441.06,BRANCH,PARTIAL
COL000003549,LOAN00002989,2025-05-28,43378.45,BRANCH,SUCCESS
COL000003550,LOAN00002989,2026-04-28,40789.95,FIELD_AGENT,SUCCESS
COL000003551,LOAN00002994,2026-08-08,20287.87,DIGITAL,PARTIAL
COL000003552,LOAN00002994,2026-03-10,27992.84,CALL_CENTER,SUCCESS
COL000003553,LOAN00002994,2024-12-03,7654.99,BRANCH,SUCCESS
COL000003554,LOAN00002994,2025-02-24,3224.1,CALL_CENTER,SUCCESS
COL000003555,LOAN00002996,2025-02-03,24097.4,FIELD_AGENT,SUCCESS
COL000003556,LOAN00002996,2024-09-04,9259.02,FIELD_AGENT,SUCCESS
COL000003557,LOAN00002999,2026-03-20,44700.35,CALL_CENTER,SUCCESS
COL000003558,LOAN00002999,2026-08-08,3105.5,BRANCH,SUCCESS
COL000003559,LOAN00003000,2025-06-08,13233.4,CALL_CENTER,SUCCESS
COL000003560,LOAN00003005,2026-09-03,29323.69,FIELD_AGENT,SUCCESS
COL000003561,LOAN00003005,2026-07-15,21086.56,DIGITAL,SUCCESS
COL000003562,LOAN00003005,2025-04-02,4507.3,CALL_CENTER,SUCCESS
COL000003563,LOAN00003007,2025-05-09,5419.1,CALL_CENTER,SUCCESS
COL000003564,LOAN00003007,2026-08-31,41252.91,BRANCH,PARTIAL
COL000003565,LOAN00003012,2026-09-09,8035.04,FIELD_AGENT,SUCCESS
COL000003566,LOAN00003012,2024-07-25,34823.51,CALL_CENTER,SUCCESS
COL000003567,LOAN00003015,2024-09-26,11941.23,BRANCH,PARTIAL
COL000003568,LOAN00003015,2024-09-29,40053.88,DIGITAL,SUCCESS
COL000003569,LOAN00003015,2025-10-14,8961.39,BRANCH,PARTIAL
COL000003570,LOAN00003015,2026-01-17,13270.25,FIELD_AGENT,PARTIAL
COL000003571,LOAN00003020,2024-04-13,2842.25,BRANCH,SUCCESS
COL000003572,LOAN00003020,2024-12-28,3341.68,BRANCH,PARTIAL
COL000003573,LOAN00003020,2025-02-25,21792.9,DIGITAL,PARTIAL
COL000003574,LOAN00003020,2025-03-24,15140.09,FIELD_AGENT,FAILED
COL000003575,LOAN00003020,2026-07-17,47646.57,BRANCH,SUCCESS
COL000003576,LOAN00003026,2024-11-06,36162.63,DIGITAL,PARTIAL
COL000003577,LOAN00003030,2025-08-03,45500.63,BRANCH,SUCCESS
COL000003578,LOAN00003030,2026-05-22,35794.94,CALL_CENTER,SUCCESS
COL000003579,LOAN00003030,2026-03-20,24944.07,DIGITAL,SUCCESS
COL000003580,LOAN00003033,2024-08-25,37624.15,FIELD_AGENT,SUCCESS
COL000003581,LOAN00003033,2025-11-17,19865.36,BRANCH,SUCCESS
COL000003582,LOAN00003033,2024-04-10,8533.91,FIELD_AGENT,SUCCESS
COL000003583,LOAN00003037,2025-01-26,3634.65,FIELD_AGENT,SUCCESS
COL000003584,LOAN00003043,2025-11-28,37428.31,FIELD_AGENT,SUCCESS
COL000003585,LOAN00003043,2025-03-08,14601.65,DIGITAL,SUCCESS
COL000003586,LOAN00003043,2025-03-05,36943.26,CALL_CENTER,SUCCESS
COL000003587,LOAN00003043,2024-09-08,24100.9,DIGITAL,SUCCESS
COL000003588,LOAN00003048,2026-01-24,7679.63,CALL_CENTER,SUCCESS
COL000003589,LOAN00003048,2026-09-21,10513.18,BRANCH,SUCCESS
COL000003590,LOAN00003049,2025-03-16,15180.98,DIGITAL,SUCCESS
COL000003591,LOAN00003049,2026-09-11,2799.42,CALL_CENTER,SUCCESS
COL000003592,LOAN00003049,2024-06-03,19634.87,CALL_CENTER,SUCCESS
COL000003593,LOAN00003049,2024-07-07,37584.62,CALL_CENTER,FAILED
COL000003594,LOAN00003049,2025-03-08,48133.55,BRANCH,SUCCESS
COL000003595,LOAN00003049,2024-06-18,27931.12,CALL_CENTER,PARTIAL
COL000003596,LOAN00003054,2026-01-23,34905.73,DIGITAL,FAILED
COL000003597,LOAN00003054,2026-03-18,36946.8,DIGITAL,PARTIAL
COL000003598,LOAN00003057,2025-08-24,32618.45,BRANCH,SUCCESS
COL000003599,LOAN00003057,2024-03-19,22566.7,FIELD_AGENT,SUCCESS
COL000003600,LOAN00003057,2026-04-16,46769.35,DIGITAL,SUCCESS
COL000003601,LOAN00003057,2024-09-04,20913.97,FIELD_AGENT,SUCCESS
COL000003602,LOAN00003057,2024-11-23,26146.7,FIELD_AGENT,SUCCESS
COL000003603,LOAN00003058,2024-04-25,36934.8,BRANCH,SUCCESS
COL000003604,LOAN00003058,2026-04-01,16031.42,FIELD_AGENT,SUCCESS
COL000003605,LOAN00003058,2025-06-30,45947.49,DIGITAL,SUCCESS
COL000003606,LOAN00003058,2024-07-18,14160.14,FIELD_AGENT,SUCCESS
COL000003607,LOAN00003058,2026-04-20,38848.64,BRANCH,SUCCESS
COL000003608,LOAN00003058,2025-04-02,1819.01,DIGITAL,PARTIAL
COL000003609,LOAN00003059,2025-11-23,7057.96,BRANCH,SUCCESS
COL000003610,LOAN00003059,2025-11-26,44956.47,DIGITAL,SUCCESS
COL000003611,LOAN00003059,2025-11-13,19310.8,CALL_CENTER,FAILED
COL000003612,LOAN00003059,2026-04-30,38206.59,BRANCH,SUCCESS
COL000003613,LOAN00003059,2024-09-09,15391.54,FIELD_AGENT,PARTIAL
COL000003614,LOAN00003063,2024-04-16,27654.5,FIELD_AGENT,SUCCESS
COL000003615,LOAN00003063,2024-12-20,4592.11,FIELD_AGENT,SUCCESS
COL000003616,LOAN00003063,2025-10-01,23175.51,FIELD_AGENT,SUCCESS
COL000003617,LOAN00003063,2025-10-22,1062.03,CALL_CENTER,SUCCESS
COL000003618,LOAN00003063,2025-10-15,39464.48,FIELD_AGENT,PARTIAL
COL000003619,LOAN00003064,2025-11-01,39826.87,CALL_CENTER,SUCCESS
COL000003620,LOAN00003064,2025-10-23,3773.55,FIELD_AGENT,SUCCESS
COL000003621,LOAN00003064,2024-09-13,44878.75,FIELD_AGENT,SUCCESS
COL000003622,LOAN00003064,2025-09-03,5637.66,BRANCH,SUCCESS
COL000003623,LOAN00003064,2026-02-28,46698.4,CALL_CENTER,SUCCESS
COL000003624,LOAN00003064,2025-01-11,19339.46,DIGITAL,SUCCESS
COL000003625,LOAN00003066,2024-11-07,33855.93,FIELD_AGENT,SUCCESS
COL000003626,LOAN00003066,2025-04-23,49554.89,CALL_CENTER,PARTIAL
COL000003627,LOAN00003066,2025-02-13,34811.57,DIGITAL,SUCCESS
COL000003628,LOAN00003066,2024-03-18,23724.27,FIELD_AGENT,SUCCESS
COL000003629,LOAN00003068,2024-04-19,4678.33,CALL_CENTER,PARTIAL
COL000003630,LOAN00003068,2024-06-21,46939.86,FIELD_AGENT,SUCCESS
COL000003631,LOAN00003071,2025-08-14,5257.82,FIELD_AGENT,SUCCESS
COL000003632,LOAN00003071,2026-08-10,5852.24,FIELD_AGENT,SUCCESS
COL000003633,LOAN00003073,2024-03-08,41586.05,DIGITAL,PARTIAL
COL000003634,LOAN00003077,2024-09-06,28950.23,FIELD_AGENT,SUCCESS
COL000003635,LOAN00003077,2026-02-26,39544.72,DIGITAL,SUCCESS
COL000003636,LOAN00003081,2024-05-22,1249.14,BRANCH,SUCCESS
COL000003637,LOAN00003081,2024-04-01,11441.74,CALL_CENTER,SUCCESS
COL000003638,LOAN00003081,2026-08-08,49102.18,FIELD_AGENT,SUCCESS
COL000003639,LOAN00003081,2024-08-10,36288.22,DIGITAL,SUCCESS
COL000003640,LOAN00003081,2024-11-03,31284.4,DIGITAL,SUCCESS
COL000003641,LOAN00003088,2024-08-12,17161.29,CALL_CENTER,PARTIAL
COL000003642,LOAN00003088,2024-06-27,47145.6,FIELD_AGENT,PARTIAL
COL000003643,LOAN00003088,2024-08-26,6814.75,BRANCH,SUCCESS
COL000003644,LOAN00003088,2025-07-24,38420.45,CALL_CENTER,SUCCESS
COL000003645,LOAN00003088,2025-07-08,34512.57,BRANCH,SUCCESS
COL000003646,LOAN00003088,2024-10-07,18966.56,CALL_CENTER,PARTIAL
COL000003647,LOAN00003090,2026-05-23,48763.65,BRANCH,SUCCESS
COL000003648,LOAN00003096,2025-02-27,43904.64,DIGITAL,SUCCESS
COL000003649,LOAN00003096,2024-09-22,29005.33,CALL_CENTER,SUCCESS
COL000003650,LOAN00003098,2024-03-05,20275.66,DIGITAL,SUCCESS
COL000003651,LOAN00003098,2026-01-19,7080.24,BRANCH,PARTIAL
COL000003652,LOAN00003098,2026-07-11,48629.08,CALL_CENTER,SUCCESS
COL000003653,LOAN00003099,2025-02-23,25660.96,BRANCH,SUCCESS
COL000003654,LOAN00003099,2026-07-05,46993.38,FIELD_AGENT,SUCCESS
COL000003655,LOAN00003099,2024-03-20,11630.6,BRANCH,PARTIAL
COL000003656,LOAN00003100,2024-05-10,13494.49,BRANCH,SUCCESS
COL000003657,LOAN00003100,2026-09-27,21202.61,CALL_CENTER,SUCCESS
COL000003658,LOAN00003100,2025-02-07,18571.43,FIELD_AGENT,SUCCESS
COL000003659,LOAN00003100,2026-07-08,34518.91,BRANCH,SUCCESS
COL000003660,LOAN00003100,2025-07-07,13454.73,BRANCH,SUCCESS
COL000003661,LOAN00003103,2026-07-30,38213.4,CALL_CENTER,SUCCESS
COL000003662,LOAN00003103,2025-10-30,31769.22,CALL_CENTER,SUCCESS
COL000003663,LOAN00003103,2026-09-21,25441.87,DIGITAL,SUCCESS
COL000003664,LOAN00003103,2026-06-19,37241.24,DIGITAL,SUCCESS
COL000003665,LOAN00003106,2026-01-01,42788.42,FIELD_AGENT,SUCCESS
COL000003666,LOAN00003106,2025-04-27,32226.12,CALL_CENTER,SUCCESS
COL000003667,LOAN00003106,2025-09-07,29497.16,DIGITAL,SUCCESS
COL000003668,LOAN00003106,2024-06-29,43721.16,DIGITAL,SUCCESS
COL000003669,LOAN00003106,2024-10-05,5845.05,CALL_CENTER,SUCCESS
COL000003670,LOAN00003107,2025-06-10,8115.0,FIELD_AGENT,FAILED
COL000003671,LOAN00003108,2024-05-11,1523.65,FIELD_AGENT,SUCCESS
COL000003672,LOAN00003108,2026-02-14,23295.68,BRANCH,SUCCESS
COL000003673,LOAN00003108,2025-04-10,8169.47,FIELD_AGENT,SUCCESS
COL000003674,LOAN00003108,2024-03-19,13144.44,FIELD_AGENT,SUCCESS
COL000003675,LOAN00003109,2025-08-12,8035.22,BRANCH,SUCCESS
COL000003676,LOAN00003109,2025-09-18,39033.07,DIGITAL,SUCCESS
COL000003677,LOAN00003109,2024-10-31,40998.54,FIELD_AGENT,SUCCESS
COL000003678,LOAN00003109,2024-04-29,1994.27,CALL_CENTER,SUCCESS
COL000003679,LOAN00003109,2025-06-04,33180.75,DIGITAL,SUCCESS
COL000003680,LOAN00003109,2024-09-12,11649.67,CALL_CENTER,SUCCESS
COL000003681,LOAN00003110,2024-11-25,28199.95,BRANCH,FAILED
COL000003682,LOAN00003110,2025-07-09,1499.78,CALL_CENTER,SUCCESS
COL000003683,LOAN00003110,2025-04-11,29559.34,CALL_CENTER,PARTIAL
COL000003684,LOAN00003110,2024-10-05,14720.82,CALL_CENTER,SUCCESS
COL000003685,LOAN00003113,2024-10-28,28113.22,BRANCH,SUCCESS
COL000003686,LOAN00003113,2026-07-01,13224.71,DIGITAL,SUCCESS
COL000003687,LOAN00003113,2024-12-17,34199.61,DIGITAL,SUCCESS
COL000003688,LOAN00003115,2025-07-26,33036.08,BRANCH,SUCCESS
COL000003689,LOAN00003115,2024-05-22,1182.67,FIELD_AGENT,FAILED
COL000003690,LOAN00003115,2025-07-23,9204.23,FIELD_AGENT,SUCCESS
COL000003691,LOAN00003115,2024-07-13,17829.07,BRANCH,PARTIAL
COL000003692,LOAN00003115,2026-02-19,44073.77,FIELD_AGENT,PARTIAL
COL000003693,LOAN00003118,2024-03-28,3306.76,FIELD_AGENT,SUCCESS
COL000003694,LOAN00003118,2026-01-11,19461.12,DIGITAL,PARTIAL
COL000003695,LOAN00003118,2024-03-08,22211.57,BRANCH,PARTIAL
COL000003696,LOAN00003118,2024-04-10,11472.7,FIELD_AGENT,SUCCESS
COL000003697,LOAN00003118,2026-06-22,35808.44,CALL_CENTER,SUCCESS
COL000003698,LOAN00003118,2026-09-05,41377.99,FIELD_AGENT,PARTIAL
COL000003699,LOAN00003122,2025-07-21,23943.11,CALL_CENTER,SUCCESS
COL000003700,LOAN00003122,2026-02-20,31679.55,DIGITAL,SUCCESS
COL000003701,LOAN00003122,2025-09-13,7211.02,FIELD_AGENT,SUCCESS
COL000003702,LOAN00003124,2025-09-01,29196.06,CALL_CENTER,SUCCESS
COL000003703,LOAN00003124,2025-02-26,15230.1,BRANCH,SUCCESS
COL000003704,LOAN00003124,2026-07-25,20483.17,BRANCH,SUCCESS
COL000003705,LOAN00003124,2025-05-10,41055.48,FIELD_AGENT,SUCCESS
COL000003706,LOAN00003125,2025-11-02,40167.16,BRANCH,SUCCESS
COL000003707,LOAN00003125,2026-03-03,8098.07,FIELD_AGENT,SUCCESS
COL000003708,LOAN00003125,2025-10-23,27042.42,FIELD_AGENT,SUCCESS
COL000003709,LOAN00003125,2025-02-26,5760.83,BRANCH,SUCCESS
COL000003710,LOAN00003129,2025-08-31,9659.02,BRANCH,SUCCESS
COL000003711,LOAN00003129,2025-07-08,17512.88,BRANCH,PARTIAL
COL000003712,LOAN00003129,2024-11-10,17292.82,CALL_CENTER,SUCCESS
COL000003713,LOAN00003129,2025-03-07,10157.15,CALL_CENTER,SUCCESS
COL000003714,LOAN00003129,2025-05-22,31358.0,BRANCH,PARTIAL
COL000003715,LOAN00003134,2025-08-10,8201.18,CALL_CENTER,SUCCESS
COL000003716,LOAN00003134,2025-07-24,36251.04,FIELD_AGENT,SUCCESS
COL000003717,LOAN00003134,2025-12-22,44977.47,FIELD_AGENT,FAILED
COL000003718,LOAN00003134,2025-03-17,28122.01,BRANCH,SUCCESS
COL000003719,LOAN00003134,2026-05-21,28526.06,DIGITAL,SUCCESS
COL000003720,LOAN00003134,2026-03-20,29266.93,DIGITAL,SUCCESS
COL000003721,LOAN00003136,2025-09-11,42615.2,BRANCH,PARTIAL
COL000003722,LOAN00003136,2025-05-21,36512.56,FIELD_AGENT,SUCCESS
COL000003723,LOAN00003140,2025-04-04,19237.34,BRANCH,SUCCESS
COL000003724,LOAN00003140,2025-10-20,7695.81,CALL_CENTER,PARTIAL
COL000003725,LOAN00003140,2025-04-22,29096.04,DIGITAL,SUCCESS
COL000003726,LOAN00003140,2024-08-14,32074.61,CALL_CENTER,SUCCESS
COL000003727,LOAN00003140,2025-02-25,38576.2,FIELD_AGENT,SUCCESS
COL000003728,LOAN00003140,2024-11-14,26294.11,CALL_CENTER,SUCCESS
COL000003729,LOAN00003145,2026-09-19,24369.77,CALL_CENTER,SUCCESS
COL000003730,LOAN00003145,2025-11-06,19722.31,FIELD_AGENT,SUCCESS
COL000003731,LOAN00003145,2025-09-01,25631.07,CALL_CENTER,SUCCESS
COL000003732,LOAN00003145,2024-06-30,18631.62,FIELD_AGENT,PARTIAL
COL000003733,LOAN00003148,2026-01-30,29336.48,CALL_CENTER,SUCCESS
COL000003734,LOAN00003148,2025-09-22,15659.85,CALL_CENTER,SUCCESS
COL000003735,LOAN00003149,2026-01-19,42811.0,DIGITAL,SUCCESS
COL000003736,LOAN00003149,2026-04-30,15287.31,DIGITAL,SUCCESS
COL000003737,LOAN00003149,2025-03-08,24667.82,FIELD_AGENT,SUCCESS
COL000003738,LOAN00003154,2024-11-22,47061.17,DIGITAL,SUCCESS
COL000003739,LOAN00003154,2024-07-01,14895.65,DIGITAL,SUCCESS
COL000003740,LOAN00003154,2024-05-16,9809.94,DIGITAL,SUCCESS
COL000003741,LOAN00003154,2025-08-08,9749.83,FIELD_AGENT,PARTIAL
COL000003742,LOAN00003155,2024-03-11,15004.96,BRANCH,PARTIAL
COL000003743,LOAN00003155,2024-08-18,19897.92,CALL_CENTER,PARTIAL
COL000003744,LOAN00003158,2026-07-06,20816.29,DIGITAL,SUCCESS
COL000003745,LOAN00003158,2024-04-13,32002.29,BRANCH,SUCCESS
COL000003746,LOAN00003158,2025-09-17,42952.19,BRANCH,PARTIAL
COL000003747,LOAN00003158,2025-08-31,10013.06,BRANCH,SUCCESS
COL000003748,LOAN00003158,2024-06-20,10775.48,DIGITAL,PARTIAL
COL000003749,LOAN00003158,2026-08-31,42126.39,DIGITAL,SUCCESS
COL000003750,LOAN00003161,2024-04-16,47375.34,BRANCH,SUCCESS
COL000003751,LOAN00003161,2026-03-19,12256.62,FIELD_AGENT,SUCCESS
COL000003752,LOAN00003161,2026-02-18,30210.05,CALL_CENTER,SUCCESS
COL000003753,LOAN00003165,2025-04-21,42213.61,FIELD_AGENT,SUCCESS
COL000003754,LOAN00003165,2026-03-03,16450.83,BRANCH,SUCCESS
COL000003755,LOAN00003165,2025-07-15,6142.48,BRANCH,SUCCESS
COL000003756,LOAN00003167,2024-11-25,40910.33,DIGITAL,PARTIAL
COL000003757,LOAN00003169,2026-01-17,37058.11,DIGITAL,SUCCESS
COL000003758,LOAN00003169,2025-12-31,35094.71,DIGITAL,SUCCESS
COL000003759,LOAN00003169,2026-02-14,8377.62,CALL_CENTER,SUCCESS
COL000003760,LOAN00003169,2025-07-21,7681.46,FIELD_AGENT,FAILED
COL000003761,LOAN00003172,2026-01-25,24571.93,BRANCH,SUCCESS
COL000003762,LOAN00003172,2025-12-03,27320.05,BRANCH,SUCCESS
COL000003763,LOAN00003172,2025-02-25,7653.99,FIELD_AGENT,PARTIAL
COL000003764,LOAN00003172,2024-11-29,23645.85,DIGITAL,SUCCESS
COL000003765,LOAN00003172,2025-06-04,42478.31,CALL_CENTER,SUCCESS
COL000003766,LOAN00003172,2026-03-03,2057.04,BRANCH,SUCCESS
COL000003767,LOAN00003177,2025-01-26,10502.62,BRANCH,SUCCESS
COL000003768,LOAN00003177,2025-04-01,6986.65,CALL_CENTER,SUCCESS
COL000003769,LOAN00003177,2026-02-17,45559.43,DIGITAL,SUCCESS
COL000003770,LOAN00003177,2025-10-23,46495.16,BRANCH,SUCCESS
COL000003771,LOAN00003178,2024-11-19,29053.22,CALL_CENTER,SUCCESS
COL000003772,LOAN00003178,2024-12-20,3466.36,CALL_CENTER,SUCCESS
COL000003773,LOAN00003178,2024-12-27,43146.28,DIGITAL,SUCCESS
COL000003774,LOAN00003178,2025-11-20,36410.08,BRANCH,SUCCESS
COL000003775,LOAN00003178,2026-05-05,17329.98,DIGITAL,SUCCESS
COL000003776,LOAN00003179,2025-05-13,16753.32,FIELD_AGENT,PARTIAL
COL000003777,LOAN00003179,2025-04-11,26511.62,FIELD_AGENT,SUCCESS
COL000003778,LOAN00003179,2025-05-22,14163.43,CALL_CENTER,PARTIAL
COL000003779,LOAN00003179,2026-07-06,29674.15,DIGITAL,FAILED
COL000003780,LOAN00003179,2024-05-31,49865.21,FIELD_AGENT,PARTIAL
COL000003781,LOAN00003179,2026-05-13,47125.07,DIGITAL,SUCCESS
COL000003782,LOAN00003182,2024-06-15,28993.27,DIGITAL,SUCCESS
COL000003783,LOAN00003182,2024-11-28,35439.15,CALL_CENTER,SUCCESS
COL000003784,LOAN00003182,2025-05-17,43498.47,FIELD_AGENT,SUCCESS
COL000003785,LOAN00003182,2024-05-06,36991.38,FIELD_AGENT,PARTIAL
COL000003786,LOAN00003182,2025-08-01,5813.89,BRANCH,SUCCESS
COL000003787,LOAN00003182,2024-07-26,39192.69,BRANCH,SUCCESS
COL000003788,LOAN00003184,2024-07-22,13944.8,BRANCH,SUCCESS
COL000003789,LOAN00003184,2025-06-08,8228.0,FIELD_AGENT,SUCCESS
COL000003790,LOAN00003184,2025-09-21,41034.86,CALL_CENTER,SUCCESS
COL000003791,LOAN00003184,2025-09-22,41556.25,FIELD_AGENT,FAILED
COL000003792,LOAN00003184,2024-03-08,46778.72,DIGITAL,SUCCESS
COL000003793,LOAN00003188,2024-04-30,8929.92,CALL_CENTER,SUCCESS
COL000003794,LOAN00003189,2024-11-27,6000.77,BRANCH,SUCCESS
COL000003795,LOAN00003189,2025-04-22,8158.55,FIELD_AGENT,SUCCESS
COL000003796,LOAN00003189,2024-03-22,32360.14,BRANCH,SUCCESS
COL000003797,LOAN00003189,2024-10-27,24666.93,FIELD_AGENT,SUCCESS
COL000003798,LOAN00003189,2025-09-23,37347.43,DIGITAL,SUCCESS
COL000003799,LOAN00003189,2025-01-19,38579.33,CALL_CENTER,SUCCESS
COL000003800,LOAN00003191,2026-09-11,13784.92,FIELD_AGENT,SUCCESS
COL000003801,LOAN00003191,2025-09-28,41738.36,FIELD_AGENT,SUCCESS
COL000003802,LOAN00003197,2025-07-07,30542.71,DIGITAL,SUCCESS
COL000003803,LOAN00003197,2026-02-05,18201.49,BRANCH,PARTIAL
COL000003804,LOAN00003197,2025-06-30,38107.36,CALL_CENTER,SUCCESS
COL000003805,LOAN00003197,2026-07-30,34777.45,DIGITAL,PARTIAL
COL000003806,LOAN00003199,2025-03-16,21416.21,BRANCH,PARTIAL
COL000003807,LOAN00003199,2024-11-08,5033.89,DIGITAL,SUCCESS
COL000003808,LOAN00003199,2026-02-03,31091.18,DIGITAL,SUCCESS
COL000003809,LOAN00003199,2024-04-08,48007.8,BRANCH,PARTIAL
COL000003810,LOAN00003199,2025-03-16,47517.78,CALL_CENTER,SUCCESS
COL000003811,LOAN00003214,2024-07-02,43793.58,BRANCH,SUCCESS
COL000003812,LOAN00003214,2025-01-03,24352.91,DIGITAL,SUCCESS
COL000003813,LOAN00003214,2024-06-05,35004.4,CALL_CENTER,PARTIAL
COL000003814,LOAN00003219,2026-03-13,24570.58,DIGITAL,SUCCESS
COL000003815,LOAN00003219,2024-10-07,8205.11,DIGITAL,SUCCESS
COL000003816,LOAN00003219,2024-11-21,25661.88,BRANCH,SUCCESS
COL000003817,LOAN00003219,2025-01-17,39180.08,DIGITAL,SUCCESS
COL000003818,LOAN00003220,2025-07-15,4963.04,CALL_CENTER,SUCCESS
COL000003819,LOAN00003220,2024-06-25,4012.83,FIELD_AGENT,SUCCESS
COL000003820,LOAN00003220,2024-08-10,45027.06,CALL_CENTER,SUCCESS
COL000003821,LOAN00003220,2024-09-07,12139.79,BRANCH,SUCCESS
COL000003822,LOAN00003220,2025-01-11,16368.39,BRANCH,PARTIAL
COL000003823,LOAN00003221,2025-11-16,36704.0,CALL_CENTER,SUCCESS
COL000003824,LOAN00003224,2025-12-08,2077.95,FIELD_AGENT,SUCCESS
COL000003825,LOAN00003227,2025-09-26,32789.21,FIELD_AGENT,SUCCESS
COL000003826,LOAN00003228,2025-05-06,14104.22,BRANCH,PARTIAL
COL000003827,LOAN00003228,2026-04-26,15125.1,BRANCH,PARTIAL
COL000003828,LOAN00003228,2025-11-10,44069.56,DIGITAL,SUCCESS
COL000003829,LOAN00003228,2026-04-07,30153.76,DIGITAL,SUCCESS
COL000003830,LOAN00003228,2024-07-16,44240.28,DIGITAL,PARTIAL
COL000003831,LOAN00003231,2026-05-26,9267.55,DIGITAL,SUCCESS
COL000003832,LOAN00003231,2025-05-12,37793.0,CALL_CENTER,SUCCESS
COL000003833,LOAN00003233,2026-03-15,32619.45,CALL_CENTER,FAILED
COL000003834,LOAN00003236,2026-03-26,4394.49,CALL_CENTER,SUCCESS
COL000003835,LOAN00003237,2026-04-27,40262.43,CALL_CENTER,SUCCESS
COL000003836,LOAN00003243,2025-05-09,3483.14,BRANCH,SUCCESS
COL000003837,LOAN00003243,2025-12-24,40357.54,FIELD_AGENT,PARTIAL
COL000003838,LOAN00003243,2025-10-29,20410.48,FIELD_AGENT,FAILED
COL000003839,LOAN00003243,2025-05-28,44279.72,BRANCH,SUCCESS
COL000003840,LOAN00003243,2025-08-06,47283.05,FIELD_AGENT,SUCCESS
COL000003841,LOAN00003243,2024-06-28,24325.37,CALL_CENTER,FAILED
COL000003842,LOAN00003249,2026-07-08,29870.44,BRANCH,SUCCESS
COL000003843,LOAN00003249,2026-02-04,36473.3,FIELD_AGENT,SUCCESS
COL000003844,LOAN00003250,2025-06-25,16777.54,CALL_CENTER,FAILED
COL000003845,LOAN00003250,2024-08-23,42135.06,DIGITAL,SUCCESS
COL000003846,LOAN00003250,2025-09-26,7091.16,BRANCH,SUCCESS
COL000003847,LOAN00003252,2026-08-12,1875.43,CALL_CENTER,SUCCESS
COL000003848,LOAN00003252,2026-01-19,48248.61,DIGITAL,SUCCESS
COL000003849,LOAN00003253,2025-11-27,41794.27,DIGITAL,PARTIAL
COL000003850,LOAN00003253,2025-01-15,40804.37,DIGITAL,SUCCESS
COL000003851,LOAN00003253,2025-03-04,8909.59,CALL_CENTER,SUCCESS
COL000003852,LOAN00003255,2025-07-12,3797.65,FIELD_AGENT,SUCCESS
COL000003853,LOAN00003255,2026-01-26,48457.05,DIGITAL,PARTIAL
COL000003854,LOAN00003255,2026-02-15,6035.08,DIGITAL,SUCCESS
COL000003855,LOAN00003255,2026-03-08,16611.86,FIELD_AGENT,SUCCESS
COL000003856,LOAN00003255,2025-05-03,33274.4,CALL_CENTER,SUCCESS
COL000003857,LOAN00003255,2024-09-08,47704.06,FIELD_AGENT,SUCCESS
COL000003858,LOAN00003257,2025-04-06,13806.49,FIELD_AGENT,SUCCESS
COL000003859,LOAN00003257,2024-09-22,47531.41,DIGITAL,SUCCESS
COL000003860,LOAN00003258,2026-05-10,6414.94,FIELD_AGENT,PARTIAL
COL000003861,LOAN00003259,2026-09-16,1819.65,BRANCH,SUCCESS
COL000003862,LOAN00003259,2026-03-14,33907.45,BRANCH,PARTIAL
COL000003863,LOAN00003263,2025-11-19,35666.3,FIELD_AGENT,SUCCESS
COL000003864,LOAN00003263,2026-05-29,46967.7,BRANCH,PARTIAL
COL000003865,LOAN00003263,2025-07-08,35722.17,DIGITAL,SUCCESS
COL000003866,LOAN00003267,2026-01-12,3126.28,FIELD_AGENT,SUCCESS
COL000003867,LOAN00003267,2024-08-03,24119.97,BRANCH,PARTIAL
COL000003868,LOAN00003270,2024-07-16,10632.21,DIGITAL,SUCCESS
COL000003869,LOAN00003270,2024-12-17,34412.05,CALL_CENTER,SUCCESS
COL000003870,LOAN00003271,2024-12-27,6677.94,DIGITAL,SUCCESS
COL000003871,LOAN00003271,2025-01-09,46445.27,FIELD_AGENT,SUCCESS
COL000003872,LOAN00003271,2024-10-10,38212.69,FIELD_AGENT,PARTIAL
COL000003873,LOAN00003271,2024-12-29,24398.61,BRANCH,PARTIAL
COL000003874,LOAN00003275,2025-02-23,6828.13,DIGITAL,SUCCESS
COL000003875,LOAN00003275,2024-07-26,45944.63,CALL_CENTER,PARTIAL
COL000003876,LOAN00003275,2024-12-08,24129.26,CALL_CENTER,SUCCESS
COL000003877,LOAN00003275,2026-04-29,26133.25,FIELD_AGENT,SUCCESS
COL000003878,LOAN00003279,2024-07-11,38316.19,BRANCH,PARTIAL
COL000003879,LOAN00003279,2026-01-21,3148.66,FIELD_AGENT,SUCCESS
COL000003880,LOAN00003279,2024-11-27,3998.19,CALL_CENTER,SUCCESS
COL000003881,LOAN00003285,2024-04-02,30433.77,BRANCH,PARTIAL
COL000003882,LOAN00003285,2025-12-03,30153.18,DIGITAL,SUCCESS
COL000003883,LOAN00003285,2026-02-10,40409.56,DIGITAL,SUCCESS
COL000003884,LOAN00003285,2024-09-25,5320.28,FIELD_AGENT,SUCCESS
COL000003885,LOAN00003285,2026-03-31,26684.55,BRANCH,SUCCESS
COL000003886,LOAN00003289,2025-08-31,37814.8,FIELD_AGENT,SUCCESS
COL000003887,LOAN00003289,2024-03-16,35983.95,CALL_CENTER,PARTIAL
COL000003888,LOAN00003289,2024-06-06,34015.93,DIGITAL,SUCCESS
COL000003889,LOAN00003289,2025-07-11,36332.97,FIELD_AGENT,SUCCESS
COL000003890,LOAN00003289,2024-07-19,34966.32,BRANCH,SUCCESS
COL000003891,LOAN00003298,2024-12-22,49053.77,DIGITAL,PARTIAL
COL000003892,LOAN00003298,2025-02-05,10406.55,CALL_CENTER,PARTIAL
COL000003893,LOAN00003298,2026-07-11,4250.65,FIELD_AGENT,PARTIAL
COL000003894,LOAN00003298,2024-06-26,20683.58,CALL_CENTER,SUCCESS
COL000003895,LOAN00003298,2025-03-01,5969.01,CALL_CENTER,SUCCESS
COL000003896,LOAN00003299,2024-04-06,21058.7,DIGITAL,SUCCESS
COL000003897,LOAN00003299,2024-04-23,15959.65,DIGITAL,PARTIAL
COL000003898,LOAN00003299,2024-10-25,19185.34,FIELD_AGENT,SUCCESS
COL000003899,LOAN00003300,2024-07-10,36334.79,FIELD_AGENT,SUCCESS
COL000003900,LOAN00003310,2026-01-02,39777.86,DIGITAL,SUCCESS
COL000003901,LOAN00003310,2024-10-27,3083.67,DIGITAL,PARTIAL
COL000003902,LOAN00003311,2026-06-17,40688.18,DIGITAL,SUCCESS
COL000003903,LOAN00003311,2024-07-23,4877.1,BRANCH,SUCCESS
COL000003904,LOAN00003311,2026-04-28,6462.53,BRANCH,SUCCESS
COL000003905,LOAN00003311,2024-07-29,16521.37,CALL_CENTER,SUCCESS
COL000003906,LOAN00003318,2026-07-23,11614.89,DIGITAL,SUCCESS
COL000003907,LOAN00003318,2026-05-29,41473.13,DIGITAL,SUCCESS
COL000003908,LOAN00003319,2025-12-13,2350.38,CALL_CENTER,SUCCESS
COL000003909,LOAN00003319,2025-10-09,47332.28,BRANCH,SUCCESS
COL000003910,LOAN00003319,2024-04-01,35743.07,DIGITAL,SUCCESS
COL000003911,LOAN00003319,2024-10-29,38697.93,CALL_CENTER,SUCCESS
COL000003912,LOAN00003319,2026-08-19,38212.79,FIELD_AGENT,PARTIAL
COL000003913,LOAN00003321,2025-04-29,11118.69,CALL_CENTER,SUCCESS
COL000003914,LOAN00003321,2025-05-12,11976.09,BRANCH,PARTIAL
COL000003915,LOAN00003321,2024-11-14,31774.83,BRANCH,PARTIAL
COL000003916,LOAN00003321,2026-01-30,40923.4,DIGITAL,SUCCESS
COL000003917,LOAN00003321,2024-12-27,42076.01,DIGITAL,SUCCESS
COL000003918,LOAN00003321,2024-10-29,12084.48,BRANCH,PARTIAL
COL000003919,LOAN00003323,2026-08-30,27557.64,DIGITAL,SUCCESS
COL000003920,LOAN00003323,2025-08-03,19813.5,BRANCH,SUCCESS
COL000003921,LOAN00003323,2024-10-21,21161.59,FIELD_AGENT,SUCCESS
COL000003922,LOAN00003323,2026-04-03,38518.08,DIGITAL,SUCCESS
COL000003923,LOAN00003326,2024-03-25,35324.77,FIELD_AGENT,SUCCESS
COL000003924,LOAN00003329,2024-08-11,8825.69,DIGITAL,SUCCESS
COL000003925,LOAN00003329,2025-07-28,19037.06,CALL_CENTER,SUCCESS
COL000003926,LOAN00003329,2026-06-04,20239.96,DIGITAL,PARTIAL
COL000003927,LOAN00003330,2025-03-02,15206.63,BRANCH,SUCCESS
COL000003928,LOAN00003330,2026-06-04,32969.81,FIELD_AGENT,SUCCESS
COL000003929,LOAN00003330,2024-03-14,11199.83,BRANCH,SUCCESS
COL000003930,LOAN00003335,2026-06-24,30417.5,BRANCH,SUCCESS
COL000003931,LOAN00003335,2025-03-10,14244.91,BRANCH,PARTIAL
COL000003932,LOAN00003335,2026-05-06,28059.27,BRANCH,SUCCESS
COL000003933,LOAN00003336,2024-10-25,13917.46,FIELD_AGENT,PARTIAL
COL000003934,LOAN00003336,2026-06-23,4409.34,DIGITAL,SUCCESS
COL000003935,LOAN00003336,2026-03-18,47361.77,DIGITAL,SUCCESS
COL000003936,LOAN00003338,2026-09-28,28550.66,FIELD_AGENT,PARTIAL
COL000003937,LOAN00003338,2026-04-11,16434.37,CALL_CENTER,SUCCESS
COL000003938,LOAN00003338,2025-07-01,12651.33,CALL_CENTER,SUCCESS
COL000003939,LOAN00003338,2024-12-23,19200.71,BRANCH,SUCCESS
COL000003940,LOAN00003338,2025-05-13,23897.64,BRANCH,SUCCESS
COL000003941,LOAN00003340,2024-12-19,31574.89,FIELD_AGENT,SUCCESS
COL000003942,LOAN00003340,2025-08-24,1860.53,DIGITAL,PARTIAL
COL000003943,LOAN00003340,2026-07-20,14502.73,CALL_CENTER,SUCCESS
COL000003944,LOAN00003340,2024-06-27,37703.81,DIGITAL,SUCCESS
COL000003945,LOAN00003340,2025-08-23,42171.27,FIELD_AGENT,SUCCESS
COL000003946,LOAN00003341,2026-01-22,23741.16,BRANCH,SUCCESS
COL000003947,LOAN00003341,2025-06-17,11659.51,DIGITAL,PARTIAL
COL000003948,LOAN00003341,2024-08-26,4028.04,BRANCH,SUCCESS
COL000003949,LOAN00003341,2024-10-19,14803.79,BRANCH,SUCCESS
COL000003950,LOAN00003341,2025-08-16,29282.47,DIGITAL,SUCCESS
COL000003951,LOAN00003341,2024-09-24,35406.59,DIGITAL,SUCCESS
COL000003952,LOAN00003344,2025-03-22,29525.47,FIELD_AGENT,SUCCESS
COL000003953,LOAN00003344,2025-06-10,13149.47,DIGITAL,SUCCESS
COL000003954,LOAN00003344,2025-01-11,32998.68,DIGITAL,SUCCESS
COL000003955,LOAN00003347,2024-10-19,34760.07,CALL_CENTER,PARTIAL
COL000003956,LOAN00003347,2024-03-21,1271.17,FIELD_AGENT,SUCCESS
COL000003957,LOAN00003347,2025-01-30,18762.4,CALL_CENTER,PARTIAL
COL000003958,LOAN00003347,2025-07-10,5877.66,CALL_CENTER,PARTIAL
COL000003959,LOAN00003347,2024-09-26,33876.61,BRANCH,SUCCESS
COL000003960,LOAN00003350,2025-02-12,28339.72,CALL_CENTER,SUCCESS
COL000003961,LOAN00003350,2026-03-26,43581.56,FIELD_AGENT,SUCCESS
COL000003962,LOAN00003350,2025-01-20,42634.34,CALL_CENTER,SUCCESS
COL000003963,LOAN00003350,2024-04-27,9759.51,DIGITAL,SUCCESS
COL000003964,LOAN00003350,2025-07-24,29926.53,BRANCH,SUCCESS
COL000003965,LOAN00003350,2024-07-20,26915.28,DIGITAL,SUCCESS
COL000003966,LOAN00003353,2024-04-14,4741.59,DIGITAL,SUCCESS
COL000003967,LOAN00003354,2024-05-17,4403.9,FIELD_AGENT,SUCCESS
COL000003968,LOAN00003354,2025-12-11,19650.2,CALL_CENTER,SUCCESS
COL000003969,LOAN00003364,2024-10-03,41969.59,FIELD_AGENT,SUCCESS
COL000003970,LOAN00003364,2025-09-22,21480.1,DIGITAL,FAILED
COL000003971,LOAN00003364,2026-04-07,8879.57,DIGITAL,SUCCESS
COL000003972,LOAN00003364,2025-05-06,36006.21,FIELD_AGENT,SUCCESS
COL000003973,LOAN00003364,2024-05-20,30604.88,CALL_CENTER,SUCCESS
COL000003974,LOAN00003375,2026-05-29,34586.88,CALL_CENTER,PARTIAL
COL000003975,LOAN00003375,2025-09-24,34587.42,CALL_CENTER,SUCCESS
COL000003976,LOAN00003375,2025-05-15,23692.85,FIELD_AGENT,SUCCESS
COL000003977,LOAN00003375,2026-03-17,4748.14,CALL_CENTER,PARTIAL
COL000003978,LOAN00003380,2025-11-20,33274.61,FIELD_AGENT,PARTIAL
COL000003979,LOAN00003380,2025-03-07,42383.53,CALL_CENTER,PARTIAL
COL000003980,LOAN00003380,2025-03-01,27404.62,DIGITAL,SUCCESS
COL000003981,LOAN00003380,2024-10-10,2357.29,DIGITAL,SUCCESS
COL000003982,LOAN00003380,2026-07-15,26291.71,FIELD_AGENT,SUCCESS
COL000003983,LOAN00003380,2026-07-11,16961.11,BRANCH,SUCCESS
COL000003984,LOAN00003383,2025-03-13,47916.73,BRANCH,PARTIAL
COL000003985,LOAN00003383,2026-02-20,11586.2,BRANCH,SUCCESS
COL000003986,LOAN00003383,2024-06-24,22092.84,DIGITAL,SUCCESS
COL000003987,LOAN00003383,2024-04-27,21711.68,DIGITAL,SUCCESS
COL000003988,LOAN00003384,2025-09-06,21292.34,BRANCH,SUCCESS
COL000003989,LOAN00003384,2025-03-29,11595.34,BRANCH,SUCCESS
COL000003990,LOAN00003384,2026-01-01,10118.86,DIGITAL,SUCCESS
COL000003991,LOAN00003384,2024-12-14,7102.13,FIELD_AGENT,PARTIAL
COL000003992,LOAN00003386,2025-10-20,29694.54,DIGITAL,SUCCESS
COL000003993,LOAN00003386,2024-04-04,45792.43,BRANCH,PARTIAL
COL000003994,LOAN00003386,2025-01-06,29721.52,FIELD_AGENT,SUCCESS
COL000003995,LOAN00003386,2025-02-19,10134.28,BRANCH,SUCCESS
COL000003996,LOAN00003386,2025-08-25,15545.69,FIELD_AGENT,PARTIAL
COL000003997,LOAN00003387,2026-08-06,3895.79,BRANCH,SUCCESS
COL000003998,LOAN00003388,2024-07-11,30134.2,FIELD_AGENT,PARTIAL
COL000003999,LOAN00003388,2026-09-01,47929.67,BRANCH,SUCCESS
COL000004000,LOAN00003388,2024-09-15,31465.38,FIELD_AGENT,SUCCESS
COL000004001,LOAN00003390,2024-08-13,44743.01,CALL_CENTER,SUCCESS
COL000004002,LOAN00003393,2026-05-03,12178.76,DIGITAL,SUCCESS
COL000004003,LOAN00003394,2025-05-14,41845.84,BRANCH,SUCCESS
COL000004004,LOAN00003394,2026-09-17,43190.64,DIGITAL,PARTIAL
COL000004005,LOAN00003394,2026-04-25,49807.36,CALL_CENTER,SUCCESS
COL000004006,LOAN00003394,2025-09-26,5422.17,CALL_CENTER,SUCCESS
COL000004007,LOAN00003401,2025-02-25,12260.9,CALL_CENTER,SUCCESS
COL000004008,LOAN00003402,2025-01-12,15563.98,FIELD_AGENT,PARTIAL
COL000004009,LOAN00003402,2025-03-29,2023.21,BRANCH,SUCCESS
COL000004010,LOAN00003402,2026-02-19,40056.98,CALL_CENTER,PARTIAL
COL000004011,LOAN00003402,2024-05-08,40021.42,CALL_CENTER,SUCCESS
COL000004012,LOAN00003402,2025-04-05,11327.85,BRANCH,SUCCESS
COL000004013,LOAN00003402,2026-01-08,19082.41,CALL_CENTER,SUCCESS
COL000004014,LOAN00003405,2026-06-23,47698.31,FIELD_AGENT,SUCCESS
COL000004015,LOAN00003407,2024-08-13,37153.41,BRANCH,SUCCESS
COL000004016,LOAN00003407,2025-05-18,8011.94,CALL_CENTER,SUCCESS
COL000004017,LOAN00003407,2025-06-26,17257.64,DIGITAL,SUCCESS
COL000004018,LOAN00003408,2025-05-18,35679.99,CALL_CENTER,SUCCESS
COL000004019,LOAN00003410,2026-09-20,18475.57,BRANCH,SUCCESS
COL000004020,LOAN00003410,2025-10-07,31286.07,CALL_CENTER,PARTIAL
COL000004021,LOAN00003410,2024-07-20,12627.47,DIGITAL,PARTIAL
COL000004022,LOAN00003416,2025-02-04,46355.53,CALL_CENTER,PARTIAL
COL000004023,LOAN00003416,2026-08-26,38259.68,CALL_CENTER,SUCCESS
COL000004024,LOAN00003416,2025-09-05,6183.46,CALL_CENTER,SUCCESS
COL000004025,LOAN00003416,2025-12-30,28443.7,CALL_CENTER,SUCCESS
COL000004026,LOAN00003420,2025-11-28,43776.41,DIGITAL,SUCCESS
COL000004027,LOAN00003420,2026-06-08,46030.63,CALL_CENTER,SUCCESS
COL000004028,LOAN00003420,2024-05-02,45976.55,DIGITAL,SUCCESS
COL000004029,LOAN00003422,2024-12-03,38373.6,BRANCH,PARTIAL
COL000004030,LOAN00003422,2024-05-06,30306.15,CALL_CENTER,SUCCESS
COL000004031,LOAN00003422,2026-08-21,21112.07,CALL_CENTER,SUCCESS
COL000004032,LOAN00003422,2025-06-07,34125.45,CALL_CENTER,SUCCESS
COL000004033,LOAN00003422,2024-06-19,31165.15,CALL_CENTER,SUCCESS
COL000004034,LOAN00003424,2026-08-07,40257.49,BRANCH,SUCCESS
COL000004035,LOAN00003424,2026-01-15,10608.88,CALL_CENTER,SUCCESS
COL000004036,LOAN00003424,2024-12-20,23449.62,FIELD_AGENT,SUCCESS
COL000004037,LOAN00003426,2025-06-18,19315.94,FIELD_AGENT,SUCCESS
COL000004038,LOAN00003426,2026-04-10,44680.77,DIGITAL,SUCCESS
COL000004039,LOAN00003426,2024-04-24,11744.54,CALL_CENTER,SUCCESS
COL000004040,LOAN00003426,2026-01-12,9593.2,DIGITAL,PARTIAL
COL000004041,LOAN00003426,2026-08-08,22896.1,CALL_CENTER,SUCCESS
COL000004042,LOAN00003435,2025-08-31,25715.51,BRANCH,SUCCESS
COL000004043,LOAN00003435,2024-11-13,36900.1,FIELD_AGENT,SUCCESS
COL000004044,LOAN00003435,2025-03-31,3845.06,CALL_CENTER,PARTIAL
COL000004045,LOAN00003437,2025-09-17,1591.63,DIGITAL,SUCCESS
COL000004046,LOAN00003439,2025-01-18,47175.17,DIGITAL,PARTIAL
COL000004047,LOAN00003439,2024-09-22,5288.34,FIELD_AGENT,FAILED
COL000004048,LOAN00003439,2025-11-05,12926.03,CALL_CENTER,SUCCESS
COL000004049,LOAN00003439,2024-07-05,30344.88,BRANCH,SUCCESS
COL000004050,LOAN00003439,2024-09-12,23448.26,BRANCH,PARTIAL
COL000004051,LOAN00003439,2024-03-08,26790.17,BRANCH,SUCCESS
COL000004052,LOAN00003441,2026-02-27,4333.5,DIGITAL,SUCCESS
COL000004053,LOAN00003441,2026-01-22,22543.55,FIELD_AGENT,SUCCESS
COL000004054,LOAN00003441,2025-01-21,39033.55,DIGITAL,PARTIAL
COL000004055,LOAN00003446,2025-08-12,35864.89,BRANCH,SUCCESS
COL000004056,LOAN00003446,2026-01-30,39556.12,CALL_CENTER,SUCCESS
COL000004057,LOAN00003446,2026-04-09,13993.02,DIGITAL,SUCCESS
COL000004058,LOAN00003449,2024-04-09,49501.09,CALL_CENTER,SUCCESS
COL000004059,LOAN00003449,2024-07-06,7056.81,CALL_CENTER,FAILED
COL000004060,LOAN00003449,2026-05-17,44520.97,BRANCH,PARTIAL
COL000004061,LOAN00003449,2024-07-30,16563.59,CALL_CENTER,SUCCESS
COL000004062,LOAN00003450,2024-10-11,5891.84,BRANCH,SUCCESS
COL000004063,LOAN00003450,2025-01-20,22685.78,DIGITAL,SUCCESS
COL000004064,LOAN00003450,2024-10-19,35906.24,DIGITAL,PARTIAL
COL000004065,LOAN00003450,2024-08-28,10326.24,DIGITAL,SUCCESS
COL000004066,LOAN00003450,2025-08-26,10311.77,FIELD_AGENT,PARTIAL
COL000004067,LOAN00003458,2024-05-17,6298.91,CALL_CENTER,FAILED
COL000004068,LOAN00003458,2024-06-01,12795.58,FIELD_AGENT,SUCCESS
COL000004069,LOAN00003458,2025-08-01,2221.39,BRANCH,SUCCESS
COL000004070,LOAN00003458,2025-09-19,8061.14,CALL_CENTER,SUCCESS
COL000004071,LOAN00003458,2025-09-27,7290.62,DIGITAL,PARTIAL
COL000004072,LOAN00003458,2024-12-02,28225.77,CALL_CENTER,PARTIAL
COL000004073,LOAN00003462,2024-10-18,48645.69,FIELD_AGENT,SUCCESS
COL000004074,LOAN00003462,2024-05-05,21288.83,BRANCH,SUCCESS
COL000004075,LOAN00003464,2026-06-01,38086.21,BRANCH,SUCCESS
COL000004076,LOAN00003465,2025-02-03,24205.74,DIGITAL,SUCCESS
COL000004077,LOAN00003465,2024-06-04,28352.34,CALL_CENTER,SUCCESS
COL000004078,LOAN00003465,2025-05-10,38575.94,FIELD_AGENT,SUCCESS
COL000004079,LOAN00003465,2025-12-11,6455.26,BRANCH,SUCCESS
COL000004080,LOAN00003466,2025-12-08,43347.39,DIGITAL,SUCCESS
COL000004081,LOAN00003469,2026-04-01,37686.75,BRANCH,FAILED
COL000004082,LOAN00003469,2026-01-15,16639.42,CALL_CENTER,PARTIAL
COL000004083,LOAN00003469,2026-04-11,38499.65,DIGITAL,SUCCESS
COL000004084,LOAN00003471,2026-07-22,46075.16,DIGITAL,SUCCESS
COL000004085,LOAN00003471,2026-05-26,16533.99,CALL_CENTER,PARTIAL
COL000004086,LOAN00003471,2025-08-22,31628.78,FIELD_AGENT,SUCCESS
COL000004087,LOAN00003471,2024-06-02,24143.91,DIGITAL,PARTIAL
COL000004088,LOAN00003471,2025-12-26,11778.08,FIELD_AGENT,SUCCESS
COL000004089,LOAN00003472,2026-05-02,32192.64,CALL_CENTER,SUCCESS
COL000004090,LOAN00003472,2025-06-13,28447.4,CALL_CENTER,PARTIAL
COL000004091,LOAN00003472,2026-08-07,30793.49,FIELD_AGENT,SUCCESS
COL000004092,LOAN00003472,2024-05-01,47474.87,BRANCH,FAILED
COL000004093,LOAN00003474,2026-03-09,2068.79,CALL_CENTER,SUCCESS
COL000004094,LOAN00003474,2024-04-28,33250.49,DIGITAL,SUCCESS
COL000004095,LOAN00003474,2026-09-23,10851.84,BRANCH,SUCCESS
COL000004096,LOAN00003474,2025-01-04,5956.26,DIGITAL,FAILED
COL000004097,LOAN00003474,2024-05-17,18520.65,CALL_CENTER,SUCCESS
COL000004098,LOAN00003474,2026-04-23,21173.48,CALL_CENTER,SUCCESS
COL000004099,LOAN00003477,2024-12-17,38779.81,CALL_CENTER,SUCCESS
COL000004100,LOAN00003487,2025-08-23,16659.01,FIELD_AGENT,SUCCESS
COL000004101,LOAN00003487,2024-12-19,43679.2,DIGITAL,PARTIAL
COL000004102,LOAN00003487,2024-10-01,45980.64,BRANCH,SUCCESS
COL000004103,LOAN00003487,2025-08-05,45469.09,BRANCH,SUCCESS
COL000004104,LOAN00003491,2026-07-19,36196.71,FIELD_AGENT,SUCCESS
COL000004105,LOAN00003491,2025-02-18,29063.24,DIGITAL,SUCCESS
COL000004106,LOAN00003491,2025-04-16,26363.02,DIGITAL,SUCCESS
COL000004107,LOAN00003491,2026-09-04,19177.69,BRANCH,SUCCESS
COL000004108,LOAN00003491,2026-09-01,33783.98,BRANCH,SUCCESS
COL000004109,LOAN00003491,2024-05-12,48328.66,BRANCH,PARTIAL
COL000004110,LOAN00003492,2026-08-21,21186.39,BRANCH,SUCCESS
COL000004111,LOAN00003492,2024-03-19,49747.14,BRANCH,SUCCESS
COL000004112,LOAN00003492,2026-07-31,49847.5,BRANCH,SUCCESS
COL000004113,LOAN00003492,2025-01-25,17646.17,DIGITAL,SUCCESS
COL000004114,LOAN00003492,2025-07-07,9671.5,DIGITAL,PARTIAL
COL000004115,LOAN00003493,2024-05-30,41973.54,CALL_CENTER,PARTIAL
COL000004116,LOAN00003500,2024-03-02,29118.03,CALL_CENTER,PARTIAL
COL000004117,LOAN00003500,2026-02-22,6346.43,DIGITAL,SUCCESS
COL000004118,LOAN00003500,2026-07-30,30707.33,BRANCH,SUCCESS
COL000004119,LOAN00003500,2026-02-27,31481.28,BRANCH,SUCCESS
COL000004120,LOAN00003500,2025-09-16,15991.59,BRANCH,SUCCESS
COL000004121,LOAN00003500,2024-04-27,32139.35,CALL_CENTER,SUCCESS
COL000004122,LOAN00003505,2025-02-14,8547.2,DIGITAL,SUCCESS
COL000004123,LOAN00003505,2026-08-12,7882.01,FIELD_AGENT,SUCCESS
COL000004124,LOAN00003510,2025-04-14,23793.47,CALL_CENTER,SUCCESS
COL000004125,LOAN00003510,2026-01-17,43367.16,FIELD_AGENT,SUCCESS
COL000004126,LOAN00003510,2025-07-03,48896.19,CALL_CENTER,SUCCESS
COL000004127,LOAN00003510,2024-12-09,39758.71,CALL_CENTER,SUCCESS
COL000004128,LOAN00003510,2024-07-17,9955.45,CALL_CENTER,PARTIAL
COL000004129,LOAN00003513,2026-07-18,12985.48,DIGITAL,PARTIAL
COL000004130,LOAN00003513,2024-06-25,24292.23,BRANCH,SUCCESS
COL000004131,LOAN00003513,2026-09-06,47595.14,DIGITAL,SUCCESS
COL000004132,LOAN00003513,2025-06-13,1405.76,BRANCH,SUCCESS
COL000004133,LOAN00003513,2025-08-17,40795.95,CALL_CENTER,SUCCESS
COL000004134,LOAN00003513,2024-10-24,33565.7,FIELD_AGENT,SUCCESS
COL000004135,LOAN00003516,2024-12-26,11313.58,BRANCH,SUCCESS
COL000004136,LOAN00003516,2026-05-18,2097.2,CALL_CENTER,SUCCESS
COL000004137,LOAN00003516,2026-04-14,23794.97,FIELD_AGENT,SUCCESS
COL000004138,LOAN00003516,2025-12-20,19951.5,CALL_CENTER,FAILED
COL000004139,LOAN00003516,2025-10-28,15043.15,BRANCH,SUCCESS
COL000004140,LOAN00003516,2025-05-11,24699.72,BRANCH,PARTIAL
COL000004141,LOAN00003522,2025-06-23,5184.3,BRANCH,SUCCESS
COL000004142,LOAN00003522,2025-09-08,31232.7,FIELD_AGENT,SUCCESS
COL000004143,LOAN00003525,2024-04-09,47154.29,BRANCH,SUCCESS
COL000004144,LOAN00003527,2026-05-17,29881.81,BRANCH,SUCCESS
COL000004145,LOAN00003527,2025-02-05,34616.4,DIGITAL,FAILED
COL000004146,LOAN00003527,2026-09-14,2601.22,FIELD_AGENT,SUCCESS
COL000004147,LOAN00003532,2024-07-08,10938.19,CALL_CENTER,SUCCESS
COL000004148,LOAN00003532,2025-07-21,5435.16,DIGITAL,FAILED
COL000004149,LOAN00003536,2024-05-14,28865.47,CALL_CENTER,SUCCESS
COL000004150,LOAN00003537,2026-02-18,38955.37,CALL_CENTER,SUCCESS
COL000004151,LOAN00003537,2025-04-05,33200.55,BRANCH,SUCCESS
COL000004152,LOAN00003538,2026-02-07,1569.3,BRANCH,SUCCESS
COL000004153,LOAN00003538,2024-12-07,12131.75,DIGITAL,SUCCESS
COL000004154,LOAN00003541,2026-01-17,14270.09,BRANCH,SUCCESS
COL000004155,LOAN00003542,2026-06-04,25675.48,CALL_CENTER,SUCCESS
COL000004156,LOAN00003542,2026-08-20,17252.89,CALL_CENTER,SUCCESS
COL000004157,LOAN00003545,2025-11-27,6951.8,BRANCH,SUCCESS
COL000004158,LOAN00003545,2026-03-09,14144.92,CALL_CENTER,PARTIAL
COL000004159,LOAN00003545,2026-07-29,7466.76,FIELD_AGENT,SUCCESS
COL000004160,LOAN00003545,2024-11-11,41822.73,FIELD_AGENT,SUCCESS
COL000004161,LOAN00003547,2025-02-17,33410.93,CALL_CENTER,SUCCESS
COL000004162,LOAN00003547,2025-05-21,32013.79,DIGITAL,SUCCESS
COL000004163,LOAN00003548,2024-12-08,8087.93,FIELD_AGENT,SUCCESS
COL000004164,LOAN00003548,2026-08-10,10203.25,FIELD_AGENT,SUCCESS
COL000004165,LOAN00003548,2025-11-13,12445.28,DIGITAL,SUCCESS
COL000004166,LOAN00003548,2025-05-06,18394.51,BRANCH,SUCCESS
COL000004167,LOAN00003548,2025-05-30,46694.0,FIELD_AGENT,PARTIAL
COL000004168,LOAN00003551,2025-02-09,9493.54,CALL_CENTER,SUCCESS
COL000004169,LOAN00003551,2024-07-07,11924.28,FIELD_AGENT,PARTIAL
COL000004170,LOAN00003551,2025-05-15,30256.44,FIELD_AGENT,PARTIAL
COL000004171,LOAN00003551,2025-07-25,9912.98,CALL_CENTER,SUCCESS
COL000004172,LOAN00003561,2024-10-10,28054.9,CALL_CENTER,SUCCESS
COL000004173,LOAN00003562,2026-04-10,17335.21,CALL_CENTER,SUCCESS
COL000004174,LOAN00003562,2025-02-05,5901.18,BRANCH,SUCCESS
COL000004175,LOAN00003562,2024-08-03,24498.5,CALL_CENTER,SUCCESS
COL000004176,LOAN00003562,2025-07-19,32925.24,BRANCH,SUCCESS
COL000004177,LOAN00003562,2025-04-12,16732.67,BRANCH,SUCCESS
COL000004178,LOAN00003562,2024-08-17,9432.89,CALL_CENTER,FAILED
COL000004179,LOAN00003568,2026-02-13,21834.94,CALL_CENTER,SUCCESS
COL000004180,LOAN00003568,2026-06-05,44208.49,BRANCH,SUCCESS
COL000004181,LOAN00003570,2026-06-17,44883.75,DIGITAL,PARTIAL
COL000004182,LOAN00003570,2026-06-25,48338.15,CALL_CENTER,SUCCESS
COL000004183,LOAN00003570,2026-08-26,23706.52,BRANCH,PARTIAL
COL000004184,LOAN00003570,2024-10-13,44341.78,BRANCH,FAILED
COL000004185,LOAN00003574,2026-06-28,2909.2,FIELD_AGENT,SUCCESS
COL000004186,LOAN00003574,2026-08-13,39082.12,CALL_CENTER,SUCCESS
COL000004187,LOAN00003574,2024-08-25,3405.4,CALL_CENTER,FAILED
COL000004188,LOAN00003576,2026-07-26,10607.54,DIGITAL,SUCCESS
COL000004189,LOAN00003576,2026-03-27,33454.63,BRANCH,SUCCESS
COL000004190,LOAN00003576,2024-07-08,40505.29,DIGITAL,SUCCESS
COL000004191,LOAN00003576,2025-04-06,46771.63,FIELD_AGENT,SUCCESS
COL000004192,LOAN00003576,2026-09-23,5031.5,BRANCH,SUCCESS
COL000004193,LOAN00003576,2026-04-03,23487.88,DIGITAL,SUCCESS
COL000004194,LOAN00003580,2025-10-12,34195.7,BRANCH,PARTIAL
COL000004195,LOAN00003580,2025-01-25,45845.26,FIELD_AGENT,SUCCESS
COL000004196,LOAN00003580,2025-08-16,18002.17,FIELD_AGENT,SUCCESS
COL000004197,LOAN00003580,2024-10-03,32367.14,FIELD_AGENT,SUCCESS
COL000004198,LOAN00003580,2026-06-24,8305.58,DIGITAL,SUCCESS
COL000004199,LOAN00003581,2024-06-05,35811.57,BRANCH,SUCCESS
COL000004200,LOAN00003581,2025-11-07,25404.46,FIELD_AGENT,SUCCESS
COL000004201,LOAN00003581,2025-12-08,35941.95,DIGITAL,SUCCESS
COL000004202,LOAN00003581,2025-08-20,47435.78,CALL_CENTER,PARTIAL
COL000004203,LOAN00003581,2024-12-19,1426.08,DIGITAL,PARTIAL
COL000004204,LOAN00003581,2026-03-31,28237.74,CALL_CENTER,SUCCESS
COL000004205,LOAN00003585,2024-12-21,14537.64,FIELD_AGENT,PARTIAL
COL000004206,LOAN00003585,2025-07-28,34483.26,BRANCH,SUCCESS
COL000004207,LOAN00003589,2025-09-11,23307.79,BRANCH,FAILED
COL000004208,LOAN00003589,2025-03-22,31523.26,BRANCH,SUCCESS
COL000004209,LOAN00003589,2026-05-06,29500.42,CALL_CENTER,SUCCESS
COL000004210,LOAN00003591,2024-08-27,3598.28,BRANCH,SUCCESS
COL000004211,LOAN00003595,2025-05-28,45688.53,CALL_CENTER,SUCCESS
COL000004212,LOAN00003595,2025-11-16,27361.65,FIELD_AGENT,SUCCESS
COL000004213,LOAN00003595,2024-06-05,14518.19,FIELD_AGENT,SUCCESS
COL000004214,LOAN00003595,2024-04-03,24665.03,DIGITAL,SUCCESS
COL000004215,LOAN00003595,2026-06-05,35646.7,BRANCH,SUCCESS
COL000004216,LOAN00003595,2025-10-07,11624.24,DIGITAL,PARTIAL
COL000004217,LOAN00003596,2026-08-08,46397.65,BRANCH,SUCCESS
COL000004218,LOAN00003596,2025-10-12,44723.79,FIELD_AGENT,PARTIAL
COL000004219,LOAN00003596,2026-05-15,38475.77,FIELD_AGENT,PARTIAL
COL000004220,LOAN00003596,2025-03-18,25241.96,BRANCH,SUCCESS
COL000004221,LOAN00003596,2026-03-17,43804.3,FIELD_AGENT,SUCCESS
COL000004222,LOAN00003598,2025-07-06,3162.19,CALL_CENTER,SUCCESS
COL000004223,LOAN00003598,2024-11-02,13449.97,DIGITAL,PARTIAL
COL000004224,LOAN00003598,2025-12-29,28531.59,DIGITAL,SUCCESS
COL000004225,LOAN00003598,2024-06-13,24608.93,BRANCH,SUCCESS
COL000004226,LOAN00003598,2024-08-30,37920.65,DIGITAL,SUCCESS
COL000004227,LOAN00003602,2025-03-28,2861.0,DIGITAL,SUCCESS
COL000004228,LOAN00003602,2024-10-27,44017.32,FIELD_AGENT,PARTIAL
COL000004229,LOAN00003602,2025-07-30,28642.12,FIELD_AGENT,SUCCESS
COL000004230,LOAN00003603,2025-03-03,27958.31,FIELD_AGENT,SUCCESS
COL000004231,LOAN00003603,2024-12-27,31300.35,DIGITAL,SUCCESS
COL000004232,LOAN00003603,2025-11-06,35316.88,BRANCH,SUCCESS
COL000004233,LOAN00003609,2024-06-23,29872.23,FIELD_AGENT,SUCCESS
COL000004234,LOAN00003609,2026-03-22,10656.42,CALL_CENTER,SUCCESS
COL000004235,LOAN00003609,2025-11-15,39495.1,CALL_CENTER,SUCCESS
COL000004236,LOAN00003609,2024-09-10,19714.44,CALL_CENTER,SUCCESS
COL000004237,LOAN00003609,2026-08-09,31776.21,BRANCH,PARTIAL
COL000004238,LOAN00003609,2024-06-18,6611.26,FIELD_AGENT,PARTIAL
COL000004239,LOAN00003611,2026-08-11,34141.6,CALL_CENTER,SUCCESS
COL000004240,LOAN00003611,2024-08-25,20193.52,FIELD_AGENT,PARTIAL
COL000004241,LOAN00003611,2026-01-04,22696.68,CALL_CENTER,SUCCESS
COL000004242,LOAN00003611,2024-07-18,42880.68,BRANCH,SUCCESS
COL000004243,LOAN00003611,2024-04-24,25842.7,FIELD_AGENT,SUCCESS
COL000004244,LOAN00003611,2024-03-31,20532.84,DIGITAL,SUCCESS
COL000004245,LOAN00003616,2026-03-06,14847.98,BRANCH,SUCCESS
COL000004246,LOAN00003616,2024-08-29,13004.36,BRANCH,SUCCESS
COL000004247,LOAN00003616,2026-05-13,36269.11,BRANCH,PARTIAL
COL000004248,LOAN00003616,2024-10-21,43386.1,DIGITAL,SUCCESS
COL000004249,LOAN00003616,2025-05-11,38975.44,FIELD_AGENT,SUCCESS
COL000004250,LOAN00003619,2025-12-19,30004.82,DIGITAL,SUCCESS
COL000004251,LOAN00003619,2025-09-05,37999.55,FIELD_AGENT,FAILED
COL000004252,LOAN00003620,2025-10-25,11531.7,DIGITAL,SUCCESS
COL000004253,LOAN00003620,2025-12-06,35215.24,FIELD_AGENT,SUCCESS
COL000004254,LOAN00003620,2025-07-08,11840.67,FIELD_AGENT,SUCCESS
COL000004255,LOAN00003620,2024-09-21,12083.64,FIELD_AGENT,SUCCESS
COL000004256,LOAN00003620,2025-04-07,40860.04,BRANCH,PARTIAL
COL000004257,LOAN00003620,2024-07-28,21961.2,CALL_CENTER,SUCCESS
COL000004258,LOAN00003621,2025-08-18,33072.18,BRANCH,SUCCESS
COL000004259,LOAN00003621,2024-05-27,26713.03,FIELD_AGENT,SUCCESS
COL000004260,LOAN00003621,2024-12-05,47530.88,BRANCH,SUCCESS
COL000004261,LOAN00003621,2024-05-25,41474.98,CALL_CENTER,PARTIAL
COL000004262,LOAN00003621,2024-08-30,20983.52,BRANCH,SUCCESS
COL000004263,LOAN00003621,2024-06-23,13642.61,FIELD_AGENT,SUCCESS
COL000004264,LOAN00003626,2024-12-18,38115.08,DIGITAL,SUCCESS
COL000004265,LOAN00003627,2026-05-19,20092.6,DIGITAL,SUCCESS
COL000004266,LOAN00003627,2025-01-17,5278.91,CALL_CENTER,SUCCESS
COL000004267,LOAN00003627,2026-08-28,32733.07,BRANCH,SUCCESS
COL000004268,LOAN00003627,2024-10-21,20819.66,FIELD_AGENT,SUCCESS
COL000004269,LOAN00003629,2026-09-26,35287.67,CALL_CENTER,SUCCESS
COL000004270,LOAN00003637,2024-12-14,10444.36,FIELD_AGENT,SUCCESS
COL000004271,LOAN00003637,2026-03-18,20218.84,BRANCH,PARTIAL
COL000004272,LOAN00003637,2025-10-30,24808.07,BRANCH,PARTIAL
COL000004273,LOAN00003637,2024-10-22,48303.01,CALL_CENTER,SUCCESS
COL000004274,LOAN00003637,2024-09-12,31138.34,DIGITAL,SUCCESS
COL000004275,LOAN00003637,2024-09-30,16034.55,CALL_CENTER,PARTIAL
COL000004276,LOAN00003643,2025-03-08,34132.31,FIELD_AGENT,SUCCESS
COL000004277,LOAN00003643,2024-06-25,43658.07,BRANCH,PARTIAL
COL000004278,LOAN00003643,2025-04-16,49849.34,BRANCH,SUCCESS
COL000004279,LOAN00003643,2025-10-13,48655.11,FIELD_AGENT,SUCCESS
COL000004280,LOAN00003643,2025-10-11,17042.54,CALL_CENTER,SUCCESS
COL000004281,LOAN00003643,2024-08-18,37047.65,DIGITAL,PARTIAL
COL000004282,LOAN00003647,2024-04-01,48460.26,DIGITAL,SUCCESS
COL000004283,LOAN00003647,2025-01-29,11942.67,FIELD_AGENT,SUCCESS
COL000004284,LOAN00003647,2026-09-05,33370.96,BRANCH,PARTIAL
COL000004285,LOAN00003647,2026-09-22,14935.02,CALL_CENTER,SUCCESS
COL000004286,LOAN00003649,2026-02-21,39610.51,BRANCH,SUCCESS
COL000004287,LOAN00003649,2026-08-29,18485.09,FIELD_AGENT,SUCCESS
COL000004288,LOAN00003649,2026-07-11,20336.44,CALL_CENTER,SUCCESS
COL000004289,LOAN00003650,2025-05-29,26320.41,BRANCH,SUCCESS
COL000004290,LOAN00003650,2026-09-12,40106.44,DIGITAL,SUCCESS
COL000004291,LOAN00003650,2024-09-07,43561.71,BRANCH,SUCCESS
COL000004292,LOAN00003650,2024-05-20,2980.06,DIGITAL,SUCCESS
COL000004293,LOAN00003650,2025-08-19,7171.82,CALL_CENTER,PARTIAL
COL000004294,LOAN00003652,2024-11-17,17739.16,DIGITAL,SUCCESS
COL000004295,LOAN00003652,2024-04-07,6475.3,BRANCH,SUCCESS
COL000004296,LOAN00003652,2025-12-09,47346.89,FIELD_AGENT,SUCCESS
COL000004297,LOAN00003654,2024-11-10,40904.39,CALL_CENTER,PARTIAL
COL000004298,LOAN00003654,2025-09-19,35366.94,FIELD_AGENT,SUCCESS
COL000004299,LOAN00003654,2024-10-16,42788.84,CALL_CENTER,SUCCESS
COL000004300,LOAN00003654,2025-07-22,8538.29,CALL_CENTER,SUCCESS
COL000004301,LOAN00003654,2024-12-08,18830.88,BRANCH,SUCCESS
COL000004302,LOAN00003654,2024-05-29,19694.61,DIGITAL,FAILED
COL000004303,LOAN00003655,2024-05-30,3634.13,CALL_CENTER,SUCCESS
COL000004304,LOAN00003655,2026-03-04,34089.05,DIGITAL,SUCCESS
COL000004305,LOAN00003655,2025-11-29,24678.44,FIELD_AGENT,FAILED
COL000004306,LOAN00003655,2026-04-23,34472.3,CALL_CENTER,SUCCESS
COL000004307,LOAN00003658,2025-01-07,2201.29,DIGITAL,SUCCESS
COL000004308,LOAN00003658,2025-11-25,29037.21,CALL_CENTER,SUCCESS
COL000004309,LOAN00003658,2024-11-26,33311.72,BRANCH,SUCCESS
COL000004310,LOAN00003658,2026-03-29,12452.52,CALL_CENTER,SUCCESS
COL000004311,LOAN00003658,2024-11-25,33434.84,DIGITAL,SUCCESS
COL000004312,LOAN00003662,2026-05-30,12182.96,DIGITAL,PARTIAL
COL000004313,LOAN00003662,2024-11-24,5205.46,BRANCH,SUCCESS
COL000004314,LOAN00003662,2026-04-14,41354.69,CALL_CENTER,SUCCESS
COL000004315,LOAN00003663,2025-03-04,5029.39,BRANCH,PARTIAL
COL000004316,LOAN00003663,2026-07-11,34419.94,BRANCH,SUCCESS
COL000004317,LOAN00003663,2025-12-30,48217.05,CALL_CENTER,SUCCESS
COL000004318,LOAN00003663,2025-07-15,11874.25,BRANCH,SUCCESS
COL000004319,LOAN00003663,2025-09-20,16670.53,BRANCH,PARTIAL
COL000004320,LOAN00003664,2024-07-21,1161.42,FIELD_AGENT,FAILED
COL000004321,LOAN00003664,2025-04-04,45350.02,FIELD_AGENT,SUCCESS
COL000004322,LOAN00003664,2025-07-13,3151.59,BRANCH,SUCCESS
COL000004323,LOAN00003664,2025-08-20,30240.81,FIELD_AGENT,PARTIAL
COL000004324,LOAN00003664,2025-09-11,48921.29,BRANCH,SUCCESS
COL000004325,LOAN00003664,2024-12-03,42693.84,BRANCH,PARTIAL
COL000004326,LOAN00003667,2026-06-27,42982.04,BRANCH,SUCCESS
COL000004327,LOAN00003667,2024-04-10,31167.39,DIGITAL,PARTIAL
COL000004328,LOAN00003667,2026-03-09,47616.26,DIGITAL,PARTIAL
COL000004329,LOAN00003667,2025-06-23,14070.13,FIELD_AGENT,PARTIAL
COL000004330,LOAN00003670,2024-10-12,7405.69,FIELD_AGENT,SUCCESS
COL000004331,LOAN00003670,2025-01-20,43650.86,FIELD_AGENT,SUCCESS
COL000004332,LOAN00003670,2026-09-23,10400.93,BRANCH,SUCCESS
COL000004333,LOAN00003672,2025-10-15,9515.93,DIGITAL,SUCCESS
COL000004334,LOAN00003674,2026-09-16,14309.2,CALL_CENTER,SUCCESS
COL000004335,LOAN00003674,2025-05-03,7079.9,CALL_CENTER,FAILED
COL000004336,LOAN00003680,2026-02-18,16554.88,CALL_CENTER,SUCCESS
COL000004337,LOAN00003680,2024-11-28,34485.44,DIGITAL,PARTIAL
COL000004338,LOAN00003685,2025-10-15,31416.9,CALL_CENTER,SUCCESS
COL000004339,LOAN00003685,2025-10-30,21097.53,BRANCH,SUCCESS
COL000004340,LOAN00003685,2024-07-16,17402.41,DIGITAL,SUCCESS
COL000004341,LOAN00003685,2024-10-19,43571.54,CALL_CENTER,PARTIAL
COL000004342,LOAN00003695,2025-12-25,34970.28,CALL_CENTER,PARTIAL
COL000004343,LOAN00003695,2025-02-01,15877.55,CALL_CENTER,SUCCESS
COL000004344,LOAN00003703,2026-09-17,16770.61,DIGITAL,SUCCESS
COL000004345,LOAN00003703,2026-09-09,30098.73,CALL_CENTER,PARTIAL
COL000004346,LOAN00003703,2024-10-03,39215.17,FIELD_AGENT,SUCCESS
COL000004347,LOAN00003707,2026-04-14,5910.68,FIELD_AGENT,FAILED
COL000004348,LOAN00003707,2025-09-27,46667.63,DIGITAL,SUCCESS
COL000004349,LOAN00003707,2026-03-08,21108.42,CALL_CENTER,SUCCESS
COL000004350,LOAN00003707,2024-11-26,29785.51,DIGITAL,SUCCESS
COL000004351,LOAN00003709,2025-10-12,10169.91,CALL_CENTER,SUCCESS
COL000004352,LOAN00003709,2025-11-07,34886.82,BRANCH,SUCCESS
COL000004353,LOAN00003709,2024-09-08,27587.74,DIGITAL,SUCCESS
COL000004354,LOAN00003713,2026-05-20,1630.93,CALL_CENTER,SUCCESS
COL000004355,LOAN00003713,2025-06-08,17365.73,FIELD_AGENT,SUCCESS
COL000004356,LOAN00003713,2024-07-29,33311.45,DIGITAL,SUCCESS
COL000004357,LOAN00003713,2024-12-01,11118.28,DIGITAL,SUCCESS
COL000004358,LOAN00003716,2025-11-24,26510.58,CALL_CENTER,SUCCESS
COL000004359,LOAN00003718,2024-04-28,25282.0,DIGITAL,SUCCESS
COL000004360,LOAN00003718,2026-03-10,46010.61,BRANCH,SUCCESS
COL000004361,LOAN00003718,2026-04-20,9281.36,BRANCH,SUCCESS
COL000004362,LOAN00003718,2025-10-28,31726.68,DIGITAL,PARTIAL
COL000004363,LOAN00003718,2024-09-26,1655.72,FIELD_AGENT,PARTIAL
COL000004364,LOAN00003722,2024-03-29,37343.28,CALL_CENTER,SUCCESS
COL000004365,LOAN00003722,2025-05-27,16191.98,BRANCH,SUCCESS
COL000004366,LOAN00003722,2025-08-27,13618.05,CALL_CENTER,PARTIAL
COL000004367,LOAN00003722,2024-06-12,41122.93,DIGITAL,SUCCESS
COL000004368,LOAN00003722,2024-11-19,36028.58,BRANCH,SUCCESS
COL000004369,LOAN00003725,2025-11-30,5909.69,FIELD_AGENT,SUCCESS
COL000004370,LOAN00003725,2024-07-23,12263.05,FIELD_AGENT,SUCCESS
COL000004371,LOAN00003725,2024-05-07,21468.48,CALL_CENTER,SUCCESS
COL000004372,LOAN00003725,2024-03-24,33069.64,CALL_CENTER,PARTIAL
COL000004373,LOAN00003732,2025-07-27,17660.9,BRANCH,PARTIAL
COL000004374,LOAN00003733,2025-08-25,47989.0,CALL_CENTER,SUCCESS
COL000004375,LOAN00003733,2025-04-03,10637.33,FIELD_AGENT,SUCCESS
COL000004376,LOAN00003733,2026-06-22,24210.85,FIELD_AGENT,SUCCESS
COL000004377,LOAN00003735,2024-10-22,49730.39,DIGITAL,SUCCESS
COL000004378,LOAN00003735,2024-09-23,30597.28,BRANCH,SUCCESS
COL000004379,LOAN00003735,2025-02-05,2048.63,DIGITAL,SUCCESS
COL000004380,LOAN00003735,2025-09-09,26656.87,FIELD_AGENT,SUCCESS
COL000004381,LOAN00003737,2024-08-10,35355.71,BRANCH,SUCCESS
COL000004382,LOAN00003737,2024-05-14,45685.87,BRANCH,SUCCESS
COL000004383,LOAN00003737,2025-08-24,6085.4,DIGITAL,SUCCESS
COL000004384,LOAN00003737,2026-02-14,11179.41,DIGITAL,PARTIAL
COL000004385,LOAN00003746,2025-09-16,30857.6,DIGITAL,SUCCESS
COL000004386,LOAN00003746,2026-02-06,24961.51,CALL_CENTER,SUCCESS
COL000004387,LOAN00003746,2025-07-20,19705.29,CALL_CENTER,SUCCESS
COL000004388,LOAN00003746,2024-08-03,10760.83,DIGITAL,PARTIAL
COL000004389,LOAN00003746,2025-05-17,38502.37,DIGITAL,SUCCESS
COL000004390,LOAN00003746,2025-01-18,42082.77,FIELD_AGENT,SUCCESS
COL000004391,LOAN00003747,2024-07-27,43027.85,CALL_CENTER,SUCCESS
COL000004392,LOAN00003750,2024-06-15,20578.28,FIELD_AGENT,SUCCESS
COL000004393,LOAN00003750,2024-05-07,5885.0,DIGITAL,SUCCESS
COL000004394,LOAN00003751,2026-05-28,18368.69,FIELD_AGENT,SUCCESS
COL000004395,LOAN00003753,2025-11-22,29571.67,DIGITAL,PARTIAL
COL000004396,LOAN00003753,2025-11-23,9806.17,BRANCH,PARTIAL
COL000004397,LOAN00003753,2024-12-22,13705.65,BRANCH,SUCCESS
COL000004398,LOAN00003753,2025-10-27,13051.54,DIGITAL,SUCCESS
COL000004399,LOAN00003754,2025-08-23,17529.58,DIGITAL,SUCCESS
COL000004400,LOAN00003755,2024-05-06,44282.11,BRANCH,SUCCESS
COL000004401,LOAN00003755,2025-09-04,7519.41,BRANCH,SUCCESS
COL000004402,LOAN00003755,2026-08-10,20931.28,FIELD_AGENT,SUCCESS
COL000004403,LOAN00003760,2026-06-03,4690.13,DIGITAL,SUCCESS
COL000004404,LOAN00003760,2026-09-09,11367.54,DIGITAL,FAILED
COL000004405,LOAN00003760,2025-11-19,42683.31,DIGITAL,SUCCESS
COL000004406,LOAN00003760,2025-02-24,17088.56,CALL_CENTER,SUCCESS
COL000004407,LOAN00003760,2025-07-31,33817.81,DIGITAL,SUCCESS
COL000004408,LOAN00003760,2025-01-20,28485.26,DIGITAL,SUCCESS
COL000004409,LOAN00003771,2025-01-04,21140.81,CALL_CENTER,SUCCESS
COL000004410,LOAN00003771,2024-10-30,4505.61,DIGITAL,PARTIAL
COL000004411,LOAN00003771,2025-05-18,12424.42,CALL_CENTER,SUCCESS
COL000004412,LOAN00003771,2024-07-26,40229.95,FIELD_AGENT,FAILED
COL000004413,LOAN00003777,2024-04-03,15098.67,FIELD_AGENT,PARTIAL
COL000004414,LOAN00003777,2024-06-23,31050.34,DIGITAL,SUCCESS
COL000004415,LOAN00003777,2024-11-07,5086.73,FIELD_AGENT,SUCCESS
COL000004416,LOAN00003777,2025-03-25,38171.65,FIELD_AGENT,SUCCESS
COL000004417,LOAN00003777,2025-08-08,33172.38,DIGITAL,SUCCESS
COL000004418,LOAN00003780,2025-04-26,24754.92,FIELD_AGENT,SUCCESS
COL000004419,LOAN00003780,2025-08-27,44908.28,FIELD_AGENT,SUCCESS
COL000004420,LOAN00003780,2026-08-13,31551.59,DIGITAL,SUCCESS
COL000004421,LOAN00003780,2025-10-22,32378.54,DIGITAL,SUCCESS
COL000004422,LOAN00003780,2025-02-22,26075.52,CALL_CENTER,SUCCESS
COL000004423,LOAN00003780,2024-07-07,39801.81,FIELD_AGENT,SUCCESS
COL000004424,LOAN00003782,2025-11-01,48005.31,BRANCH,FAILED
COL000004425,LOAN00003786,2025-10-21,44166.9,DIGITAL,SUCCESS
COL000004426,LOAN00003786,2024-09-17,7819.85,BRANCH,SUCCESS
COL000004427,LOAN00003786,2025-02-05,30149.71,FIELD_AGENT,SUCCESS
COL000004428,LOAN00003786,2026-06-21,44740.82,CALL_CENTER,SUCCESS
COL000004429,LOAN00003786,2026-03-05,3673.44,BRANCH,PARTIAL
COL000004430,LOAN00003786,2025-05-01,23468.95,CALL_CENTER,SUCCESS
COL000004431,LOAN00003790,2026-08-15,16052.13,CALL_CENTER,PARTIAL
COL000004432,LOAN00003790,2026-06-25,38480.15,DIGITAL,SUCCESS
COL000004433,LOAN00003790,2025-07-25,10787.17,FIELD_AGENT,SUCCESS
COL000004434,LOAN00003790,2026-07-17,9609.96,FIELD_AGENT,SUCCESS
COL000004435,LOAN00003790,2026-04-30,19831.38,BRANCH,SUCCESS
COL000004436,LOAN00003790,2024-03-26,44079.83,BRANCH,SUCCESS
COL000004437,LOAN00003791,2024-03-11,38328.94,BRANCH,SUCCESS
COL000004438,LOAN00003791,2024-07-22,28008.05,BRANCH,SUCCESS
COL000004439,LOAN00003796,2026-02-19,1259.15,FIELD_AGENT,SUCCESS
COL000004440,LOAN00003796,2026-04-11,33272.32,FIELD_AGENT,SUCCESS
COL000004441,LOAN00003796,2025-12-01,27760.35,DIGITAL,SUCCESS
COL000004442,LOAN00003796,2026-04-05,42143.4,DIGITAL,FAILED
COL000004443,LOAN00003797,2025-05-18,46030.15,CALL_CENTER,PARTIAL
COL000004444,LOAN00003797,2024-12-30,44203.7,DIGITAL,SUCCESS
COL000004445,LOAN00003799,2025-05-26,7550.98,BRANCH,SUCCESS
COL000004446,LOAN00003799,2024-05-22,41284.94,BRANCH,PARTIAL
COL000004447,LOAN00003802,2025-12-08,8439.85,BRANCH,SUCCESS
COL000004448,LOAN00003802,2026-07-07,18969.88,BRANCH,PARTIAL
COL000004449,LOAN00003802,2025-05-06,31296.79,FIELD_AGENT,SUCCESS
COL000004450,LOAN00003802,2025-09-06,4635.71,BRANCH,SUCCESS
COL000004451,LOAN00003804,2024-04-17,12592.01,CALL_CENTER,SUCCESS
COL000004452,LOAN00003804,2025-07-12,27631.0,DIGITAL,SUCCESS
COL000004453,LOAN00003804,2024-07-15,30041.17,BRANCH,FAILED
COL000004454,LOAN00003807,2026-04-25,29467.75,BRANCH,PARTIAL
COL000004455,LOAN00003807,2024-12-11,13653.89,BRANCH,PARTIAL
COL000004456,LOAN00003807,2024-08-16,48219.91,FIELD_AGENT,SUCCESS
COL000004457,LOAN00003807,2026-02-26,9087.68,FIELD_AGENT,PARTIAL
COL000004458,LOAN00003808,2024-04-18,35764.89,FIELD_AGENT,SUCCESS
COL000004459,LOAN00003808,2026-05-05,28521.06,CALL_CENTER,SUCCESS
COL000004460,LOAN00003808,2024-03-10,28899.11,DIGITAL,SUCCESS
COL000004461,LOAN00003814,2026-08-11,4190.73,BRANCH,SUCCESS
COL000004462,LOAN00003814,2025-08-12,34798.94,FIELD_AGENT,SUCCESS
COL000004463,LOAN00003815,2025-09-19,15600.01,DIGITAL,SUCCESS
COL000004464,LOAN00003815,2024-04-07,46936.06,DIGITAL,SUCCESS
COL000004465,LOAN00003815,2025-10-03,22882.77,FIELD_AGENT,SUCCESS
COL000004466,LOAN00003816,2026-06-13,1725.94,BRANCH,PARTIAL
COL000004467,LOAN00003819,2025-07-19,49034.37,BRANCH,SUCCESS
COL000004468,LOAN00003819,2024-06-28,20047.9,DIGITAL,FAILED
COL000004469,LOAN00003819,2026-03-08,45357.67,FIELD_AGENT,FAILED
COL000004470,LOAN00003819,2024-07-09,25085.16,FIELD_AGENT,SUCCESS
COL000004471,LOAN00003819,2025-01-12,29769.48,FIELD_AGENT,SUCCESS
COL000004472,LOAN00003819,2025-11-25,18771.62,FIELD_AGENT,SUCCESS
COL000004473,LOAN00003831,2025-12-21,39203.29,DIGITAL,SUCCESS
COL000004474,LOAN00003831,2024-10-20,16752.58,CALL_CENTER,PARTIAL
COL000004475,LOAN00003831,2026-08-06,23606.75,BRANCH,SUCCESS
COL000004476,LOAN00003831,2025-05-17,40359.63,BRANCH,SUCCESS
COL000004477,LOAN00003831,2025-05-17,35096.07,BRANCH,SUCCESS
COL000004478,LOAN00003834,2024-12-27,29434.94,FIELD_AGENT,PARTIAL
COL000004479,LOAN00003834,2024-07-08,25543.4,DIGITAL,SUCCESS
COL000004480,LOAN00003834,2025-02-02,31507.78,CALL_CENTER,SUCCESS
COL000004481,LOAN00003839,2026-09-25,14848.82,FIELD_AGENT,SUCCESS
COL000004482,LOAN00003839,2025-05-15,11954.83,DIGITAL,SUCCESS
COL000004483,LOAN00003839,2025-11-21,9145.68,DIGITAL,PARTIAL
COL000004484,LOAN00003839,2026-06-07,2277.13,CALL_CENTER,SUCCESS
COL000004485,LOAN00003839,2026-05-07,33440.61,FIELD_AGENT,SUCCESS
COL000004486,LOAN00003839,2026-05-27,18899.71,DIGITAL,FAILED
COL000004487,LOAN00003847,2025-12-25,28744.15,DIGITAL,PARTIAL
COL000004488,LOAN00003847,2026-02-15,48382.27,FIELD_AGENT,SUCCESS
COL000004489,LOAN00003847,2024-06-02,30911.43,DIGITAL,SUCCESS
COL000004490,LOAN00003847,2024-09-11,1391.86,FIELD_AGENT,SUCCESS
COL000004491,LOAN00003847,2025-11-23,38417.4,BRANCH,SUCCESS
COL000004492,LOAN00003848,2025-05-23,24331.72,DIGITAL,SUCCESS
COL000004493,LOAN00003848,2026-07-03,16418.2,FIELD_AGENT,SUCCESS
COL000004494,LOAN00003848,2024-05-06,33613.34,BRANCH,SUCCESS
COL000004495,LOAN00003848,2025-10-12,15555.58,BRANCH,SUCCESS
COL000004496,LOAN00003848,2025-03-23,1110.55,FIELD_AGENT,SUCCESS
COL000004497,LOAN00003848,2024-12-27,43096.36,CALL_CENTER,SUCCESS
COL000004498,LOAN00003850,2025-09-23,17407.34,CALL_CENTER,FAILED
COL000004499,LOAN00003850,2025-04-12,17356.06,DIGITAL,SUCCESS
COL000004500,LOAN00003850,2026-05-13,19353.62,BRANCH,SUCCESS
COL000004501,LOAN00003850,2025-02-13,15781.47,DIGITAL,SUCCESS
COL000004502,LOAN00003855,2025-03-08,22886.29,BRANCH,SUCCESS
COL000004503,LOAN00003855,2024-09-22,9906.11,DIGITAL,SUCCESS
COL000004504,LOAN00003855,2024-07-04,29430.62,DIGITAL,SUCCESS
COL000004505,LOAN00003855,2024-07-19,8044.27,FIELD_AGENT,SUCCESS
COL000004506,LOAN00003855,2026-09-07,9988.58,DIGITAL,SUCCESS
COL000004507,LOAN00003855,2026-02-03,46647.58,DIGITAL,SUCCESS
COL000004508,LOAN00003856,2025-07-15,19328.4,BRANCH,SUCCESS
COL000004509,LOAN00003856,2025-03-02,17290.85,CALL_CENTER,SUCCESS
COL000004510,LOAN00003856,2024-12-17,2272.28,FIELD_AGENT,SUCCESS
COL000004511,LOAN00003863,2026-01-14,17782.8,DIGITAL,PARTIAL
COL000004512,LOAN00003863,2025-08-09,6707.9,DIGITAL,SUCCESS
COL000004513,LOAN00003866,2025-06-11,7174.0,FIELD_AGENT,SUCCESS
COL000004514,LOAN00003866,2025-07-22,31401.02,CALL_CENTER,SUCCESS
COL000004515,LOAN00003866,2026-02-19,16734.63,FIELD_AGENT,SUCCESS
COL000004516,LOAN00003866,2026-06-23,28607.6,CALL_CENTER,FAILED
COL000004517,LOAN00003866,2026-08-01,3121.64,DIGITAL,SUCCESS
COL000004518,LOAN00003869,2025-08-17,41346.74,BRANCH,SUCCESS
COL000004519,LOAN00003869,2025-01-06,20327.73,DIGITAL,SUCCESS
COL000004520,LOAN00003869,2026-03-01,46563.58,FIELD_AGENT,PARTIAL
COL000004521,LOAN00003869,2026-01-23,20481.43,FIELD_AGENT,SUCCESS
COL000004522,LOAN00003869,2025-10-18,47696.7,FIELD_AGENT,SUCCESS
COL000004523,LOAN00003876,2024-11-02,3387.61,BRANCH,PARTIAL
COL000004524,LOAN00003880,2025-08-23,48866.92,BRANCH,SUCCESS
COL000004525,LOAN00003880,2025-04-11,17390.62,FIELD_AGENT,PARTIAL
COL000004526,LOAN00003881,2025-01-18,6290.31,DIGITAL,SUCCESS
COL000004527,LOAN00003881,2024-10-03,48258.9,CALL_CENTER,PARTIAL
COL000004528,LOAN00003887,2026-07-06,27980.92,BRANCH,PARTIAL
COL000004529,LOAN00003887,2026-01-15,48860.5,DIGITAL,SUCCESS
COL000004530,LOAN00003887,2025-07-17,26125.93,BRANCH,SUCCESS
COL000004531,LOAN00003887,2026-03-23,17633.16,BRANCH,SUCCESS
COL000004532,LOAN00003888,2026-06-04,29966.12,BRANCH,SUCCESS
COL000004533,LOAN00003888,2025-08-13,41112.75,FIELD_AGENT,SUCCESS
COL000004534,LOAN00003888,2025-06-13,3171.39,CALL_CENTER,SUCCESS
COL000004535,LOAN00003888,2025-10-30,26868.85,CALL_CENTER,SUCCESS
COL000004536,LOAN00003892,2025-05-10,42563.03,FIELD_AGENT,PARTIAL
COL000004537,LOAN00003892,2025-11-13,18818.66,FIELD_AGENT,SUCCESS
COL000004538,LOAN00003892,2024-10-14,14547.84,BRANCH,SUCCESS
COL000004539,LOAN00003892,2025-02-13,37939.89,DIGITAL,SUCCESS
COL000004540,LOAN00003893,2024-07-27,17209.26,FIELD_AGENT,PARTIAL
COL000004541,LOAN00003893,2024-03-10,39211.24,DIGITAL,SUCCESS
COL000004542,LOAN00003893,2026-05-13,32786.94,FIELD_AGENT,SUCCESS
COL000004543,LOAN00003894,2025-06-11,47583.89,CALL_CENTER,PARTIAL
COL000004544,LOAN00003894,2026-02-02,35582.57,DIGITAL,SUCCESS
COL000004545,LOAN00003897,2026-04-15,33201.65,FIELD_AGENT,SUCCESS
COL000004546,LOAN00003899,2024-03-23,47822.32,CALL_CENTER,PARTIAL
COL000004547,LOAN00003899,2026-04-01,40830.98,FIELD_AGENT,SUCCESS
COL000004548,LOAN00003899,2025-08-31,3096.2,BRANCH,PARTIAL
COL000004549,LOAN00003899,2024-11-02,7292.36,BRANCH,SUCCESS
COL000004550,LOAN00003901,2025-07-27,31675.88,BRANCH,SUCCESS
COL000004551,LOAN00003904,2024-08-24,46885.39,CALL_CENTER,SUCCESS
COL000004552,LOAN00003904,2026-07-23,18058.67,CALL_CENTER,SUCCESS
COL000004553,LOAN00003904,2024-07-29,26762.07,DIGITAL,SUCCESS
COL000004554,LOAN00003904,2024-12-07,41699.81,FIELD_AGENT,PARTIAL
COL000004555,LOAN00003908,2025-10-07,47569.67,FIELD_AGENT,SUCCESS
COL000004556,LOAN00003908,2024-12-08,35666.4,FIELD_AGENT,PARTIAL
COL000004557,LOAN00003913,2025-12-21,12148.62,DIGITAL,PARTIAL
COL000004558,LOAN00003913,2025-06-15,37406.41,FIELD_AGENT,SUCCESS
COL000004559,LOAN00003915,2025-01-19,16702.08,CALL_CENTER,SUCCESS
COL000004560,LOAN00003915,2025-06-24,22570.54,FIELD_AGENT,SUCCESS
COL000004561,LOAN00003915,2025-01-22,6446.39,DIGITAL,SUCCESS
COL000004562,LOAN00003915,2024-06-12,4536.97,CALL_CENTER,SUCCESS
COL000004563,LOAN00003915,2024-09-03,47707.55,DIGITAL,SUCCESS
COL000004564,LOAN00003915,2025-03-18,16393.95,CALL_CENTER,PARTIAL
COL000004565,LOAN00003917,2025-03-13,30308.96,CALL_CENTER,FAILED
COL000004566,LOAN00003917,2025-04-03,48467.99,FIELD_AGENT,SUCCESS
COL000004567,LOAN00003917,2024-08-30,5011.7,BRANCH,PARTIAL
COL000004568,LOAN00003917,2025-05-29,35260.26,DIGITAL,PARTIAL
COL000004569,LOAN00003917,2026-04-24,47735.66,BRANCH,SUCCESS
COL000004570,LOAN00003922,2025-06-26,28666.61,BRANCH,SUCCESS
COL000004571,LOAN00003922,2025-01-03,19335.95,CALL_CENTER,PARTIAL
COL000004572,LOAN00003923,2025-07-27,13551.45,FIELD_AGENT,PARTIAL
COL000004573,LOAN00003923,2026-08-12,48055.51,BRANCH,SUCCESS
COL000004574,LOAN00003926,2024-10-30,30800.65,FIELD_AGENT,SUCCESS
COL000004575,LOAN00003927,2024-12-03,41910.55,FIELD_AGENT,FAILED
COL000004576,LOAN00003927,2024-07-02,7076.25,CALL_CENTER,SUCCESS
COL000004577,LOAN00003927,2024-11-06,21551.32,BRANCH,SUCCESS
COL000004578,LOAN00003927,2025-04-21,26877.9,FIELD_AGENT,SUCCESS
COL000004579,LOAN00003927,2024-05-22,20187.7,BRANCH,PARTIAL
COL000004580,LOAN00003927,2025-09-24,1219.0,CALL_CENTER,SUCCESS
COL000004581,LOAN00003929,2024-04-27,10513.54,CALL_CENTER,SUCCESS
COL000004582,LOAN00003929,2025-08-10,14578.9,DIGITAL,SUCCESS
COL000004583,LOAN00003929,2024-10-20,24951.39,DIGITAL,SUCCESS
COL000004584,LOAN00003929,2025-11-20,4523.52,FIELD_AGENT,SUCCESS
COL000004585,LOAN00003934,2025-05-05,17539.41,BRANCH,SUCCESS
COL000004586,LOAN00003934,2025-09-15,37766.42,DIGITAL,SUCCESS
COL000004587,LOAN00003934,2025-10-19,24631.72,CALL_CENTER,SUCCESS
COL000004588,LOAN00003934,2024-05-24,11011.41,FIELD_AGENT,SUCCESS
COL000004589,LOAN00003946,2025-02-14,32780.68,BRANCH,SUCCESS
COL000004590,LOAN00003946,2026-08-11,24182.86,FIELD_AGENT,SUCCESS
COL000004591,LOAN00003948,2025-01-23,5461.37,CALL_CENTER,SUCCESS
COL000004592,LOAN00003948,2025-07-29,29746.42,DIGITAL,PARTIAL
COL000004593,LOAN00003948,2026-09-28,39171.63,BRANCH,PARTIAL
COL000004594,LOAN00003948,2025-04-22,41940.12,CALL_CENTER,SUCCESS
COL000004595,LOAN00003948,2025-02-22,36350.56,CALL_CENTER,FAILED
COL000004596,LOAN00003948,2025-12-10,42835.3,FIELD_AGENT,SUCCESS
COL000004597,LOAN00003949,2024-09-01,8658.97,CALL_CENTER,PARTIAL
COL000004598,LOAN00003952,2024-06-25,30681.36,BRANCH,SUCCESS
COL000004599,LOAN00003952,2024-06-23,42568.92,BRANCH,FAILED
COL000004600,LOAN00003952,2025-04-20,9059.1,CALL_CENTER,SUCCESS
COL000004601,LOAN00003952,2025-10-06,20475.31,BRANCH,SUCCESS
COL000004602,LOAN00003953,2026-08-26,16772.67,FIELD_AGENT,PARTIAL
COL000004603,LOAN00003954,2025-05-10,43780.13,FIELD_AGENT,SUCCESS
COL000004604,LOAN00003954,2024-08-27,49539.31,FIELD_AGENT,SUCCESS
COL000004605,LOAN00003954,2026-08-17,49172.61,BRANCH,SUCCESS
COL000004606,LOAN00003956,2025-03-20,36598.99,DIGITAL,SUCCESS
COL000004607,LOAN00003956,2026-07-09,3831.02,DIGITAL,PARTIAL
COL000004608,LOAN00003959,2025-12-15,10825.87,CALL_CENTER,FAILED
COL000004609,LOAN00003959,2025-11-02,17024.17,BRANCH,SUCCESS
COL000004610,LOAN00003960,2026-01-19,28350.18,BRANCH,PARTIAL
COL000004611,LOAN00003960,2024-10-03,10424.57,FIELD_AGENT,SUCCESS
COL000004612,LOAN00003960,2024-03-19,31095.2,FIELD_AGENT,SUCCESS
COL000004613,LOAN00003960,2024-06-02,33450.87,DIGITAL,SUCCESS
COL000004614,LOAN00003963,2025-10-06,30796.92,DIGITAL,SUCCESS
COL000004615,LOAN00003971,2024-11-27,5626.85,BRANCH,FAILED
COL000004616,LOAN00003971,2024-03-30,10592.35,BRANCH,SUCCESS
COL000004617,LOAN00003973,2026-05-21,39042.36,CALL_CENTER,SUCCESS
COL000004618,LOAN00003973,2024-11-14,37529.78,DIGITAL,PARTIAL
COL000004619,LOAN00003976,2026-05-18,2225.94,BRANCH,SUCCESS
COL000004620,LOAN00003976,2026-07-14,7259.17,DIGITAL,SUCCESS
COL000004621,LOAN00003977,2025-11-20,46297.03,CALL_CENTER,SUCCESS
COL000004622,LOAN00003977,2026-09-27,31645.55,DIGITAL,SUCCESS
COL000004623,LOAN00003977,2025-12-22,41376.19,BRANCH,SUCCESS
COL000004624,LOAN00003977,2026-05-01,37043.1,CALL_CENTER,SUCCESS
COL000004625,LOAN00003977,2024-12-19,30916.82,DIGITAL,SUCCESS
COL000004626,LOAN00003977,2024-03-15,5216.18,BRANCH,SUCCESS
COL000004627,LOAN00003980,2024-12-20,25481.34,DIGITAL,SUCCESS
COL000004628,LOAN00003980,2025-04-09,49431.92,BRANCH,SUCCESS
COL000004629,LOAN00003980,2025-03-28,5070.86,CALL_CENTER,SUCCESS
COL000004630,LOAN00003980,2024-11-01,23568.54,FIELD_AGENT,SUCCESS
COL000004631,LOAN00003981,2025-08-15,39123.53,DIGITAL,SUCCESS
COL000004632,LOAN00003981,2025-02-09,9127.49,BRANCH,SUCCESS
COL000004633,LOAN00003981,2025-12-23,29081.14,DIGITAL,PARTIAL
COL000004634,LOAN00003981,2026-07-25,17217.23,DIGITAL,SUCCESS
COL000004635,LOAN00003981,2025-01-10,14062.22,BRANCH,SUCCESS
COL000004636,LOAN00003981,2026-05-03,2287.81,CALL_CENTER,SUCCESS
COL000004637,LOAN00003982,2024-12-27,34412.04,DIGITAL,SUCCESS
COL000004638,LOAN00003982,2025-05-24,34832.96,BRANCH,SUCCESS
COL000004639,LOAN00003982,2026-08-30,48365.93,DIGITAL,SUCCESS
COL000004640,LOAN00003982,2024-03-02,2585.03,CALL_CENTER,FAILED
COL000004641,LOAN00003982,2026-07-23,49639.41,DIGITAL,PARTIAL
COL000004642,LOAN00003985,2025-01-04,9506.79,CALL_CENTER,SUCCESS
COL000004643,LOAN00003985,2025-10-25,12899.3,FIELD_AGENT,PARTIAL
COL000004644,LOAN00003985,2025-08-22,12802.0,DIGITAL,SUCCESS
COL000004645,LOAN00003988,2025-07-22,7500.2,DIGITAL,SUCCESS
COL000004646,LOAN00003988,2024-12-25,3417.62,FIELD_AGENT,PARTIAL
COL000004647,LOAN00003990,2024-03-13,48737.3,CALL_CENTER,SUCCESS
COL000004648,LOAN00003990,2025-11-19,44324.97,FIELD_AGENT,SUCCESS
COL000004649,LOAN00003990,2025-10-22,37945.34,BRANCH,PARTIAL
COL000004650,LOAN00003990,2025-03-02,28104.25,DIGITAL,SUCCESS
COL000004651,LOAN00003990,2026-01-15,33356.77,FIELD_AGENT,SUCCESS
COL000004652,LOAN00003990,2024-10-16,8287.73,BRANCH,SUCCESS
COL000004653,LOAN00003992,2024-06-25,13164.89,FIELD_AGENT,SUCCESS
COL000004654,LOAN00003992,2024-11-07,44417.89,DIGITAL,SUCCESS
COL000004655,LOAN00003992,2025-09-06,3543.4,BRANCH,PARTIAL
COL000004656,LOAN00004002,2026-02-27,19616.16,CALL_CENTER,PARTIAL
COL000004657,LOAN00004002,2026-08-23,26740.51,FIELD_AGENT,SUCCESS
COL000004658,LOAN00004002,2024-03-20,16634.82,BRANCH,SUCCESS
COL000004659,LOAN00004003,2025-04-12,15400.91,DIGITAL,SUCCESS
COL000004660,LOAN00004003,2026-02-14,28492.3,FIELD_AGENT,SUCCESS
COL000004661,LOAN00004003,2024-04-19,3853.52,DIGITAL,FAILED
COL000004662,LOAN00004003,2025-07-19,47890.37,BRANCH,PARTIAL
COL000004663,LOAN00004003,2026-08-29,22914.98,DIGITAL,SUCCESS
COL000004664,LOAN00004004,2024-08-19,6752.35,DIGITAL,SUCCESS
COL000004665,LOAN00004004,2026-08-17,7294.32,FIELD_AGENT,FAILED
COL000004666,LOAN00004004,2025-09-21,38904.99,DIGITAL,SUCCESS
COL000004667,LOAN00004004,2025-03-18,23482.18,CALL_CENTER,SUCCESS
COL000004668,LOAN00004004,2026-02-26,45091.0,FIELD_AGENT,PARTIAL
COL000004669,LOAN00004005,2025-12-29,38170.38,BRANCH,PARTIAL
COL000004670,LOAN00004005,2024-12-29,13881.57,BRANCH,SUCCESS
COL000004671,LOAN00004005,2025-08-22,9914.85,CALL_CENTER,SUCCESS
COL000004672,LOAN00004008,2025-10-01,31815.34,FIELD_AGENT,SUCCESS
COL000004673,LOAN00004008,2025-12-24,48568.29,CALL_CENTER,SUCCESS
COL000004674,LOAN00004008,2026-03-30,15841.48,FIELD_AGENT,SUCCESS
COL000004675,LOAN00004008,2024-06-22,17091.17,FIELD_AGENT,SUCCESS
COL000004676,LOAN00004008,2026-03-13,49536.54,CALL_CENTER,PARTIAL
COL000004677,LOAN00004008,2025-04-09,31112.27,DIGITAL,SUCCESS
COL000004678,LOAN00004011,2025-05-26,46508.77,FIELD_AGENT,SUCCESS
COL000004679,LOAN00004011,2025-11-04,16510.34,DIGITAL,PARTIAL
COL000004680,LOAN00004011,2025-05-26,6740.02,BRANCH,SUCCESS
COL000004681,LOAN00004011,2025-11-03,24848.8,DIGITAL,SUCCESS
COL000004682,LOAN00004011,2026-05-28,48302.81,BRANCH,SUCCESS
COL000004683,LOAN00004011,2026-03-03,23659.22,DIGITAL,SUCCESS
COL000004684,LOAN00004012,2026-05-10,7372.54,FIELD_AGENT,SUCCESS
COL000004685,LOAN00004012,2026-06-23,3820.4,BRANCH,SUCCESS
COL000004686,LOAN00004012,2026-09-26,5955.1,FIELD_AGENT,SUCCESS
COL000004687,LOAN00004012,2024-12-21,14613.15,CALL_CENTER,SUCCESS
COL000004688,LOAN00004012,2025-11-08,44816.06,CALL_CENTER,SUCCESS
COL000004689,LOAN00004013,2026-05-19,37090.94,FIELD_AGENT,SUCCESS
COL000004690,LOAN00004013,2025-07-28,12587.98,FIELD_AGENT,PARTIAL
COL000004691,LOAN00004013,2024-11-06,4386.87,FIELD_AGENT,PARTIAL
COL000004692,LOAN00004013,2025-06-28,1763.75,FIELD_AGENT,SUCCESS
COL000004693,LOAN00004016,2024-09-13,14988.55,FIELD_AGENT,SUCCESS
COL000004694,LOAN00004016,2024-07-29,7603.01,CALL_CENTER,SUCCESS
COL000004695,LOAN00004017,2025-10-02,25040.51,DIGITAL,PARTIAL
COL000004696,LOAN00004017,2026-04-25,10820.93,BRANCH,SUCCESS
COL000004697,LOAN00004017,2025-04-20,45083.97,BRANCH,FAILED
COL000004698,LOAN00004031,2024-11-21,26275.95,DIGITAL,PARTIAL
COL000004699,LOAN00004031,2024-09-27,2982.39,FIELD_AGENT,PARTIAL
COL000004700,LOAN00004031,2025-04-03,11959.97,CALL_CENTER,PARTIAL
COL000004701,LOAN00004031,2026-02-09,25865.27,DIGITAL,SUCCESS
COL000004702,LOAN00004032,2024-08-20,40067.1,BRANCH,PARTIAL
COL000004703,LOAN00004032,2026-01-28,49059.09,FIELD_AGENT,SUCCESS
COL000004704,LOAN00004032,2024-09-17,32631.07,FIELD_AGENT,SUCCESS
COL000004705,LOAN00004033,2026-01-29,44952.0,FIELD_AGENT,SUCCESS
COL000004706,LOAN00004034,2026-04-25,32755.65,FIELD_AGENT,SUCCESS
COL000004707,LOAN00004034,2026-05-05,14386.9,DIGITAL,SUCCESS
COL000004708,LOAN00004042,2026-01-30,39912.23,DIGITAL,SUCCESS
COL000004709,LOAN00004042,2024-04-22,16597.07,FIELD_AGENT,PARTIAL
COL000004710,LOAN00004046,2025-02-23,33535.02,CALL_CENTER,FAILED
COL000004711,LOAN00004046,2024-09-01,34359.78,CALL_CENTER,SUCCESS
COL000004712,LOAN00004048,2025-08-01,42390.29,BRANCH,SUCCESS
COL000004713,LOAN00004048,2025-07-12,15377.58,BRANCH,SUCCESS
COL000004714,LOAN00004048,2026-02-28,40585.92,BRANCH,SUCCESS
COL000004715,LOAN00004049,2025-07-04,21898.26,FIELD_AGENT,PARTIAL
COL000004716,LOAN00004049,2025-08-25,42935.17,FIELD_AGENT,SUCCESS
COL000004717,LOAN00004050,2026-01-16,33579.69,FIELD_AGENT,SUCCESS
COL000004718,LOAN00004050,2024-04-25,12792.58,CALL_CENTER,SUCCESS
COL000004719,LOAN00004050,2024-11-03,28078.97,FIELD_AGENT,SUCCESS
COL000004720,LOAN00004050,2024-06-14,20893.14,DIGITAL,PARTIAL
COL000004721,LOAN00004050,2026-05-08,12455.86,CALL_CENTER,SUCCESS
COL000004722,LOAN00004050,2025-11-25,44808.51,BRANCH,SUCCESS
COL000004723,LOAN00004051,2024-08-02,46716.59,DIGITAL,SUCCESS
COL000004724,LOAN00004052,2025-06-11,37412.53,DIGITAL,SUCCESS
COL000004725,LOAN00004052,2024-12-19,17571.68,CALL_CENTER,SUCCESS
COL000004726,LOAN00004052,2025-11-01,27248.35,CALL_CENTER,SUCCESS
COL000004727,LOAN00004052,2024-06-20,15805.82,FIELD_AGENT,SUCCESS
COL000004728,LOAN00004052,2024-05-09,39622.47,FIELD_AGENT,SUCCESS
COL000004729,LOAN00004055,2026-09-15,43260.73,DIGITAL,SUCCESS
COL000004730,LOAN00004055,2024-04-08,23368.59,CALL_CENTER,SUCCESS
COL000004731,LOAN00004055,2024-09-29,20202.36,BRANCH,SUCCESS
COL000004732,LOAN00004055,2025-10-11,16844.66,BRANCH,SUCCESS
COL000004733,LOAN00004055,2025-12-28,29178.28,BRANCH,SUCCESS
COL000004734,LOAN00004056,2024-05-11,21170.32,CALL_CENTER,SUCCESS
COL000004735,LOAN00004058,2025-03-01,37043.27,DIGITAL,SUCCESS
COL000004736,LOAN00004058,2024-12-22,8002.8,FIELD_AGENT,SUCCESS
COL000004737,LOAN00004058,2024-08-24,44789.71,CALL_CENTER,SUCCESS
COL000004738,LOAN00004058,2026-06-25,7142.56,DIGITAL,SUCCESS
COL000004739,LOAN00004058,2026-09-27,32125.05,DIGITAL,SUCCESS
COL000004740,LOAN00004060,2026-06-05,11956.41,FIELD_AGENT,PARTIAL
COL000004741,LOAN00004060,2024-08-28,28106.88,DIGITAL,SUCCESS
COL000004742,LOAN00004060,2026-02-27,20064.86,FIELD_AGENT,SUCCESS
COL000004743,LOAN00004061,2024-03-08,16263.9,CALL_CENTER,SUCCESS
COL000004744,LOAN00004061,2025-08-07,14648.74,BRANCH,SUCCESS
COL000004745,LOAN00004061,2024-03-05,37237.0,DIGITAL,FAILED
COL000004746,LOAN00004064,2025-02-21,20475.32,FIELD_AGENT,FAILED
COL000004747,LOAN00004064,2025-10-28,23195.12,FIELD_AGENT,SUCCESS
COL000004748,LOAN00004064,2026-09-25,13963.17,CALL_CENTER,PARTIAL
COL000004749,LOAN00004064,2025-12-13,2196.08,BRANCH,SUCCESS
COL000004750,LOAN00004064,2024-03-11,14636.95,CALL_CENTER,SUCCESS
COL000004751,LOAN00004065,2026-06-03,36959.28,CALL_CENTER,SUCCESS
COL000004752,LOAN00004065,2024-11-13,1741.78,CALL_CENTER,SUCCESS
COL000004753,LOAN00004065,2024-11-27,44389.93,CALL_CENTER,SUCCESS
COL000004754,LOAN00004066,2024-12-06,32638.01,BRANCH,SUCCESS
COL000004755,LOAN00004066,2024-06-11,45242.24,CALL_CENTER,SUCCESS
COL000004756,LOAN00004066,2024-07-20,45077.23,DIGITAL,PARTIAL
COL000004757,LOAN00004066,2024-03-08,4736.99,DIGITAL,SUCCESS
COL000004758,LOAN00004066,2024-10-12,31330.53,DIGITAL,SUCCESS
COL000004759,LOAN00004075,2025-08-16,23949.28,CALL_CENTER,PARTIAL
COL000004760,LOAN00004076,2026-02-02,23521.19,CALL_CENTER,SUCCESS
COL000004761,LOAN00004076,2024-12-03,30329.07,BRANCH,SUCCESS
COL000004762,LOAN00004076,2024-12-27,1199.17,CALL_CENTER,SUCCESS
COL000004763,LOAN00004076,2025-07-01,38949.27,CALL_CENTER,SUCCESS
COL000004764,LOAN00004076,2025-06-28,41123.32,DIGITAL,PARTIAL
COL000004765,LOAN00004076,2025-07-29,41677.48,BRANCH,PARTIAL
COL000004766,LOAN00004077,2025-04-15,32312.17,FIELD_AGENT,SUCCESS
COL000004767,LOAN00004077,2025-10-17,2976.08,BRANCH,PARTIAL
COL000004768,LOAN00004077,2025-02-05,8989.97,BRANCH,SUCCESS
COL000004769,LOAN00004077,2026-01-10,11412.1,CALL_CENTER,SUCCESS
COL000004770,LOAN00004081,2024-09-02,2681.33,FIELD_AGENT,SUCCESS
COL000004771,LOAN00004081,2025-12-26,24822.35,CALL_CENTER,PARTIAL
COL000004772,LOAN00004084,2026-07-03,39383.98,DIGITAL,SUCCESS
COL000004773,LOAN00004084,2025-01-24,34228.89,FIELD_AGENT,SUCCESS
COL000004774,LOAN00004084,2024-09-13,12558.06,FIELD_AGENT,SUCCESS
COL000004775,LOAN00004084,2026-02-19,25435.21,DIGITAL,SUCCESS
COL000004776,LOAN00004085,2026-06-17,14460.63,FIELD_AGENT,SUCCESS
COL000004777,LOAN00004085,2026-05-06,4495.37,BRANCH,SUCCESS
COL000004778,LOAN00004086,2024-03-27,18034.3,CALL_CENTER,SUCCESS
COL000004779,LOAN00004090,2024-11-24,13503.87,FIELD_AGENT,FAILED
COL000004780,LOAN00004090,2026-09-01,43672.57,DIGITAL,SUCCESS
COL000004781,LOAN00004090,2026-03-17,2844.46,BRANCH,SUCCESS
COL000004782,LOAN00004090,2025-06-11,32690.88,FIELD_AGENT,SUCCESS
COL000004783,LOAN00004090,2025-09-01,36282.64,CALL_CENTER,FAILED
COL000004784,LOAN00004091,2026-02-26,3563.77,CALL_CENTER,SUCCESS
COL000004785,LOAN00004091,2025-08-03,26558.82,CALL_CENTER,SUCCESS
COL000004786,LOAN00004095,2024-10-30,17800.39,BRANCH,SUCCESS
COL000004787,LOAN00004095,2026-09-09,37270.49,FIELD_AGENT,SUCCESS
COL000004788,LOAN00004099,2026-03-12,34641.41,FIELD_AGENT,SUCCESS
COL000004789,LOAN00004099,2024-03-29,43186.12,FIELD_AGENT,SUCCESS
COL000004790,LOAN00004099,2026-01-20,18743.13,CALL_CENTER,SUCCESS
COL000004791,LOAN00004099,2025-11-04,45929.99,CALL_CENTER,SUCCESS
COL000004792,LOAN00004099,2026-07-23,37310.44,DIGITAL,SUCCESS
COL000004793,LOAN00004099,2025-08-30,9805.64,FIELD_AGENT,SUCCESS
COL000004794,LOAN00004100,2024-11-15,6403.45,DIGITAL,PARTIAL
COL000004795,LOAN00004100,2025-12-16,4144.3,FIELD_AGENT,PARTIAL
COL000004796,LOAN00004100,2025-09-01,11824.93,CALL_CENTER,SUCCESS
COL000004797,LOAN00004100,2024-12-24,41259.74,DIGITAL,SUCCESS
COL000004798,LOAN00004100,2024-10-24,36308.01,BRANCH,PARTIAL
COL000004799,LOAN00004108,2025-01-26,46850.05,FIELD_AGENT,PARTIAL
COL000004800,LOAN00004111,2024-04-02,31616.85,DIGITAL,FAILED
COL000004801,LOAN00004111,2025-04-20,36925.61,DIGITAL,SUCCESS
COL000004802,LOAN00004111,2026-02-14,7261.28,BRANCH,SUCCESS
COL000004803,LOAN00004112,2025-02-08,40837.13,CALL_CENTER,SUCCESS
COL000004804,LOAN00004112,2025-08-07,28692.41,FIELD_AGENT,SUCCESS
COL000004805,LOAN00004112,2026-03-16,34904.3,FIELD_AGENT,SUCCESS
COL000004806,LOAN00004112,2026-07-13,29149.67,CALL_CENTER,SUCCESS
COL000004807,LOAN00004118,2025-02-23,31597.7,CALL_CENTER,FAILED
COL000004808,LOAN00004118,2024-11-30,22380.91,FIELD_AGENT,SUCCESS
COL000004809,LOAN00004118,2026-08-31,30298.42,FIELD_AGENT,PARTIAL
COL000004810,LOAN00004118,2025-12-08,41005.2,FIELD_AGENT,SUCCESS
COL000004811,LOAN00004118,2024-06-01,10278.17,DIGITAL,SUCCESS
COL000004812,LOAN00004118,2024-06-12,23358.45,DIGITAL,PARTIAL
COL000004813,LOAN00004119,2024-10-24,40948.59,FIELD_AGENT,SUCCESS
COL000004814,LOAN00004119,2024-09-21,22208.82,DIGITAL,SUCCESS
COL000004815,LOAN00004119,2026-01-26,22010.28,DIGITAL,PARTIAL
COL000004816,LOAN00004119,2025-11-11,43570.33,CALL_CENTER,PARTIAL
COL000004817,LOAN00004123,2024-05-14,40515.86,DIGITAL,SUCCESS
COL000004818,LOAN00004123,2024-10-31,43793.69,CALL_CENTER,SUCCESS
COL000004819,LOAN00004123,2026-07-06,6184.97,FIELD_AGENT,SUCCESS
COL000004820,LOAN00004123,2025-12-06,30942.06,FIELD_AGENT,SUCCESS
COL000004821,LOAN00004125,2025-11-20,36972.32,CALL_CENTER,SUCCESS
COL000004822,LOAN00004125,2024-06-22,35195.45,FIELD_AGENT,SUCCESS
COL000004823,LOAN00004125,2024-12-13,21056.21,BRANCH,SUCCESS
COL000004824,LOAN00004125,2024-12-20,16112.07,BRANCH,SUCCESS
COL000004825,LOAN00004128,2025-03-08,19401.8,DIGITAL,PARTIAL
COL000004826,LOAN00004128,2025-12-01,9053.59,FIELD_AGENT,SUCCESS
COL000004827,LOAN00004128,2025-01-11,31550.21,DIGITAL,SUCCESS
COL000004828,LOAN00004130,2026-04-27,41994.24,BRANCH,SUCCESS
COL000004829,LOAN00004133,2026-08-25,40766.77,BRANCH,FAILED
COL000004830,LOAN00004133,2024-03-17,46871.02,FIELD_AGENT,SUCCESS
COL000004831,LOAN00004133,2026-06-16,23441.52,DIGITAL,PARTIAL
COL000004832,LOAN00004133,2026-08-27,6392.95,CALL_CENTER,FAILED
COL000004833,LOAN00004136,2025-09-01,33316.17,CALL_CENTER,SUCCESS
COL000004834,LOAN00004138,2025-10-17,25714.29,BRANCH,SUCCESS
COL000004835,LOAN00004138,2024-05-24,5006.47,FIELD_AGENT,SUCCESS
COL000004836,LOAN00004138,2025-10-10,35747.21,BRANCH,SUCCESS
COL000004837,LOAN00004142,2024-10-24,17326.22,DIGITAL,SUCCESS
COL000004838,LOAN00004143,2024-03-31,20268.36,BRANCH,PARTIAL
COL000004839,LOAN00004143,2024-07-30,28132.67,DIGITAL,SUCCESS
COL000004840,LOAN00004143,2026-07-26,5748.05,BRANCH,SUCCESS
COL000004841,LOAN00004143,2024-08-02,12006.78,BRANCH,SUCCESS
COL000004842,LOAN00004146,2024-05-19,11720.08,FIELD_AGENT,SUCCESS
COL000004843,LOAN00004146,2026-04-26,12663.6,CALL_CENTER,SUCCESS
COL000004844,LOAN00004146,2025-09-17,34873.04,CALL_CENTER,SUCCESS
COL000004845,LOAN00004146,2025-08-01,49041.58,BRANCH,SUCCESS
COL000004846,LOAN00004146,2026-02-11,6741.23,CALL_CENTER,SUCCESS
COL000004847,LOAN00004147,2025-02-04,36771.7,CALL_CENTER,SUCCESS
COL000004848,LOAN00004149,2025-02-28,28834.42,FIELD_AGENT,SUCCESS
COL000004849,LOAN00004149,2025-10-02,10731.64,CALL_CENTER,SUCCESS
COL000004850,LOAN00004151,2025-02-10,19741.96,DIGITAL,SUCCESS
COL000004851,LOAN00004151,2025-08-23,32817.67,DIGITAL,SUCCESS
COL000004852,LOAN00004151,2024-07-31,36943.59,CALL_CENTER,SUCCESS
COL000004853,LOAN00004156,2025-03-21,37315.11,DIGITAL,SUCCESS
COL000004854,LOAN00004156,2026-09-14,46642.94,FIELD_AGENT,PARTIAL
COL000004855,LOAN00004156,2024-12-10,2327.53,CALL_CENTER,PARTIAL
COL000004856,LOAN00004159,2025-12-08,12945.71,BRANCH,SUCCESS
COL000004857,LOAN00004159,2026-02-05,21016.45,FIELD_AGENT,SUCCESS
COL000004858,LOAN00004159,2025-08-22,12989.49,FIELD_AGENT,SUCCESS
COL000004859,LOAN00004161,2025-03-12,7231.41,DIGITAL,PARTIAL
COL000004860,LOAN00004161,2026-05-25,6553.19,CALL_CENTER,SUCCESS
COL000004861,LOAN00004161,2026-09-20,45302.86,BRANCH,SUCCESS
COL000004862,LOAN00004161,2025-06-28,18281.81,BRANCH,SUCCESS
COL000004863,LOAN00004161,2026-02-09,17167.24,DIGITAL,SUCCESS
COL000004864,LOAN00004170,2024-04-17,48448.27,CALL_CENTER,SUCCESS
COL000004865,LOAN00004170,2024-09-04,32374.35,CALL_CENTER,SUCCESS
COL000004866,LOAN00004170,2025-11-20,27611.21,FIELD_AGENT,FAILED
COL000004867,LOAN00004170,2026-03-25,18794.76,DIGITAL,SUCCESS
COL000004868,LOAN00004171,2026-09-15,2717.07,FIELD_AGENT,SUCCESS
COL000004869,LOAN00004171,2026-08-31,7045.17,DIGITAL,PARTIAL
COL000004870,LOAN00004171,2025-09-15,28933.9,CALL_CENTER,SUCCESS
COL000004871,LOAN00004172,2026-03-15,45270.97,CALL_CENTER,SUCCESS
COL000004872,LOAN00004172,2026-08-07,26906.65,DIGITAL,PARTIAL
COL000004873,LOAN00004172,2026-01-03,28189.94,FIELD_AGENT,SUCCESS
COL000004874,LOAN00004172,2025-05-11,19472.84,BRANCH,SUCCESS
COL000004875,LOAN00004172,2026-04-22,10885.66,DIGITAL,SUCCESS
COL000004876,LOAN00004173,2026-03-13,47283.61,FIELD_AGENT,SUCCESS
COL000004877,LOAN00004173,2024-05-18,11869.6,CALL_CENTER,SUCCESS
COL000004878,LOAN00004173,2024-03-24,5554.32,FIELD_AGENT,PARTIAL
COL000004879,LOAN00004173,2024-08-04,14441.76,BRANCH,PARTIAL
COL000004880,LOAN00004173,2026-05-09,29951.66,CALL_CENTER,SUCCESS
COL000004881,LOAN00004176,2024-10-19,39005.17,CALL_CENTER,SUCCESS
COL000004882,LOAN00004176,2026-09-08,35598.47,FIELD_AGENT,SUCCESS
COL000004883,LOAN00004176,2024-11-10,44070.13,CALL_CENTER,SUCCESS
COL000004884,LOAN00004176,2024-07-06,49735.04,BRANCH,SUCCESS
COL000004885,LOAN00004176,2026-05-27,25241.74,BRANCH,PARTIAL
COL000004886,LOAN00004176,2024-10-07,35163.5,BRANCH,SUCCESS
COL000004887,LOAN00004177,2025-07-03,36862.68,DIGITAL,SUCCESS
COL000004888,LOAN00004177,2024-12-22,47984.68,CALL_CENTER,SUCCESS
COL000004889,LOAN00004180,2025-08-16,13275.49,CALL_CENTER,SUCCESS
COL000004890,LOAN00004180,2024-08-09,41057.43,CALL_CENTER,PARTIAL
COL000004891,LOAN00004185,2024-10-30,41246.67,CALL_CENTER,SUCCESS
COL000004892,LOAN00004185,2026-03-19,13672.04,CALL_CENTER,SUCCESS
COL000004893,LOAN00004185,2024-08-27,38080.91,BRANCH,SUCCESS
COL000004894,LOAN00004185,2025-07-27,17115.3,BRANCH,SUCCESS
COL000004895,LOAN00004185,2024-05-09,32145.94,FIELD_AGENT,PARTIAL
COL000004896,LOAN00004185,2025-04-09,35017.8,FIELD_AGENT,SUCCESS
COL000004897,LOAN00004187,2025-02-10,25600.73,BRANCH,PARTIAL
COL000004898,LOAN00004187,2024-04-11,14064.72,CALL_CENTER,PARTIAL
COL000004899,LOAN00004187,2025-08-06,16574.89,FIELD_AGENT,PARTIAL
COL000004900,LOAN00004187,2025-01-31,25139.87,DIGITAL,SUCCESS
COL000004901,LOAN00004187,2025-09-21,47681.02,CALL_CENTER,SUCCESS
COL000004902,LOAN00004188,2024-06-24,7713.11,CALL_CENTER,SUCCESS
COL000004903,LOAN00004188,2026-08-06,16495.14,FIELD_AGENT,SUCCESS
COL000004904,LOAN00004188,2024-07-07,26490.98,CALL_CENTER,SUCCESS
COL000004905,LOAN00004188,2025-04-05,48064.17,BRANCH,SUCCESS
COL000004906,LOAN00004188,2026-07-13,5255.63,CALL_CENTER,SUCCESS
COL000004907,LOAN00004189,2024-09-09,18156.53,FIELD_AGENT,PARTIAL
COL000004908,LOAN00004190,2024-04-13,26826.03,CALL_CENTER,PARTIAL
COL000004909,LOAN00004194,2024-10-31,40924.91,BRANCH,SUCCESS
COL000004910,LOAN00004194,2024-08-17,44411.47,FIELD_AGENT,SUCCESS
COL000004911,LOAN00004194,2025-11-30,37032.27,FIELD_AGENT,PARTIAL
COL000004912,LOAN00004194,2025-09-28,35178.03,FIELD_AGENT,SUCCESS
COL000004913,LOAN00004201,2026-03-01,25076.65,CALL_CENTER,SUCCESS
COL000004914,LOAN00004201,2024-05-29,16093.11,BRANCH,FAILED
COL000004915,LOAN00004201,2026-09-16,30271.84,FIELD_AGENT,SUCCESS
COL000004916,LOAN00004201,2026-04-17,20023.84,CALL_CENTER,FAILED
COL000004917,LOAN00004201,2024-08-27,16007.2,CALL_CENTER,SUCCESS
COL000004918,LOAN00004201,2024-12-16,35963.3,FIELD_AGENT,SUCCESS
COL000004919,LOAN00004204,2024-05-27,30189.32,DIGITAL,PARTIAL
COL000004920,LOAN00004204,2025-01-20,45617.72,FIELD_AGENT,SUCCESS
COL000004921,LOAN00004204,2026-06-09,16847.6,DIGITAL,PARTIAL
COL000004922,LOAN00004205,2026-03-27,40466.67,FIELD_AGENT,FAILED
COL000004923,LOAN00004205,2026-04-22,49134.96,DIGITAL,SUCCESS
COL000004924,LOAN00004207,2026-09-10,31969.06,BRANCH,SUCCESS
COL000004925,LOAN00004209,2025-01-14,40806.3,DIGITAL,SUCCESS
COL000004926,LOAN00004209,2026-01-15,29117.31,BRANCH,SUCCESS
COL000004927,LOAN00004209,2025-02-15,5303.93,CALL_CENTER,SUCCESS
COL000004928,LOAN00004209,2026-05-10,36891.51,CALL_CENTER,PARTIAL
COL000004929,LOAN00004209,2026-01-24,1192.44,DIGITAL,SUCCESS
COL000004930,LOAN00004216,2025-01-02,21951.65,FIELD_AGENT,SUCCESS
COL000004931,LOAN00004217,2025-12-11,40688.37,FIELD_AGENT,SUCCESS
COL000004932,LOAN00004217,2025-06-25,44599.07,CALL_CENTER,SUCCESS
COL000004933,LOAN00004217,2026-03-02,41864.69,CALL_CENTER,SUCCESS
COL000004934,LOAN00004217,2025-05-19,11044.44,FIELD_AGENT,SUCCESS
COL000004935,LOAN00004217,2025-04-22,6863.0,DIGITAL,SUCCESS
COL000004936,LOAN00004218,2024-06-01,26153.07,BRANCH,SUCCESS
COL000004937,LOAN00004218,2026-01-24,39056.45,DIGITAL,SUCCESS
COL000004938,LOAN00004218,2026-04-23,26081.19,FIELD_AGENT,PARTIAL
COL000004939,LOAN00004218,2026-08-03,3879.09,DIGITAL,PARTIAL
COL000004940,LOAN00004221,2024-12-14,30796.31,BRANCH,SUCCESS
COL000004941,LOAN00004221,2026-01-31,21294.12,DIGITAL,PARTIAL
COL000004942,LOAN00004221,2026-07-11,3121.4,BRANCH,SUCCESS
COL000004943,LOAN00004221,2024-03-06,12336.64,DIGITAL,SUCCESS
COL000004944,LOAN00004221,2025-02-19,27288.33,CALL_CENTER,SUCCESS
COL000004945,LOAN00004221,2024-08-19,33155.33,CALL_CENTER,SUCCESS
COL000004946,LOAN00004223,2026-03-22,20711.37,FIELD_AGENT,SUCCESS
COL000004947,LOAN00004223,2026-05-14,48162.53,DIGITAL,SUCCESS
COL000004948,LOAN00004223,2025-07-06,47385.92,BRANCH,FAILED
COL000004949,LOAN00004223,2025-08-04,25274.79,FIELD_AGENT,PARTIAL
COL000004950,LOAN00004223,2026-01-20,12910.32,DIGITAL,SUCCESS
COL000004951,LOAN00004229,2025-01-29,5755.35,CALL_CENTER,SUCCESS
COL000004952,LOAN00004230,2024-08-04,24675.42,BRANCH,SUCCESS
COL000004953,LOAN00004230,2026-01-18,15718.0,CALL_CENTER,SUCCESS
COL000004954,LOAN00004232,2026-04-23,4311.86,FIELD_AGENT,SUCCESS
COL000004955,LOAN00004234,2025-04-05,32874.78,CALL_CENTER,PARTIAL
COL000004956,LOAN00004234,2024-08-23,23852.39,DIGITAL,PARTIAL
COL000004957,LOAN00004236,2026-08-04,22413.65,BRANCH,PARTIAL
COL000004958,LOAN00004238,2024-09-01,18814.99,DIGITAL,SUCCESS
COL000004959,LOAN00004239,2025-11-07,36272.72,DIGITAL,SUCCESS
COL000004960,LOAN00004239,2026-04-11,4297.37,CALL_CENTER,PARTIAL
COL000004961,LOAN00004239,2026-01-03,40725.6,DIGITAL,PARTIAL
COL000004962,LOAN00004239,2025-04-27,45313.98,BRANCH,SUCCESS
COL000004963,LOAN00004240,2024-05-12,38262.74,BRANCH,SUCCESS
COL000004964,LOAN00004240,2026-05-07,39369.51,BRANCH,SUCCESS
COL000004965,LOAN00004240,2025-09-27,17028.13,CALL_CENTER,SUCCESS
COL000004966,LOAN00004240,2026-04-13,47232.55,BRANCH,SUCCESS
COL000004967,LOAN00004240,2025-01-26,16273.58,FIELD_AGENT,SUCCESS
COL000004968,LOAN00004241,2024-04-23,19840.99,FIELD_AGENT,PARTIAL
COL000004969,LOAN00004241,2025-11-25,48120.41,DIGITAL,SUCCESS
COL000004970,LOAN00004241,2024-03-17,11043.16,DIGITAL,SUCCESS
COL000004971,LOAN00004241,2026-03-08,12361.11,CALL_CENTER,SUCCESS
COL000004972,LOAN00004244,2025-08-21,47709.65,BRANCH,SUCCESS
COL000004973,LOAN00004244,2024-03-20,46411.08,DIGITAL,SUCCESS
COL000004974,LOAN00004245,2026-01-11,37692.39,DIGITAL,FAILED
COL000004975,LOAN00004245,2025-02-16,44964.05,BRANCH,SUCCESS
COL000004976,LOAN00004252,2025-11-25,16545.94,CALL_CENTER,SUCCESS
COL000004977,LOAN00004252,2024-10-06,47201.24,CALL_CENTER,SUCCESS
COL000004978,LOAN00004252,2025-07-22,5947.84,DIGITAL,PARTIAL
COL000004979,LOAN00004253,2025-10-08,42458.72,BRANCH,SUCCESS
COL000004980,LOAN00004253,2025-06-05,39200.9,CALL_CENTER,SUCCESS
COL000004981,LOAN00004253,2024-05-15,11206.86,FIELD_AGENT,SUCCESS
COL000004982,LOAN00004253,2025-11-09,49450.7,FIELD_AGENT,SUCCESS
COL000004983,LOAN00004253,2026-07-06,3103.92,FIELD_AGENT,SUCCESS
COL000004984,LOAN00004256,2025-03-30,35982.48,FIELD_AGENT,SUCCESS
COL000004985,LOAN00004256,2026-06-07,16904.87,DIGITAL,SUCCESS
COL000004986,LOAN00004256,2024-04-30,37081.74,BRANCH,SUCCESS
COL000004987,LOAN00004256,2024-07-07,46372.21,FIELD_AGENT,SUCCESS
COL000004988,LOAN00004256,2026-01-05,5189.4,DIGITAL,SUCCESS
COL000004989,LOAN00004257,2025-12-26,18764.34,BRANCH,SUCCESS
COL000004990,LOAN00004257,2025-11-11,41209.92,FIELD_AGENT,SUCCESS
COL000004991,LOAN00004257,2025-04-04,13827.54,BRANCH,SUCCESS
COL000004992,LOAN00004257,2025-09-12,11663.74,BRANCH,SUCCESS
COL000004993,LOAN00004258,2024-03-10,13979.31,BRANCH,SUCCESS
COL000004994,LOAN00004259,2024-05-05,11141.6,DIGITAL,SUCCESS
COL000004995,LOAN00004259,2024-03-01,28127.96,CALL_CENTER,PARTIAL
COL000004996,LOAN00004259,2026-01-07,27268.16,DIGITAL,SUCCESS
COL000004997,LOAN00004259,2024-03-24,19821.62,FIELD_AGENT,SUCCESS
COL000004998,LOAN00004259,2026-02-08,1992.99,CALL_CENTER,SUCCESS
COL000004999,LOAN00004259,2024-08-21,1834.57,BRANCH,SUCCESS
COL000005000,LOAN00004260,2025-05-19,31160.6,CALL_CENTER,SUCCESS
COL000005001,LOAN00004260,2025-03-20,40465.38,FIELD_AGENT,SUCCESS
COL000005002,LOAN00004260,2026-04-06,3298.82,CALL_CENTER,SUCCESS
COL000005003,LOAN00004260,2026-03-29,26499.06,BRANCH,FAILED
COL000005004,LOAN00004263,2024-05-28,43290.6,CALL_CENTER,SUCCESS
COL000005005,LOAN00004265,2026-04-12,11205.62,BRANCH,SUCCESS
COL000005006,LOAN00004265,2025-01-30,46588.1,CALL_CENTER,SUCCESS
COL000005007,LOAN00004265,2026-05-29,17894.83,CALL_CENTER,FAILED
COL000005008,LOAN00004265,2025-01-09,47949.64,DIGITAL,SUCCESS
COL000005009,LOAN00004267,2026-03-08,39246.08,CALL_CENTER,SUCCESS
COL000005010,LOAN00004267,2025-04-15,49331.23,DIGITAL,SUCCESS
COL000005011,LOAN00004267,2025-05-28,5221.32,DIGITAL,SUCCESS
COL000005012,LOAN00004267,2025-12-24,42701.97,BRANCH,SUCCESS
COL000005013,LOAN00004268,2025-09-22,29010.78,FIELD_AGENT,SUCCESS
COL000005014,LOAN00004268,2024-06-28,42469.84,DIGITAL,SUCCESS
COL000005015,LOAN00004270,2026-09-28,13974.52,CALL_CENTER,SUCCESS
COL000005016,LOAN00004270,2025-02-15,32413.3,BRANCH,SUCCESS
COL000005017,LOAN00004276,2025-12-07,9305.18,BRANCH,PARTIAL
COL000005018,LOAN00004276,2025-01-06,37008.68,BRANCH,SUCCESS
COL000005019,LOAN00004276,2025-11-24,46273.92,DIGITAL,SUCCESS
COL000005020,LOAN00004276,2025-09-24,48769.15,DIGITAL,PARTIAL
COL000005021,LOAN00004276,2024-09-17,19145.36,BRANCH,SUCCESS
COL000005022,LOAN00004282,2025-06-11,47504.36,CALL_CENTER,SUCCESS
COL000005023,LOAN00004283,2024-12-29,33899.15,FIELD_AGENT,SUCCESS
COL000005024,LOAN00004283,2025-12-19,14417.11,DIGITAL,SUCCESS
COL000005025,LOAN00004283,2025-08-02,15825.97,DIGITAL,PARTIAL
COL000005026,LOAN00004283,2026-08-27,33107.23,DIGITAL,PARTIAL
COL000005027,LOAN00004283,2024-12-25,31738.03,DIGITAL,SUCCESS
COL000005028,LOAN00004283,2025-02-13,10423.54,CALL_CENTER,SUCCESS
COL000005029,LOAN00004284,2024-12-20,24952.65,BRANCH,SUCCESS
COL000005030,LOAN00004285,2024-09-07,21003.07,FIELD_AGENT,PARTIAL
COL000005031,LOAN00004285,2025-04-16,18755.34,DIGITAL,SUCCESS
COL000005032,LOAN00004285,2025-12-29,6230.28,CALL_CENTER,SUCCESS
COL000005033,LOAN00004290,2026-03-21,28743.57,CALL_CENTER,SUCCESS
COL000005034,LOAN00004290,2025-03-02,34889.47,CALL_CENTER,SUCCESS
COL000005035,LOAN00004290,2024-04-22,6033.61,FIELD_AGENT,SUCCESS
COL000005036,LOAN00004300,2026-01-01,39970.2,DIGITAL,SUCCESS
COL000005037,LOAN00004300,2025-04-20,17134.0,CALL_CENTER,SUCCESS
COL000005038,LOAN00004306,2026-08-25,37090.79,DIGITAL,PARTIAL
COL000005039,LOAN00004306,2024-10-24,19430.3,DIGITAL,SUCCESS
COL000005040,LOAN00004306,2025-08-20,41169.96,DIGITAL,SUCCESS
COL000005041,LOAN00004306,2025-07-17,8245.99,BRANCH,SUCCESS
COL000005042,LOAN00004306,2026-04-28,24933.48,FIELD_AGENT,SUCCESS
COL000005043,LOAN00004307,2024-09-10,18176.86,FIELD_AGENT,SUCCESS
COL000005044,LOAN00004307,2026-07-24,11428.14,FIELD_AGENT,SUCCESS
COL000005045,LOAN00004307,2025-04-24,5544.05,CALL_CENTER,PARTIAL
COL000005046,LOAN00004307,2025-03-26,39445.48,DIGITAL,SUCCESS
COL000005047,LOAN00004314,2025-10-04,30808.26,FIELD_AGENT,SUCCESS
COL000005048,LOAN00004320,2025-03-26,13078.87,DIGITAL,SUCCESS
COL000005049,LOAN00004320,2025-02-23,5350.42,FIELD_AGENT,SUCCESS
COL000005050,LOAN00004322,2024-03-28,28952.12,DIGITAL,PARTIAL
COL000005051,LOAN00004322,2024-06-23,37597.49,CALL_CENTER,SUCCESS
COL000005052,LOAN00004325,2026-04-03,16722.75,CALL_CENTER,SUCCESS
COL000005053,LOAN00004325,2025-08-28,16047.21,DIGITAL,SUCCESS
COL000005054,LOAN00004325,2024-06-13,17033.43,CALL_CENTER,SUCCESS
COL000005055,LOAN00004325,2024-08-24,44279.08,BRANCH,SUCCESS
COL000005056,LOAN00004330,2026-04-22,25166.86,CALL_CENTER,SUCCESS
COL000005057,LOAN00004330,2024-05-26,29521.05,CALL_CENTER,SUCCESS
COL000005058,LOAN00004330,2024-11-01,14292.34,FIELD_AGENT,SUCCESS
COL000005059,LOAN00004330,2024-07-08,24677.61,DIGITAL,SUCCESS
COL000005060,LOAN00004330,2024-05-13,14817.11,FIELD_AGENT,SUCCESS
COL000005061,LOAN00004331,2024-06-24,31080.32,CALL_CENTER,SUCCESS
COL000005062,LOAN00004331,2024-03-28,6503.8,CALL_CENTER,SUCCESS
COL000005063,LOAN00004331,2025-09-07,43880.26,CALL_CENTER,SUCCESS
COL000005064,LOAN00004331,2026-09-12,36495.06,DIGITAL,SUCCESS
COL000005065,LOAN00004331,2026-03-14,19581.46,CALL_CENTER,FAILED
COL000005066,LOAN00004331,2025-09-06,5249.6,BRANCH,PARTIAL
COL000005067,LOAN00004333,2024-09-10,37473.67,FIELD_AGENT,SUCCESS
COL000005068,LOAN00004333,2026-08-22,21888.44,CALL_CENTER,SUCCESS
COL000005069,LOAN00004333,2024-06-28,11605.13,DIGITAL,SUCCESS
COL000005070,LOAN00004333,2025-11-19,44450.35,FIELD_AGENT,SUCCESS
COL000005071,LOAN00004333,2024-11-08,37679.15,DIGITAL,SUCCESS
COL000005072,LOAN00004333,2025-01-14,8463.84,CALL_CENTER,SUCCESS
COL000005073,LOAN00004337,2024-09-05,11499.52,CALL_CENTER,SUCCESS
COL000005074,LOAN00004337,2024-12-04,37514.54,DIGITAL,SUCCESS
COL000005075,LOAN00004337,2026-05-06,27226.9,BRANCH,SUCCESS
COL000005076,LOAN00004337,2024-12-10,5597.61,DIGITAL,PARTIAL
COL000005077,LOAN00004337,2026-06-16,17724.24,CALL_CENTER,SUCCESS
COL000005078,LOAN00004338,2024-06-30,13872.99,CALL_CENTER,SUCCESS
COL000005079,LOAN00004340,2026-07-14,10548.22,DIGITAL,FAILED
COL000005080,LOAN00004340,2025-08-06,28223.12,DIGITAL,PARTIAL
COL000005081,LOAN00004340,2024-12-25,11362.67,FIELD_AGENT,SUCCESS
COL000005082,LOAN00004340,2026-07-22,1889.45,DIGITAL,SUCCESS
COL000005083,LOAN00004344,2024-12-29,17024.1,FIELD_AGENT,FAILED
COL000005084,LOAN00004344,2025-05-10,36167.34,CALL_CENTER,SUCCESS
COL000005085,LOAN00004345,2024-06-15,48375.27,BRANCH,SUCCESS
COL000005086,LOAN00004345,2026-05-01,42037.63,FIELD_AGENT,SUCCESS
COL000005087,LOAN00004346,2025-02-20,40694.76,BRANCH,PARTIAL
COL000005088,LOAN00004346,2024-10-21,45076.74,DIGITAL,SUCCESS
COL000005089,LOAN00004346,2024-12-30,20985.7,CALL_CENTER,PARTIAL
COL000005090,LOAN00004348,2025-12-11,11608.99,CALL_CENTER,SUCCESS
COL000005091,LOAN00004348,2025-01-28,28084.19,BRANCH,PARTIAL
COL000005092,LOAN00004348,2025-03-18,9756.62,DIGITAL,SUCCESS
COL000005093,LOAN00004348,2024-09-07,11784.38,FIELD_AGENT,SUCCESS
COL000005094,LOAN00004348,2024-07-16,27829.49,BRANCH,SUCCESS
COL000005095,LOAN00004349,2026-08-04,42962.11,CALL_CENTER,SUCCESS
COL000005096,LOAN00004349,2025-04-18,40050.3,BRANCH,SUCCESS
COL000005097,LOAN00004355,2026-02-16,33872.77,FIELD_AGENT,SUCCESS
COL000005098,LOAN00004355,2025-12-16,39880.34,BRANCH,SUCCESS
COL000005099,LOAN00004355,2025-11-13,41751.52,BRANCH,SUCCESS
COL000005100,LOAN00004355,2024-09-16,10446.91,DIGITAL,SUCCESS
COL000005101,LOAN00004357,2025-08-18,11707.58,CALL_CENTER,SUCCESS
COL000005102,LOAN00004357,2026-06-05,33043.04,DIGITAL,SUCCESS
COL000005103,LOAN00004357,2026-02-04,35099.35,FIELD_AGENT,SUCCESS
COL000005104,LOAN00004357,2025-08-26,43529.46,FIELD_AGENT,SUCCESS
COL000005105,LOAN00004357,2025-07-22,12113.61,DIGITAL,SUCCESS
COL000005106,LOAN00004358,2024-12-19,24278.97,BRANCH,SUCCESS
COL000005107,LOAN00004362,2025-06-04,40865.56,FIELD_AGENT,SUCCESS
COL000005108,LOAN00004362,2024-03-05,17007.2,FIELD_AGENT,FAILED
COL000005109,LOAN00004362,2025-10-24,21161.51,DIGITAL,PARTIAL
COL000005110,LOAN00004362,2025-04-24,21956.01,CALL_CENTER,SUCCESS
COL000005111,LOAN00004369,2026-09-13,14178.67,CALL_CENTER,SUCCESS
COL000005112,LOAN00004369,2024-04-22,4592.06,BRANCH,SUCCESS
COL000005113,LOAN00004369,2024-07-30,4673.69,CALL_CENTER,PARTIAL
COL000005114,LOAN00004370,2025-02-16,2576.04,BRANCH,SUCCESS
COL000005115,LOAN00004370,2024-12-07,27144.84,DIGITAL,PARTIAL
COL000005116,LOAN00004370,2025-02-26,46025.97,BRANCH,SUCCESS
COL000005117,LOAN00004370,2025-05-23,33885.77,CALL_CENTER,SUCCESS
COL000005118,LOAN00004370,2026-02-15,29179.01,FIELD_AGENT,PARTIAL
COL000005119,LOAN00004372,2025-08-25,17111.76,BRANCH,SUCCESS
COL000005120,LOAN00004372,2025-12-12,13783.69,DIGITAL,SUCCESS
COL000005121,LOAN00004372,2024-11-26,8565.41,BRANCH,SUCCESS
COL000005122,LOAN00004372,2025-12-08,15274.09,DIGITAL,SUCCESS
COL000005123,LOAN00004372,2024-10-23,19536.15,BRANCH,PARTIAL
COL000005124,LOAN00004373,2025-01-25,22797.32,BRANCH,SUCCESS
COL000005125,LOAN00004373,2025-07-11,1516.33,CALL_CENTER,SUCCESS
COL000005126,LOAN00004374,2025-01-18,38744.16,FIELD_AGENT,SUCCESS
COL000005127,LOAN00004374,2025-09-07,47110.95,DIGITAL,FAILED
COL000005128,LOAN00004374,2025-11-20,14748.33,FIELD_AGENT,SUCCESS
COL000005129,LOAN00004374,2026-03-12,22670.37,CALL_CENTER,SUCCESS
COL000005130,LOAN00004375,2024-06-14,48806.22,CALL_CENTER,SUCCESS
COL000005131,LOAN00004375,2026-01-15,31075.08,FIELD_AGENT,SUCCESS
COL000005132,LOAN00004375,2024-12-17,11798.38,CALL_CENTER,SUCCESS
COL000005133,LOAN00004375,2026-09-11,33810.0,FIELD_AGENT,PARTIAL
COL000005134,LOAN00004379,2025-01-16,17185.32,DIGITAL,SUCCESS
COL000005135,LOAN00004379,2024-12-04,6309.28,FIELD_AGENT,SUCCESS
COL000005136,LOAN00004379,2026-05-19,47503.15,DIGITAL,SUCCESS
COL000005137,LOAN00004379,2024-09-02,2923.25,DIGITAL,PARTIAL
COL000005138,LOAN00004380,2024-10-03,47972.46,DIGITAL,SUCCESS
COL000005139,LOAN00004380,2025-02-03,20811.61,FIELD_AGENT,SUCCESS
COL000005140,LOAN00004380,2024-11-09,6270.97,CALL_CENTER,SUCCESS
COL000005141,LOAN00004380,2024-04-03,30221.4,FIELD_AGENT,SUCCESS
COL000005142,LOAN00004380,2024-08-22,38761.87,CALL_CENTER,SUCCESS
COL000005143,LOAN00004380,2024-03-20,12510.67,DIGITAL,SUCCESS
COL000005144,LOAN00004382,2025-10-12,28751.89,BRANCH,SUCCESS
COL000005145,LOAN00004382,2024-05-09,4725.82,CALL_CENTER,SUCCESS
COL000005146,LOAN00004382,2026-08-20,2021.96,DIGITAL,PARTIAL
COL000005147,LOAN00004389,2026-03-29,45074.99,BRANCH,FAILED
COL000005148,LOAN00004390,2024-09-22,2395.78,BRANCH,SUCCESS
COL000005149,LOAN00004390,2024-12-30,29313.71,BRANCH,SUCCESS
COL000005150,LOAN00004390,2025-03-28,20750.17,FIELD_AGENT,SUCCESS
COL000005151,LOAN00004390,2025-07-23,20802.92,BRANCH,SUCCESS
COL000005152,LOAN00004390,2026-04-26,20405.26,DIGITAL,PARTIAL
COL000005153,LOAN00004392,2026-07-21,45976.86,FIELD_AGENT,PARTIAL
COL000005154,LOAN00004392,2025-03-22,24538.61,CALL_CENTER,SUCCESS
COL000005155,LOAN00004392,2024-07-28,34375.23,CALL_CENTER,SUCCESS
COL000005156,LOAN00004392,2025-10-22,44327.12,CALL_CENTER,SUCCESS
COL000005157,LOAN00004392,2025-04-16,38969.67,FIELD_AGENT,SUCCESS
COL000005158,LOAN00004395,2025-02-17,3800.91,DIGITAL,SUCCESS
COL000005159,LOAN00004395,2024-05-23,40668.96,BRANCH,PARTIAL
COL000005160,LOAN00004395,2026-01-05,12913.11,FIELD_AGENT,SUCCESS
COL000005161,LOAN00004395,2024-04-28,38104.48,FIELD_AGENT,PARTIAL
COL000005162,LOAN00004395,2024-08-23,13073.16,DIGITAL,SUCCESS
COL000005163,LOAN00004395,2025-10-04,24810.97,BRANCH,PARTIAL
COL000005164,LOAN00004399,2026-03-19,10907.95,BRANCH,SUCCESS
COL000005165,LOAN00004399,2025-05-02,28223.39,CALL_CENTER,SUCCESS
COL000005166,LOAN00004399,2024-05-13,17640.36,BRANCH,SUCCESS
COL000005167,LOAN00004399,2025-01-28,48172.82,FIELD_AGENT,SUCCESS
COL000005168,LOAN00004399,2025-06-27,11324.63,FIELD_AGENT,SUCCESS
COL000005169,LOAN00004399,2025-03-29,31344.04,FIELD_AGENT,SUCCESS
COL000005170,LOAN00004401,2026-08-16,41946.31,DIGITAL,SUCCESS
COL000005171,LOAN00004404,2025-07-04,44258.58,DIGITAL,SUCCESS
COL000005172,LOAN00004404,2025-05-10,26376.46,BRANCH,SUCCESS
COL000005173,LOAN00004405,2024-09-01,9837.77,FIELD_AGENT,SUCCESS
COL000005174,LOAN00004405,2025-04-12,7825.21,BRANCH,SUCCESS
COL000005175,LOAN00004405,2025-02-25,15481.36,DIGITAL,SUCCESS
COL000005176,LOAN00004405,2026-08-07,9122.56,CALL_CENTER,PARTIAL
COL000005177,LOAN00004410,2025-12-29,5024.97,FIELD_AGENT,SUCCESS
COL000005178,LOAN00004412,2025-06-12,12039.51,FIELD_AGENT,SUCCESS
COL000005179,LOAN00004414,2026-05-18,3885.78,FIELD_AGENT,SUCCESS
COL000005180,LOAN00004414,2025-05-19,39125.42,DIGITAL,SUCCESS
COL000005181,LOAN00004414,2024-05-29,3445.7,BRANCH,SUCCESS
COL000005182,LOAN00004414,2024-10-08,27046.11,CALL_CENTER,SUCCESS
COL000005183,LOAN00004421,2024-10-07,25112.13,DIGITAL,SUCCESS
COL000005184,LOAN00004421,2025-03-08,34710.8,DIGITAL,PARTIAL
COL000005185,LOAN00004425,2024-10-13,28155.84,BRANCH,SUCCESS
COL000005186,LOAN00004425,2024-06-03,41759.4,FIELD_AGENT,SUCCESS
COL000005187,LOAN00004425,2024-07-22,34126.43,FIELD_AGENT,SUCCESS
COL000005188,LOAN00004425,2025-10-08,10436.28,BRANCH,PARTIAL
COL000005189,LOAN00004425,2024-08-31,37506.95,CALL_CENTER,SUCCESS
COL000005190,LOAN00004425,2025-03-28,43824.92,CALL_CENTER,FAILED
COL000005191,LOAN00004426,2024-09-21,33517.83,CALL_CENTER,SUCCESS
COL000005192,LOAN00004426,2024-05-08,30049.78,BRANCH,SUCCESS
COL000005193,LOAN00004426,2024-11-16,37900.24,DIGITAL,PARTIAL
COL000005194,LOAN00004426,2024-10-25,46999.51,BRANCH,SUCCESS
COL000005195,LOAN00004426,2025-12-22,12312.61,DIGITAL,PARTIAL
COL000005196,LOAN00004428,2025-03-28,28262.09,BRANCH,PARTIAL
COL000005197,LOAN00004428,2024-03-19,49951.77,DIGITAL,SUCCESS
COL000005198,LOAN00004431,2026-04-01,15894.51,BRANCH,SUCCESS
COL000005199,LOAN00004431,2024-09-18,38630.46,CALL_CENTER,SUCCESS
COL000005200,LOAN00004431,2025-11-29,45474.03,FIELD_AGENT,PARTIAL
COL000005201,LOAN00004431,2025-02-24,8554.34,DIGITAL,SUCCESS
COL000005202,LOAN00004433,2025-05-12,46457.49,CALL_CENTER,SUCCESS
COL000005203,LOAN00004433,2026-02-09,42549.38,DIGITAL,SUCCESS
COL000005204,LOAN00004433,2025-06-04,35154.34,FIELD_AGENT,PARTIAL
COL000005205,LOAN00004433,2024-12-07,14885.2,BRANCH,SUCCESS
COL000005206,LOAN00004437,2024-11-20,23516.18,FIELD_AGENT,SUCCESS
COL000005207,LOAN00004437,2026-05-18,21674.31,CALL_CENTER,PARTIAL
COL000005208,LOAN00004438,2024-08-07,11094.38,CALL_CENTER,SUCCESS
COL000005209,LOAN00004438,2025-11-23,10670.63,DIGITAL,FAILED
COL000005210,LOAN00004438,2026-05-06,6463.83,FIELD_AGENT,SUCCESS
COL000005211,LOAN00004438,2026-05-26,1799.57,CALL_CENTER,SUCCESS
COL000005212,LOAN00004440,2025-05-08,38628.18,BRANCH,SUCCESS
COL000005213,LOAN00004440,2024-08-01,37890.88,CALL_CENTER,SUCCESS
COL000005214,LOAN00004440,2024-06-20,25903.89,CALL_CENTER,SUCCESS
COL000005215,LOAN00004440,2025-07-26,23270.55,DIGITAL,SUCCESS
COL000005216,LOAN00004440,2026-05-28,10885.97,BRANCH,SUCCESS
COL000005217,LOAN00004443,2025-12-20,22088.69,DIGITAL,SUCCESS
COL000005218,LOAN00004443,2026-02-11,24260.22,DIGITAL,FAILED
COL000005219,LOAN00004443,2025-10-04,10067.47,FIELD_AGENT,SUCCESS
COL000005220,LOAN00004444,2024-03-07,16961.21,BRANCH,SUCCESS
COL000005221,LOAN00004444,2025-06-16,4199.1,FIELD_AGENT,SUCCESS
COL000005222,LOAN00004445,2025-06-17,1130.11,DIGITAL,SUCCESS
COL000005223,LOAN00004446,2025-04-05,37305.87,CALL_CENTER,SUCCESS
COL000005224,LOAN00004450,2026-02-28,12243.75,FIELD_AGENT,PARTIAL
COL000005225,LOAN00004450,2024-06-10,19453.12,CALL_CENTER,SUCCESS
COL000005226,LOAN00004450,2025-06-26,49880.37,CALL_CENTER,FAILED
COL000005227,LOAN00004454,2024-04-24,14008.77,DIGITAL,SUCCESS
COL000005228,LOAN00004454,2025-10-01,9468.41,BRANCH,SUCCESS
COL000005229,LOAN00004454,2026-03-26,13671.41,DIGITAL,SUCCESS
COL000005230,LOAN00004454,2026-01-08,29581.7,CALL_CENTER,SUCCESS
COL000005231,LOAN00004454,2024-11-30,6852.82,BRANCH,SUCCESS
COL000005232,LOAN00004454,2025-02-06,43115.5,DIGITAL,PARTIAL
COL000005233,LOAN00004461,2024-09-11,6020.95,DIGITAL,SUCCESS
COL000005234,LOAN00004461,2024-03-17,17424.75,BRANCH,SUCCESS
COL000005235,LOAN00004461,2025-11-12,27075.54,FIELD_AGENT,PARTIAL
COL000005236,LOAN00004461,2025-01-21,14946.72,BRANCH,SUCCESS
COL000005237,LOAN00004461,2026-07-15,44072.05,DIGITAL,PARTIAL
COL000005238,LOAN00004461,2024-05-31,9942.02,DIGITAL,SUCCESS
COL000005239,LOAN00004462,2026-05-18,39362.07,CALL_CENTER,SUCCESS
COL000005240,LOAN00004462,2024-12-07,37870.76,CALL_CENTER,SUCCESS
COL000005241,LOAN00004462,2025-11-06,31013.29,FIELD_AGENT,SUCCESS
COL000005242,LOAN00004462,2025-04-06,36078.24,CALL_CENTER,PARTIAL
COL000005243,LOAN00004463,2024-12-21,46986.92,CALL_CENTER,SUCCESS
COL000005244,LOAN00004463,2025-09-04,49270.66,BRANCH,SUCCESS
COL000005245,LOAN00004463,2026-01-22,18203.71,DIGITAL,SUCCESS
COL000005246,LOAN00004463,2024-10-21,44475.87,CALL_CENTER,SUCCESS
COL000005247,LOAN00004465,2026-01-21,25034.53,BRANCH,PARTIAL
COL000005248,LOAN00004465,2026-02-15,10478.36,FIELD_AGENT,PARTIAL
COL000005249,LOAN00004465,2025-11-15,8479.96,DIGITAL,SUCCESS
COL000005250,LOAN00004465,2024-07-04,21107.44,CALL_CENTER,PARTIAL
COL000005251,LOAN00004465,2026-01-16,26409.35,FIELD_AGENT,SUCCESS
COL000005252,LOAN00004466,2026-08-04,1885.12,BRANCH,SUCCESS
COL000005253,LOAN00004466,2026-09-01,12042.46,BRANCH,PARTIAL
COL000005254,LOAN00004466,2026-03-20,6541.01,DIGITAL,PARTIAL
COL000005255,LOAN00004466,2024-11-12,24623.71,DIGITAL,SUCCESS
COL000005256,LOAN00004466,2024-09-06,9914.65,FIELD_AGENT,SUCCESS
COL000005257,LOAN00004466,2024-03-14,31923.11,CALL_CENTER,SUCCESS
COL000005258,LOAN00004467,2024-12-17,11554.93,CALL_CENTER,SUCCESS
COL000005259,LOAN00004467,2026-05-16,28113.73,FIELD_AGENT,SUCCESS
COL000005260,LOAN00004467,2025-08-29,37613.63,FIELD_AGENT,FAILED
COL000005261,LOAN00004468,2024-10-18,22870.55,DIGITAL,PARTIAL
COL000005262,LOAN00004468,2026-02-14,45601.19,FIELD_AGENT,SUCCESS
COL000005263,LOAN00004468,2026-07-28,33086.03,CALL_CENTER,SUCCESS
COL000005264,LOAN00004468,2025-11-23,41291.32,DIGITAL,SUCCESS
COL000005265,LOAN00004468,2026-01-06,40476.25,DIGITAL,SUCCESS
COL000005266,LOAN00004468,2024-07-07,16912.66,CALL_CENTER,PARTIAL
COL000005267,LOAN00004471,2026-07-12,7465.85,CALL_CENTER,SUCCESS
COL000005268,LOAN00004471,2024-09-28,20277.12,CALL_CENTER,SUCCESS
COL000005269,LOAN00004471,2025-08-03,37208.29,CALL_CENTER,SUCCESS
COL000005270,LOAN00004471,2026-04-06,11885.8,DIGITAL,SUCCESS
COL000005271,LOAN00004471,2025-06-11,34915.93,CALL_CENTER,PARTIAL
COL000005272,LOAN00004471,2026-05-31,39695.79,BRANCH,SUCCESS
COL000005273,LOAN00004475,2026-02-03,18552.51,BRANCH,PARTIAL
COL000005274,LOAN00004476,2025-10-14,41527.06,BRANCH,PARTIAL
COL000005275,LOAN00004476,2025-04-13,45380.86,BRANCH,PARTIAL
COL000005276,LOAN00004476,2025-01-02,16247.81,DIGITAL,PARTIAL
COL000005277,LOAN00004478,2024-11-07,25225.51,BRANCH,SUCCESS
COL000005278,LOAN00004478,2024-11-01,38841.53,BRANCH,PARTIAL
COL000005279,LOAN00004479,2024-05-24,34274.99,CALL_CENTER,SUCCESS
COL000005280,LOAN00004479,2026-09-29,28095.44,BRANCH,PARTIAL
COL000005281,LOAN00004479,2024-09-06,43402.7,DIGITAL,SUCCESS
COL000005282,LOAN00004479,2025-07-29,20949.53,DIGITAL,PARTIAL
COL000005283,LOAN00004481,2025-08-10,17236.76,DIGITAL,SUCCESS
COL000005284,LOAN00004481,2024-03-01,48403.68,DIGITAL,SUCCESS
COL000005285,LOAN00004481,2026-04-01,30865.08,BRANCH,SUCCESS
COL000005286,LOAN00004481,2024-04-18,11806.03,DIGITAL,FAILED
COL000005287,LOAN00004481,2026-06-14,48771.2,CALL_CENTER,SUCCESS
COL000005288,LOAN00004483,2025-02-15,20734.33,DIGITAL,SUCCESS
COL000005289,LOAN00004483,2024-07-11,35204.65,FIELD_AGENT,SUCCESS
COL000005290,LOAN00004483,2026-08-24,48825.35,CALL_CENTER,SUCCESS
COL000005291,LOAN00004483,2025-01-11,23285.29,DIGITAL,PARTIAL
COL000005292,LOAN00004483,2024-07-02,4273.46,CALL_CENTER,SUCCESS
COL000005293,LOAN00004484,2024-10-24,26884.57,FIELD_AGENT,SUCCESS
COL000005294,LOAN00004484,2024-09-07,9956.03,CALL_CENTER,PARTIAL
COL000005295,LOAN00004484,2025-02-25,29025.27,FIELD_AGENT,SUCCESS
COL000005296,LOAN00004484,2024-06-03,19609.74,CALL_CENTER,SUCCESS
COL000005297,LOAN00004487,2025-12-09,3582.56,DIGITAL,SUCCESS
COL000005298,LOAN00004487,2025-11-07,9473.52,FIELD_AGENT,SUCCESS
COL000005299,LOAN00004487,2025-12-09,43575.91,CALL_CENTER,SUCCESS
COL000005300,LOAN00004487,2026-08-08,41516.74,CALL_CENTER,SUCCESS
COL000005301,LOAN00004487,2026-03-21,49022.96,DIGITAL,SUCCESS
COL000005302,LOAN00004487,2025-03-11,24328.13,CALL_CENTER,SUCCESS
COL000005303,LOAN00004492,2025-04-17,27100.58,CALL_CENTER,SUCCESS
COL000005304,LOAN00004492,2024-11-23,21914.59,CALL_CENTER,SUCCESS
COL000005305,LOAN00004496,2025-12-12,26673.46,BRANCH,SUCCESS
COL000005306,LOAN00004496,2024-09-26,40356.01,CALL_CENTER,PARTIAL
COL000005307,LOAN00004496,2026-07-01,6988.31,CALL_CENTER,SUCCESS
COL000005308,LOAN00004496,2025-02-09,39516.03,CALL_CENTER,SUCCESS
COL000005309,LOAN00004496,2024-07-14,9415.51,CALL_CENTER,SUCCESS
COL000005310,LOAN00004497,2025-03-18,19468.91,DIGITAL,PARTIAL
COL000005311,LOAN00004497,2025-02-09,29874.25,BRANCH,PARTIAL
COL000005312,LOAN00004497,2026-07-06,22170.35,CALL_CENTER,SUCCESS
COL000005313,LOAN00004497,2026-09-24,41330.92,CALL_CENTER,SUCCESS
COL000005314,LOAN00004497,2025-01-29,15585.25,BRANCH,SUCCESS
COL000005315,LOAN00004499,2026-09-18,13685.21,DIGITAL,PARTIAL
COL000005316,LOAN00004499,2025-05-15,39428.62,BRANCH,PARTIAL
COL000005317,LOAN00004499,2026-04-08,35564.38,CALL_CENTER,SUCCESS
COL000005318,LOAN00004499,2025-07-07,40804.72,BRANCH,PARTIAL
COL000005319,LOAN00004499,2025-03-17,36072.47,BRANCH,SUCCESS
COL000005320,LOAN00004501,2025-08-03,23655.73,BRANCH,SUCCESS
COL000005321,LOAN00004501,2026-05-25,41933.56,CALL_CENTER,FAILED
COL000005322,LOAN00004501,2026-07-02,20584.09,BRANCH,FAILED
COL000005323,LOAN00004501,2024-06-25,29864.26,BRANCH,FAILED
COL000005324,LOAN00004501,2025-11-04,38804.42,DIGITAL,SUCCESS
COL000005325,LOAN00004501,2026-08-13,24411.56,BRANCH,SUCCESS
COL000005326,LOAN00004503,2026-05-31,44844.63,CALL_CENTER,SUCCESS
COL000005327,LOAN00004503,2025-05-19,29497.5,DIGITAL,SUCCESS
COL000005328,LOAN00004503,2025-04-29,24870.64,FIELD_AGENT,SUCCESS
COL000005329,LOAN00004503,2026-07-12,1447.12,DIGITAL,PARTIAL
COL000005330,LOAN00004505,2025-03-21,10721.74,CALL_CENTER,SUCCESS
COL000005331,LOAN00004505,2026-05-12,39134.37,DIGITAL,PARTIAL
COL000005332,LOAN00004505,2026-04-21,24580.28,BRANCH,SUCCESS
COL000005333,LOAN00004505,2025-09-01,12353.02,BRANCH,SUCCESS
COL000005334,LOAN00004505,2026-08-08,39980.78,CALL_CENTER,SUCCESS
COL000005335,LOAN00004505,2024-03-19,7134.7,FIELD_AGENT,SUCCESS
COL000005336,LOAN00004506,2024-04-01,44559.32,DIGITAL,SUCCESS
COL000005337,LOAN00004506,2026-04-28,47612.49,BRANCH,SUCCESS
COL000005338,LOAN00004506,2026-04-22,14950.32,FIELD_AGENT,SUCCESS
COL000005339,LOAN00004510,2024-10-25,27766.25,DIGITAL,SUCCESS
COL000005340,LOAN00004517,2024-07-04,2443.23,FIELD_AGENT,SUCCESS
COL000005341,LOAN00004517,2024-12-21,11126.78,CALL_CENTER,SUCCESS
COL000005342,LOAN00004517,2026-01-24,47102.22,CALL_CENTER,SUCCESS
COL000005343,LOAN00004522,2025-02-15,44828.89,BRANCH,SUCCESS
COL000005344,LOAN00004522,2025-06-12,40932.84,BRANCH,SUCCESS
COL000005345,LOAN00004523,2026-08-20,30422.11,BRANCH,SUCCESS
COL000005346,LOAN00004523,2025-06-14,45393.14,CALL_CENTER,SUCCESS
COL000005347,LOAN00004523,2025-03-03,49961.93,FIELD_AGENT,SUCCESS
COL000005348,LOAN00004523,2026-05-22,1018.03,FIELD_AGENT,PARTIAL
COL000005349,LOAN00004523,2025-09-15,6562.67,CALL_CENTER,SUCCESS
COL000005350,LOAN00004523,2024-11-14,44355.98,DIGITAL,PARTIAL
COL000005351,LOAN00004525,2026-08-26,19942.76,DIGITAL,PARTIAL
COL000005352,LOAN00004525,2025-06-25,11539.77,FIELD_AGENT,SUCCESS
COL000005353,LOAN00004525,2026-07-05,9359.99,FIELD_AGENT,SUCCESS
COL000005354,LOAN00004525,2025-09-16,45050.42,CALL_CENTER,SUCCESS
COL000005355,LOAN00004525,2026-06-26,30661.2,FIELD_AGENT,SUCCESS
COL000005356,LOAN00004525,2024-07-07,14959.5,DIGITAL,PARTIAL
COL000005357,LOAN00004530,2026-02-12,26678.53,FIELD_AGENT,SUCCESS
COL000005358,LOAN00004530,2026-05-13,48521.68,BRANCH,SUCCESS
COL000005359,LOAN00004530,2026-06-21,27852.74,DIGITAL,SUCCESS
COL000005360,LOAN00004530,2026-02-14,25986.75,FIELD_AGENT,PARTIAL
COL000005361,LOAN00004531,2024-07-05,24272.7,DIGITAL,PARTIAL
COL000005362,LOAN00004531,2025-07-21,45804.24,CALL_CENTER,SUCCESS
COL000005363,LOAN00004531,2025-05-09,24647.79,BRANCH,PARTIAL
COL000005364,LOAN00004531,2025-02-12,31188.07,BRANCH,SUCCESS
COL000005365,LOAN00004531,2024-10-19,30060.02,FIELD_AGENT,SUCCESS
COL000005366,LOAN00004531,2026-07-09,14179.5,DIGITAL,SUCCESS
COL000005367,LOAN00004533,2026-08-10,16341.05,DIGITAL,SUCCESS
COL000005368,LOAN00004533,2024-05-11,30142.03,CALL_CENTER,SUCCESS
COL000005369,LOAN00004535,2025-10-05,47842.25,CALL_CENTER,SUCCESS
COL000005370,LOAN00004539,2024-07-21,25853.24,CALL_CENTER,SUCCESS
COL000005371,LOAN00004539,2024-04-01,49886.42,FIELD_AGENT,SUCCESS
COL000005372,LOAN00004539,2025-07-11,40755.51,CALL_CENTER,PARTIAL
COL000005373,LOAN00004539,2026-08-11,2579.99,CALL_CENTER,SUCCESS
COL000005374,LOAN00004541,2025-10-11,31301.25,CALL_CENTER,PARTIAL
COL000005375,LOAN00004541,2025-09-18,19404.94,DIGITAL,SUCCESS
COL000005376,LOAN00004541,2026-07-07,41487.6,FIELD_AGENT,SUCCESS
COL000005377,LOAN00004541,2024-11-08,10835.92,BRANCH,SUCCESS
COL000005378,LOAN00004541,2026-03-11,49609.33,FIELD_AGENT,FAILED
COL000005379,LOAN00004542,2026-01-16,42969.24,BRANCH,PARTIAL
COL000005380,LOAN00004542,2024-04-21,27790.89,BRANCH,PARTIAL
COL000005381,LOAN00004542,2024-06-29,15788.03,FIELD_AGENT,FAILED
COL000005382,LOAN00004542,2025-04-26,43394.53,FIELD_AGENT,FAILED
COL000005383,LOAN00004542,2026-08-28,37324.73,CALL_CENTER,SUCCESS
COL000005384,LOAN00004542,2025-05-18,6740.63,CALL_CENTER,SUCCESS
COL000005385,LOAN00004543,2025-06-30,4862.2,FIELD_AGENT,SUCCESS
COL000005386,LOAN00004550,2024-08-13,32210.49,BRANCH,SUCCESS
COL000005387,LOAN00004550,2026-04-29,11468.26,FIELD_AGENT,SUCCESS
COL000005388,LOAN00004550,2024-08-17,39144.21,BRANCH,PARTIAL
COL000005389,LOAN00004552,2025-01-03,7533.65,FIELD_AGENT,SUCCESS
COL000005390,LOAN00004552,2024-11-20,35730.23,CALL_CENTER,SUCCESS
COL000005391,LOAN00004552,2024-09-13,18720.79,CALL_CENTER,SUCCESS
COL000005392,LOAN00004552,2025-01-12,8507.47,CALL_CENTER,SUCCESS
COL000005393,LOAN00004553,2025-07-29,34212.37,BRANCH,SUCCESS
COL000005394,LOAN00004553,2025-11-29,39016.21,BRANCH,SUCCESS
COL000005395,LOAN00004559,2026-06-24,16612.19,CALL_CENTER,SUCCESS
COL000005396,LOAN00004559,2026-01-22,28989.55,DIGITAL,PARTIAL
COL000005397,LOAN00004560,2024-08-15,49573.3,FIELD_AGENT,SUCCESS
COL000005398,LOAN00004560,2024-12-02,12355.1,DIGITAL,SUCCESS
COL000005399,LOAN00004560,2025-02-15,21088.83,FIELD_AGENT,SUCCESS
COL000005400,LOAN00004560,2024-04-13,17938.36,BRANCH,SUCCESS
COL000005401,LOAN00004562,2025-07-26,43834.88,DIGITAL,SUCCESS
COL000005402,LOAN00004562,2026-09-04,20684.47,BRANCH,PARTIAL
COL000005403,LOAN00004562,2025-02-03,7524.05,DIGITAL,PARTIAL
COL000005404,LOAN00004568,2026-02-27,12104.84,CALL_CENTER,SUCCESS
COL000005405,LOAN00004568,2024-08-14,25659.26,CALL_CENTER,SUCCESS
COL000005406,LOAN00004568,2024-12-05,16957.29,DIGITAL,SUCCESS
COL000005407,LOAN00004572,2025-01-19,17905.65,DIGITAL,SUCCESS
COL000005408,LOAN00004572,2024-10-27,2117.97,FIELD_AGENT,SUCCESS
COL000005409,LOAN00004572,2024-09-20,37858.47,FIELD_AGENT,PARTIAL
COL000005410,LOAN00004572,2025-01-11,29040.01,FIELD_AGENT,SUCCESS
COL000005411,LOAN00004572,2026-03-30,37830.45,FIELD_AGENT,SUCCESS
COL000005412,LOAN00004572,2026-05-03,33105.33,CALL_CENTER,SUCCESS
COL000005413,LOAN00004573,2026-03-02,21007.94,BRANCH,PARTIAL
COL000005414,LOAN00004573,2025-12-05,11918.95,FIELD_AGENT,SUCCESS
COL000005415,LOAN00004573,2025-10-02,26526.54,BRANCH,SUCCESS
COL000005416,LOAN00004573,2024-04-16,21674.33,BRANCH,SUCCESS
COL000005417,LOAN00004573,2025-06-09,2812.92,BRANCH,SUCCESS
COL000005418,LOAN00004573,2026-03-21,12995.04,CALL_CENTER,SUCCESS
COL000005419,LOAN00004575,2026-07-30,40996.16,BRANCH,SUCCESS
COL000005420,LOAN00004575,2025-01-16,26639.19,FIELD_AGENT,PARTIAL
COL000005421,LOAN00004575,2025-02-07,32442.15,FIELD_AGENT,SUCCESS
COL000005422,LOAN00004575,2026-01-19,35577.16,BRANCH,SUCCESS
COL000005423,LOAN00004575,2026-03-12,44920.34,BRANCH,SUCCESS
COL000005424,LOAN00004575,2025-07-05,34830.04,DIGITAL,SUCCESS
COL000005425,LOAN00004576,2024-03-27,46863.63,BRANCH,SUCCESS
COL000005426,LOAN00004576,2025-04-08,29047.29,BRANCH,SUCCESS
COL000005427,LOAN00004576,2025-04-28,38957.91,CALL_CENTER,SUCCESS
COL000005428,LOAN00004576,2025-03-12,38469.11,BRANCH,FAILED
COL000005429,LOAN00004576,2025-02-24,43600.93,FIELD_AGENT,SUCCESS
COL000005430,LOAN00004576,2025-04-07,16370.23,FIELD_AGENT,PARTIAL
COL000005431,LOAN00004578,2025-11-28,45818.29,BRANCH,SUCCESS
COL000005432,LOAN00004578,2024-10-20,29911.01,BRANCH,SUCCESS
COL000005433,LOAN00004578,2025-06-16,16581.49,DIGITAL,PARTIAL
COL000005434,LOAN00004578,2024-04-06,19913.21,DIGITAL,SUCCESS
COL000005435,LOAN00004578,2026-07-05,21228.27,FIELD_AGENT,SUCCESS
COL000005436,LOAN00004578,2025-05-25,42108.79,CALL_CENTER,SUCCESS
COL000005437,LOAN00004581,2025-08-23,29604.67,DIGITAL,SUCCESS
COL000005438,LOAN00004581,2025-05-05,19344.55,CALL_CENTER,PARTIAL
COL000005439,LOAN00004581,2025-05-07,11293.54,DIGITAL,SUCCESS
COL000005440,LOAN00004585,2025-12-27,48515.32,FIELD_AGENT,SUCCESS
COL000005441,LOAN00004585,2025-10-06,19810.74,CALL_CENTER,SUCCESS
COL000005442,LOAN00004585,2025-09-11,26740.52,CALL_CENTER,SUCCESS
COL000005443,LOAN00004585,2024-11-15,31903.58,FIELD_AGENT,SUCCESS
COL000005444,LOAN00004587,2025-01-08,30323.08,CALL_CENTER,SUCCESS
COL000005445,LOAN00004587,2024-03-07,7300.93,DIGITAL,SUCCESS
COL000005446,LOAN00004587,2025-09-06,4978.37,DIGITAL,PARTIAL
COL000005447,LOAN00004588,2026-04-19,37990.37,CALL_CENTER,SUCCESS
COL000005448,LOAN00004588,2024-04-01,1049.57,CALL_CENTER,SUCCESS
COL000005449,LOAN00004592,2024-10-31,7121.82,BRANCH,SUCCESS
COL000005450,LOAN00004592,2025-04-03,10693.76,FIELD_AGENT,SUCCESS
COL000005451,LOAN00004598,2025-05-09,47553.03,FIELD_AGENT,PARTIAL
COL000005452,LOAN00004598,2025-12-06,46828.32,DIGITAL,SUCCESS
COL000005453,LOAN00004598,2026-07-01,23866.07,FIELD_AGENT,SUCCESS
COL000005454,LOAN00004598,2024-11-20,34930.11,BRANCH,SUCCESS
COL000005455,LOAN00004598,2026-02-20,41071.75,DIGITAL,SUCCESS
COL000005456,LOAN00004600,2024-03-18,14334.89,CALL_CENTER,SUCCESS
COL000005457,LOAN00004600,2026-04-18,42474.11,FIELD_AGENT,SUCCESS
COL000005458,LOAN00004600,2026-04-16,10833.89,BRANCH,SUCCESS
COL000005459,LOAN00004600,2026-09-04,48556.59,CALL_CENTER,SUCCESS
COL000005460,LOAN00004602,2024-05-05,3774.86,CALL_CENTER,SUCCESS
COL000005461,LOAN00004602,2026-03-30,44160.66,FIELD_AGENT,SUCCESS
COL000005462,LOAN00004602,2025-09-18,41832.16,DIGITAL,SUCCESS
COL000005463,LOAN00004602,2025-05-11,40737.38,BRANCH,SUCCESS
COL000005464,LOAN00004602,2026-05-26,30936.73,CALL_CENTER,PARTIAL
COL000005465,LOAN00004603,2026-07-14,41247.99,FIELD_AGENT,SUCCESS
COL000005466,LOAN00004603,2024-11-17,31401.66,CALL_CENTER,PARTIAL
COL000005467,LOAN00004603,2025-09-24,36550.28,CALL_CENTER,PARTIAL
COL000005468,LOAN00004603,2025-11-17,15795.83,DIGITAL,SUCCESS
COL000005469,LOAN00004603,2024-03-21,22672.05,DIGITAL,SUCCESS
COL000005470,LOAN00004603,2026-09-19,23022.95,BRANCH,PARTIAL
COL000005471,LOAN00004605,2025-10-27,36559.4,FIELD_AGENT,SUCCESS
COL000005472,LOAN00004605,2025-09-09,12073.43,FIELD_AGENT,SUCCESS
COL000005473,LOAN00004605,2025-04-19,4410.87,CALL_CENTER,SUCCESS
COL000005474,LOAN00004605,2024-07-13,13202.98,DIGITAL,SUCCESS
COL000005475,LOAN00004605,2026-01-24,11525.52,FIELD_AGENT,SUCCESS
COL000005476,LOAN00004605,2025-09-22,37875.78,FIELD_AGENT,SUCCESS
COL000005477,LOAN00004607,2025-03-22,45472.17,BRANCH,SUCCESS
COL000005478,LOAN00004608,2025-10-28,8457.33,FIELD_AGENT,SUCCESS
COL000005479,LOAN00004608,2025-11-24,1824.97,CALL_CENTER,PARTIAL
COL000005480,LOAN00004608,2024-06-26,14083.79,CALL_CENTER,SUCCESS
COL000005481,LOAN00004608,2025-11-27,35693.78,DIGITAL,SUCCESS
COL000005482,LOAN00004610,2024-10-27,42754.12,DIGITAL,SUCCESS
COL000005483,LOAN00004610,2025-06-01,47708.21,BRANCH,SUCCESS
COL000005484,LOAN00004610,2024-05-05,1655.9,FIELD_AGENT,SUCCESS
COL000005485,LOAN00004610,2026-09-26,6924.05,CALL_CENTER,SUCCESS
COL000005486,LOAN00004610,2024-11-17,38712.82,CALL_CENTER,SUCCESS
COL000005487,LOAN00004612,2026-07-25,28053.48,FIELD_AGENT,FAILED
COL000005488,LOAN00004612,2025-08-02,42310.84,BRANCH,SUCCESS
COL000005489,LOAN00004612,2024-08-01,35403.38,BRANCH,SUCCESS
COL000005490,LOAN00004612,2026-02-27,42097.1,BRANCH,SUCCESS
COL000005491,LOAN00004612,2026-01-11,3666.62,BRANCH,PARTIAL
COL000005492,LOAN00004613,2025-09-02,49955.63,BRANCH,SUCCESS
COL000005493,LOAN00004613,2025-03-16,22797.42,CALL_CENTER,SUCCESS
COL000005494,LOAN00004613,2024-12-29,28133.4,BRANCH,SUCCESS
COL000005495,LOAN00004613,2024-06-27,35284.84,DIGITAL,SUCCESS
COL000005496,LOAN00004614,2026-09-18,28830.91,CALL_CENTER,PARTIAL
COL000005497,LOAN00004614,2024-10-04,40862.15,BRANCH,PARTIAL
COL000005498,LOAN00004614,2025-06-27,38248.74,DIGITAL,FAILED
COL000005499,LOAN00004617,2024-05-04,26518.17,FIELD_AGENT,SUCCESS
COL000005500,LOAN00004617,2024-10-16,49009.5,CALL_CENTER,FAILED
COL000005501,LOAN00004618,2025-01-13,12045.71,BRANCH,SUCCESS
COL000005502,LOAN00004618,2024-06-10,24190.02,BRANCH,SUCCESS
COL000005503,LOAN00004618,2025-02-12,3662.99,BRANCH,SUCCESS
COL000005504,LOAN00004619,2024-09-18,19353.43,FIELD_AGENT,PARTIAL
COL000005505,LOAN00004619,2025-10-15,21514.7,CALL_CENTER,SUCCESS
COL000005506,LOAN00004619,2025-12-19,27730.47,BRANCH,SUCCESS
COL000005507,LOAN00004619,2024-11-27,23869.59,DIGITAL,PARTIAL
COL000005508,LOAN00004619,2026-01-13,43235.22,DIGITAL,SUCCESS
COL000005509,LOAN00004619,2026-06-28,28231.73,FIELD_AGENT,SUCCESS
COL000005510,LOAN00004621,2024-04-22,25740.67,DIGITAL,SUCCESS
COL000005511,LOAN00004621,2024-06-17,22399.99,DIGITAL,SUCCESS
COL000005512,LOAN00004621,2025-11-23,19608.57,DIGITAL,SUCCESS
COL000005513,LOAN00004621,2024-12-21,48540.92,DIGITAL,PARTIAL
COL000005514,LOAN00004621,2024-03-01,20768.36,CALL_CENTER,SUCCESS
COL000005515,LOAN00004621,2025-06-24,1524.55,FIELD_AGENT,SUCCESS
COL000005516,LOAN00004626,2024-04-09,9304.54,FIELD_AGENT,SUCCESS
COL000005517,LOAN00004627,2025-04-04,42173.35,CALL_CENTER,SUCCESS
COL000005518,LOAN00004627,2025-08-22,14336.59,DIGITAL,SUCCESS
COL000005519,LOAN00004627,2026-04-11,23153.38,DIGITAL,SUCCESS
COL000005520,LOAN00004627,2025-02-05,20071.36,CALL_CENTER,SUCCESS
COL000005521,LOAN00004635,2024-11-24,14185.09,BRANCH,SUCCESS
COL000005522,LOAN00004635,2026-08-15,45730.09,CALL_CENTER,SUCCESS
COL000005523,LOAN00004635,2024-09-03,14839.71,FIELD_AGENT,SUCCESS
COL000005524,LOAN00004635,2026-04-26,46067.24,FIELD_AGENT,SUCCESS
COL000005525,LOAN00004636,2025-12-14,46559.41,FIELD_AGENT,SUCCESS
COL000005526,LOAN00004637,2025-04-16,31141.56,FIELD_AGENT,FAILED
COL000005527,LOAN00004637,2024-04-15,40738.76,FIELD_AGENT,SUCCESS
COL000005528,LOAN00004640,2024-07-28,30488.95,CALL_CENTER,PARTIAL
COL000005529,LOAN00004640,2024-07-18,4710.33,CALL_CENTER,SUCCESS
COL000005530,LOAN00004640,2026-05-03,39268.2,BRANCH,SUCCESS
COL000005531,LOAN00004640,2024-08-11,4346.61,FIELD_AGENT,SUCCESS
COL000005532,LOAN00004640,2026-04-30,8040.61,FIELD_AGENT,SUCCESS
COL000005533,LOAN00004640,2024-04-05,40487.35,BRANCH,SUCCESS
COL000005534,LOAN00004643,2026-08-22,45444.05,FIELD_AGENT,SUCCESS
COL000005535,LOAN00004643,2025-08-27,27149.89,CALL_CENTER,PARTIAL
COL000005536,LOAN00004643,2025-08-04,15525.18,BRANCH,SUCCESS
COL000005537,LOAN00004651,2024-07-22,45808.47,FIELD_AGENT,SUCCESS
COL000005538,LOAN00004651,2026-03-22,25004.81,BRANCH,SUCCESS
COL000005539,LOAN00004651,2025-06-24,39113.81,DIGITAL,SUCCESS
COL000005540,LOAN00004654,2026-08-11,35092.43,BRANCH,SUCCESS
COL000005541,LOAN00004654,2025-04-12,10052.69,CALL_CENTER,SUCCESS
COL000005542,LOAN00004654,2024-09-02,10409.04,FIELD_AGENT,SUCCESS
COL000005543,LOAN00004655,2026-03-22,33819.43,BRANCH,SUCCESS
COL000005544,LOAN00004655,2024-07-19,39386.34,CALL_CENTER,SUCCESS
COL000005545,LOAN00004655,2025-03-20,44641.67,CALL_CENTER,SUCCESS
COL000005546,LOAN00004655,2026-06-02,28109.74,CALL_CENTER,SUCCESS
COL000005547,LOAN00004655,2026-05-06,24268.35,DIGITAL,SUCCESS
COL000005548,LOAN00004655,2024-04-25,30343.63,FIELD_AGENT,SUCCESS
COL000005549,LOAN00004657,2024-04-20,46287.02,CALL_CENTER,SUCCESS
COL000005550,LOAN00004657,2026-01-15,39047.16,FIELD_AGENT,SUCCESS
COL000005551,LOAN00004657,2026-06-09,21198.42,CALL_CENTER,PARTIAL
COL000005552,LOAN00004657,2025-04-26,34496.19,DIGITAL,SUCCESS
COL000005553,LOAN00004657,2024-11-13,25995.93,FIELD_AGENT,SUCCESS
COL000005554,LOAN00004658,2025-12-12,40497.08,FIELD_AGENT,SUCCESS
COL000005555,LOAN00004658,2025-04-17,26641.58,CALL_CENTER,SUCCESS
COL000005556,LOAN00004663,2025-07-17,40962.8,CALL_CENTER,SUCCESS
COL000005557,LOAN00004663,2024-05-10,4483.8,DIGITAL,SUCCESS
COL000005558,LOAN00004663,2024-10-08,13973.39,FIELD_AGENT,SUCCESS
COL000005559,LOAN00004663,2026-03-23,29473.32,BRANCH,SUCCESS
COL000005560,LOAN00004663,2026-03-27,22417.79,CALL_CENTER,FAILED
COL000005561,LOAN00004663,2024-06-28,10091.63,BRANCH,SUCCESS
COL000005562,LOAN00004664,2025-11-19,34727.37,BRANCH,SUCCESS
COL000005563,LOAN00004664,2024-04-12,11755.59,BRANCH,PARTIAL
COL000005564,LOAN00004664,2026-04-11,26958.56,BRANCH,SUCCESS
COL000005565,LOAN00004665,2025-11-19,43527.8,CALL_CENTER,SUCCESS
COL000005566,LOAN00004665,2025-08-31,26269.13,BRANCH,SUCCESS
COL000005567,LOAN00004665,2026-06-19,22009.29,FIELD_AGENT,SUCCESS
COL000005568,LOAN00004665,2025-01-03,47259.06,CALL_CENTER,SUCCESS
COL000005569,LOAN00004665,2026-07-09,12210.13,FIELD_AGENT,PARTIAL
COL000005570,LOAN00004665,2026-01-02,26521.09,FIELD_AGENT,SUCCESS
COL000005571,LOAN00004669,2025-10-11,40814.23,CALL_CENTER,SUCCESS
COL000005572,LOAN00004669,2025-04-02,24073.78,FIELD_AGENT,SUCCESS
COL000005573,LOAN00004669,2026-08-15,30028.0,CALL_CENTER,SUCCESS
COL000005574,LOAN00004669,2025-09-16,29526.07,DIGITAL,SUCCESS
COL000005575,LOAN00004674,2025-11-06,29202.78,FIELD_AGENT,SUCCESS
COL000005576,LOAN00004674,2025-06-28,46276.52,FIELD_AGENT,SUCCESS
COL000005577,LOAN00004674,2025-08-14,4990.39,FIELD_AGENT,PARTIAL
COL000005578,LOAN00004676,2026-07-29,10550.88,DIGITAL,SUCCESS
COL000005579,LOAN00004676,2026-01-05,47339.41,FIELD_AGENT,SUCCESS
COL000005580,LOAN00004677,2025-12-29,34865.64,BRANCH,SUCCESS
COL000005581,LOAN00004677,2025-05-05,18945.77,CALL_CENTER,SUCCESS
COL000005582,LOAN00004677,2026-09-02,31627.31,FIELD_AGENT,SUCCESS
COL000005583,LOAN00004677,2025-11-29,42528.17,CALL_CENTER,SUCCESS
COL000005584,LOAN00004678,2024-09-21,29800.66,BRANCH,SUCCESS
COL000005585,LOAN00004678,2025-12-22,12170.26,BRANCH,PARTIAL
COL000005586,LOAN00004682,2024-06-21,28248.05,DIGITAL,SUCCESS
COL000005587,LOAN00004682,2024-10-13,12090.75,DIGITAL,SUCCESS
COL000005588,LOAN00004682,2024-11-23,48601.17,BRANCH,PARTIAL
COL000005589,LOAN00004689,2025-12-23,31455.3,DIGITAL,SUCCESS
COL000005590,LOAN00004689,2025-04-25,12844.96,DIGITAL,SUCCESS
COL000005591,LOAN00004689,2026-04-07,17533.78,DIGITAL,SUCCESS
COL000005592,LOAN00004689,2025-01-07,36901.11,FIELD_AGENT,SUCCESS
COL000005593,LOAN00004689,2025-02-03,5653.54,BRANCH,SUCCESS
COL000005594,LOAN00004689,2024-08-22,45283.75,BRANCH,SUCCESS
COL000005595,LOAN00004691,2025-05-16,13074.04,CALL_CENTER,SUCCESS
COL000005596,LOAN00004691,2025-11-29,41570.29,DIGITAL,SUCCESS
COL000005597,LOAN00004691,2026-05-04,1017.66,FIELD_AGENT,SUCCESS
COL000005598,LOAN00004691,2026-02-19,47884.31,BRANCH,SUCCESS
COL000005599,LOAN00004691,2025-08-03,19588.3,DIGITAL,FAILED
COL000005600,LOAN00004691,2025-01-27,17814.61,CALL_CENTER,PARTIAL
COL000005601,LOAN00004704,2024-03-21,48600.32,DIGITAL,PARTIAL
COL000005602,LOAN00004707,2025-09-26,19143.97,CALL_CENTER,PARTIAL
COL000005603,LOAN00004707,2026-01-27,13351.31,FIELD_AGENT,SUCCESS
COL000005604,LOAN00004707,2025-04-01,6470.36,DIGITAL,SUCCESS
COL000005605,LOAN00004707,2024-05-27,8032.83,BRANCH,SUCCESS
COL000005606,LOAN00004707,2026-08-04,23205.01,DIGITAL,SUCCESS
COL000005607,LOAN00004709,2026-05-28,32609.1,DIGITAL,SUCCESS
COL000005608,LOAN00004709,2025-07-08,4584.72,CALL_CENTER,SUCCESS
COL000005609,LOAN00004713,2026-07-16,16785.36,BRANCH,SUCCESS
COL000005610,LOAN00004713,2024-11-01,10050.14,DIGITAL,SUCCESS
COL000005611,LOAN00004713,2024-12-02,46808.37,FIELD_AGENT,SUCCESS
COL000005612,LOAN00004713,2026-07-31,4126.12,CALL_CENTER,PARTIAL
COL000005613,LOAN00004715,2025-04-16,25875.36,FIELD_AGENT,SUCCESS
COL000005614,LOAN00004715,2025-10-17,18475.32,BRANCH,SUCCESS
COL000005615,LOAN00004715,2024-07-11,48384.98,DIGITAL,SUCCESS
COL000005616,LOAN00004715,2025-05-01,41298.68,DIGITAL,SUCCESS
COL000005617,LOAN00004715,2024-11-30,25288.66,CALL_CENTER,SUCCESS
COL000005618,LOAN00004716,2026-08-12,27518.74,FIELD_AGENT,SUCCESS
COL000005619,LOAN00004716,2026-06-29,9312.73,DIGITAL,SUCCESS
COL000005620,LOAN00004716,2024-06-16,27181.75,CALL_CENTER,PARTIAL
COL000005621,LOAN00004716,2025-06-18,41404.1,BRANCH,SUCCESS
COL000005622,LOAN00004720,2026-02-22,24779.28,FIELD_AGENT,SUCCESS
COL000005623,LOAN00004720,2025-07-09,42542.31,FIELD_AGENT,SUCCESS
COL000005624,LOAN00004725,2024-12-11,30241.28,CALL_CENTER,FAILED
COL000005625,LOAN00004725,2024-06-28,4338.54,BRANCH,SUCCESS
COL000005626,LOAN00004725,2025-04-23,2861.64,BRANCH,SUCCESS
COL000005627,LOAN00004725,2025-05-29,46489.2,BRANCH,FAILED
COL000005628,LOAN00004725,2024-10-02,49894.11,FIELD_AGENT,SUCCESS
COL000005629,LOAN00004727,2025-06-10,20247.14,FIELD_AGENT,SUCCESS
COL000005630,LOAN00004727,2024-08-29,39598.35,DIGITAL,PARTIAL
COL000005631,LOAN00004727,2025-03-20,7627.38,BRANCH,FAILED
COL000005632,LOAN00004727,2025-06-25,38466.4,CALL_CENTER,PARTIAL
COL000005633,LOAN00004727,2026-07-24,25909.38,DIGITAL,SUCCESS
COL000005634,LOAN00004728,2025-04-01,21793.89,FIELD_AGENT,SUCCESS
COL000005635,LOAN00004728,2026-01-07,11944.95,CALL_CENTER,SUCCESS
COL000005636,LOAN00004728,2025-02-23,49903.88,CALL_CENTER,SUCCESS
COL000005637,LOAN00004728,2026-01-29,37748.01,CALL_CENTER,SUCCESS
COL000005638,LOAN00004728,2024-06-25,37400.58,DIGITAL,SUCCESS
COL000005639,LOAN00004728,2026-09-15,8208.85,FIELD_AGENT,SUCCESS
COL000005640,LOAN00004730,2026-06-01,8034.1,FIELD_AGENT,SUCCESS
COL000005641,LOAN00004730,2025-03-02,16487.58,CALL_CENTER,PARTIAL
COL000005642,LOAN00004730,2026-07-16,23641.69,CALL_CENTER,SUCCESS
COL000005643,LOAN00004730,2024-08-10,33268.95,FIELD_AGENT,SUCCESS
COL000005644,LOAN00004732,2025-01-16,29238.81,BRANCH,PARTIAL
COL000005645,LOAN00004732,2025-04-19,3723.21,CALL_CENTER,SUCCESS
COL000005646,LOAN00004733,2026-09-19,11883.94,BRANCH,SUCCESS
COL000005647,LOAN00004733,2026-04-21,44162.47,FIELD_AGENT,SUCCESS
COL000005648,LOAN00004733,2025-05-03,9055.41,BRANCH,SUCCESS
COL000005649,LOAN00004737,2024-04-06,36833.07,CALL_CENTER,SUCCESS
COL000005650,LOAN00004737,2024-12-26,15539.16,DIGITAL,PARTIAL
COL000005651,LOAN00004737,2026-03-14,14503.09,BRANCH,SUCCESS
COL000005652,LOAN00004738,2024-12-24,12328.95,DIGITAL,SUCCESS
COL000005653,LOAN00004738,2024-05-09,49590.84,FIELD_AGENT,SUCCESS
COL000005654,LOAN00004738,2026-02-27,34791.76,BRANCH,SUCCESS
COL000005655,LOAN00004738,2025-04-04,25886.51,BRANCH,SUCCESS
COL000005656,LOAN00004738,2026-09-25,10374.46,FIELD_AGENT,SUCCESS
COL000005657,LOAN00004739,2025-04-09,43161.93,BRANCH,SUCCESS
COL000005658,LOAN00004739,2024-12-20,8204.44,BRANCH,SUCCESS
COL000005659,LOAN00004739,2026-05-11,9478.76,DIGITAL,SUCCESS
COL000005660,LOAN00004739,2025-07-07,42540.38,FIELD_AGENT,SUCCESS
COL000005661,LOAN00004739,2025-09-06,47341.02,CALL_CENTER,SUCCESS
COL000005662,LOAN00004741,2026-05-03,30483.67,DIGITAL,SUCCESS
COL000005663,LOAN00004741,2025-07-03,35096.96,DIGITAL,SUCCESS
COL000005664,LOAN00004745,2025-06-10,40210.16,FIELD_AGENT,SUCCESS
COL000005665,LOAN00004745,2024-12-15,29067.97,FIELD_AGENT,SUCCESS
COL000005666,LOAN00004745,2026-02-24,10737.62,BRANCH,SUCCESS
COL000005667,LOAN00004745,2026-06-12,20558.35,BRANCH,SUCCESS
COL000005668,LOAN00004750,2026-04-03,15886.12,FIELD_AGENT,SUCCESS
COL000005669,LOAN00004750,2025-05-12,21066.93,DIGITAL,SUCCESS
COL000005670,LOAN00004750,2025-02-07,16323.75,FIELD_AGENT,SUCCESS
COL000005671,LOAN00004750,2026-05-27,48174.71,BRANCH,SUCCESS
COL000005672,LOAN00004750,2026-05-26,6055.6,BRANCH,FAILED
COL000005673,LOAN00004751,2026-02-11,7557.43,FIELD_AGENT,SUCCESS
COL000005674,LOAN00004751,2025-12-07,6920.87,BRANCH,PARTIAL
COL000005675,LOAN00004751,2025-07-30,26622.42,DIGITAL,PARTIAL
COL000005676,LOAN00004755,2026-09-25,37454.15,CALL_CENTER,PARTIAL
COL000005677,LOAN00004756,2026-05-18,14099.78,CALL_CENTER,SUCCESS
COL000005678,LOAN00004756,2025-10-04,2048.38,CALL_CENTER,PARTIAL
COL000005679,LOAN00004756,2024-08-08,17314.06,CALL_CENTER,PARTIAL
COL000005680,LOAN00004756,2024-07-19,21075.37,BRANCH,SUCCESS
COL000005681,LOAN00004756,2025-03-05,16249.21,CALL_CENTER,PARTIAL
COL000005682,LOAN00004756,2025-08-03,38866.62,CALL_CENTER,SUCCESS
COL000005683,LOAN00004757,2025-07-13,18194.31,BRANCH,SUCCESS
COL000005684,LOAN00004757,2026-03-21,1731.09,CALL_CENTER,SUCCESS
COL000005685,LOAN00004758,2024-09-01,21521.05,BRANCH,SUCCESS
COL000005686,LOAN00004758,2025-05-15,7803.35,DIGITAL,PARTIAL
COL000005687,LOAN00004758,2025-12-09,9183.28,FIELD_AGENT,SUCCESS
COL000005688,LOAN00004758,2025-05-20,30648.14,FIELD_AGENT,SUCCESS
COL000005689,LOAN00004759,2026-02-11,16467.63,FIELD_AGENT,SUCCESS
COL000005690,LOAN00004759,2025-06-29,22509.39,FIELD_AGENT,SUCCESS
COL000005691,LOAN00004759,2025-05-02,11280.68,CALL_CENTER,SUCCESS
COL000005692,LOAN00004761,2024-05-01,35399.92,DIGITAL,SUCCESS
COL000005693,LOAN00004761,2024-12-10,41976.48,BRANCH,SUCCESS
COL000005694,LOAN00004761,2024-11-16,35083.01,FIELD_AGENT,SUCCESS
COL000005695,LOAN00004762,2026-06-12,32000.24,DIGITAL,SUCCESS
COL000005696,LOAN00004762,2026-02-02,3459.98,FIELD_AGENT,PARTIAL
COL000005697,LOAN00004762,2024-08-05,26255.61,CALL_CENTER,PARTIAL
COL000005698,LOAN00004762,2025-06-24,43911.49,DIGITAL,SUCCESS
COL000005699,LOAN00004762,2024-11-20,42711.26,FIELD_AGENT,SUCCESS
COL000005700,LOAN00004765,2024-11-17,20731.88,DIGITAL,SUCCESS
COL000005701,LOAN00004767,2026-07-08,44124.3,BRANCH,SUCCESS
COL000005702,LOAN00004767,2024-05-26,1029.31,CALL_CENTER,SUCCESS
COL000005703,LOAN00004767,2025-10-12,47062.86,BRANCH,FAILED
COL000005704,LOAN00004767,2024-11-18,31244.09,CALL_CENTER,SUCCESS
COL000005705,LOAN00004767,2025-07-21,37210.67,FIELD_AGENT,PARTIAL
COL000005706,LOAN00004767,2024-07-22,9435.65,BRANCH,SUCCESS
COL000005707,LOAN00004769,2026-05-02,27267.94,BRANCH,SUCCESS
COL000005708,LOAN00004769,2024-06-02,32607.22,BRANCH,SUCCESS
COL000005709,LOAN00004769,2025-10-20,18721.95,FIELD_AGENT,SUCCESS
COL000005710,LOAN00004774,2024-05-04,9208.2,DIGITAL,PARTIAL
COL000005711,LOAN00004774,2024-03-15,3704.71,DIGITAL,SUCCESS
COL000005712,LOAN00004774,2026-08-22,6669.61,DIGITAL,SUCCESS
COL000005713,LOAN00004774,2025-04-20,22648.28,FIELD_AGENT,PARTIAL
COL000005714,LOAN00004774,2026-09-17,20034.67,BRANCH,SUCCESS
COL000005715,LOAN00004774,2024-08-18,13098.68,FIELD_AGENT,SUCCESS
COL000005716,LOAN00004778,2026-06-04,28024.04,FIELD_AGENT,PARTIAL
COL000005717,LOAN00004778,2025-11-14,39332.42,CALL_CENTER,SUCCESS
COL000005718,LOAN00004780,2024-06-17,33737.33,CALL_CENTER,PARTIAL
COL000005719,LOAN00004783,2024-08-31,27335.94,BRANCH,SUCCESS
COL000005720,LOAN00004783,2025-01-10,48329.7,FIELD_AGENT,SUCCESS
COL000005721,LOAN00004783,2025-04-19,41610.04,CALL_CENTER,PARTIAL
COL000005722,LOAN00004788,2025-01-29,28077.16,DIGITAL,SUCCESS
COL000005723,LOAN00004788,2025-01-09,4397.81,FIELD_AGENT,PARTIAL
COL000005724,LOAN00004788,2026-09-09,19242.79,FIELD_AGENT,SUCCESS
COL000005725,LOAN00004788,2024-06-01,45169.19,FIELD_AGENT,SUCCESS
COL000005726,LOAN00004789,2025-05-24,15080.67,DIGITAL,PARTIAL
COL000005727,LOAN00004789,2025-11-18,28739.83,FIELD_AGENT,PARTIAL
COL000005728,LOAN00004790,2025-02-06,10993.01,FIELD_AGENT,SUCCESS
COL000005729,LOAN00004790,2026-04-26,30162.74,FIELD_AGENT,SUCCESS
COL000005730,LOAN00004790,2025-12-12,41063.3,BRANCH,SUCCESS
COL000005731,LOAN00004797,2024-11-07,41904.53,DIGITAL,SUCCESS
COL000005732,LOAN00004797,2025-08-24,11561.32,CALL_CENTER,PARTIAL
COL000005733,LOAN00004797,2026-09-13,5245.16,CALL_CENTER,SUCCESS
COL000005734,LOAN00004797,2024-11-23,12225.59,DIGITAL,SUCCESS
COL000005735,LOAN00004797,2025-03-21,12497.7,FIELD_AGENT,SUCCESS
COL000005736,LOAN00004799,2025-02-02,35626.31,BRANCH,PARTIAL
COL000005737,LOAN00004799,2025-02-27,10166.07,BRANCH,SUCCESS
COL000005738,LOAN00004799,2026-08-21,6198.02,BRANCH,SUCCESS
COL000005739,LOAN00004799,2025-06-22,20840.36,FIELD_AGENT,SUCCESS
COL000005740,LOAN00004799,2025-01-16,24686.62,BRANCH,PARTIAL
COL000005741,LOAN00004799,2026-05-11,41282.98,BRANCH,PARTIAL
COL000005742,LOAN00004802,2024-10-05,27235.29,CALL_CENTER,SUCCESS
COL000005743,LOAN00004802,2025-11-15,18439.57,DIGITAL,SUCCESS
COL000005744,LOAN00004802,2024-05-22,33339.38,FIELD_AGENT,SUCCESS
COL000005745,LOAN00004802,2026-06-19,45554.47,FIELD_AGENT,PARTIAL
COL000005746,LOAN00004802,2024-06-24,4477.86,DIGITAL,SUCCESS
COL000005747,LOAN00004803,2026-04-30,42103.49,FIELD_AGENT,SUCCESS
COL000005748,LOAN00004803,2025-06-12,47409.44,BRANCH,SUCCESS
COL000005749,LOAN00004807,2024-04-19,25707.18,BRANCH,PARTIAL
COL000005750,LOAN00004811,2025-04-17,42362.15,DIGITAL,SUCCESS
COL000005751,LOAN00004811,2025-03-25,49625.76,BRANCH,PARTIAL
COL000005752,LOAN00004811,2025-09-16,21245.13,CALL_CENTER,SUCCESS
COL000005753,LOAN00004813,2025-12-10,29611.71,CALL_CENTER,SUCCESS
COL000005754,LOAN00004813,2026-02-11,21082.74,FIELD_AGENT,SUCCESS
COL000005755,LOAN00004813,2025-10-13,20056.97,BRANCH,SUCCESS
COL000005756,LOAN00004813,2026-07-22,46549.02,BRANCH,SUCCESS
COL000005757,LOAN00004813,2025-12-03,38114.75,FIELD_AGENT,SUCCESS
COL000005758,LOAN00004816,2026-07-23,29706.64,DIGITAL,SUCCESS
COL000005759,LOAN00004816,2026-07-23,39458.77,CALL_CENTER,SUCCESS
COL000005760,LOAN00004818,2025-12-31,2667.77,BRANCH,SUCCESS
COL000005761,LOAN00004825,2024-06-22,20621.6,FIELD_AGENT,SUCCESS
COL000005762,LOAN00004825,2025-07-14,5741.7,DIGITAL,PARTIAL
COL000005763,LOAN00004825,2025-08-28,14525.71,CALL_CENTER,SUCCESS
COL000005764,LOAN00004829,2025-10-04,39014.88,FIELD_AGENT,PARTIAL
COL000005765,LOAN00004829,2024-09-24,34952.25,DIGITAL,SUCCESS
COL000005766,LOAN00004829,2024-07-20,32832.48,BRANCH,SUCCESS
COL000005767,LOAN00004835,2025-01-27,25707.71,DIGITAL,SUCCESS
COL000005768,LOAN00004835,2025-10-10,18868.72,BRANCH,PARTIAL
COL000005769,LOAN00004837,2024-09-03,24113.18,CALL_CENTER,SUCCESS
COL000005770,LOAN00004837,2025-08-13,16110.66,FIELD_AGENT,PARTIAL
COL000005771,LOAN00004837,2025-01-19,34788.22,FIELD_AGENT,SUCCESS
COL000005772,LOAN00004837,2025-12-23,20917.19,BRANCH,SUCCESS
COL000005773,LOAN00004837,2025-01-19,20688.67,CALL_CENTER,PARTIAL
COL000005774,LOAN00004838,2026-09-13,13743.61,CALL_CENTER,SUCCESS
COL000005775,LOAN00004838,2024-09-01,30536.3,BRANCH,SUCCESS
COL000005776,LOAN00004847,2026-08-31,12067.32,CALL_CENTER,PARTIAL
COL000005777,LOAN00004847,2024-12-04,43430.84,BRANCH,PARTIAL
COL000005778,LOAN00004847,2024-04-20,44504.55,CALL_CENTER,SUCCESS
COL000005779,LOAN00004847,2025-03-03,21348.94,FIELD_AGENT,FAILED
COL000005780,LOAN00004847,2024-12-25,9080.84,FIELD_AGENT,PARTIAL
COL000005781,LOAN00004849,2025-03-22,25780.22,CALL_CENTER,SUCCESS
COL000005782,LOAN00004849,2025-09-03,21087.96,DIGITAL,FAILED
COL000005783,LOAN00004849,2024-08-27,10880.51,FIELD_AGENT,SUCCESS
COL000005784,LOAN00004849,2024-09-25,39401.59,CALL_CENTER,PARTIAL
COL000005785,LOAN00004858,2025-03-08,27240.9,DIGITAL,SUCCESS
COL000005786,LOAN00004858,2024-06-22,39718.9,BRANCH,PARTIAL
COL000005787,LOAN00004858,2025-11-13,44133.52,BRANCH,SUCCESS
COL000005788,LOAN00004859,2026-05-17,18756.39,BRANCH,SUCCESS
COL000005789,LOAN00004859,2024-12-16,23021.43,CALL_CENTER,SUCCESS
COL000005790,LOAN00004859,2025-05-30,39255.85,FIELD_AGENT,SUCCESS
COL000005791,LOAN00004859,2024-10-26,35379.33,FIELD_AGENT,SUCCESS
COL000005792,LOAN00004859,2026-07-16,31491.45,CALL_CENTER,SUCCESS
COL000005793,LOAN00004859,2025-08-14,23702.85,CALL_CENTER,SUCCESS
COL000005794,LOAN00004861,2024-04-02,30646.31,CALL_CENTER,SUCCESS
COL000005795,LOAN00004861,2025-12-24,26043.0,CALL_CENTER,PARTIAL
COL000005796,LOAN00004861,2024-05-02,13018.63,DIGITAL,SUCCESS
COL000005797,LOAN00004861,2025-02-09,26498.2,BRANCH,SUCCESS
COL000005798,LOAN00004861,2026-07-31,32577.2,BRANCH,SUCCESS
COL000005799,LOAN00004862,2025-03-14,18869.36,FIELD_AGENT,PARTIAL
COL000005800,LOAN00004862,2026-07-26,28201.03,DIGITAL,SUCCESS
COL000005801,LOAN00004862,2024-06-29,36047.57,CALL_CENTER,SUCCESS
COL000005802,LOAN00004862,2025-12-23,20886.68,BRANCH,SUCCESS
COL000005803,LOAN00004862,2025-10-06,12910.99,BRANCH,PARTIAL
COL000005804,LOAN00004862,2024-03-02,19692.09,CALL_CENTER,SUCCESS
COL000005805,LOAN00004863,2025-11-25,45548.15,CALL_CENTER,PARTIAL
COL000005806,LOAN00004863,2024-04-02,7295.75,BRANCH,SUCCESS
COL000005807,LOAN00004863,2024-10-27,5806.47,CALL_CENTER,SUCCESS
COL000005808,LOAN00004864,2024-12-13,22442.4,FIELD_AGENT,SUCCESS
COL000005809,LOAN00004864,2026-06-02,9323.94,FIELD_AGENT,SUCCESS
COL000005810,LOAN00004864,2025-01-19,12580.73,FIELD_AGENT,SUCCESS
COL000005811,LOAN00004864,2026-08-11,24608.81,DIGITAL,PARTIAL
COL000005812,LOAN00004867,2024-11-08,48659.49,FIELD_AGENT,SUCCESS
COL000005813,LOAN00004867,2024-07-07,45399.87,BRANCH,PARTIAL
COL000005814,LOAN00004868,2025-02-16,10701.49,BRANCH,PARTIAL
COL000005815,LOAN00004869,2024-05-08,1192.07,CALL_CENTER,SUCCESS
COL000005816,LOAN00004869,2025-04-02,38619.65,CALL_CENTER,FAILED
COL000005817,LOAN00004869,2025-12-13,11174.23,FIELD_AGENT,SUCCESS
COL000005818,LOAN00004871,2025-08-29,27971.34,BRANCH,PARTIAL
COL000005819,LOAN00004872,2024-10-30,16649.34,FIELD_AGENT,SUCCESS
COL000005820,LOAN00004872,2026-03-14,49309.65,CALL_CENTER,SUCCESS
COL000005821,LOAN00004873,2026-01-18,25372.0,DIGITAL,PARTIAL
COL000005822,LOAN00004873,2026-04-19,30962.84,DIGITAL,PARTIAL
COL000005823,LOAN00004873,2025-07-15,35494.6,DIGITAL,SUCCESS
COL000005824,LOAN00004873,2025-02-19,14936.67,BRANCH,SUCCESS
COL000005825,LOAN00004873,2025-05-17,47175.04,FIELD_AGENT,SUCCESS
COL000005826,LOAN00004873,2026-09-19,37634.43,DIGITAL,SUCCESS
COL000005827,LOAN00004877,2024-08-17,30556.82,FIELD_AGENT,SUCCESS
COL000005828,LOAN00004877,2026-02-16,4745.64,CALL_CENTER,SUCCESS
COL000005829,LOAN00004877,2025-03-18,41701.88,FIELD_AGENT,SUCCESS
COL000005830,LOAN00004880,2025-11-02,35642.13,CALL_CENTER,SUCCESS
COL000005831,LOAN00004880,2025-08-17,23725.11,DIGITAL,SUCCESS
COL000005832,LOAN00004880,2025-03-30,7653.49,DIGITAL,SUCCESS
COL000005833,LOAN00004891,2024-12-15,28893.01,DIGITAL,SUCCESS
COL000005834,LOAN00004891,2024-10-30,34791.35,BRANCH,SUCCESS
COL000005835,LOAN00004891,2026-06-24,1105.32,FIELD_AGENT,SUCCESS
COL000005836,LOAN00004894,2025-04-06,6661.04,FIELD_AGENT,PARTIAL
COL000005837,LOAN00004894,2026-08-24,40472.54,CALL_CENTER,SUCCESS
COL000005838,LOAN00004894,2025-10-12,21058.2,CALL_CENTER,SUCCESS
COL000005839,LOAN00004894,2026-06-11,31848.14,CALL_CENTER,PARTIAL
COL000005840,LOAN00004897,2026-07-24,40684.2,CALL_CENTER,PARTIAL
COL000005841,LOAN00004897,2024-05-04,16809.9,DIGITAL,SUCCESS
COL000005842,LOAN00004897,2025-01-24,26635.8,DIGITAL,SUCCESS
COL000005843,LOAN00004897,2024-11-11,6449.56,DIGITAL,PARTIAL
COL000005844,LOAN00004897,2026-08-16,5047.1,DIGITAL,SUCCESS
COL000005845,LOAN00004897,2024-10-30,43361.71,FIELD_AGENT,SUCCESS
COL000005846,LOAN00004901,2024-03-27,14786.24,FIELD_AGENT,SUCCESS
COL000005847,LOAN00004901,2025-08-16,34631.12,BRANCH,SUCCESS
COL000005848,LOAN00004901,2026-05-23,47472.34,BRANCH,SUCCESS
COL000005849,LOAN00004901,2025-01-09,43844.48,DIGITAL,PARTIAL
COL000005850,LOAN00004904,2025-12-22,26712.22,FIELD_AGENT,PARTIAL
COL000005851,LOAN00004904,2025-05-04,47254.08,FIELD_AGENT,SUCCESS
COL000005852,LOAN00004904,2024-11-01,4493.71,DIGITAL,SUCCESS
COL000005853,LOAN00004904,2025-02-18,16253.19,CALL_CENTER,SUCCESS
COL000005854,LOAN00004904,2025-11-15,44883.28,CALL_CENTER,SUCCESS
COL000005855,LOAN00004904,2025-12-03,14674.97,DIGITAL,SUCCESS
COL000005856,LOAN00004905,2026-02-15,30916.31,CALL_CENTER,SUCCESS
COL000005857,LOAN00004905,2026-05-31,49990.55,FIELD_AGENT,SUCCESS
COL000005858,LOAN00004905,2025-04-10,38849.64,FIELD_AGENT,SUCCESS
COL000005859,LOAN00004905,2024-11-27,15579.02,DIGITAL,SUCCESS
COL000005860,LOAN00004910,2025-08-23,21258.08,BRANCH,SUCCESS
COL000005861,LOAN00004910,2026-06-05,21510.04,FIELD_AGENT,SUCCESS
COL000005862,LOAN00004910,2024-06-06,17591.37,FIELD_AGENT,SUCCESS
COL000005863,LOAN00004910,2024-12-07,36062.61,FIELD_AGENT,PARTIAL
COL000005864,LOAN00004912,2024-08-19,16470.71,FIELD_AGENT,SUCCESS
COL000005865,LOAN00004912,2026-07-11,45906.49,CALL_CENTER,PARTIAL
COL000005866,LOAN00004912,2025-01-25,15377.29,BRANCH,SUCCESS
COL000005867,LOAN00004912,2025-04-26,47839.76,CALL_CENTER,FAILED
COL000005868,LOAN00004914,2024-11-28,12353.97,DIGITAL,FAILED
COL000005869,LOAN00004914,2024-07-02,11656.19,DIGITAL,PARTIAL
COL000005870,LOAN00004914,2024-04-25,20753.58,CALL_CENTER,PARTIAL
COL000005871,LOAN00004914,2026-02-24,8348.32,CALL_CENTER,SUCCESS
COL000005872,LOAN00004914,2025-08-01,46613.62,FIELD_AGENT,SUCCESS
COL000005873,LOAN00004914,2025-07-29,28510.0,FIELD_AGENT,SUCCESS
COL000005874,LOAN00004917,2024-04-07,5308.99,BRANCH,SUCCESS
COL000005875,LOAN00004917,2024-10-22,11746.44,BRANCH,PARTIAL
COL000005876,LOAN00004923,2025-11-25,48593.77,FIELD_AGENT,PARTIAL
COL000005877,LOAN00004923,2024-05-16,11760.36,FIELD_AGENT,PARTIAL
COL000005878,LOAN00004923,2024-04-25,8044.21,BRANCH,FAILED
COL000005879,LOAN00004923,2026-09-22,8600.29,DIGITAL,SUCCESS
COL000005880,LOAN00004923,2025-06-06,6994.16,FIELD_AGENT,SUCCESS
COL000005881,LOAN00004925,2025-05-31,13591.6,FIELD_AGENT,SUCCESS
COL000005882,LOAN00004926,2024-04-17,3866.29,BRANCH,SUCCESS
COL000005883,LOAN00004926,2026-02-08,22834.0,BRANCH,PARTIAL
COL000005884,LOAN00004926,2025-09-29,44975.78,BRANCH,SUCCESS
COL000005885,LOAN00004928,2024-10-16,23251.17,DIGITAL,SUCCESS
COL000005886,LOAN00004928,2025-01-26,38747.22,FIELD_AGENT,PARTIAL
COL000005887,LOAN00004937,2026-06-14,1728.47,CALL_CENTER,PARTIAL
COL000005888,LOAN00004937,2026-02-02,13164.18,BRANCH,SUCCESS
COL000005889,LOAN00004937,2024-12-25,32439.15,DIGITAL,SUCCESS
COL000005890,LOAN00004939,2026-05-14,12047.75,BRANCH,SUCCESS
COL000005891,LOAN00004939,2026-09-29,26570.1,DIGITAL,SUCCESS
COL000005892,LOAN00004939,2026-07-30,47826.53,FIELD_AGENT,SUCCESS
COL000005893,LOAN00004939,2025-09-13,16519.5,DIGITAL,SUCCESS
COL000005894,LOAN00004939,2024-03-21,33131.64,FIELD_AGENT,PARTIAL
COL000005895,LOAN00004939,2025-10-14,11563.68,DIGITAL,SUCCESS
COL000005896,LOAN00004940,2025-04-30,1181.8,FIELD_AGENT,SUCCESS
COL000005897,LOAN00004941,2024-06-25,18533.39,CALL_CENTER,SUCCESS
COL000005898,LOAN00004941,2025-08-29,31452.94,FIELD_AGENT,SUCCESS
COL000005899,LOAN00004941,2024-12-25,26837.98,FIELD_AGENT,PARTIAL
COL000005900,LOAN00004941,2026-03-04,41472.63,CALL_CENTER,SUCCESS
COL000005901,LOAN00004941,2024-05-15,15497.56,FIELD_AGENT,PARTIAL
COL000005902,LOAN00004944,2024-05-22,32145.13,DIGITAL,SUCCESS
COL000005903,LOAN00004944,2025-04-03,46230.26,DIGITAL,SUCCESS
COL000005904,LOAN00004944,2024-08-16,46177.9,FIELD_AGENT,SUCCESS
COL000005905,LOAN00004948,2025-11-04,33121.8,CALL_CENTER,SUCCESS
COL000005906,LOAN00004948,2026-06-06,40644.73,FIELD_AGENT,SUCCESS
COL000005907,LOAN00004948,2025-07-04,16705.89,DIGITAL,SUCCESS
COL000005908,LOAN00004952,2026-04-16,39742.8,FIELD_AGENT,SUCCESS
COL000005909,LOAN00004955,2024-05-09,4351.83,BRANCH,PARTIAL
COL000005910,LOAN00004955,2024-12-30,9375.02,FIELD_AGENT,SUCCESS
COL000005911,LOAN00004955,2026-07-23,14600.71,FIELD_AGENT,PARTIAL
COL000005912,LOAN00004955,2024-09-04,30537.07,BRANCH,SUCCESS
COL000005913,LOAN00004955,2026-04-17,14019.22,FIELD_AGENT,SUCCESS
COL000005914,LOAN00004955,2026-05-03,20562.07,BRANCH,SUCCESS
COL000005915,LOAN00004967,2024-08-13,26354.57,DIGITAL,FAILED
COL000005916,LOAN00004968,2026-08-14,17662.05,FIELD_AGENT,FAILED
COL000005917,LOAN00004968,2025-04-27,18072.85,DIGITAL,SUCCESS
COL000005918,LOAN00004969,2024-08-11,43199.08,CALL_CENTER,SUCCESS
COL000005919,LOAN00004969,2024-04-10,35757.52,CALL_CENTER,SUCCESS
COL000005920,LOAN00004969,2024-11-16,15187.62,DIGITAL,SUCCESS
COL000005921,LOAN00004969,2024-11-24,38583.97,CALL_CENTER,SUCCESS
COL000005922,LOAN00004969,2024-07-31,11225.63,DIGITAL,SUCCESS
COL000005923,LOAN00004969,2025-10-07,23935.89,CALL_CENTER,PARTIAL
COL000005924,LOAN00004970,2026-03-22,23112.65,BRANCH,SUCCESS
COL000005925,LOAN00004973,2024-07-24,40153.78,CALL_CENTER,SUCCESS
COL000005926,LOAN00004973,2025-05-27,42725.35,FIELD_AGENT,SUCCESS
COL000005927,LOAN00004973,2024-10-10,21342.79,DIGITAL,SUCCESS
COL000005928,LOAN00004973,2026-07-30,35233.82,FIELD_AGENT,SUCCESS
COL000005929,LOAN00004973,2026-07-20,41424.83,BRANCH,SUCCESS
COL000005930,LOAN00004975,2026-04-10,28641.49,FIELD_AGENT,PARTIAL
COL000005931,LOAN00004975,2024-05-14,42179.11,BRANCH,SUCCESS
COL000005932,LOAN00004975,2024-06-27,36322.48,BRANCH,PARTIAL
COL000005933,LOAN00004975,2025-06-10,33441.09,DIGITAL,SUCCESS
COL000005934,LOAN00004976,2025-03-09,1710.16,CALL_CENTER,SUCCESS
COL000005935,LOAN00004976,2025-02-07,10362.24,FIELD_AGENT,SUCCESS
COL000005936,LOAN00004976,2026-02-20,21122.66,BRANCH,SUCCESS
COL000005937,LOAN00004976,2025-08-26,43930.71,BRANCH,SUCCESS
COL000005938,LOAN00004976,2024-06-01,7301.74,DIGITAL,SUCCESS
COL000005939,LOAN00004976,2024-03-03,26262.05,CALL_CENTER,SUCCESS
COL000005940,LOAN00004977,2025-07-20,16984.65,DIGITAL,PARTIAL
COL000005941,LOAN00004977,2025-12-19,33460.75,DIGITAL,PARTIAL
COL000005942,LOAN00004977,2024-12-21,16898.12,CALL_CENTER,SUCCESS
COL000005943,LOAN00004977,2025-07-09,48421.74,DIGITAL,SUCCESS
COL000005944,LOAN00004980,2025-05-17,42642.25,CALL_CENTER,SUCCESS
COL000005945,LOAN00004980,2025-11-25,37994.47,DIGITAL,SUCCESS
COL000005946,LOAN00004980,2026-07-16,4433.52,FIELD_AGENT,SUCCESS
COL000005947,LOAN00004980,2024-04-18,41381.72,DIGITAL,SUCCESS
COL000005948,LOAN00004980,2024-08-26,12540.35,CALL_CENTER,FAILED
COL000005949,LOAN00004982,2025-03-10,12172.84,DIGITAL,SUCCESS
COL000005950,LOAN00004982,2025-05-26,33147.22,DIGITAL,PARTIAL
COL000005951,LOAN00004983,2024-06-24,37595.68,FIELD_AGENT,SUCCESS
COL000005952,LOAN00004983,2024-05-24,35552.09,BRANCH,PARTIAL
COL000005953,LOAN00004987,2025-01-23,1886.75,CALL_CENTER,SUCCESS
COL000005954,LOAN00004995,2026-03-05,21270.17,FIELD_AGENT,SUCCESS
COL000005955,LOAN00004995,2025-07-18,41249.63,FIELD_AGENT,SUCCESS
COL000005956,LOAN00004995,2025-07-19,30565.49,CALL_CENTER,PARTIAL
COL000005957,LOAN00004995,2026-09-10,39411.89,DIGITAL,SUCCESS
COL000005958,LOAN00004998,2024-03-29,19456.27,CALL_CENTER,SUCCESS
COL000005959,LOAN00004998,2024-07-18,13997.96,DIGITAL,SUCCESS
COL000005960,LOAN00004998,2024-11-04,28110.08,FIELD_AGENT,SUCCESS
COL000005961,LOAN00004998,2025-06-12,10402.85,DIGITAL,SUCCESS
COL000005962,LOAN00004998,2026-03-16,15331.14,FIELD_AGENT,SUCCESS
COL000005963,LOAN00004999,2024-10-11,40028.35,FIELD_AGENT,SUCCESS
COL000005964,LOAN00004999,2025-04-19,21580.89,FIELD_AGENT,SUCCESS
COL000005965,LOAN00004999,2025-11-27,42240.41,DIGITAL,SUCCESS
COL000005966,LOAN00004999,2024-10-04,49635.28,BRANCH,SUCCESS
COL000005967,LOAN00004999,2024-11-09,29619.99,BRANCH,SUCCESS
COL000005968,LOAN00004999,2025-10-14,44416.95,BRANCH,SUCCESS
COL000005969,LOAN00005002,2024-06-30,21352.82,CALL_CENTER,SUCCESS
COL000005970,LOAN00005002,2026-07-04,8440.31,DIGITAL,SUCCESS
COL000005971,LOAN00005002,2026-02-15,34748.29,CALL_CENTER,SUCCESS
COL000005972,LOAN00005002,2025-12-23,43742.96,CALL_CENTER,SUCCESS
COL000005973,LOAN00005006,2025-05-22,32803.7,CALL_CENTER,PARTIAL
COL000005974,LOAN00005006,2025-02-12,3683.55,BRANCH,SUCCESS
COL000005975,LOAN00005006,2025-02-24,7205.51,CALL_CENTER,PARTIAL
COL000005976,LOAN00005006,2024-05-16,49897.76,FIELD_AGENT,SUCCESS
COL000005977,LOAN00005006,2026-01-30,31772.12,CALL_CENTER,SUCCESS
COL000005978,LOAN00005006,2024-06-09,23999.69,CALL_CENTER,SUCCESS
COL000005979,LOAN00005011,2025-10-02,36655.17,BRANCH,SUCCESS
COL000005980,LOAN00005012,2025-11-02,21946.63,DIGITAL,SUCCESS
COL000005981,LOAN00005012,2024-07-15,46361.97,BRANCH,PARTIAL
COL000005982,LOAN00005012,2026-07-25,3927.1,CALL_CENTER,SUCCESS
COL000005983,LOAN00005012,2024-07-12,21161.64,FIELD_AGENT,SUCCESS
COL000005984,LOAN00005013,2024-07-25,23363.11,FIELD_AGENT,SUCCESS
COL000005985,LOAN00005013,2026-07-31,28121.65,CALL_CENTER,SUCCESS
COL000005986,LOAN00005013,2025-02-12,16047.57,BRANCH,SUCCESS
COL000005987,LOAN00005014,2025-07-28,21007.66,DIGITAL,PARTIAL
COL000005988,LOAN00005014,2024-12-10,49448.83,FIELD_AGENT,SUCCESS
COL000005989,LOAN00005014,2025-09-22,26167.83,CALL_CENTER,SUCCESS
COL000005990,LOAN00005014,2025-10-19,11218.22,FIELD_AGENT,FAILED
COL000005991,LOAN00005015,2025-10-18,17687.48,FIELD_AGENT,PARTIAL
COL000005992,LOAN00005015,2026-09-22,6804.7,FIELD_AGENT,SUCCESS
COL000005993,LOAN00005015,2026-07-17,39302.15,DIGITAL,SUCCESS
COL000005994,LOAN00005015,2024-10-03,37577.62,CALL_CENTER,SUCCESS
COL000005995,LOAN00005015,2025-03-06,19278.53,BRANCH,SUCCESS
COL000005996,LOAN00005021,2026-09-16,49239.51,FIELD_AGENT,SUCCESS
COL000005997,LOAN00005021,2024-06-10,49083.98,FIELD_AGENT,SUCCESS
COL000005998,LOAN00005021,2024-06-23,4647.91,FIELD_AGENT,PARTIAL
COL000005999,LOAN00005021,2024-05-08,18634.5,BRANCH,SUCCESS
COL000006000,LOAN00005021,2025-06-14,5370.16,CALL_CENTER,SUCCESS
COL000006001,LOAN00005021,2025-12-02,33690.29,FIELD_AGENT,SUCCESS
COL000006002,LOAN00005026,2025-09-03,32185.23,CALL_CENTER,SUCCESS
COL000006003,LOAN00005026,2026-08-18,19928.15,CALL_CENTER,SUCCESS
COL000006004,LOAN00005026,2026-01-10,17587.57,DIGITAL,PARTIAL
COL000006005,LOAN00005026,2026-06-23,20248.69,FIELD_AGENT,PARTIAL
COL000006006,LOAN00005035,2025-10-09,18742.52,FIELD_AGENT,PARTIAL
COL000006007,LOAN00005038,2025-07-11,49910.25,BRANCH,SUCCESS
COL000006008,LOAN00005038,2026-04-13,11635.93,BRANCH,SUCCESS
COL000006009,LOAN00005038,2026-01-19,19297.7,FIELD_AGENT,PARTIAL
COL000006010,LOAN00005038,2026-08-11,19517.83,DIGITAL,SUCCESS
COL000006011,LOAN00005038,2024-11-13,45692.05,FIELD_AGENT,SUCCESS
COL000006012,LOAN00005038,2024-11-14,48266.57,DIGITAL,SUCCESS
COL000006013,LOAN00005040,2025-08-27,4491.39,CALL_CENTER,SUCCESS
COL000006014,LOAN00005040,2025-08-20,29844.74,CALL_CENTER,SUCCESS
COL000006015,LOAN00005040,2025-01-12,2499.74,CALL_CENTER,FAILED
COL000006016,LOAN00005040,2025-02-04,18801.9,FIELD_AGENT,SUCCESS
COL000006017,LOAN00005040,2026-02-03,6458.31,FIELD_AGENT,SUCCESS
COL000006018,LOAN00005049,2026-04-18,6980.71,DIGITAL,PARTIAL
COL000006019,LOAN00005049,2025-02-08,37515.53,BRANCH,SUCCESS
COL000006020,LOAN00005049,2024-08-17,34340.03,DIGITAL,PARTIAL
COL000006021,LOAN00005049,2025-01-08,48507.46,DIGITAL,SUCCESS
COL000006022,LOAN00005049,2026-02-22,18833.89,CALL_CENTER,PARTIAL
COL000006023,LOAN00005050,2026-01-01,21268.29,FIELD_AGENT,SUCCESS
COL000006024,LOAN00005050,2026-09-12,6708.38,BRANCH,SUCCESS
COL000006025,LOAN00005050,2026-09-19,37285.13,CALL_CENTER,SUCCESS
COL000006026,LOAN00005050,2026-08-31,11264.06,BRANCH,SUCCESS
COL000006027,LOAN00005051,2026-04-10,41338.83,FIELD_AGENT,SUCCESS
COL000006028,LOAN00005051,2025-06-20,24113.84,CALL_CENTER,SUCCESS
COL000006029,LOAN00005051,2025-07-06,27582.91,BRANCH,SUCCESS
COL000006030,LOAN00005051,2025-10-21,31320.45,CALL_CENTER,SUCCESS
COL000006031,LOAN00005051,2026-04-04,26851.53,CALL_CENTER,PARTIAL
COL000006032,LOAN00005053,2026-09-16,10442.48,BRANCH,SUCCESS
COL000006033,LOAN00005053,2025-06-07,23908.69,CALL_CENTER,SUCCESS
COL000006034,LOAN00005053,2025-06-17,30783.64,CALL_CENTER,SUCCESS
COL000006035,LOAN00005053,2026-09-02,21101.78,BRANCH,SUCCESS
COL000006036,LOAN00005055,2025-12-18,34497.93,CALL_CENTER,SUCCESS
COL000006037,LOAN00005055,2026-04-01,43198.2,CALL_CENTER,PARTIAL
COL000006038,LOAN00005055,2024-03-02,45464.67,BRANCH,SUCCESS
COL000006039,LOAN00005055,2026-03-19,49488.37,CALL_CENTER,SUCCESS
COL000006040,LOAN00005055,2024-10-26,1101.51,DIGITAL,SUCCESS
COL000006041,LOAN00005055,2026-03-23,27272.49,BRANCH,SUCCESS
COL000006042,LOAN00005058,2024-07-03,20919.16,CALL_CENTER,SUCCESS
COL000006043,LOAN00005058,2025-02-12,7606.18,BRANCH,SUCCESS
COL000006044,LOAN00005058,2025-03-29,49064.27,DIGITAL,PARTIAL
COL000006045,LOAN00005058,2024-11-23,14909.04,BRANCH,SUCCESS
COL000006046,LOAN00005058,2025-08-10,34748.24,BRANCH,PARTIAL
COL000006047,LOAN00005058,2024-07-22,17141.83,FIELD_AGENT,SUCCESS
COL000006048,LOAN00005061,2025-08-01,30942.64,DIGITAL,SUCCESS
COL000006049,LOAN00005061,2024-11-28,2765.14,DIGITAL,SUCCESS
COL000006050,LOAN00005061,2024-03-24,22135.56,CALL_CENTER,SUCCESS
COL000006051,LOAN00005063,2026-05-14,13673.46,FIELD_AGENT,FAILED
COL000006052,LOAN00005063,2026-02-10,31046.53,BRANCH,SUCCESS
COL000006053,LOAN00005063,2025-03-17,41220.01,BRANCH,PARTIAL
COL000006054,LOAN00005063,2025-07-03,13939.48,BRANCH,SUCCESS
COL000006055,LOAN00005063,2024-05-03,5819.41,DIGITAL,SUCCESS
COL000006056,LOAN00005063,2026-04-12,39651.19,FIELD_AGENT,SUCCESS
COL000006057,LOAN00005065,2026-05-20,1015.7,CALL_CENTER,SUCCESS
COL000006058,LOAN00005065,2026-09-15,21329.8,BRANCH,SUCCESS
COL000006059,LOAN00005066,2026-03-08,42661.19,FIELD_AGENT,SUCCESS
COL000006060,LOAN00005066,2025-04-27,34623.76,FIELD_AGENT,PARTIAL
COL000006061,LOAN00005069,2024-04-22,40347.18,BRANCH,PARTIAL
COL000006062,LOAN00005069,2025-10-28,37834.18,FIELD_AGENT,SUCCESS
COL000006063,LOAN00005069,2026-03-11,2724.22,DIGITAL,PARTIAL
COL000006064,LOAN00005069,2025-02-18,11379.17,CALL_CENTER,SUCCESS
COL000006065,LOAN00005070,2025-01-01,31421.86,CALL_CENTER,SUCCESS
COL000006066,LOAN00005070,2026-01-11,6044.11,DIGITAL,PARTIAL
COL000006067,LOAN00005073,2026-07-22,48210.27,BRANCH,FAILED
COL000006068,LOAN00005073,2024-06-23,46313.18,DIGITAL,PARTIAL
COL000006069,LOAN00005075,2026-06-19,42465.12,BRANCH,SUCCESS
COL000006070,LOAN00005075,2025-09-22,45641.52,FIELD_AGENT,SUCCESS
COL000006071,LOAN00005078,2025-04-21,47262.4,FIELD_AGENT,SUCCESS
COL000006072,LOAN00005078,2024-04-12,22176.4,DIGITAL,SUCCESS
COL000006073,LOAN00005078,2026-02-28,28124.01,DIGITAL,SUCCESS
COL000006074,LOAN00005078,2024-07-19,49563.11,DIGITAL,SUCCESS
COL000006075,LOAN00005078,2024-05-12,2000.56,CALL_CENTER,SUCCESS
COL000006076,LOAN00005078,2024-11-14,37477.66,DIGITAL,SUCCESS
COL000006077,LOAN00005079,2025-02-04,13943.46,CALL_CENTER,SUCCESS
COL000006078,LOAN00005079,2026-08-21,31875.41,FIELD_AGENT,SUCCESS
COL000006079,LOAN00005079,2025-02-11,11194.48,DIGITAL,PARTIAL
COL000006080,LOAN00005082,2025-12-26,16831.57,BRANCH,PARTIAL
COL000006081,LOAN00005082,2024-05-09,21779.97,FIELD_AGENT,SUCCESS
COL000006082,LOAN00005082,2025-02-22,18129.11,DIGITAL,SUCCESS
COL000006083,LOAN00005082,2025-07-01,35605.98,FIELD_AGENT,SUCCESS
COL000006084,LOAN00005083,2025-06-06,35926.19,DIGITAL,SUCCESS
COL000006085,LOAN00005085,2024-09-22,26267.08,DIGITAL,SUCCESS
COL000006086,LOAN00005089,2026-08-31,36918.72,BRANCH,SUCCESS
COL000006087,LOAN00005089,2025-01-08,31174.25,DIGITAL,PARTIAL
COL000006088,LOAN00005089,2024-03-26,34119.33,BRANCH,SUCCESS
COL000006089,LOAN00005092,2026-09-01,42806.43,FIELD_AGENT,SUCCESS
COL000006090,LOAN00005092,2025-11-05,29726.83,DIGITAL,SUCCESS
COL000006091,LOAN00005092,2026-03-15,23138.73,DIGITAL,SUCCESS
COL000006092,LOAN00005098,2026-05-02,1051.77,CALL_CENTER,PARTIAL
COL000006093,LOAN00005098,2025-05-03,21598.46,FIELD_AGENT,SUCCESS
COL000006094,LOAN00005101,2025-01-07,33149.45,CALL_CENTER,SUCCESS
COL000006095,LOAN00005101,2025-01-22,26288.92,DIGITAL,SUCCESS
COL000006096,LOAN00005101,2024-03-23,46198.51,FIELD_AGENT,SUCCESS
COL000006097,LOAN00005101,2024-07-23,36109.98,DIGITAL,SUCCESS
COL000006098,LOAN00005106,2025-01-19,28074.27,DIGITAL,SUCCESS
COL000006099,LOAN00005106,2024-03-17,49855.56,FIELD_AGENT,SUCCESS
COL000006100,LOAN00005106,2025-06-09,33944.6,FIELD_AGENT,SUCCESS
COL000006101,LOAN00005106,2026-01-08,48588.22,FIELD_AGENT,SUCCESS
COL000006102,LOAN00005106,2026-03-28,3594.19,CALL_CENTER,SUCCESS
COL000006103,LOAN00005106,2024-10-16,28807.48,BRANCH,PARTIAL
COL000006104,LOAN00005115,2025-08-30,25217.66,DIGITAL,SUCCESS
COL000006105,LOAN00005115,2026-07-06,26220.1,BRANCH,SUCCESS
COL000006106,LOAN00005115,2025-03-17,40144.91,BRANCH,PARTIAL
COL000006107,LOAN00005115,2024-04-30,1269.36,DIGITAL,PARTIAL
COL000006108,LOAN00005115,2026-08-23,28330.52,FIELD_AGENT,FAILED
COL000006109,LOAN00005116,2025-10-16,49622.34,FIELD_AGENT,SUCCESS
COL000006110,LOAN00005116,2024-12-08,3010.97,FIELD_AGENT,PARTIAL
COL000006111,LOAN00005116,2025-03-02,45134.18,FIELD_AGENT,SUCCESS
COL000006112,LOAN00005116,2025-01-02,13530.16,BRANCH,SUCCESS
COL000006113,LOAN00005116,2024-12-21,26025.15,FIELD_AGENT,SUCCESS
COL000006114,LOAN00005116,2026-04-23,7583.3,CALL_CENTER,PARTIAL
COL000006115,LOAN00005117,2024-04-08,35864.4,BRANCH,SUCCESS
COL000006116,LOAN00005117,2024-07-17,21372.82,FIELD_AGENT,SUCCESS
COL000006117,LOAN00005117,2025-01-27,19314.95,BRANCH,SUCCESS
COL000006118,LOAN00005117,2026-01-01,40840.89,DIGITAL,SUCCESS
COL000006119,LOAN00005117,2026-01-03,49301.87,FIELD_AGENT,SUCCESS
COL000006120,LOAN00005117,2024-11-13,34865.1,BRANCH,SUCCESS
COL000006121,LOAN00005118,2026-04-16,41894.42,DIGITAL,SUCCESS
COL000006122,LOAN00005124,2025-05-21,17615.87,CALL_CENTER,SUCCESS
COL000006123,LOAN00005124,2024-06-14,29699.32,CALL_CENTER,SUCCESS
COL000006124,LOAN00005124,2025-04-12,32530.03,DIGITAL,SUCCESS
COL000006125,LOAN00005124,2026-01-12,41586.44,CALL_CENTER,SUCCESS
COL000006126,LOAN00005124,2025-06-08,16600.88,CALL_CENTER,SUCCESS
COL000006127,LOAN00005126,2025-09-26,19767.49,BRANCH,SUCCESS
COL000006128,LOAN00005126,2026-04-19,37306.6,DIGITAL,SUCCESS
COL000006129,LOAN00005126,2024-09-10,18799.71,FIELD_AGENT,SUCCESS
COL000006130,LOAN00005126,2026-02-11,11276.18,FIELD_AGENT,SUCCESS
COL000006131,LOAN00005128,2026-07-14,7158.74,FIELD_AGENT,SUCCESS
COL000006132,LOAN00005128,2026-03-04,18055.81,CALL_CENTER,SUCCESS
COL000006133,LOAN00005128,2024-09-25,48261.14,CALL_CENTER,SUCCESS
COL000006134,LOAN00005128,2024-03-06,48806.87,CALL_CENTER,SUCCESS
COL000006135,LOAN00005132,2024-03-23,18995.59,BRANCH,SUCCESS
COL000006136,LOAN00005132,2024-04-15,32172.97,CALL_CENTER,PARTIAL
COL000006137,LOAN00005132,2024-09-11,10446.77,FIELD_AGENT,SUCCESS
COL000006138,LOAN00005132,2024-04-25,14157.95,DIGITAL,SUCCESS
COL000006139,LOAN00005132,2025-07-06,13638.33,DIGITAL,SUCCESS
COL000006140,LOAN00005132,2025-09-16,30871.35,FIELD_AGENT,SUCCESS
COL000006141,LOAN00005133,2025-08-27,15353.37,CALL_CENTER,PARTIAL
COL000006142,LOAN00005137,2026-09-11,48230.21,BRANCH,SUCCESS
COL000006143,LOAN00005137,2026-09-01,36104.84,FIELD_AGENT,SUCCESS
COL000006144,LOAN00005137,2026-02-18,13281.87,FIELD_AGENT,PARTIAL
COL000006145,LOAN00005139,2025-02-11,38653.41,DIGITAL,SUCCESS
COL000006146,LOAN00005139,2025-09-10,43877.4,BRANCH,PARTIAL
COL000006147,LOAN00005142,2024-04-16,25501.95,BRANCH,SUCCESS
COL000006148,LOAN00005142,2025-06-10,31609.13,FIELD_AGENT,SUCCESS
COL000006149,LOAN00005142,2026-03-31,24982.87,FIELD_AGENT,SUCCESS
COL000006150,LOAN00005142,2025-04-20,32228.19,BRANCH,SUCCESS
COL000006151,LOAN00005145,2026-07-17,42391.2,DIGITAL,PARTIAL
COL000006152,LOAN00005145,2025-04-14,23800.67,FIELD_AGENT,SUCCESS
COL000006153,LOAN00005145,2026-03-07,23481.92,BRANCH,SUCCESS
COL000006154,LOAN00005145,2024-04-08,11129.41,DIGITAL,PARTIAL
COL000006155,LOAN00005145,2025-11-03,48116.57,BRANCH,SUCCESS
COL000006156,LOAN00005145,2024-03-06,47674.01,BRANCH,SUCCESS
COL000006157,LOAN00005153,2025-09-20,42910.32,BRANCH,PARTIAL
COL000006158,LOAN00005153,2025-03-12,15153.1,FIELD_AGENT,SUCCESS
COL000006159,LOAN00005153,2025-07-13,14566.13,CALL_CENTER,SUCCESS
COL000006160,LOAN00005153,2025-09-23,6505.88,CALL_CENTER,SUCCESS
COL000006161,LOAN00005153,2024-06-14,21577.55,CALL_CENTER,FAILED
COL000006162,LOAN00005154,2026-02-17,5115.19,DIGITAL,SUCCESS
COL000006163,LOAN00005154,2024-10-08,7541.81,FIELD_AGENT,SUCCESS
COL000006164,LOAN00005154,2025-06-29,4998.58,BRANCH,PARTIAL
COL000006165,LOAN00005154,2026-04-30,10766.55,FIELD_AGENT,SUCCESS
COL000006166,LOAN00005154,2026-06-15,44205.51,BRANCH,SUCCESS
COL000006167,LOAN00005158,2026-03-16,21752.32,CALL_CENTER,PARTIAL
COL000006168,LOAN00005158,2026-07-12,42686.07,BRANCH,SUCCESS
COL000006169,LOAN00005158,2024-03-01,20815.82,CALL_CENTER,SUCCESS
COL000006170,LOAN00005158,2026-01-16,39706.57,CALL_CENTER,SUCCESS
COL000006171,LOAN00005158,2024-03-27,17722.5,CALL_CENTER,SUCCESS
COL000006172,LOAN00005158,2026-03-02,33262.78,DIGITAL,PARTIAL
COL000006173,LOAN00005163,2026-05-15,24665.47,BRANCH,SUCCESS
COL000006174,LOAN00005163,2026-06-02,44281.32,FIELD_AGENT,SUCCESS
COL000006175,LOAN00005163,2025-10-16,4013.5,FIELD_AGENT,SUCCESS
COL000006176,LOAN00005163,2024-04-21,17231.6,BRANCH,SUCCESS
COL000006177,LOAN00005163,2026-01-12,49381.74,DIGITAL,SUCCESS
COL000006178,LOAN00005163,2024-06-21,11149.99,FIELD_AGENT,PARTIAL
COL000006179,LOAN00005165,2025-12-10,27001.43,DIGITAL,SUCCESS
COL000006180,LOAN00005165,2025-11-26,31666.21,DIGITAL,SUCCESS
COL000006181,LOAN00005165,2024-11-16,47780.74,DIGITAL,SUCCESS
COL000006182,LOAN00005165,2026-02-15,3881.07,DIGITAL,SUCCESS
COL000006183,LOAN00005165,2025-07-04,14397.71,BRANCH,SUCCESS
COL000006184,LOAN00005169,2024-04-06,44378.53,CALL_CENTER,SUCCESS
COL000006185,LOAN00005171,2025-11-15,18757.86,CALL_CENTER,SUCCESS
COL000006186,LOAN00005173,2024-08-28,2420.76,CALL_CENTER,SUCCESS
COL000006187,LOAN00005173,2026-03-24,43877.61,CALL_CENTER,SUCCESS
COL000006188,LOAN00005173,2024-09-15,44704.28,FIELD_AGENT,SUCCESS
COL000006189,LOAN00005173,2024-11-17,15619.53,CALL_CENTER,SUCCESS
COL000006190,LOAN00005173,2024-06-15,36541.72,CALL_CENTER,SUCCESS
COL000006191,LOAN00005173,2024-05-18,39043.9,FIELD_AGENT,SUCCESS
COL000006192,LOAN00005175,2025-10-28,41231.85,DIGITAL,SUCCESS
COL000006193,LOAN00005176,2024-04-18,5774.75,FIELD_AGENT,SUCCESS
COL000006194,LOAN00005176,2024-06-26,36911.7,BRANCH,SUCCESS
COL000006195,LOAN00005176,2026-02-14,16392.0,BRANCH,SUCCESS
COL000006196,LOAN00005176,2025-09-26,44490.64,BRANCH,SUCCESS
COL000006197,LOAN00005176,2026-03-15,17217.59,BRANCH,SUCCESS
COL000006198,LOAN00005176,2026-09-09,10655.23,BRANCH,SUCCESS
COL000006199,LOAN00005181,2025-03-29,7476.26,DIGITAL,SUCCESS
COL000006200,LOAN00005181,2024-07-04,38124.46,DIGITAL,PARTIAL
COL000006201,LOAN00005181,2025-06-29,19436.56,FIELD_AGENT,SUCCESS
COL000006202,LOAN00005183,2026-08-18,8953.27,DIGITAL,SUCCESS
COL000006203,LOAN00005183,2024-10-02,41136.34,DIGITAL,SUCCESS
COL000006204,LOAN00005190,2025-06-25,29222.6,DIGITAL,SUCCESS
COL000006205,LOAN00005190,2025-03-31,28181.6,FIELD_AGENT,SUCCESS
COL000006206,LOAN00005190,2024-12-24,14983.45,CALL_CENTER,SUCCESS
COL000006207,LOAN00005190,2026-08-03,35011.14,BRANCH,SUCCESS
COL000006208,LOAN00005191,2025-07-27,33113.83,DIGITAL,SUCCESS
COL000006209,LOAN00005191,2025-03-18,38944.8,CALL_CENTER,SUCCESS
COL000006210,LOAN00005196,2024-03-05,3308.47,FIELD_AGENT,PARTIAL
COL000006211,LOAN00005199,2025-10-21,32191.55,CALL_CENTER,SUCCESS
COL000006212,LOAN00005199,2024-12-04,4836.92,CALL_CENTER,SUCCESS
COL000006213,LOAN00005199,2025-03-18,31668.58,BRANCH,SUCCESS
COL000006214,LOAN00005202,2024-04-15,18308.25,CALL_CENTER,SUCCESS
COL000006215,LOAN00005202,2024-04-09,28426.17,CALL_CENTER,SUCCESS
COL000006216,LOAN00005202,2024-03-04,1733.57,DIGITAL,SUCCESS
COL000006217,LOAN00005202,2024-09-12,11764.22,CALL_CENTER,PARTIAL
COL000006218,LOAN00005202,2025-04-08,7015.51,DIGITAL,SUCCESS
COL000006219,LOAN00005202,2024-04-05,30836.69,DIGITAL,FAILED
COL000006220,LOAN00005205,2024-05-02,31912.83,FIELD_AGENT,SUCCESS
COL000006221,LOAN00005205,2024-06-04,21302.21,CALL_CENTER,SUCCESS
COL000006222,LOAN00005205,2026-07-12,29002.98,FIELD_AGENT,SUCCESS
COL000006223,LOAN00005205,2025-11-01,23277.17,FIELD_AGENT,SUCCESS
COL000006224,LOAN00005205,2024-12-18,36408.97,CALL_CENTER,PARTIAL
COL000006225,LOAN00005205,2025-01-05,46178.67,FIELD_AGENT,SUCCESS
COL000006226,LOAN00005206,2024-08-26,49167.44,DIGITAL,SUCCESS
COL000006227,LOAN00005207,2024-07-19,18657.07,DIGITAL,SUCCESS
COL000006228,LOAN00005207,2026-06-25,21645.25,FIELD_AGENT,SUCCESS
COL000006229,LOAN00005207,2025-12-10,25833.62,CALL_CENTER,FAILED
COL000006230,LOAN00005207,2024-08-19,6462.4,BRANCH,SUCCESS
COL000006231,LOAN00005207,2025-11-18,17665.66,CALL_CENTER,FAILED
COL000006232,LOAN00005207,2025-02-07,26698.89,DIGITAL,SUCCESS
COL000006233,LOAN00005210,2026-01-02,43029.18,CALL_CENTER,FAILED
COL000006234,LOAN00005210,2024-10-08,47994.41,DIGITAL,SUCCESS
COL000006235,LOAN00005210,2026-09-01,33277.86,FIELD_AGENT,SUCCESS
COL000006236,LOAN00005210,2024-11-03,25408.97,BRANCH,SUCCESS
COL000006237,LOAN00005210,2026-08-27,12250.34,CALL_CENTER,PARTIAL
COL000006238,LOAN00005211,2024-04-26,40431.94,FIELD_AGENT,SUCCESS
COL000006239,LOAN00005211,2024-05-12,29236.58,CALL_CENTER,SUCCESS
COL000006240,LOAN00005211,2024-11-10,34008.41,DIGITAL,SUCCESS
COL000006241,LOAN00005211,2025-04-06,41348.55,DIGITAL,SUCCESS
COL000006242,LOAN00005218,2025-07-25,7907.73,DIGITAL,SUCCESS
COL000006243,LOAN00005218,2024-08-04,19009.04,BRANCH,SUCCESS
COL000006244,LOAN00005218,2025-03-24,43967.39,BRANCH,SUCCESS
COL000006245,LOAN00005218,2025-04-19,33341.91,FIELD_AGENT,SUCCESS
COL000006246,LOAN00005218,2025-04-07,44768.83,BRANCH,SUCCESS
COL000006247,LOAN00005219,2025-10-18,30401.97,DIGITAL,SUCCESS
COL000006248,LOAN00005220,2024-10-22,9760.8,CALL_CENTER,PARTIAL
COL000006249,LOAN00005220,2026-01-04,17121.31,CALL_CENTER,PARTIAL
COL000006250,LOAN00005220,2024-11-08,42810.58,BRANCH,SUCCESS
COL000006251,LOAN00005220,2024-05-18,8042.24,FIELD_AGENT,FAILED
COL000006252,LOAN00005220,2025-09-26,34881.04,BRANCH,SUCCESS
COL000006253,LOAN00005220,2026-06-11,27172.38,DIGITAL,FAILED
COL000006254,LOAN00005221,2026-02-06,36128.04,FIELD_AGENT,SUCCESS
COL000006255,LOAN00005221,2024-10-16,29604.85,BRANCH,SUCCESS
COL000006256,LOAN00005221,2025-02-01,27403.48,DIGITAL,PARTIAL
COL000006257,LOAN00005221,2025-01-08,24126.8,FIELD_AGENT,SUCCESS
COL000006258,LOAN00005225,2026-07-27,9745.44,DIGITAL,SUCCESS
COL000006259,LOAN00005225,2025-07-05,28966.63,CALL_CENTER,PARTIAL
COL000006260,LOAN00005225,2026-05-30,47803.41,DIGITAL,SUCCESS
COL000006261,LOAN00005225,2026-03-06,25608.9,DIGITAL,PARTIAL
COL000006262,LOAN00005225,2024-11-02,30234.25,CALL_CENTER,SUCCESS
COL000006263,LOAN00005226,2024-04-03,11747.75,BRANCH,SUCCESS
COL000006264,LOAN00005226,2025-05-31,18732.48,FIELD_AGENT,PARTIAL
COL000006265,LOAN00005226,2024-11-12,35094.11,CALL_CENTER,SUCCESS
COL000006266,LOAN00005226,2024-06-20,20387.71,FIELD_AGENT,SUCCESS
COL000006267,LOAN00005226,2025-11-20,31625.63,FIELD_AGENT,SUCCESS
COL000006268,LOAN00005233,2024-08-07,10882.07,CALL_CENTER,PARTIAL
COL000006269,LOAN00005233,2025-07-08,44860.46,FIELD_AGENT,SUCCESS
COL000006270,LOAN00005235,2025-08-06,30839.23,BRANCH,SUCCESS
COL000006271,LOAN00005236,2025-11-06,28899.44,DIGITAL,SUCCESS
COL000006272,LOAN00005236,2024-06-16,23835.8,BRANCH,SUCCESS
COL000006273,LOAN00005239,2026-06-30,45788.55,BRANCH,FAILED
COL000006274,LOAN00005239,2024-10-15,7532.46,FIELD_AGENT,SUCCESS
COL000006275,LOAN00005239,2025-04-09,18712.76,BRANCH,SUCCESS
COL000006276,LOAN00005239,2025-10-03,26166.0,BRANCH,SUCCESS
COL000006277,LOAN00005239,2024-03-17,49532.54,FIELD_AGENT,SUCCESS
COL000006278,LOAN00005239,2025-04-29,49557.3,FIELD_AGENT,SUCCESS
COL000006279,LOAN00005244,2025-05-21,25799.31,FIELD_AGENT,SUCCESS
COL000006280,LOAN00005244,2025-02-16,40563.75,DIGITAL,SUCCESS
COL000006281,LOAN00005246,2024-12-13,42837.61,BRANCH,SUCCESS
COL000006282,LOAN00005246,2024-05-05,40138.41,FIELD_AGENT,SUCCESS
COL000006283,LOAN00005246,2025-02-09,21174.66,CALL_CENTER,SUCCESS
COL000006284,LOAN00005246,2024-09-21,8674.14,FIELD_AGENT,SUCCESS
COL000006285,LOAN00005246,2025-12-04,15957.81,DIGITAL,SUCCESS
COL000006286,LOAN00005250,2026-08-30,22647.2,DIGITAL,PARTIAL
COL000006287,LOAN00005251,2024-10-01,12787.65,FIELD_AGENT,SUCCESS
COL000006288,LOAN00005251,2025-10-06,44854.8,FIELD_AGENT,SUCCESS
COL000006289,LOAN00005251,2025-04-30,48954.14,CALL_CENTER,PARTIAL
COL000006290,LOAN00005251,2024-04-20,39487.83,FIELD_AGENT,SUCCESS
COL000006291,LOAN00005251,2025-05-01,43234.59,BRANCH,SUCCESS
COL000006292,LOAN00005251,2026-06-06,24830.0,FIELD_AGENT,SUCCESS
COL000006293,LOAN00005252,2026-05-08,45831.87,FIELD_AGENT,SUCCESS
COL000006294,LOAN00005252,2025-05-10,27822.57,CALL_CENTER,SUCCESS
COL000006295,LOAN00005252,2024-04-17,1088.4,DIGITAL,SUCCESS
COL000006296,LOAN00005252,2025-03-11,20950.26,DIGITAL,FAILED
COL000006297,LOAN00005253,2025-08-10,49398.33,DIGITAL,SUCCESS
COL000006298,LOAN00005253,2026-02-12,9222.03,DIGITAL,FAILED
COL000006299,LOAN00005253,2024-04-26,33099.37,BRANCH,PARTIAL
COL000006300,LOAN00005253,2024-05-05,9197.55,CALL_CENTER,SUCCESS
COL000006301,LOAN00005253,2025-01-10,24653.51,DIGITAL,PARTIAL
COL000006302,LOAN00005253,2026-03-29,36738.54,BRANCH,FAILED
COL000006303,LOAN00005254,2024-06-12,31827.15,DIGITAL,SUCCESS
COL000006304,LOAN00005259,2024-03-09,10093.45,FIELD_AGENT,SUCCESS
COL000006305,LOAN00005259,2024-04-10,2650.62,DIGITAL,SUCCESS
COL000006306,LOAN00005259,2026-08-20,39012.04,FIELD_AGENT,SUCCESS
COL000006307,LOAN00005259,2026-09-03,43693.29,CALL_CENTER,SUCCESS
COL000006308,LOAN00005259,2025-06-05,8854.1,DIGITAL,SUCCESS
COL000006309,LOAN00005261,2025-01-21,15909.13,CALL_CENTER,SUCCESS
COL000006310,LOAN00005264,2025-12-11,43466.36,CALL_CENTER,SUCCESS
COL000006311,LOAN00005264,2024-10-16,30330.93,DIGITAL,PARTIAL
COL000006312,LOAN00005264,2024-08-08,37481.81,BRANCH,PARTIAL
COL000006313,LOAN00005264,2024-07-02,46532.95,DIGITAL,SUCCESS
COL000006314,LOAN00005264,2026-04-22,33997.91,BRANCH,SUCCESS
COL000006315,LOAN00005269,2025-08-15,19567.89,DIGITAL,SUCCESS
COL000006316,LOAN00005270,2024-08-10,49250.21,FIELD_AGENT,PARTIAL
COL000006317,LOAN00005270,2026-05-09,36322.97,DIGITAL,SUCCESS
COL000006318,LOAN00005270,2026-09-08,16792.85,BRANCH,SUCCESS
COL000006319,LOAN00005270,2025-12-05,1225.97,CALL_CENTER,PARTIAL
COL000006320,LOAN00005270,2024-07-19,4085.57,FIELD_AGENT,SUCCESS
COL000006321,LOAN00005270,2025-06-13,29610.74,CALL_CENTER,SUCCESS
COL000006322,LOAN00005274,2026-02-28,36548.34,DIGITAL,PARTIAL
COL000006323,LOAN00005274,2024-08-16,26465.78,CALL_CENTER,PARTIAL
COL000006324,LOAN00005276,2024-07-23,2211.52,BRANCH,FAILED
COL000006325,LOAN00005279,2025-04-11,19877.44,DIGITAL,SUCCESS
COL000006326,LOAN00005279,2026-08-08,15731.63,FIELD_AGENT,SUCCESS
COL000006327,LOAN00005280,2025-05-19,5052.26,DIGITAL,SUCCESS
COL000006328,LOAN00005280,2024-10-07,3276.88,CALL_CENTER,SUCCESS
COL000006329,LOAN00005280,2024-05-09,17719.62,FIELD_AGENT,SUCCESS
COL000006330,LOAN00005280,2026-02-05,35685.21,CALL_CENTER,SUCCESS
COL000006331,LOAN00005281,2025-02-22,13871.02,FIELD_AGENT,PARTIAL
COL000006332,LOAN00005281,2026-09-21,16369.82,BRANCH,SUCCESS
COL000006333,LOAN00005281,2025-04-16,32678.72,FIELD_AGENT,SUCCESS
COL000006334,LOAN00005281,2026-01-14,12455.06,DIGITAL,SUCCESS
COL000006335,LOAN00005281,2025-11-03,13697.16,CALL_CENTER,SUCCESS
COL000006336,LOAN00005281,2025-08-07,47394.72,DIGITAL,SUCCESS
COL000006337,LOAN00005283,2024-10-01,9848.56,BRANCH,SUCCESS
COL000006338,LOAN00005283,2024-07-20,43542.42,CALL_CENTER,SUCCESS
COL000006339,LOAN00005283,2026-01-08,6391.94,CALL_CENTER,SUCCESS
COL000006340,LOAN00005283,2024-09-06,41414.77,BRANCH,SUCCESS
COL000006341,LOAN00005283,2026-09-12,20386.03,DIGITAL,SUCCESS
COL000006342,LOAN00005283,2025-10-20,29570.74,DIGITAL,FAILED
COL000006343,LOAN00005285,2025-03-19,42834.22,BRANCH,PARTIAL
COL000006344,LOAN00005285,2024-12-18,41130.54,BRANCH,SUCCESS
COL000006345,LOAN00005285,2026-01-01,12961.4,BRANCH,SUCCESS
COL000006346,LOAN00005285,2025-12-27,25054.69,BRANCH,SUCCESS
COL000006347,LOAN00005286,2026-01-25,13402.63,DIGITAL,SUCCESS
COL000006348,LOAN00005286,2026-08-20,38534.87,FIELD_AGENT,SUCCESS
COL000006349,LOAN00005286,2025-02-01,36325.24,DIGITAL,SUCCESS
COL000006350,LOAN00005286,2026-07-22,9856.39,DIGITAL,SUCCESS
COL000006351,LOAN00005286,2025-09-27,21786.59,BRANCH,SUCCESS
COL000006352,LOAN00005290,2026-04-08,5903.72,FIELD_AGENT,SUCCESS
COL000006353,LOAN00005290,2025-12-23,27597.02,FIELD_AGENT,SUCCESS
COL000006354,LOAN00005291,2025-09-19,40442.81,FIELD_AGENT,SUCCESS
COL000006355,LOAN00005291,2024-06-21,31297.38,BRANCH,SUCCESS
COL000006356,LOAN00005291,2024-09-27,27049.48,BRANCH,SUCCESS
COL000006357,LOAN00005291,2025-04-23,46806.46,CALL_CENTER,PARTIAL
COL000006358,LOAN00005295,2026-04-22,27082.83,DIGITAL,SUCCESS
COL000006359,LOAN00005295,2026-08-10,25781.82,FIELD_AGENT,PARTIAL
COL000006360,LOAN00005295,2024-05-12,4235.43,DIGITAL,SUCCESS
COL000006361,LOAN00005295,2025-06-10,34202.94,FIELD_AGENT,SUCCESS
COL000006362,LOAN00005295,2026-09-13,49731.95,DIGITAL,SUCCESS
COL000006363,LOAN00005296,2025-02-25,23398.48,CALL_CENTER,SUCCESS
COL000006364,LOAN00005296,2025-04-19,48867.58,CALL_CENTER,SUCCESS
COL000006365,LOAN00005298,2024-04-07,46588.61,BRANCH,SUCCESS
COL000006366,LOAN00005299,2024-11-14,5681.36,DIGITAL,FAILED
COL000006367,LOAN00005299,2025-12-24,34784.2,DIGITAL,SUCCESS
COL000006368,LOAN00005299,2024-08-14,17723.32,FIELD_AGENT,PARTIAL
COL000006369,LOAN00005299,2024-12-13,18465.77,DIGITAL,PARTIAL
COL000006370,LOAN00005299,2024-11-20,41228.65,DIGITAL,SUCCESS
COL000006371,LOAN00005300,2024-04-25,29579.43,CALL_CENTER,SUCCESS
COL000006372,LOAN00005300,2025-12-06,3913.85,BRANCH,PARTIAL
COL000006373,LOAN00005300,2026-05-26,48462.43,BRANCH,PARTIAL
COL000006374,LOAN00005300,2024-04-08,31247.13,DIGITAL,SUCCESS
COL000006375,LOAN00005300,2025-06-03,18888.21,BRANCH,SUCCESS
COL000006376,LOAN00005301,2026-09-15,6745.47,CALL_CENTER,SUCCESS
COL000006377,LOAN00005301,2024-04-14,32425.2,DIGITAL,SUCCESS
COL000006378,LOAN00005301,2026-03-10,36199.9,CALL_CENTER,SUCCESS
COL000006379,LOAN00005301,2025-09-03,1494.29,DIGITAL,SUCCESS
COL000006380,LOAN00005301,2024-10-19,6716.99,BRANCH,SUCCESS
COL000006381,LOAN00005301,2026-02-05,23235.96,BRANCH,SUCCESS
COL000006382,LOAN00005305,2024-12-12,36717.62,FIELD_AGENT,PARTIAL
COL000006383,LOAN00005305,2025-01-14,11739.08,FIELD_AGENT,PARTIAL
COL000006384,LOAN00005312,2025-09-01,19712.96,DIGITAL,SUCCESS
COL000006385,LOAN00005312,2025-12-31,26478.14,CALL_CENTER,SUCCESS
COL000006386,LOAN00005316,2025-01-09,8594.51,FIELD_AGENT,SUCCESS
COL000006387,LOAN00005316,2025-06-21,2294.92,DIGITAL,SUCCESS
COL000006388,LOAN00005316,2025-10-30,3859.27,BRANCH,SUCCESS
COL000006389,LOAN00005320,2025-07-06,15313.75,FIELD_AGENT,PARTIAL
COL000006390,LOAN00005320,2024-11-19,13206.3,FIELD_AGENT,PARTIAL
COL000006391,LOAN00005320,2025-09-21,45513.39,FIELD_AGENT,SUCCESS
COL000006392,LOAN00005320,2025-12-30,44716.21,CALL_CENTER,SUCCESS
COL000006393,LOAN00005320,2025-02-03,41223.65,BRANCH,SUCCESS
COL000006394,LOAN00005320,2025-03-20,9225.34,DIGITAL,SUCCESS
COL000006395,LOAN00005323,2025-11-08,25794.16,CALL_CENTER,SUCCESS
COL000006396,LOAN00005323,2025-08-11,42652.46,CALL_CENTER,SUCCESS
COL000006397,LOAN00005323,2024-07-23,18721.16,DIGITAL,FAILED
COL000006398,LOAN00005324,2025-12-19,7956.34,DIGITAL,SUCCESS
COL000006399,LOAN00005324,2025-03-06,3955.45,FIELD_AGENT,SUCCESS
COL000006400,LOAN00005324,2024-10-29,16213.1,FIELD_AGENT,SUCCESS
COL000006401,LOAN00005324,2025-07-02,29417.28,CALL_CENTER,SUCCESS
COL000006402,LOAN00005326,2025-08-18,29930.7,FIELD_AGENT,SUCCESS
COL000006403,LOAN00005327,2025-06-09,46286.74,CALL_CENTER,FAILED
COL000006404,LOAN00005330,2024-12-10,44758.41,FIELD_AGENT,PARTIAL
COL000006405,LOAN00005330,2025-05-05,14521.15,FIELD_AGENT,SUCCESS
COL000006406,LOAN00005330,2024-11-11,3154.44,DIGITAL,FAILED
COL000006407,LOAN00005330,2026-04-23,22006.39,FIELD_AGENT,SUCCESS
COL000006408,LOAN00005330,2024-07-15,4999.88,BRANCH,SUCCESS
COL000006409,LOAN00005333,2026-06-13,33677.22,CALL_CENTER,FAILED
COL000006410,LOAN00005334,2026-02-01,4251.3,BRANCH,SUCCESS
COL000006411,LOAN00005334,2024-09-19,17198.8,BRANCH,SUCCESS
COL000006412,LOAN00005334,2024-08-23,20585.99,CALL_CENTER,SUCCESS
COL000006413,LOAN00005334,2025-12-15,5943.27,FIELD_AGENT,FAILED
COL000006414,LOAN00005334,2025-11-16,2413.57,CALL_CENTER,SUCCESS
COL000006415,LOAN00005334,2024-11-23,49714.75,BRANCH,SUCCESS
COL000006416,LOAN00005335,2026-09-14,45502.24,CALL_CENTER,SUCCESS
COL000006417,LOAN00005335,2024-03-05,6846.16,BRANCH,SUCCESS
COL000006418,LOAN00005335,2024-11-28,33975.52,FIELD_AGENT,SUCCESS
COL000006419,LOAN00005335,2025-06-09,18613.77,FIELD_AGENT,SUCCESS
COL000006420,LOAN00005335,2026-06-03,45195.83,CALL_CENTER,PARTIAL
COL000006421,LOAN00005338,2025-07-03,41163.88,BRANCH,SUCCESS
COL000006422,LOAN00005350,2024-07-30,15553.69,BRANCH,SUCCESS
COL000006423,LOAN00005350,2025-01-24,43620.57,FIELD_AGENT,SUCCESS
COL000006424,LOAN00005350,2026-07-02,46148.21,BRANCH,SUCCESS
COL000006425,LOAN00005351,2026-08-30,38060.25,CALL_CENTER,SUCCESS
COL000006426,LOAN00005351,2025-03-08,41910.72,DIGITAL,SUCCESS
COL000006427,LOAN00005355,2025-08-25,40874.75,CALL_CENTER,PARTIAL
COL000006428,LOAN00005362,2025-07-21,24494.22,DIGITAL,SUCCESS
COL000006429,LOAN00005362,2025-01-15,28699.26,DIGITAL,SUCCESS
COL000006430,LOAN00005362,2026-09-13,36684.21,CALL_CENTER,SUCCESS
COL000006431,LOAN00005362,2024-07-16,17015.36,BRANCH,SUCCESS
COL000006432,LOAN00005362,2025-09-12,15636.52,CALL_CENTER,PARTIAL
COL000006433,LOAN00005362,2025-10-16,21425.39,BRANCH,PARTIAL
COL000006434,LOAN00005364,2025-09-19,45147.73,DIGITAL,SUCCESS
COL000006435,LOAN00005364,2024-09-01,21618.92,FIELD_AGENT,SUCCESS
COL000006436,LOAN00005364,2025-06-17,40959.35,BRANCH,SUCCESS
COL000006437,LOAN00005364,2026-05-29,14202.43,BRANCH,SUCCESS
COL000006438,LOAN00005364,2025-08-27,6212.68,CALL_CENTER,FAILED
COL000006439,LOAN00005364,2024-04-16,24682.81,FIELD_AGENT,FAILED
COL000006440,LOAN00005365,2025-12-24,43895.02,FIELD_AGENT,SUCCESS
COL000006441,LOAN00005365,2024-06-18,34190.49,DIGITAL,PARTIAL
COL000006442,LOAN00005365,2024-07-28,5840.81,BRANCH,SUCCESS
COL000006443,LOAN00005365,2026-05-18,17508.87,BRANCH,SUCCESS
COL000006444,LOAN00005365,2024-04-05,21351.66,FIELD_AGENT,SUCCESS
COL000006445,LOAN00005365,2024-09-23,37472.54,CALL_CENTER,SUCCESS
COL000006446,LOAN00005370,2025-09-11,11091.37,BRANCH,SUCCESS
COL000006447,LOAN00005370,2025-08-30,5089.59,DIGITAL,SUCCESS
COL000006448,LOAN00005371,2024-12-12,45237.1,BRANCH,PARTIAL
COL000006449,LOAN00005371,2024-10-25,42360.06,DIGITAL,PARTIAL
COL000006450,LOAN00005371,2025-03-20,15906.39,FIELD_AGENT,FAILED
COL000006451,LOAN00005372,2024-09-16,44264.28,BRANCH,SUCCESS
COL000006452,LOAN00005372,2026-07-19,29821.07,CALL_CENTER,SUCCESS
COL000006453,LOAN00005372,2024-11-05,48872.88,BRANCH,SUCCESS
COL000006454,LOAN00005372,2024-09-28,24924.44,DIGITAL,SUCCESS
COL000006455,LOAN00005372,2026-05-19,14585.67,DIGITAL,SUCCESS
COL000006456,LOAN00005376,2024-06-09,1845.36,CALL_CENTER,SUCCESS
COL000006457,LOAN00005376,2025-11-11,8188.16,DIGITAL,SUCCESS
COL000006458,LOAN00005376,2024-12-07,38264.9,DIGITAL,FAILED
COL000006459,LOAN00005376,2026-02-07,41949.52,FIELD_AGENT,SUCCESS
COL000006460,LOAN00005376,2024-11-27,21358.88,BRANCH,SUCCESS
COL000006461,LOAN00005376,2025-01-16,3091.59,FIELD_AGENT,SUCCESS
COL000006462,LOAN00005379,2024-10-13,26574.44,FIELD_AGENT,SUCCESS
COL000006463,LOAN00005379,2025-06-22,13620.06,FIELD_AGENT,SUCCESS
COL000006464,LOAN00005379,2026-08-11,39519.37,CALL_CENTER,SUCCESS
COL000006465,LOAN00005383,2024-12-12,27254.15,BRANCH,SUCCESS
COL000006466,LOAN00005383,2026-09-17,32458.48,BRANCH,PARTIAL
COL000006467,LOAN00005383,2024-09-27,22120.38,FIELD_AGENT,SUCCESS
COL000006468,LOAN00005383,2025-06-06,35207.64,CALL_CENTER,FAILED
COL000006469,LOAN00005384,2025-04-06,49496.52,DIGITAL,PARTIAL
COL000006470,LOAN00005384,2025-01-31,23162.84,FIELD_AGENT,SUCCESS
COL000006471,LOAN00005384,2025-11-19,1366.63,FIELD_AGENT,SUCCESS
COL000006472,LOAN00005385,2026-01-20,28622.41,BRANCH,SUCCESS
COL000006473,LOAN00005385,2024-12-03,34241.74,BRANCH,SUCCESS
COL000006474,LOAN00005385,2024-07-15,18038.07,DIGITAL,SUCCESS
COL000006475,LOAN00005385,2025-07-09,48784.51,CALL_CENTER,SUCCESS
COL000006476,LOAN00005390,2024-03-21,49689.48,FIELD_AGENT,PARTIAL
COL000006477,LOAN00005391,2025-01-02,31933.88,FIELD_AGENT,SUCCESS
COL000006478,LOAN00005391,2026-08-04,33456.76,FIELD_AGENT,PARTIAL
COL000006479,LOAN00005393,2026-07-31,34499.52,DIGITAL,SUCCESS
COL000006480,LOAN00005393,2024-04-27,20743.35,DIGITAL,SUCCESS
COL000006481,LOAN00005393,2026-02-20,47762.72,BRANCH,PARTIAL
COL000006482,LOAN00005393,2025-04-30,48477.66,BRANCH,SUCCESS
COL000006483,LOAN00005394,2024-12-05,47553.82,DIGITAL,PARTIAL
COL000006484,LOAN00005394,2026-07-07,29933.49,DIGITAL,SUCCESS
COL000006485,LOAN00005394,2025-01-09,19638.17,FIELD_AGENT,SUCCESS
COL000006486,LOAN00005394,2026-06-01,27258.71,CALL_CENTER,SUCCESS
COL000006487,LOAN00005395,2025-02-01,48664.63,DIGITAL,SUCCESS
COL000006488,LOAN00005395,2024-06-08,23299.41,DIGITAL,SUCCESS
COL000006489,LOAN00005398,2026-08-24,45292.18,CALL_CENTER,SUCCESS
COL000006490,LOAN00005398,2024-09-16,17651.58,BRANCH,PARTIAL
COL000006491,LOAN00005398,2024-10-11,7779.26,BRANCH,PARTIAL
COL000006492,LOAN00005399,2025-07-06,43476.53,FIELD_AGENT,SUCCESS
COL000006493,LOAN00005399,2024-06-05,38981.8,BRANCH,SUCCESS
COL000006494,LOAN00005399,2024-12-13,23144.0,DIGITAL,SUCCESS
COL000006495,LOAN00005399,2024-07-28,6549.08,BRANCH,PARTIAL
COL000006496,LOAN00005400,2024-10-17,11708.01,DIGITAL,PARTIAL
COL000006497,LOAN00005402,2026-05-31,37551.43,DIGITAL,SUCCESS
COL000006498,LOAN00005402,2024-04-01,11779.47,FIELD_AGENT,SUCCESS
COL000006499,LOAN00005402,2026-04-04,8581.59,CALL_CENTER,SUCCESS
COL000006500,LOAN00005407,2024-09-29,22651.36,BRANCH,SUCCESS
COL000006501,LOAN00005407,2025-07-18,29971.63,DIGITAL,PARTIAL
COL000006502,LOAN00005407,2026-07-06,7797.97,DIGITAL,SUCCESS
COL000006503,LOAN00005407,2025-08-11,41775.43,CALL_CENTER,SUCCESS
COL000006504,LOAN00005407,2025-04-26,19453.42,DIGITAL,SUCCESS
COL000006505,LOAN00005408,2025-07-07,29429.28,BRANCH,FAILED
COL000006506,LOAN00005412,2026-05-16,45993.05,FIELD_AGENT,SUCCESS
COL000006507,LOAN00005415,2024-07-11,12094.5,DIGITAL,SUCCESS
COL000006508,LOAN00005415,2026-01-30,49494.76,BRANCH,SUCCESS
COL000006509,LOAN00005415,2024-08-28,42704.44,FIELD_AGENT,SUCCESS
COL000006510,LOAN00005415,2024-06-17,42461.09,CALL_CENTER,PARTIAL
COL000006511,LOAN00005415,2025-09-14,30396.73,CALL_CENTER,SUCCESS
COL000006512,LOAN00005422,2025-06-05,38484.34,BRANCH,SUCCESS
COL000006513,LOAN00005422,2026-07-15,29267.16,BRANCH,SUCCESS
COL000006514,LOAN00005422,2025-08-04,2384.76,FIELD_AGENT,SUCCESS
COL000006515,LOAN00005422,2024-03-15,10600.67,BRANCH,SUCCESS
COL000006516,LOAN00005422,2025-07-01,23611.5,FIELD_AGENT,SUCCESS
COL000006517,LOAN00005423,2024-08-14,31906.33,BRANCH,SUCCESS
COL000006518,LOAN00005423,2024-10-10,42465.31,DIGITAL,PARTIAL
COL000006519,LOAN00005423,2026-05-29,18125.32,CALL_CENTER,SUCCESS
COL000006520,LOAN00005424,2026-02-25,48677.01,CALL_CENTER,SUCCESS
COL000006521,LOAN00005424,2024-05-28,12657.69,DIGITAL,SUCCESS
COL000006522,LOAN00005424,2024-03-20,13133.75,DIGITAL,SUCCESS
COL000006523,LOAN00005424,2024-11-27,17596.08,DIGITAL,SUCCESS
COL000006524,LOAN00005425,2025-08-31,2790.54,BRANCH,SUCCESS
COL000006525,LOAN00005435,2025-10-03,37928.74,DIGITAL,SUCCESS
COL000006526,LOAN00005440,2025-11-30,3924.74,CALL_CENTER,SUCCESS
COL000006527,LOAN00005440,2025-06-14,27670.51,CALL_CENTER,SUCCESS
COL000006528,LOAN00005442,2024-11-23,3615.92,CALL_CENTER,SUCCESS
COL000006529,LOAN00005442,2026-09-24,32537.39,DIGITAL,SUCCESS
COL000006530,LOAN00005442,2025-06-24,25102.7,FIELD_AGENT,SUCCESS
COL000006531,LOAN00005442,2025-02-18,15209.29,CALL_CENTER,SUCCESS
COL000006532,LOAN00005445,2026-09-08,34188.77,DIGITAL,SUCCESS
COL000006533,LOAN00005445,2024-07-04,31577.28,BRANCH,PARTIAL
COL000006534,LOAN00005448,2025-12-18,43474.81,CALL_CENTER,SUCCESS
COL000006535,LOAN00005448,2026-08-21,21727.09,DIGITAL,SUCCESS
COL000006536,LOAN00005448,2026-08-22,29098.38,FIELD_AGENT,SUCCESS
COL000006537,LOAN00005448,2026-01-13,8093.36,BRANCH,SUCCESS
COL000006538,LOAN00005451,2025-02-01,24700.54,DIGITAL,SUCCESS
COL000006539,LOAN00005451,2026-07-22,26869.08,BRANCH,SUCCESS
COL000006540,LOAN00005451,2026-07-05,30406.71,FIELD_AGENT,SUCCESS
COL000006541,LOAN00005451,2025-11-10,7378.55,DIGITAL,SUCCESS
COL000006542,LOAN00005451,2025-04-19,16961.41,FIELD_AGENT,SUCCESS
COL000006543,LOAN00005451,2025-02-17,2062.14,CALL_CENTER,SUCCESS
COL000006544,LOAN00005455,2025-02-03,16124.24,FIELD_AGENT,SUCCESS
COL000006545,LOAN00005457,2025-10-06,39089.04,CALL_CENTER,SUCCESS
COL000006546,LOAN00005457,2025-06-10,23726.69,CALL_CENTER,SUCCESS
COL000006547,LOAN00005457,2025-03-24,10494.01,DIGITAL,SUCCESS
COL000006548,LOAN00005457,2026-05-06,30104.99,DIGITAL,SUCCESS
COL000006549,LOAN00005457,2025-07-06,33972.98,DIGITAL,SUCCESS
COL000006550,LOAN00005457,2025-12-17,8591.68,FIELD_AGENT,SUCCESS
COL000006551,LOAN00005458,2026-09-01,37806.53,FIELD_AGENT,SUCCESS
COL000006552,LOAN00005458,2026-08-03,15232.57,FIELD_AGENT,SUCCESS
COL000006553,LOAN00005458,2026-05-09,49968.54,BRANCH,SUCCESS
COL000006554,LOAN00005458,2024-03-09,45540.7,CALL_CENTER,SUCCESS
COL000006555,LOAN00005458,2026-03-16,46442.99,DIGITAL,SUCCESS
COL000006556,LOAN00005463,2025-01-21,32235.61,DIGITAL,SUCCESS
COL000006557,LOAN00005463,2025-03-31,28804.36,CALL_CENTER,SUCCESS
COL000006558,LOAN00005463,2025-06-22,46114.46,BRANCH,FAILED
COL000006559,LOAN00005464,2024-11-28,21709.94,BRANCH,PARTIAL
COL000006560,LOAN00005464,2025-10-10,41574.43,DIGITAL,SUCCESS
COL000006561,LOAN00005464,2024-11-30,9234.68,DIGITAL,SUCCESS
COL000006562,LOAN00005464,2025-06-20,37398.72,BRANCH,SUCCESS
COL000006563,LOAN00005464,2024-05-08,12308.1,BRANCH,SUCCESS
COL000006564,LOAN00005469,2024-07-17,9634.83,FIELD_AGENT,PARTIAL
COL000006565,LOAN00005469,2025-11-02,44566.07,FIELD_AGENT,FAILED
COL000006566,LOAN00005469,2026-04-17,25561.1,DIGITAL,SUCCESS
COL000006567,LOAN00005469,2024-10-25,12896.5,DIGITAL,SUCCESS
COL000006568,LOAN00005478,2025-01-22,15268.5,BRANCH,SUCCESS
COL000006569,LOAN00005478,2026-04-28,46780.18,CALL_CENTER,PARTIAL
COL000006570,LOAN00005484,2024-08-03,38605.4,DIGITAL,SUCCESS
COL000006571,LOAN00005484,2024-12-01,7003.28,BRANCH,SUCCESS
COL000006572,LOAN00005484,2025-09-18,15999.87,BRANCH,PARTIAL
COL000006573,LOAN00005484,2025-11-18,9813.5,CALL_CENTER,PARTIAL
COL000006574,LOAN00005485,2026-01-06,11872.07,FIELD_AGENT,SUCCESS
COL000006575,LOAN00005485,2026-06-24,17698.17,CALL_CENTER,SUCCESS
COL000006576,LOAN00005485,2025-04-22,11773.29,FIELD_AGENT,SUCCESS
COL000006577,LOAN00005490,2024-10-26,14485.39,BRANCH,SUCCESS
COL000006578,LOAN00005490,2025-01-12,7042.16,BRANCH,SUCCESS
COL000006579,LOAN00005490,2026-08-09,16341.02,BRANCH,SUCCESS
COL000006580,LOAN00005490,2026-09-14,17822.41,DIGITAL,SUCCESS
COL000006581,LOAN00005490,2026-04-04,13806.56,CALL_CENTER,SUCCESS
COL000006582,LOAN00005490,2025-02-05,19204.36,DIGITAL,SUCCESS
COL000006583,LOAN00005491,2025-04-19,20869.28,FIELD_AGENT,SUCCESS
COL000006584,LOAN00005491,2024-05-10,31765.12,BRANCH,FAILED
COL000006585,LOAN00005491,2025-04-26,47971.54,FIELD_AGENT,SUCCESS
COL000006586,LOAN00005492,2026-08-09,22701.14,BRANCH,PARTIAL
COL000006587,LOAN00005492,2025-02-12,15648.74,FIELD_AGENT,PARTIAL
COL000006588,LOAN00005494,2024-03-12,11503.17,BRANCH,SUCCESS
COL000006589,LOAN00005494,2024-04-14,4838.54,FIELD_AGENT,SUCCESS
COL000006590,LOAN00005494,2026-03-21,47592.14,FIELD_AGENT,PARTIAL
COL000006591,LOAN00005494,2025-01-04,30970.42,BRANCH,PARTIAL
COL000006592,LOAN00005497,2026-08-04,47835.22,FIELD_AGENT,PARTIAL
COL000006593,LOAN00005498,2026-07-31,10287.46,DIGITAL,SUCCESS
COL000006594,LOAN00005498,2024-05-01,44700.23,DIGITAL,SUCCESS
COL000006595,LOAN00005500,2025-07-27,13861.22,BRANCH,PARTIAL
COL000006596,LOAN00005506,2026-02-24,27903.6,FIELD_AGENT,SUCCESS
COL000006597,LOAN00005506,2025-03-26,32283.66,FIELD_AGENT,SUCCESS
COL000006598,LOAN00005507,2026-03-28,26516.92,BRANCH,FAILED
COL000006599,LOAN00005507,2025-03-28,40171.13,DIGITAL,SUCCESS
COL000006600,LOAN00005507,2024-11-08,30959.25,CALL_CENTER,SUCCESS
COL000006601,LOAN00005507,2025-09-09,19773.8,FIELD_AGENT,PARTIAL
COL000006602,LOAN00005507,2025-01-22,20315.41,FIELD_AGENT,SUCCESS
COL000006603,LOAN00005509,2025-10-23,33704.41,BRANCH,SUCCESS
COL000006604,LOAN00005509,2025-02-14,7649.46,BRANCH,PARTIAL
COL000006605,LOAN00005509,2025-01-12,47626.68,CALL_CENTER,SUCCESS
COL000006606,LOAN00005509,2026-09-20,16916.08,BRANCH,SUCCESS
COL000006607,LOAN00005509,2024-10-24,38924.9,CALL_CENTER,SUCCESS
COL000006608,LOAN00005510,2026-06-21,17573.87,FIELD_AGENT,PARTIAL
COL000006609,LOAN00005510,2025-08-23,4332.45,BRANCH,PARTIAL
COL000006610,LOAN00005510,2025-09-20,43623.73,BRANCH,FAILED
COL000006611,LOAN00005510,2026-01-17,33756.75,FIELD_AGENT,PARTIAL
COL000006612,LOAN00005510,2026-09-15,8622.87,FIELD_AGENT,PARTIAL
COL000006613,LOAN00005510,2025-01-03,10997.82,BRANCH,SUCCESS
COL000006614,LOAN00005513,2024-05-14,25399.64,BRANCH,SUCCESS
COL000006615,LOAN00005513,2024-06-30,49847.15,FIELD_AGENT,SUCCESS
COL000006616,LOAN00005513,2024-04-24,16036.01,BRANCH,SUCCESS
COL000006617,LOAN00005513,2026-07-05,29177.62,CALL_CENTER,SUCCESS
COL000006618,LOAN00005513,2024-09-12,6156.0,DIGITAL,SUCCESS
COL000006619,LOAN00005513,2024-11-13,18647.6,DIGITAL,SUCCESS
COL000006620,LOAN00005515,2024-03-30,21073.46,FIELD_AGENT,SUCCESS
COL000006621,LOAN00005515,2025-12-25,23572.51,FIELD_AGENT,SUCCESS
COL000006622,LOAN00005515,2024-04-25,12086.84,CALL_CENTER,FAILED
COL000006623,LOAN00005515,2025-05-06,10338.7,DIGITAL,SUCCESS
COL000006624,LOAN00005518,2026-02-15,15796.97,BRANCH,SUCCESS
COL000006625,LOAN00005518,2025-09-08,4782.35,CALL_CENTER,SUCCESS
COL000006626,LOAN00005518,2024-06-15,28215.08,CALL_CENTER,SUCCESS
COL000006627,LOAN00005518,2024-07-24,21909.03,CALL_CENTER,SUCCESS
COL000006628,LOAN00005518,2026-05-27,4147.37,DIGITAL,SUCCESS
COL000006629,LOAN00005521,2024-07-26,22368.75,BRANCH,SUCCESS
COL000006630,LOAN00005521,2026-06-11,3995.74,BRANCH,SUCCESS
COL000006631,LOAN00005521,2025-12-08,36831.15,BRANCH,PARTIAL
COL000006632,LOAN00005521,2025-06-21,49348.4,BRANCH,SUCCESS
COL000006633,LOAN00005521,2024-10-01,16338.48,BRANCH,PARTIAL
COL000006634,LOAN00005521,2024-08-25,15455.55,DIGITAL,PARTIAL
COL000006635,LOAN00005522,2025-09-07,38982.38,CALL_CENTER,SUCCESS
COL000006636,LOAN00005522,2024-07-18,14365.31,CALL_CENTER,SUCCESS
COL000006637,LOAN00005522,2025-12-17,26318.17,BRANCH,SUCCESS
COL000006638,LOAN00005522,2024-09-12,25943.9,CALL_CENTER,PARTIAL
COL000006639,LOAN00005523,2025-10-01,49249.78,DIGITAL,PARTIAL
COL000006640,LOAN00005525,2025-08-13,39499.43,BRANCH,PARTIAL
COL000006641,LOAN00005525,2026-06-07,9520.81,CALL_CENTER,SUCCESS
COL000006642,LOAN00005529,2024-10-19,11708.52,FIELD_AGENT,SUCCESS
COL000006643,LOAN00005529,2024-03-21,5063.48,FIELD_AGENT,SUCCESS
COL000006644,LOAN00005529,2025-05-16,36740.99,BRANCH,SUCCESS
COL000006645,LOAN00005529,2026-03-09,1715.88,BRANCH,SUCCESS
COL000006646,LOAN00005535,2026-04-27,39415.04,FIELD_AGENT,SUCCESS
COL000006647,LOAN00005535,2026-03-15,29090.5,BRANCH,SUCCESS
COL000006648,LOAN00005535,2024-12-24,19906.01,BRANCH,SUCCESS
COL000006649,LOAN00005547,2025-11-01,24703.97,CALL_CENTER,SUCCESS
COL000006650,LOAN00005547,2026-07-30,25019.72,CALL_CENTER,PARTIAL
COL000006651,LOAN00005547,2026-01-14,27808.81,DIGITAL,SUCCESS
COL000006652,LOAN00005547,2024-11-04,31384.0,FIELD_AGENT,SUCCESS
COL000006653,LOAN00005547,2024-12-26,15792.4,FIELD_AGENT,SUCCESS
COL000006654,LOAN00005547,2025-09-23,36334.09,BRANCH,PARTIAL
COL000006655,LOAN00005548,2024-07-19,21988.13,FIELD_AGENT,SUCCESS
COL000006656,LOAN00005548,2024-06-09,23706.24,BRANCH,PARTIAL
COL000006657,LOAN00005548,2025-01-11,23717.17,FIELD_AGENT,SUCCESS
COL000006658,LOAN00005548,2025-06-07,11226.48,DIGITAL,SUCCESS
COL000006659,LOAN00005548,2024-04-15,7841.67,FIELD_AGENT,SUCCESS
COL000006660,LOAN00005552,2025-11-04,19013.94,FIELD_AGENT,PARTIAL
COL000006661,LOAN00005552,2025-01-07,47531.44,CALL_CENTER,SUCCESS
COL000006662,LOAN00005552,2025-05-29,5735.88,FIELD_AGENT,SUCCESS
COL000006663,LOAN00005554,2024-03-29,25252.82,DIGITAL,SUCCESS
COL000006664,LOAN00005554,2024-05-19,46733.47,FIELD_AGENT,PARTIAL
COL000006665,LOAN00005554,2025-03-14,5642.12,CALL_CENTER,PARTIAL
COL000006666,LOAN00005554,2025-02-15,14423.04,FIELD_AGENT,SUCCESS
COL000006667,LOAN00005557,2026-01-28,45622.53,FIELD_AGENT,SUCCESS
COL000006668,LOAN00005557,2024-12-04,37771.68,FIELD_AGENT,PARTIAL
COL000006669,LOAN00005557,2025-10-16,41449.65,DIGITAL,SUCCESS
COL000006670,LOAN00005559,2024-06-23,37675.46,CALL_CENTER,SUCCESS
COL000006671,LOAN00005567,2025-12-06,13688.48,CALL_CENTER,SUCCESS
COL000006672,LOAN00005567,2025-03-20,11204.41,BRANCH,SUCCESS
COL000006673,LOAN00005567,2025-01-25,31985.4,CALL_CENTER,SUCCESS
COL000006674,LOAN00005567,2025-04-03,47832.35,DIGITAL,SUCCESS
COL000006675,LOAN00005567,2026-05-06,49922.02,FIELD_AGENT,SUCCESS
COL000006676,LOAN00005568,2024-12-13,4190.29,CALL_CENTER,SUCCESS
COL000006677,LOAN00005568,2024-06-17,18832.6,CALL_CENTER,SUCCESS
COL000006678,LOAN00005570,2026-09-22,20700.6,CALL_CENTER,PARTIAL
COL000006679,LOAN00005570,2026-05-21,47610.9,BRANCH,SUCCESS
COL000006680,LOAN00005575,2024-10-21,22613.89,BRANCH,PARTIAL
COL000006681,LOAN00005575,2024-09-26,25757.13,DIGITAL,PARTIAL
COL000006682,LOAN00005575,2026-02-22,29503.01,FIELD_AGENT,SUCCESS
COL000006683,LOAN00005575,2024-12-03,13914.76,CALL_CENTER,SUCCESS
COL000006684,LOAN00005575,2025-05-18,24582.8,FIELD_AGENT,SUCCESS
COL000006685,LOAN00005576,2025-04-24,13917.63,CALL_CENTER,PARTIAL
COL000006686,LOAN00005576,2026-01-27,3279.99,FIELD_AGENT,SUCCESS
COL000006687,LOAN00005576,2025-06-30,43438.14,FIELD_AGENT,PARTIAL
COL000006688,LOAN00005576,2025-03-27,21992.86,DIGITAL,SUCCESS
COL000006689,LOAN00005576,2026-08-04,10447.35,BRANCH,SUCCESS
COL000006690,LOAN00005578,2024-09-29,2539.62,FIELD_AGENT,SUCCESS
COL000006691,LOAN00005578,2025-03-31,15882.63,CALL_CENTER,SUCCESS
COL000006692,LOAN00005582,2025-03-10,18723.33,CALL_CENTER,SUCCESS
COL000006693,LOAN00005582,2026-07-13,33186.31,DIGITAL,SUCCESS
COL000006694,LOAN00005582,2025-04-07,8589.48,DIGITAL,SUCCESS
COL000006695,LOAN00005583,2024-10-13,8214.07,BRANCH,SUCCESS
COL000006696,LOAN00005583,2024-09-04,47680.73,BRANCH,PARTIAL
COL000006697,LOAN00005583,2026-09-05,2586.37,FIELD_AGENT,SUCCESS
COL000006698,LOAN00005583,2024-04-11,40304.43,FIELD_AGENT,SUCCESS
COL000006699,LOAN00005585,2026-08-19,1763.93,DIGITAL,SUCCESS
COL000006700,LOAN00005585,2026-07-24,23278.14,CALL_CENTER,SUCCESS
COL000006701,LOAN00005585,2026-05-28,15128.12,CALL_CENTER,PARTIAL
COL000006702,LOAN00005589,2025-10-16,36900.91,DIGITAL,SUCCESS
COL000006703,LOAN00005589,2024-06-20,11127.96,CALL_CENTER,SUCCESS
COL000006704,LOAN00005594,2026-08-23,35874.6,CALL_CENTER,SUCCESS
COL000006705,LOAN00005594,2024-05-29,2508.57,BRANCH,SUCCESS
COL000006706,LOAN00005594,2025-11-15,48368.95,DIGITAL,SUCCESS
COL000006707,LOAN00005594,2025-07-24,22917.35,DIGITAL,PARTIAL
COL000006708,LOAN00005596,2026-01-14,31810.43,CALL_CENTER,SUCCESS
COL000006709,LOAN00005596,2024-07-04,29574.69,CALL_CENTER,SUCCESS
COL000006710,LOAN00005596,2024-09-28,8302.29,FIELD_AGENT,SUCCESS
COL000006711,LOAN00005600,2024-08-11,48159.1,CALL_CENTER,SUCCESS
COL000006712,LOAN00005600,2024-11-15,25866.01,CALL_CENTER,SUCCESS
COL000006713,LOAN00005600,2026-03-09,6806.69,FIELD_AGENT,PARTIAL
COL000006714,LOAN00005600,2025-11-29,8122.36,FIELD_AGENT,SUCCESS
COL000006715,LOAN00005600,2026-03-27,41712.04,BRANCH,SUCCESS
COL000006716,LOAN00005601,2024-03-19,27244.3,DIGITAL,SUCCESS
COL000006717,LOAN00005601,2025-02-07,30184.99,CALL_CENTER,SUCCESS
COL000006718,LOAN00005601,2026-01-29,14418.93,CALL_CENTER,SUCCESS
COL000006719,LOAN00005601,2025-10-22,37955.53,BRANCH,SUCCESS
COL000006720,LOAN00005601,2025-04-18,24715.47,CALL_CENTER,PARTIAL
COL000006721,LOAN00005602,2026-07-10,45244.37,BRANCH,SUCCESS
COL000006722,LOAN00005602,2025-10-12,34479.51,BRANCH,SUCCESS
COL000006723,LOAN00005602,2025-07-15,25573.05,CALL_CENTER,FAILED
COL000006724,LOAN00005602,2024-07-18,31738.18,DIGITAL,SUCCESS
COL000006725,LOAN00005602,2025-04-17,32298.31,DIGITAL,SUCCESS
COL000006726,LOAN00005604,2026-02-12,33409.74,BRANCH,SUCCESS
COL000006727,LOAN00005604,2024-05-11,13226.33,BRANCH,PARTIAL
COL000006728,LOAN00005604,2026-05-10,29093.95,FIELD_AGENT,SUCCESS
COL000006729,LOAN00005604,2024-10-24,15926.76,DIGITAL,SUCCESS
COL000006730,LOAN00005604,2024-03-25,22931.58,CALL_CENTER,SUCCESS
COL000006731,LOAN00005605,2025-10-17,24810.13,DIGITAL,SUCCESS
COL000006732,LOAN00005605,2026-09-12,29906.68,FIELD_AGENT,SUCCESS
COL000006733,LOAN00005605,2026-03-26,22887.0,CALL_CENTER,SUCCESS
COL000006734,LOAN00005605,2024-10-02,31366.0,DIGITAL,PARTIAL
COL000006735,LOAN00005605,2025-12-22,9513.9,CALL_CENTER,SUCCESS
COL000006736,LOAN00005605,2026-04-04,6900.02,CALL_CENTER,FAILED
COL000006737,LOAN00005606,2024-08-22,14906.51,CALL_CENTER,PARTIAL
COL000006738,LOAN00005606,2026-05-19,9604.81,FIELD_AGENT,SUCCESS
COL000006739,LOAN00005606,2024-04-03,34457.12,CALL_CENTER,SUCCESS
COL000006740,LOAN00005606,2025-03-10,1604.22,FIELD_AGENT,SUCCESS
COL000006741,LOAN00005606,2025-05-07,15693.55,DIGITAL,SUCCESS
COL000006742,LOAN00005606,2025-01-27,41147.03,DIGITAL,SUCCESS
COL000006743,LOAN00005608,2025-05-24,19113.18,CALL_CENTER,SUCCESS
COL000006744,LOAN00005608,2024-03-21,42188.21,CALL_CENTER,SUCCESS
COL000006745,LOAN00005608,2025-02-14,7715.42,CALL_CENTER,SUCCESS
COL000006746,LOAN00005608,2024-04-10,40602.71,CALL_CENTER,SUCCESS
COL000006747,LOAN00005609,2025-07-31,34979.91,DIGITAL,SUCCESS
COL000006748,LOAN00005609,2024-04-03,49947.93,DIGITAL,PARTIAL
COL000006749,LOAN00005609,2024-03-16,37465.78,DIGITAL,SUCCESS
COL000006750,LOAN00005609,2024-05-27,33717.41,DIGITAL,SUCCESS
COL000006751,LOAN00005609,2024-09-21,31546.43,CALL_CENTER,SUCCESS
COL000006752,LOAN00005612,2025-09-05,38878.62,DIGITAL,SUCCESS
COL000006753,LOAN00005612,2026-03-29,49260.2,FIELD_AGENT,SUCCESS
COL000006754,LOAN00005612,2024-09-09,21538.25,FIELD_AGENT,SUCCESS
COL000006755,LOAN00005612,2025-06-13,23487.38,FIELD_AGENT,SUCCESS
COL000006756,LOAN00005612,2025-01-11,9190.28,DIGITAL,PARTIAL
COL000006757,LOAN00005612,2026-08-31,37553.52,DIGITAL,PARTIAL
COL000006758,LOAN00005615,2024-04-10,34005.54,CALL_CENTER,PARTIAL
COL000006759,LOAN00005615,2025-10-16,47075.81,BRANCH,SUCCESS
COL000006760,LOAN00005615,2024-10-28,35852.2,FIELD_AGENT,SUCCESS
COL000006761,LOAN00005615,2025-07-04,40914.72,FIELD_AGENT,PARTIAL
COL000006762,LOAN00005620,2025-07-19,39843.25,FIELD_AGENT,SUCCESS
COL000006763,LOAN00005620,2026-01-10,32618.58,CALL_CENTER,SUCCESS
COL000006764,LOAN00005620,2026-01-27,11467.0,DIGITAL,SUCCESS
COL000006765,LOAN00005620,2025-11-11,3885.84,BRANCH,SUCCESS
COL000006766,LOAN00005620,2025-08-30,2615.36,FIELD_AGENT,SUCCESS
COL000006767,LOAN00005620,2025-10-07,20164.75,DIGITAL,PARTIAL
COL000006768,LOAN00005623,2025-05-25,23562.55,CALL_CENTER,SUCCESS
COL000006769,LOAN00005623,2024-08-18,11474.66,DIGITAL,FAILED
COL000006770,LOAN00005623,2024-06-22,49740.4,BRANCH,SUCCESS
COL000006771,LOAN00005623,2024-07-10,28978.75,BRANCH,PARTIAL
COL000006772,LOAN00005623,2024-03-13,8085.57,DIGITAL,PARTIAL
COL000006773,LOAN00005623,2024-09-20,29155.05,CALL_CENTER,SUCCESS
COL000006774,LOAN00005625,2026-06-08,9562.14,FIELD_AGENT,SUCCESS
COL000006775,LOAN00005625,2026-03-12,33917.23,BRANCH,SUCCESS
COL000006776,LOAN00005627,2026-05-27,21938.02,FIELD_AGENT,SUCCESS
COL000006777,LOAN00005627,2025-10-01,24580.02,DIGITAL,SUCCESS
COL000006778,LOAN00005635,2025-01-10,7947.35,BRANCH,SUCCESS
COL000006779,LOAN00005635,2026-04-27,36351.76,FIELD_AGENT,PARTIAL
COL000006780,LOAN00005635,2025-07-14,27046.12,DIGITAL,SUCCESS
COL000006781,LOAN00005635,2026-01-12,8494.37,CALL_CENTER,SUCCESS
COL000006782,LOAN00005636,2025-05-11,28805.22,FIELD_AGENT,SUCCESS
COL000006783,LOAN00005636,2025-09-02,33304.89,FIELD_AGENT,SUCCESS
COL000006784,LOAN00005639,2025-05-07,5434.41,FIELD_AGENT,SUCCESS
COL000006785,LOAN00005639,2024-11-02,36991.9,CALL_CENTER,PARTIAL
COL000006786,LOAN00005639,2025-05-16,6224.79,CALL_CENTER,SUCCESS
COL000006787,LOAN00005639,2025-12-01,28942.84,BRANCH,PARTIAL
COL000006788,LOAN00005644,2024-12-31,46146.25,FIELD_AGENT,FAILED
COL000006789,LOAN00005644,2025-11-22,24816.07,CALL_CENTER,SUCCESS
COL000006790,LOAN00005644,2026-01-24,7848.52,BRANCH,SUCCESS
COL000006791,LOAN00005644,2024-09-06,2571.3,DIGITAL,SUCCESS
COL000006792,LOAN00005644,2026-03-07,27257.73,BRANCH,PARTIAL
COL000006793,LOAN00005653,2025-09-18,21342.32,CALL_CENTER,SUCCESS
COL000006794,LOAN00005653,2025-11-28,37779.51,FIELD_AGENT,SUCCESS
COL000006795,LOAN00005653,2025-12-17,13863.33,DIGITAL,PARTIAL
COL000006796,LOAN00005653,2025-01-21,11720.09,FIELD_AGENT,PARTIAL
COL000006797,LOAN00005653,2025-06-09,46398.26,BRANCH,SUCCESS
COL000006798,LOAN00005655,2026-08-20,16254.98,BRANCH,SUCCESS
COL000006799,LOAN00005655,2025-11-26,6566.58,DIGITAL,SUCCESS
COL000006800,LOAN00005655,2026-08-23,27959.86,FIELD_AGENT,PARTIAL
COL000006801,LOAN00005655,2024-08-10,27753.66,DIGITAL,SUCCESS
COL000006802,LOAN00005655,2026-02-15,23202.78,DIGITAL,SUCCESS
COL000006803,LOAN00005658,2026-08-31,8249.73,FIELD_AGENT,PARTIAL
COL000006804,LOAN00005658,2024-04-18,1805.97,FIELD_AGENT,SUCCESS
COL000006805,LOAN00005658,2024-10-25,1334.22,FIELD_AGENT,PARTIAL
COL000006806,LOAN00005660,2024-04-10,28387.7,FIELD_AGENT,SUCCESS
COL000006807,LOAN00005660,2026-07-17,8874.08,FIELD_AGENT,SUCCESS
COL000006808,LOAN00005661,2025-09-20,3470.16,CALL_CENTER,SUCCESS
COL000006809,LOAN00005661,2024-05-29,21382.88,DIGITAL,SUCCESS
COL000006810,LOAN00005661,2025-08-22,26480.63,CALL_CENTER,SUCCESS
COL000006811,LOAN00005661,2026-01-08,28743.06,BRANCH,SUCCESS
COL000006812,LOAN00005661,2026-07-01,17666.94,BRANCH,PARTIAL
COL000006813,LOAN00005661,2024-09-16,17024.82,BRANCH,PARTIAL
COL000006814,LOAN00005665,2025-11-17,16092.08,CALL_CENTER,SUCCESS
COL000006815,LOAN00005666,2025-04-17,31677.41,FIELD_AGENT,SUCCESS
COL000006816,LOAN00005666,2024-03-21,27522.93,DIGITAL,PARTIAL
COL000006817,LOAN00005667,2025-05-29,42357.88,FIELD_AGENT,PARTIAL
COL000006818,LOAN00005667,2025-07-15,49955.27,CALL_CENTER,SUCCESS
COL000006819,LOAN00005667,2025-11-24,39867.79,BRANCH,SUCCESS
COL000006820,LOAN00005667,2025-07-14,48699.8,DIGITAL,SUCCESS
COL000006821,LOAN00005667,2024-08-06,5523.13,CALL_CENTER,SUCCESS
COL000006822,LOAN00005669,2025-10-01,8652.12,FIELD_AGENT,SUCCESS
COL000006823,LOAN00005669,2026-04-30,18248.33,CALL_CENTER,SUCCESS
COL000006824,LOAN00005669,2024-04-16,20351.75,DIGITAL,PARTIAL
COL000006825,LOAN00005674,2024-09-30,15141.85,FIELD_AGENT,SUCCESS
COL000006826,LOAN00005674,2024-05-27,13926.3,BRANCH,SUCCESS
COL000006827,LOAN00005674,2026-07-21,32258.76,FIELD_AGENT,SUCCESS
COL000006828,LOAN00005674,2026-06-09,2006.36,CALL_CENTER,SUCCESS
COL000006829,LOAN00005675,2026-02-17,6943.17,FIELD_AGENT,SUCCESS
COL000006830,LOAN00005675,2024-10-07,6166.6,BRANCH,PARTIAL
COL000006831,LOAN00005675,2025-09-15,18031.14,DIGITAL,SUCCESS
COL000006832,LOAN00005675,2024-11-16,36529.42,BRANCH,SUCCESS
COL000006833,LOAN00005675,2025-07-03,11360.88,CALL_CENTER,SUCCESS
COL000006834,LOAN00005675,2025-03-16,41767.95,BRANCH,SUCCESS
COL000006835,LOAN00005677,2025-05-07,15215.72,DIGITAL,PARTIAL
COL000006836,LOAN00005677,2025-11-17,23939.08,FIELD_AGENT,FAILED
COL000006837,LOAN00005677,2026-03-22,21340.56,DIGITAL,SUCCESS
COL000006838,LOAN00005677,2026-09-04,44748.27,FIELD_AGENT,SUCCESS
COL000006839,LOAN00005677,2026-05-02,33919.42,FIELD_AGENT,SUCCESS
COL000006840,LOAN00005678,2025-04-27,26434.69,FIELD_AGENT,PARTIAL
COL000006841,LOAN00005685,2025-06-26,20305.81,CALL_CENTER,SUCCESS
COL000006842,LOAN00005685,2024-03-11,7859.36,DIGITAL,SUCCESS
COL000006843,LOAN00005685,2024-06-27,5141.47,DIGITAL,SUCCESS
COL000006844,LOAN00005685,2025-06-22,46757.41,BRANCH,SUCCESS
COL000006845,LOAN00005685,2025-12-10,20314.44,FIELD_AGENT,PARTIAL
COL000006846,LOAN00005685,2025-08-22,34878.12,BRANCH,SUCCESS
COL000006847,LOAN00005691,2025-02-05,34349.4,CALL_CENTER,SUCCESS
COL000006848,LOAN00005691,2026-07-23,36840.74,FIELD_AGENT,SUCCESS
COL000006849,LOAN00005691,2026-08-22,22990.07,DIGITAL,PARTIAL
COL000006850,LOAN00005691,2025-12-06,2814.27,CALL_CENTER,SUCCESS
COL000006851,LOAN00005696,2026-02-19,37519.71,FIELD_AGENT,SUCCESS
COL000006852,LOAN00005696,2025-10-08,48266.46,CALL_CENTER,SUCCESS
COL000006853,LOAN00005696,2025-07-16,2007.42,FIELD_AGENT,SUCCESS
COL000006854,LOAN00005696,2026-08-08,40312.39,BRANCH,SUCCESS
COL000006855,LOAN00005696,2026-07-12,8425.33,FIELD_AGENT,SUCCESS
COL000006856,LOAN00005696,2025-09-19,3662.14,FIELD_AGENT,SUCCESS
COL000006857,LOAN00005698,2026-09-21,11857.59,DIGITAL,SUCCESS
COL000006858,LOAN00005698,2025-01-27,15467.07,FIELD_AGENT,SUCCESS
COL000006859,LOAN00005704,2026-03-28,20888.54,BRANCH,PARTIAL
COL000006860,LOAN00005704,2026-03-19,28472.11,FIELD_AGENT,SUCCESS
COL000006861,LOAN00005704,2025-06-26,12946.12,FIELD_AGENT,SUCCESS
COL000006862,LOAN00005706,2026-09-12,2304.03,CALL_CENTER,SUCCESS
COL000006863,LOAN00005706,2026-03-30,39100.06,CALL_CENTER,PARTIAL
COL000006864,LOAN00005706,2026-07-15,30824.04,CALL_CENTER,SUCCESS
COL000006865,LOAN00005706,2025-06-25,49869.05,FIELD_AGENT,SUCCESS
COL000006866,LOAN00005707,2024-05-01,29193.67,DIGITAL,SUCCESS
COL000006867,LOAN00005707,2026-08-16,4135.75,CALL_CENTER,SUCCESS
COL000006868,LOAN00005707,2025-10-01,31027.63,FIELD_AGENT,SUCCESS
COL000006869,LOAN00005707,2026-05-05,24113.11,CALL_CENTER,SUCCESS
COL000006870,LOAN00005707,2024-12-09,32601.81,DIGITAL,SUCCESS
COL000006871,LOAN00005707,2026-05-26,32111.23,CALL_CENTER,SUCCESS
COL000006872,LOAN00005709,2024-09-21,24818.37,DIGITAL,SUCCESS
COL000006873,LOAN00005709,2025-05-14,6331.47,DIGITAL,PARTIAL
COL000006874,LOAN00005709,2026-03-05,10484.32,FIELD_AGENT,SUCCESS
COL000006875,LOAN00005709,2026-03-14,7069.65,DIGITAL,SUCCESS
COL000006876,LOAN00005709,2024-10-26,11847.68,CALL_CENTER,SUCCESS
COL000006877,LOAN00005710,2024-10-16,32457.13,FIELD_AGENT,SUCCESS
COL000006878,LOAN00005710,2025-04-29,13175.1,BRANCH,PARTIAL
COL000006879,LOAN00005710,2026-04-26,9297.01,FIELD_AGENT,SUCCESS
COL000006880,LOAN00005710,2026-06-16,27070.2,CALL_CENTER,SUCCESS
COL000006881,LOAN00005714,2025-08-23,13812.46,DIGITAL,SUCCESS
COL000006882,LOAN00005714,2024-08-20,29603.32,CALL_CENTER,SUCCESS
COL000006883,LOAN00005714,2024-07-08,30221.11,FIELD_AGENT,SUCCESS
COL000006884,LOAN00005714,2025-03-14,40177.02,CALL_CENTER,SUCCESS
COL000006885,LOAN00005714,2024-10-17,48271.48,BRANCH,SUCCESS
COL000006886,LOAN00005714,2024-04-10,11679.15,FIELD_AGENT,PARTIAL
COL000006887,LOAN00005716,2025-04-28,13721.69,FIELD_AGENT,SUCCESS
COL000006888,LOAN00005716,2025-10-23,27706.56,DIGITAL,FAILED
COL000006889,LOAN00005716,2026-06-13,46456.93,CALL_CENTER,SUCCESS
COL000006890,LOAN00005716,2025-09-17,46521.96,FIELD_AGENT,SUCCESS
COL000006891,LOAN00005716,2024-09-13,45401.31,FIELD_AGENT,SUCCESS
COL000006892,LOAN00005716,2026-09-14,15362.56,FIELD_AGENT,SUCCESS
COL000006893,LOAN00005717,2026-05-21,16046.31,FIELD_AGENT,FAILED
COL000006894,LOAN00005717,2025-09-18,22000.83,DIGITAL,SUCCESS
COL000006895,LOAN00005717,2024-07-03,19586.9,DIGITAL,FAILED
COL000006896,LOAN00005718,2025-06-26,24513.21,BRANCH,SUCCESS
COL000006897,LOAN00005722,2025-08-08,31489.03,FIELD_AGENT,SUCCESS
COL000006898,LOAN00005722,2026-01-16,39749.25,FIELD_AGENT,PARTIAL
COL000006899,LOAN00005722,2025-10-20,21136.96,FIELD_AGENT,SUCCESS
COL000006900,LOAN00005730,2024-03-30,5384.56,FIELD_AGENT,SUCCESS
COL000006901,LOAN00005730,2025-03-31,7188.54,DIGITAL,SUCCESS
COL000006902,LOAN00005730,2025-07-27,10913.93,DIGITAL,SUCCESS
COL000006903,LOAN00005730,2026-04-25,1950.09,BRANCH,SUCCESS
COL000006904,LOAN00005733,2025-09-01,20213.94,BRANCH,SUCCESS
COL000006905,LOAN00005737,2024-06-03,45697.16,DIGITAL,PARTIAL
COL000006906,LOAN00005737,2025-05-18,17851.44,FIELD_AGENT,SUCCESS
COL000006907,LOAN00005737,2024-06-09,3334.3,CALL_CENTER,SUCCESS
COL000006908,LOAN00005737,2025-05-28,13361.18,FIELD_AGENT,PARTIAL
COL000006909,LOAN00005737,2026-02-07,25320.85,DIGITAL,SUCCESS
COL000006910,LOAN00005744,2024-12-21,35903.28,CALL_CENTER,PARTIAL
COL000006911,LOAN00005744,2026-03-15,38454.38,BRANCH,SUCCESS
COL000006912,LOAN00005744,2024-07-24,40646.26,CALL_CENTER,SUCCESS
COL000006913,LOAN00005744,2025-08-06,45303.1,DIGITAL,SUCCESS
COL000006914,LOAN00005744,2025-08-18,41246.92,BRANCH,SUCCESS
COL000006915,LOAN00005747,2025-04-14,12944.3,DIGITAL,SUCCESS
COL000006916,LOAN00005747,2026-04-16,32350.97,CALL_CENTER,SUCCESS
COL000006917,LOAN00005749,2025-10-13,12392.0,FIELD_AGENT,SUCCESS
COL000006918,LOAN00005749,2025-01-02,49195.43,FIELD_AGENT,SUCCESS
COL000006919,LOAN00005749,2026-03-15,13143.55,FIELD_AGENT,SUCCESS
COL000006920,LOAN00005756,2026-07-17,26961.46,DIGITAL,PARTIAL
COL000006921,LOAN00005756,2026-04-23,10802.17,CALL_CENTER,SUCCESS
COL000006922,LOAN00005758,2024-05-26,2139.12,CALL_CENTER,SUCCESS
COL000006923,LOAN00005758,2025-01-26,20993.84,BRANCH,SUCCESS
COL000006924,LOAN00005758,2024-04-24,47625.85,FIELD_AGENT,SUCCESS
COL000006925,LOAN00005758,2025-04-17,16855.38,CALL_CENTER,PARTIAL
COL000006926,LOAN00005760,2025-02-23,31108.13,DIGITAL,SUCCESS
COL000006927,LOAN00005760,2025-01-24,7006.46,BRANCH,SUCCESS
COL000006928,LOAN00005760,2026-07-18,42138.81,FIELD_AGENT,PARTIAL
COL000006929,LOAN00005760,2024-09-05,38491.52,CALL_CENTER,SUCCESS
COL000006930,LOAN00005760,2025-01-02,22410.87,DIGITAL,SUCCESS
COL000006931,LOAN00005760,2026-04-09,47617.36,DIGITAL,PARTIAL
COL000006932,LOAN00005763,2024-07-21,22637.88,CALL_CENTER,SUCCESS
COL000006933,LOAN00005766,2025-06-13,4663.02,CALL_CENTER,SUCCESS
COL000006934,LOAN00005766,2025-12-18,10521.78,FIELD_AGENT,SUCCESS
COL000006935,LOAN00005766,2025-05-06,24496.68,CALL_CENTER,SUCCESS
COL000006936,LOAN00005766,2025-09-08,47467.92,FIELD_AGENT,SUCCESS
COL000006937,LOAN00005767,2024-11-03,5819.96,FIELD_AGENT,PARTIAL
COL000006938,LOAN00005767,2024-08-22,45370.52,FIELD_AGENT,SUCCESS
COL000006939,LOAN00005767,2024-04-03,6258.03,CALL_CENTER,SUCCESS
COL000006940,LOAN00005767,2025-06-05,14753.63,BRANCH,PARTIAL
COL000006941,LOAN00005769,2026-08-06,9488.95,DIGITAL,SUCCESS
COL000006942,LOAN00005769,2025-05-17,13766.2,DIGITAL,SUCCESS
COL000006943,LOAN00005769,2024-05-18,8442.98,CALL_CENTER,SUCCESS
COL000006944,LOAN00005774,2025-05-21,49305.83,FIELD_AGENT,FAILED
COL000006945,LOAN00005774,2026-05-14,6397.83,DIGITAL,SUCCESS
COL000006946,LOAN00005774,2026-05-28,23331.25,CALL_CENTER,SUCCESS
COL000006947,LOAN00005774,2024-09-07,5687.83,CALL_CENTER,SUCCESS
COL000006948,LOAN00005774,2026-03-24,45708.77,BRANCH,SUCCESS
COL000006949,LOAN00005780,2024-04-24,25219.27,BRANCH,SUCCESS
COL000006950,LOAN00005780,2025-09-30,8645.46,BRANCH,SUCCESS
COL000006951,LOAN00005780,2024-06-30,24198.59,CALL_CENTER,SUCCESS
COL000006952,LOAN00005780,2026-09-19,39378.22,FIELD_AGENT,SUCCESS
COL000006953,LOAN00005780,2026-02-18,33840.22,CALL_CENTER,SUCCESS
COL000006954,LOAN00005786,2025-05-28,33324.65,BRANCH,SUCCESS
COL000006955,LOAN00005786,2025-12-11,22901.82,BRANCH,SUCCESS
COL000006956,LOAN00005786,2026-02-07,4265.67,CALL_CENTER,SUCCESS
COL000006957,LOAN00005787,2025-01-30,4885.95,FIELD_AGENT,SUCCESS
COL000006958,LOAN00005788,2024-11-18,18979.27,DIGITAL,SUCCESS
COL000006959,LOAN00005788,2026-09-20,8527.72,CALL_CENTER,SUCCESS
COL000006960,LOAN00005788,2025-06-23,44607.28,DIGITAL,SUCCESS
COL000006961,LOAN00005788,2026-07-02,3412.96,BRANCH,SUCCESS
COL000006962,LOAN00005788,2024-10-04,32447.18,CALL_CENTER,PARTIAL
COL000006963,LOAN00005788,2024-09-27,44205.5,FIELD_AGENT,SUCCESS
COL000006964,LOAN00005789,2025-11-09,17331.43,FIELD_AGENT,SUCCESS
COL000006965,LOAN00005789,2025-05-28,10283.77,BRANCH,SUCCESS
COL000006966,LOAN00005790,2025-01-18,18414.07,FIELD_AGENT,SUCCESS
COL000006967,LOAN00005790,2026-07-30,20590.76,BRANCH,SUCCESS
COL000006968,LOAN00005790,2024-06-13,47978.18,DIGITAL,PARTIAL
COL000006969,LOAN00005790,2025-02-17,25435.05,BRANCH,FAILED
COL000006970,LOAN00005790,2026-04-15,15860.6,CALL_CENTER,SUCCESS
COL000006971,LOAN00005797,2025-06-11,43968.54,CALL_CENTER,SUCCESS
COL000006972,LOAN00005797,2026-07-25,39229.76,DIGITAL,SUCCESS
COL000006973,LOAN00005798,2024-11-08,29714.29,FIELD_AGENT,SUCCESS
COL000006974,LOAN00005798,2025-11-09,15525.69,CALL_CENTER,PARTIAL
COL000006975,LOAN00005798,2024-08-07,47796.38,CALL_CENTER,FAILED
COL000006976,LOAN00005798,2026-04-10,38126.21,DIGITAL,SUCCESS
COL000006977,LOAN00005799,2026-01-13,2548.05,CALL_CENTER,SUCCESS
COL000006978,LOAN00005799,2026-06-16,5301.1,CALL_CENTER,SUCCESS
COL000006979,LOAN00005799,2025-08-03,19496.26,BRANCH,SUCCESS
COL000006980,LOAN00005799,2025-10-24,28457.82,FIELD_AGENT,SUCCESS
COL000006981,LOAN00005799,2025-01-05,28768.91,DIGITAL,SUCCESS
COL000006982,LOAN00005803,2026-01-27,31642.2,CALL_CENTER,SUCCESS
COL000006983,LOAN00005803,2025-09-27,3992.04,DIGITAL,PARTIAL
COL000006984,LOAN00005803,2026-08-02,12817.83,FIELD_AGENT,SUCCESS
COL000006985,LOAN00005805,2025-06-24,33203.93,DIGITAL,SUCCESS
COL000006986,LOAN00005805,2026-03-08,12528.79,CALL_CENTER,SUCCESS
COL000006987,LOAN00005805,2024-05-07,36039.76,CALL_CENTER,FAILED
COL000006988,LOAN00005805,2026-02-14,1121.46,FIELD_AGENT,SUCCESS
COL000006989,LOAN00005805,2024-10-16,3736.44,CALL_CENTER,SUCCESS
COL000006990,LOAN00005805,2024-07-19,16947.17,CALL_CENTER,PARTIAL
COL000006991,LOAN00005806,2024-04-17,6750.44,DIGITAL,SUCCESS
COL000006992,LOAN00005806,2025-10-30,40759.94,CALL_CENTER,SUCCESS
COL000006993,LOAN00005807,2024-12-27,8877.46,BRANCH,SUCCESS
COL000006994,LOAN00005807,2025-12-21,33191.14,FIELD_AGENT,SUCCESS
COL000006995,LOAN00005807,2025-09-04,2345.24,CALL_CENTER,SUCCESS
COL000006996,LOAN00005807,2024-04-08,25628.96,DIGITAL,SUCCESS
COL000006997,LOAN00005810,2025-10-30,11674.41,DIGITAL,SUCCESS
COL000006998,LOAN00005810,2026-03-20,17874.62,BRANCH,FAILED
COL000006999,LOAN00005810,2025-11-10,28116.49,FIELD_AGENT,SUCCESS
COL000007000,LOAN00005812,2025-10-07,18934.63,CALL_CENTER,SUCCESS
COL000007001,LOAN00005812,2024-09-22,33800.09,BRANCH,SUCCESS
COL000007002,LOAN00005812,2026-01-17,44781.13,FIELD_AGENT,SUCCESS
COL000007003,LOAN00005814,2026-07-20,36145.1,CALL_CENTER,SUCCESS
COL000007004,LOAN00005814,2024-11-30,19460.87,BRANCH,SUCCESS
COL000007005,LOAN00005814,2024-06-24,37076.75,CALL_CENTER,PARTIAL
COL000007006,LOAN00005814,2024-08-17,22585.09,CALL_CENTER,FAILED
COL000007007,LOAN00005814,2026-04-14,24994.36,DIGITAL,SUCCESS
COL000007008,LOAN00005817,2024-12-30,34203.28,FIELD_AGENT,PARTIAL
COL000007009,LOAN00005817,2026-08-06,18851.75,FIELD_AGENT,SUCCESS
COL000007010,LOAN00005817,2024-10-21,11385.12,BRANCH,SUCCESS
COL000007011,LOAN00005817,2024-11-19,45650.93,CALL_CENTER,SUCCESS
COL000007012,LOAN00005817,2026-02-06,48414.48,CALL_CENTER,SUCCESS
COL000007013,LOAN00005817,2025-04-09,42010.15,DIGITAL,PARTIAL
COL000007014,LOAN00005824,2024-05-20,42958.25,BRANCH,SUCCESS
COL000007015,LOAN00005824,2026-07-02,9004.07,DIGITAL,PARTIAL
COL000007016,LOAN00005824,2026-01-24,6457.19,FIELD_AGENT,FAILED
COL000007017,LOAN00005829,2024-05-13,3776.89,DIGITAL,SUCCESS
COL000007018,LOAN00005829,2024-08-05,30149.78,BRANCH,SUCCESS
COL000007019,LOAN00005829,2025-10-19,43031.77,CALL_CENTER,PARTIAL
COL000007020,LOAN00005829,2026-06-21,23300.93,DIGITAL,SUCCESS
COL000007021,LOAN00005829,2025-03-10,39922.45,DIGITAL,FAILED
COL000007022,LOAN00005829,2024-12-25,1864.11,FIELD_AGENT,SUCCESS
COL000007023,LOAN00005830,2026-05-11,8734.99,FIELD_AGENT,SUCCESS
COL000007024,LOAN00005830,2026-08-16,6833.88,FIELD_AGENT,SUCCESS
COL000007025,LOAN00005830,2024-08-26,23724.63,FIELD_AGENT,PARTIAL
COL000007026,LOAN00005830,2024-04-18,5502.45,DIGITAL,SUCCESS
COL000007027,LOAN00005830,2024-04-30,44435.77,CALL_CENTER,SUCCESS
COL000007028,LOAN00005834,2024-08-02,2477.9,CALL_CENTER,SUCCESS
COL000007029,LOAN00005834,2026-09-19,35713.09,CALL_CENTER,PARTIAL
COL000007030,LOAN00005834,2024-07-15,41666.67,DIGITAL,PARTIAL
COL000007031,LOAN00005838,2026-07-15,32588.71,CALL_CENTER,SUCCESS
COL000007032,LOAN00005838,2025-12-07,9807.61,CALL_CENTER,SUCCESS
COL000007033,LOAN00005838,2026-05-24,21481.51,FIELD_AGENT,SUCCESS
COL000007034,LOAN00005838,2024-06-29,5225.96,DIGITAL,SUCCESS
COL000007035,LOAN00005838,2026-06-06,49629.24,FIELD_AGENT,SUCCESS
COL000007036,LOAN00005838,2025-07-29,13478.06,FIELD_AGENT,PARTIAL
COL000007037,LOAN00005840,2026-03-14,4232.4,DIGITAL,SUCCESS
COL000007038,LOAN00005840,2025-11-03,24806.79,DIGITAL,SUCCESS
COL000007039,LOAN00005840,2026-03-19,36169.82,BRANCH,SUCCESS
COL000007040,LOAN00005841,2025-02-02,9612.47,DIGITAL,SUCCESS
COL000007041,LOAN00005841,2025-05-09,34042.77,BRANCH,SUCCESS
COL000007042,LOAN00005841,2025-03-27,38670.06,CALL_CENTER,SUCCESS
COL000007043,LOAN00005841,2025-02-27,9039.49,DIGITAL,FAILED
COL000007044,LOAN00005844,2026-04-20,41732.3,FIELD_AGENT,SUCCESS
COL000007045,LOAN00005844,2025-03-04,18576.66,DIGITAL,SUCCESS
COL000007046,LOAN00005844,2025-02-14,39103.35,CALL_CENTER,SUCCESS
COL000007047,LOAN00005844,2024-04-09,23310.66,DIGITAL,SUCCESS
COL000007048,LOAN00005844,2026-06-21,44017.44,DIGITAL,PARTIAL
COL000007049,LOAN00005851,2025-04-04,20792.5,FIELD_AGENT,SUCCESS
COL000007050,LOAN00005851,2024-10-14,13524.55,BRANCH,SUCCESS
COL000007051,LOAN00005852,2026-02-04,16438.94,DIGITAL,SUCCESS
COL000007052,LOAN00005854,2026-09-02,8338.39,BRANCH,SUCCESS
COL000007053,LOAN00005864,2024-10-01,36194.29,FIELD_AGENT,SUCCESS
COL000007054,LOAN00005874,2025-11-05,6547.04,FIELD_AGENT,PARTIAL
COL000007055,LOAN00005874,2025-11-20,19696.97,BRANCH,SUCCESS
COL000007056,LOAN00005874,2026-02-13,46393.13,FIELD_AGENT,SUCCESS
COL000007057,LOAN00005874,2025-08-26,8642.56,CALL_CENTER,SUCCESS
COL000007058,LOAN00005875,2024-08-30,43881.27,FIELD_AGENT,SUCCESS
COL000007059,LOAN00005875,2024-10-26,41212.82,DIGITAL,PARTIAL
COL000007060,LOAN00005875,2024-10-28,8070.22,DIGITAL,SUCCESS
COL000007061,LOAN00005876,2026-09-01,29972.07,FIELD_AGENT,PARTIAL
COL000007062,LOAN00005876,2024-08-14,39721.84,DIGITAL,SUCCESS
COL000007063,LOAN00005878,2024-08-31,47662.2,DIGITAL,SUCCESS
COL000007064,LOAN00005878,2024-03-23,20897.6,BRANCH,SUCCESS
COL000007065,LOAN00005878,2025-03-29,25825.21,FIELD_AGENT,PARTIAL
COL000007066,LOAN00005878,2024-10-18,28393.82,FIELD_AGENT,FAILED
COL000007067,LOAN00005878,2025-07-28,15086.79,DIGITAL,PARTIAL
COL000007068,LOAN00005882,2026-02-09,45974.34,CALL_CENTER,SUCCESS
COL000007069,LOAN00005883,2026-04-20,7987.51,DIGITAL,SUCCESS
COL000007070,LOAN00005883,2025-04-16,12109.6,FIELD_AGENT,SUCCESS
COL000007071,LOAN00005883,2024-07-14,5529.83,FIELD_AGENT,SUCCESS
COL000007072,LOAN00005883,2025-06-22,32176.17,BRANCH,PARTIAL
COL000007073,LOAN00005889,2024-09-22,11579.27,FIELD_AGENT,PARTIAL
COL000007074,LOAN00005889,2024-09-27,49138.96,DIGITAL,SUCCESS
COL000007075,LOAN00005889,2025-09-28,3733.86,BRANCH,SUCCESS
COL000007076,LOAN00005889,2025-11-16,31540.32,FIELD_AGENT,PARTIAL
COL000007077,LOAN00005891,2025-12-14,45143.45,CALL_CENTER,FAILED
COL000007078,LOAN00005891,2024-09-27,7413.2,CALL_CENTER,SUCCESS
COL000007079,LOAN00005892,2024-10-26,31045.71,DIGITAL,SUCCESS
COL000007080,LOAN00005892,2024-11-12,12769.38,DIGITAL,SUCCESS
COL000007081,LOAN00005893,2025-03-09,21353.9,CALL_CENTER,SUCCESS
COL000007082,LOAN00005894,2025-07-01,49459.89,FIELD_AGENT,SUCCESS
COL000007083,LOAN00005894,2025-12-17,18064.68,BRANCH,SUCCESS
COL000007084,LOAN00005894,2024-06-27,7761.62,DIGITAL,PARTIAL
COL000007085,LOAN00005894,2026-01-12,32118.82,FIELD_AGENT,PARTIAL
COL000007086,LOAN00005894,2025-04-02,5777.98,BRANCH,SUCCESS
COL000007087,LOAN00005894,2025-11-15,48981.44,BRANCH,SUCCESS
COL000007088,LOAN00005896,2025-11-30,13644.11,DIGITAL,SUCCESS
COL000007089,LOAN00005896,2026-08-10,1283.39,FIELD_AGENT,SUCCESS
COL000007090,LOAN00005899,2025-06-14,21992.33,BRANCH,SUCCESS
COL000007091,LOAN00005899,2025-01-21,22498.9,DIGITAL,PARTIAL
COL000007092,LOAN00005906,2026-07-30,36916.52,BRANCH,SUCCESS
COL000007093,LOAN00005906,2026-03-11,6643.72,FIELD_AGENT,SUCCESS
COL000007094,LOAN00005906,2026-06-05,14499.91,FIELD_AGENT,SUCCESS
COL000007095,LOAN00005906,2024-12-14,22018.82,FIELD_AGENT,PARTIAL
COL000007096,LOAN00005906,2025-10-20,49988.43,CALL_CENTER,PARTIAL
COL000007097,LOAN00005906,2025-05-09,13106.75,CALL_CENTER,SUCCESS
COL000007098,LOAN00005911,2026-05-28,38569.05,CALL_CENTER,SUCCESS
COL000007099,LOAN00005911,2025-05-18,9288.65,CALL_CENTER,PARTIAL
COL000007100,LOAN00005911,2025-09-26,38234.41,FIELD_AGENT,SUCCESS
COL000007101,LOAN00005911,2024-09-23,36371.19,DIGITAL,PARTIAL
COL000007102,LOAN00005912,2025-02-20,5818.51,BRANCH,PARTIAL
COL000007103,LOAN00005914,2025-11-03,22866.86,DIGITAL,SUCCESS
COL000007104,LOAN00005915,2024-05-26,10205.52,FIELD_AGENT,SUCCESS
COL000007105,LOAN00005915,2025-10-13,19946.86,CALL_CENTER,FAILED
COL000007106,LOAN00005915,2026-05-23,25602.3,DIGITAL,FAILED
COL000007107,LOAN00005915,2025-12-19,48170.44,CALL_CENTER,SUCCESS
COL000007108,LOAN00005918,2024-04-05,36996.03,BRANCH,SUCCESS
COL000007109,LOAN00005918,2026-02-28,45543.57,FIELD_AGENT,SUCCESS
COL000007110,LOAN00005918,2026-04-23,10814.43,CALL_CENTER,SUCCESS
COL000007111,LOAN00005918,2025-11-12,17681.82,FIELD_AGENT,SUCCESS
COL000007112,LOAN00005918,2024-06-18,5144.38,FIELD_AGENT,SUCCESS
COL000007113,LOAN00005918,2026-05-30,42888.37,CALL_CENTER,FAILED
COL000007114,LOAN00005920,2024-09-27,29773.67,FIELD_AGENT,PARTIAL
COL000007115,LOAN00005920,2025-12-17,42552.87,BRANCH,SUCCESS
COL000007116,LOAN00005920,2025-09-12,13243.23,BRANCH,SUCCESS
COL000007117,LOAN00005920,2026-09-12,23513.82,CALL_CENTER,SUCCESS
COL000007118,LOAN00005921,2026-09-09,49636.98,CALL_CENTER,SUCCESS
COL000007119,LOAN00005921,2024-08-03,23955.41,FIELD_AGENT,PARTIAL
COL000007120,LOAN00005922,2025-07-29,4962.6,DIGITAL,SUCCESS
COL000007121,LOAN00005922,2026-08-29,9109.16,FIELD_AGENT,SUCCESS
COL000007122,LOAN00005925,2026-03-04,20044.15,CALL_CENTER,PARTIAL
COL000007123,LOAN00005925,2024-09-23,1759.32,DIGITAL,SUCCESS
COL000007124,LOAN00005926,2024-08-30,13550.17,FIELD_AGENT,SUCCESS
COL000007125,LOAN00005926,2025-06-08,24210.9,DIGITAL,PARTIAL
COL000007126,LOAN00005926,2026-04-22,28161.81,CALL_CENTER,SUCCESS
COL000007127,LOAN00005926,2025-02-28,32177.92,BRANCH,SUCCESS
COL000007128,LOAN00005926,2025-04-18,40516.69,DIGITAL,SUCCESS
COL000007129,LOAN00005926,2026-06-02,1840.24,DIGITAL,PARTIAL
COL000007130,LOAN00005927,2026-06-10,41431.09,CALL_CENTER,SUCCESS
COL000007131,LOAN00005927,2024-10-21,23341.61,CALL_CENTER,PARTIAL
COL000007132,LOAN00005929,2024-07-11,15563.91,FIELD_AGENT,SUCCESS
COL000007133,LOAN00005929,2025-05-07,42566.6,CALL_CENTER,SUCCESS
COL000007134,LOAN00005929,2025-12-17,46695.96,FIELD_AGENT,SUCCESS
COL000007135,LOAN00005929,2024-06-02,38088.15,CALL_CENTER,SUCCESS
COL000007136,LOAN00005939,2025-12-04,42211.84,FIELD_AGENT,SUCCESS
COL000007137,LOAN00005939,2024-05-28,5442.4,DIGITAL,SUCCESS
COL000007138,LOAN00005939,2024-05-15,7442.26,DIGITAL,PARTIAL
COL000007139,LOAN00005939,2025-01-12,46023.06,CALL_CENTER,SUCCESS
COL000007140,LOAN00005941,2026-01-18,35105.55,FIELD_AGENT,SUCCESS
COL000007141,LOAN00005941,2025-11-29,43218.02,BRANCH,SUCCESS
COL000007142,LOAN00005942,2025-08-08,13645.99,FIELD_AGENT,SUCCESS
COL000007143,LOAN00005942,2025-06-01,22474.82,DIGITAL,SUCCESS
COL000007144,LOAN00005942,2026-04-28,20809.5,DIGITAL,SUCCESS
COL000007145,LOAN00005942,2024-06-12,17590.84,FIELD_AGENT,SUCCESS
COL000007146,LOAN00005942,2026-01-18,22231.62,DIGITAL,SUCCESS
COL000007147,LOAN00005942,2024-08-18,8110.48,BRANCH,SUCCESS
COL000007148,LOAN00005943,2024-04-21,13953.92,DIGITAL,SUCCESS
COL000007149,LOAN00005943,2026-05-01,22596.35,CALL_CENTER,SUCCESS
COL000007150,LOAN00005948,2025-07-19,35782.13,CALL_CENTER,SUCCESS
COL000007151,LOAN00005948,2025-04-07,42465.4,DIGITAL,PARTIAL
COL000007152,LOAN00005949,2026-02-23,34034.59,DIGITAL,PARTIAL
COL000007153,LOAN00005949,2024-05-04,11363.51,CALL_CENTER,SUCCESS
COL000007154,LOAN00005949,2025-11-14,38622.14,BRANCH,SUCCESS
COL000007155,LOAN00005951,2025-03-11,13485.21,FIELD_AGENT,SUCCESS
COL000007156,LOAN00005951,2026-06-20,19918.67,BRANCH,SUCCESS
COL000007157,LOAN00005951,2026-04-19,39105.26,BRANCH,SUCCESS
COL000007158,LOAN00005951,2024-03-27,37787.85,DIGITAL,FAILED
COL000007159,LOAN00005951,2025-06-13,43958.07,BRANCH,SUCCESS
COL000007160,LOAN00005951,2024-07-24,49518.43,FIELD_AGENT,FAILED
COL000007161,LOAN00005952,2026-01-09,45074.12,CALL_CENTER,SUCCESS
COL000007162,LOAN00005952,2024-10-02,27848.41,DIGITAL,SUCCESS
COL000007163,LOAN00005952,2025-10-11,16983.42,FIELD_AGENT,SUCCESS
COL000007164,LOAN00005953,2025-07-09,17357.38,BRANCH,SUCCESS
COL000007165,LOAN00005953,2026-04-13,13150.59,BRANCH,SUCCESS
COL000007166,LOAN00005953,2026-08-11,36483.58,BRANCH,PARTIAL
COL000007167,LOAN00005963,2025-07-27,38518.11,CALL_CENTER,SUCCESS
COL000007168,LOAN00005963,2026-08-18,10738.11,DIGITAL,SUCCESS
COL000007169,LOAN00005963,2025-11-28,26699.18,CALL_CENTER,SUCCESS
COL000007170,LOAN00005963,2026-06-23,45430.43,FIELD_AGENT,PARTIAL
COL000007171,LOAN00005963,2026-01-26,20057.33,FIELD_AGENT,PARTIAL
COL000007172,LOAN00005973,2024-04-04,41989.11,FIELD_AGENT,SUCCESS
COL000007173,LOAN00005973,2025-09-26,29264.82,DIGITAL,SUCCESS
COL000007174,LOAN00005973,2025-10-24,34310.59,DIGITAL,SUCCESS
COL000007175,LOAN00005973,2026-08-09,5251.02,BRANCH,SUCCESS
COL000007176,LOAN00005974,2025-08-29,42570.62,FIELD_AGENT,PARTIAL
COL000007177,LOAN00005979,2024-10-12,27239.73,CALL_CENTER,PARTIAL
COL000007178,LOAN00005980,2025-08-09,26711.05,CALL_CENTER,SUCCESS
COL000007179,LOAN00005982,2024-06-19,13928.04,FIELD_AGENT,SUCCESS
COL000007180,LOAN00005982,2025-08-10,9175.5,FIELD_AGENT,SUCCESS
COL000007181,LOAN00005982,2024-07-20,16926.73,BRANCH,SUCCESS
COL000007182,LOAN00005982,2026-06-26,25310.42,DIGITAL,SUCCESS
COL000007183,LOAN00005982,2025-10-11,39508.8,BRANCH,SUCCESS
COL000007184,LOAN00005982,2026-04-20,40986.42,DIGITAL,SUCCESS
COL000007185,LOAN00005987,2026-07-19,4700.1,DIGITAL,SUCCESS
COL000007186,LOAN00005989,2024-09-19,39209.71,FIELD_AGENT,SUCCESS
COL000007187,LOAN00005989,2024-10-04,18342.13,BRANCH,SUCCESS
COL000007188,LOAN00005989,2025-03-11,16464.96,CALL_CENTER,PARTIAL
COL000007189,LOAN00005989,2024-08-15,32742.86,DIGITAL,FAILED
COL000007190,LOAN00005992,2024-06-09,8839.86,FIELD_AGENT,SUCCESS
COL000007191,LOAN00005992,2025-09-05,25898.74,DIGITAL,SUCCESS
COL000007192,LOAN00005992,2025-03-31,46716.31,BRANCH,SUCCESS
COL000007193,LOAN00005992,2024-08-27,21845.57,FIELD_AGENT,SUCCESS
COL000007194,LOAN00005994,2025-11-27,32383.96,DIGITAL,SUCCESS
COL000007195,LOAN00005994,2026-09-26,32680.7,CALL_CENTER,SUCCESS
COL000007196,LOAN00005994,2024-03-25,21949.85,DIGITAL,SUCCESS
COL000007197,LOAN00005994,2024-08-21,20816.41,BRANCH,PARTIAL
COL000007198,LOAN00005995,2026-07-23,48572.97,CALL_CENTER,SUCCESS
COL000007199,LOAN00005995,2024-09-17,10640.26,CALL_CENTER,PARTIAL
COL000007200,LOAN00005995,2026-03-18,21321.52,FIELD_AGENT,SUCCESS
COL000007201,LOAN00005996,2025-09-28,40941.01,DIGITAL,SUCCESS
COL000007202,LOAN00005996,2025-03-09,31372.39,FIELD_AGENT,FAILED
COL000007203,LOAN00005996,2025-06-13,4410.57,BRANCH,SUCCESS
COL000007204,LOAN00006004,2025-12-11,21646.12,CALL_CENTER,SUCCESS
COL000007205,LOAN00006004,2024-09-24,36413.6,BRANCH,SUCCESS
COL000007206,LOAN00006004,2024-06-01,29334.44,CALL_CENTER,SUCCESS
COL000007207,LOAN00006004,2025-10-18,41826.58,DIGITAL,SUCCESS
COL000007208,LOAN00006004,2025-11-23,4881.37,DIGITAL,SUCCESS
COL000007209,LOAN00006004,2026-05-18,18520.76,FIELD_AGENT,SUCCESS
COL000007210,LOAN00006005,2024-03-02,30999.86,FIELD_AGENT,SUCCESS
COL000007211,LOAN00006005,2024-12-28,29133.84,DIGITAL,SUCCESS
COL000007212,LOAN00006008,2025-08-23,31376.59,BRANCH,SUCCESS
COL000007213,LOAN00006008,2024-12-19,36629.22,BRANCH,SUCCESS
COL000007214,LOAN00006008,2025-07-07,40803.56,CALL_CENTER,FAILED
COL000007215,LOAN00006008,2025-05-24,29717.27,FIELD_AGENT,SUCCESS
COL000007216,LOAN00006008,2026-03-20,38217.73,DIGITAL,SUCCESS
COL000007217,LOAN00006009,2025-02-01,2265.17,BRANCH,SUCCESS
COL000007218,LOAN00006009,2026-09-09,7776.64,FIELD_AGENT,PARTIAL
COL000007219,LOAN00006009,2025-03-24,26058.21,BRANCH,PARTIAL
COL000007220,LOAN00006009,2025-08-12,31411.51,FIELD_AGENT,SUCCESS
COL000007221,LOAN00006009,2025-03-19,8687.34,CALL_CENTER,SUCCESS
COL000007222,LOAN00006020,2024-04-13,17124.13,BRANCH,PARTIAL
COL000007223,LOAN00006020,2026-09-29,19759.07,BRANCH,PARTIAL
COL000007224,LOAN00006020,2024-11-02,41090.4,DIGITAL,SUCCESS
COL000007225,LOAN00006020,2025-08-14,6005.86,DIGITAL,SUCCESS
COL000007226,LOAN00006020,2026-05-14,29317.32,BRANCH,SUCCESS
COL000007227,LOAN00006020,2025-07-11,4202.5,BRANCH,SUCCESS
COL000007228,LOAN00006023,2025-12-09,22713.06,CALL_CENTER,SUCCESS
COL000007229,LOAN00006023,2025-01-04,2951.18,BRANCH,PARTIAL
COL000007230,LOAN00006028,2024-05-07,31767.51,FIELD_AGENT,SUCCESS
COL000007231,LOAN00006028,2026-08-12,40970.48,FIELD_AGENT,SUCCESS
COL000007232,LOAN00006029,2025-10-15,40019.82,FIELD_AGENT,SUCCESS
COL000007233,LOAN00006032,2026-03-03,44309.87,FIELD_AGENT,SUCCESS
COL000007234,LOAN00006032,2024-06-13,19839.15,CALL_CENTER,SUCCESS
COL000007235,LOAN00006032,2026-04-29,32086.89,CALL_CENTER,SUCCESS
COL000007236,LOAN00006033,2024-05-22,24931.78,DIGITAL,PARTIAL
COL000007237,LOAN00006033,2024-09-12,36312.71,FIELD_AGENT,SUCCESS
COL000007238,LOAN00006033,2025-03-23,35972.25,DIGITAL,PARTIAL
COL000007239,LOAN00006033,2026-03-08,34712.93,CALL_CENTER,SUCCESS
COL000007240,LOAN00006041,2024-04-06,36735.05,BRANCH,SUCCESS
COL000007241,LOAN00006041,2024-12-24,5425.15,CALL_CENTER,FAILED
COL000007242,LOAN00006041,2025-09-29,44527.91,CALL_CENTER,SUCCESS
COL000007243,LOAN00006041,2025-03-13,23322.2,DIGITAL,FAILED
COL000007244,LOAN00006041,2025-03-03,4016.68,BRANCH,SUCCESS
COL000007245,LOAN00006044,2025-06-23,48034.07,DIGITAL,SUCCESS
COL000007246,LOAN00006044,2024-11-18,29948.61,BRANCH,SUCCESS
COL000007247,LOAN00006044,2024-11-03,17266.68,CALL_CENTER,PARTIAL
COL000007248,LOAN00006044,2026-06-14,44724.66,FIELD_AGENT,FAILED
COL000007249,LOAN00006047,2024-12-04,24107.86,BRANCH,PARTIAL
COL000007250,LOAN00006047,2026-03-16,34243.67,BRANCH,SUCCESS
COL000007251,LOAN00006048,2025-12-21,44313.73,BRANCH,SUCCESS
COL000007252,LOAN00006048,2026-05-12,32455.07,FIELD_AGENT,PARTIAL
COL000007253,LOAN00006048,2026-07-08,6105.99,DIGITAL,FAILED
COL000007254,LOAN00006048,2024-11-21,47028.81,FIELD_AGENT,SUCCESS
COL000007255,LOAN00006048,2024-11-25,29535.8,CALL_CENTER,PARTIAL
COL000007256,LOAN00006052,2025-10-30,12616.05,BRANCH,SUCCESS
COL000007257,LOAN00006052,2025-01-02,24309.6,FIELD_AGENT,SUCCESS
COL000007258,LOAN00006052,2025-05-26,26754.17,BRANCH,SUCCESS
COL000007259,LOAN00006052,2024-06-22,34795.75,BRANCH,SUCCESS
COL000007260,LOAN00006052,2025-04-14,24414.44,DIGITAL,PARTIAL
COL000007261,LOAN00006054,2026-09-02,27759.74,DIGITAL,PARTIAL
COL000007262,LOAN00006054,2025-11-30,2622.45,CALL_CENTER,SUCCESS
COL000007263,LOAN00006054,2024-05-30,6917.98,BRANCH,SUCCESS
COL000007264,LOAN00006054,2026-06-17,28898.72,FIELD_AGENT,SUCCESS
COL000007265,LOAN00006054,2025-09-16,28000.5,FIELD_AGENT,SUCCESS
COL000007266,LOAN00006056,2025-09-12,22758.51,FIELD_AGENT,SUCCESS
COL000007267,LOAN00006056,2026-02-08,10965.89,DIGITAL,PARTIAL
COL000007268,LOAN00006056,2024-12-09,39897.19,BRANCH,SUCCESS
COL000007269,LOAN00006056,2024-04-18,24250.25,DIGITAL,SUCCESS
COL000007270,LOAN00006056,2025-06-16,48961.43,DIGITAL,SUCCESS
COL000007271,LOAN00006056,2026-08-16,31846.82,FIELD_AGENT,PARTIAL
COL000007272,LOAN00006060,2024-08-12,11056.0,BRANCH,SUCCESS
COL000007273,LOAN00006062,2024-03-13,49722.07,BRANCH,SUCCESS
COL000007274,LOAN00006062,2025-01-31,2083.15,BRANCH,SUCCESS
COL000007275,LOAN00006062,2025-04-07,4937.6,FIELD_AGENT,SUCCESS
COL000007276,LOAN00006062,2024-03-25,26913.87,DIGITAL,SUCCESS
COL000007277,LOAN00006062,2025-12-16,15397.82,DIGITAL,SUCCESS
COL000007278,LOAN00006062,2024-05-03,21502.96,BRANCH,SUCCESS
COL000007279,LOAN00006063,2025-03-23,21353.45,CALL_CENTER,SUCCESS
COL000007280,LOAN00006063,2026-07-11,4274.4,FIELD_AGENT,PARTIAL
COL000007281,LOAN00006063,2025-07-13,49374.24,FIELD_AGENT,SUCCESS
COL000007282,LOAN00006063,2026-08-15,6364.4,BRANCH,PARTIAL
COL000007283,LOAN00006065,2025-01-24,2315.52,BRANCH,SUCCESS
COL000007284,LOAN00006079,2025-11-18,38695.59,DIGITAL,SUCCESS
COL000007285,LOAN00006079,2025-03-03,16434.58,CALL_CENTER,SUCCESS
COL000007286,LOAN00006079,2025-09-19,39774.28,CALL_CENTER,PARTIAL
COL000007287,LOAN00006079,2026-06-24,41788.05,FIELD_AGENT,SUCCESS
COL000007288,LOAN00006079,2025-02-07,23908.75,DIGITAL,FAILED
COL000007289,LOAN00006079,2024-10-15,19190.76,FIELD_AGENT,SUCCESS
COL000007290,LOAN00006080,2024-11-22,24086.81,DIGITAL,SUCCESS
COL000007291,LOAN00006080,2024-10-19,31480.31,FIELD_AGENT,SUCCESS
COL000007292,LOAN00006081,2026-07-12,18936.91,DIGITAL,PARTIAL
COL000007293,LOAN00006081,2026-05-14,42335.28,DIGITAL,PARTIAL
COL000007294,LOAN00006081,2026-04-27,49258.67,BRANCH,SUCCESS
COL000007295,LOAN00006081,2024-10-14,29984.3,BRANCH,SUCCESS
COL000007296,LOAN00006081,2024-10-23,35650.06,CALL_CENTER,PARTIAL
COL000007297,LOAN00006081,2024-05-17,7650.21,BRANCH,PARTIAL
COL000007298,LOAN00006082,2024-04-20,5825.56,FIELD_AGENT,SUCCESS
COL000007299,LOAN00006082,2026-08-03,20709.1,CALL_CENTER,PARTIAL
COL000007300,LOAN00006082,2026-04-22,29310.01,CALL_CENTER,PARTIAL
COL000007301,LOAN00006082,2025-03-27,6060.28,CALL_CENTER,PARTIAL
COL000007302,LOAN00006082,2025-08-04,30616.93,DIGITAL,SUCCESS
COL000007303,LOAN00006082,2026-05-03,12831.56,BRANCH,PARTIAL
COL000007304,LOAN00006085,2025-09-03,40912.95,DIGITAL,PARTIAL
COL000007305,LOAN00006085,2025-05-12,47303.18,CALL_CENTER,SUCCESS
COL000007306,LOAN00006085,2025-02-22,20430.5,DIGITAL,SUCCESS
COL000007307,LOAN00006085,2025-05-29,40993.39,DIGITAL,SUCCESS
COL000007308,LOAN00006085,2025-09-20,16085.74,BRANCH,PARTIAL
COL000007309,LOAN00006085,2025-04-16,33179.58,DIGITAL,FAILED
COL000007310,LOAN00006086,2026-06-14,41305.95,CALL_CENTER,SUCCESS
COL000007311,LOAN00006086,2024-11-23,25082.75,BRANCH,SUCCESS
COL000007312,LOAN00006086,2025-07-06,34290.16,BRANCH,SUCCESS
COL000007313,LOAN00006086,2025-09-21,4100.3,FIELD_AGENT,PARTIAL
COL000007314,LOAN00006086,2024-04-29,30792.36,FIELD_AGENT,SUCCESS
COL000007315,LOAN00006086,2024-07-21,16894.61,BRANCH,SUCCESS
COL000007316,LOAN00006094,2026-01-13,15262.36,FIELD_AGENT,SUCCESS
COL000007317,LOAN00006094,2025-01-01,2246.68,CALL_CENTER,PARTIAL
COL000007318,LOAN00006094,2025-01-30,40525.18,CALL_CENTER,SUCCESS
COL000007319,LOAN00006094,2025-08-22,36220.75,FIELD_AGENT,SUCCESS
COL000007320,LOAN00006095,2026-07-30,24611.74,CALL_CENTER,SUCCESS
COL000007321,LOAN00006095,2024-07-12,40667.91,CALL_CENTER,PARTIAL
COL000007322,LOAN00006095,2024-12-10,20517.04,DIGITAL,SUCCESS
COL000007323,LOAN00006095,2025-09-01,20423.34,CALL_CENTER,SUCCESS
COL000007324,LOAN00006095,2025-07-20,21072.51,FIELD_AGENT,SUCCESS
COL000007325,LOAN00006099,2025-07-09,34440.61,DIGITAL,SUCCESS
COL000007326,LOAN00006100,2025-02-27,49835.28,DIGITAL,SUCCESS
COL000007327,LOAN00006100,2026-06-12,21400.98,CALL_CENTER,SUCCESS
COL000007328,LOAN00006101,2024-04-17,36524.83,DIGITAL,SUCCESS
COL000007329,LOAN00006101,2024-11-27,20409.22,BRANCH,SUCCESS
COL000007330,LOAN00006101,2025-01-27,47657.23,DIGITAL,PARTIAL
COL000007331,LOAN00006101,2026-04-05,35990.84,BRANCH,SUCCESS
COL000007332,LOAN00006101,2026-08-15,29890.39,DIGITAL,SUCCESS
COL000007333,LOAN00006101,2026-02-07,37072.07,DIGITAL,SUCCESS
COL000007334,LOAN00006109,2026-05-21,44096.79,BRANCH,SUCCESS
COL000007335,LOAN00006112,2026-06-26,6859.88,CALL_CENTER,SUCCESS
COL000007336,LOAN00006112,2026-08-23,33303.54,CALL_CENTER,PARTIAL
COL000007337,LOAN00006115,2024-10-22,8012.99,FIELD_AGENT,SUCCESS
COL000007338,LOAN00006115,2024-06-24,13810.0,BRANCH,PARTIAL
COL000007339,LOAN00006115,2025-06-07,13423.21,DIGITAL,SUCCESS
COL000007340,LOAN00006115,2024-06-05,3359.76,DIGITAL,SUCCESS
COL000007341,LOAN00006115,2026-05-06,40267.95,DIGITAL,SUCCESS
COL000007342,LOAN00006115,2026-06-22,33349.86,BRANCH,SUCCESS
COL000007343,LOAN00006119,2026-08-11,20135.05,DIGITAL,SUCCESS
COL000007344,LOAN00006119,2026-06-19,34047.8,FIELD_AGENT,SUCCESS
COL000007345,LOAN00006119,2025-04-15,6957.11,FIELD_AGENT,SUCCESS
COL000007346,LOAN00006119,2024-05-29,41904.75,FIELD_AGENT,SUCCESS
COL000007347,LOAN00006122,2024-05-07,19509.67,BRANCH,SUCCESS
COL000007348,LOAN00006122,2025-10-06,8704.71,FIELD_AGENT,SUCCESS
COL000007349,LOAN00006122,2025-10-08,47555.47,BRANCH,PARTIAL
COL000007350,LOAN00006122,2024-06-18,46373.36,FIELD_AGENT,SUCCESS
COL000007351,LOAN00006122,2026-01-13,38562.3,CALL_CENTER,FAILED
COL000007352,LOAN00006124,2025-02-23,42122.97,CALL_CENTER,SUCCESS
COL000007353,LOAN00006124,2026-02-14,17718.42,CALL_CENTER,SUCCESS
COL000007354,LOAN00006124,2026-08-27,8948.5,FIELD_AGENT,SUCCESS
COL000007355,LOAN00006125,2025-06-20,4209.49,DIGITAL,PARTIAL
COL000007356,LOAN00006125,2025-08-18,7515.65,CALL_CENTER,SUCCESS
COL000007357,LOAN00006125,2025-01-27,20494.09,DIGITAL,PARTIAL
COL000007358,LOAN00006126,2026-03-03,10568.6,FIELD_AGENT,SUCCESS
COL000007359,LOAN00006126,2024-03-12,23022.9,BRANCH,PARTIAL
COL000007360,LOAN00006128,2025-03-01,6139.41,CALL_CENTER,SUCCESS
COL000007361,LOAN00006128,2025-02-06,43230.78,CALL_CENTER,SUCCESS
COL000007362,LOAN00006131,2026-04-27,38948.27,BRANCH,SUCCESS
COL000007363,LOAN00006131,2024-05-14,8849.29,DIGITAL,SUCCESS
COL000007364,LOAN00006131,2025-07-14,25666.84,FIELD_AGENT,SUCCESS
COL000007365,LOAN00006131,2025-04-07,39994.86,CALL_CENTER,FAILED
COL000007366,LOAN00006131,2025-07-23,37920.83,DIGITAL,PARTIAL
COL000007367,LOAN00006131,2026-09-12,30379.61,DIGITAL,PARTIAL
COL000007368,LOAN00006132,2026-01-18,14361.89,CALL_CENTER,SUCCESS
COL000007369,LOAN00006132,2026-02-28,35570.17,FIELD_AGENT,SUCCESS
COL000007370,LOAN00006132,2026-05-06,20406.48,CALL_CENTER,SUCCESS
COL000007371,LOAN00006132,2026-02-24,23073.84,BRANCH,SUCCESS
COL000007372,LOAN00006132,2026-09-13,24298.9,CALL_CENTER,SUCCESS
COL000007373,LOAN00006133,2025-09-12,9348.04,CALL_CENTER,SUCCESS
COL000007374,LOAN00006133,2025-03-23,32950.78,DIGITAL,SUCCESS
COL000007375,LOAN00006133,2024-08-08,36920.61,BRANCH,SUCCESS
COL000007376,LOAN00006133,2026-07-29,34781.01,CALL_CENTER,PARTIAL
COL000007377,LOAN00006133,2025-08-11,4141.65,BRANCH,PARTIAL
COL000007378,LOAN00006133,2025-08-02,41973.0,DIGITAL,PARTIAL
COL000007379,LOAN00006136,2024-07-09,11723.09,BRANCH,SUCCESS
COL000007380,LOAN00006138,2024-05-12,12351.91,FIELD_AGENT,SUCCESS
COL000007381,LOAN00006138,2026-08-25,34865.58,FIELD_AGENT,SUCCESS
COL000007382,LOAN00006138,2024-05-28,16224.87,CALL_CENTER,PARTIAL
COL000007383,LOAN00006138,2024-05-29,34954.5,DIGITAL,PARTIAL
COL000007384,LOAN00006138,2026-07-04,10375.27,CALL_CENTER,SUCCESS
COL000007385,LOAN00006138,2024-06-30,21214.76,CALL_CENTER,SUCCESS
COL000007386,LOAN00006140,2025-08-12,20683.86,DIGITAL,SUCCESS
COL000007387,LOAN00006140,2025-12-16,1832.69,CALL_CENTER,PARTIAL
COL000007388,LOAN00006140,2026-02-27,47604.24,BRANCH,SUCCESS
COL000007389,LOAN00006140,2025-01-11,3701.7,CALL_CENTER,SUCCESS
COL000007390,LOAN00006143,2026-07-07,29895.59,CALL_CENTER,PARTIAL
COL000007391,LOAN00006143,2024-09-02,3662.5,FIELD_AGENT,SUCCESS
COL000007392,LOAN00006143,2026-01-01,14922.75,DIGITAL,SUCCESS
COL000007393,LOAN00006143,2024-08-26,40026.17,FIELD_AGENT,SUCCESS
COL000007394,LOAN00006143,2026-04-10,11712.27,DIGITAL,PARTIAL
COL000007395,LOAN00006143,2025-02-26,6519.21,DIGITAL,SUCCESS
COL000007396,LOAN00006148,2025-11-05,43181.19,DIGITAL,SUCCESS
COL000007397,LOAN00006148,2025-05-21,9289.22,CALL_CENTER,SUCCESS
COL000007398,LOAN00006148,2024-11-27,35584.09,CALL_CENTER,SUCCESS
COL000007399,LOAN00006148,2025-01-05,32010.96,FIELD_AGENT,SUCCESS
COL000007400,LOAN00006148,2026-03-20,28696.92,FIELD_AGENT,SUCCESS
COL000007401,LOAN00006148,2025-04-02,24003.42,CALL_CENTER,SUCCESS
COL000007402,LOAN00006150,2025-12-24,26457.75,DIGITAL,SUCCESS
COL000007403,LOAN00006150,2024-03-16,7121.5,BRANCH,SUCCESS
COL000007404,LOAN00006150,2025-01-26,21391.96,DIGITAL,SUCCESS
COL000007405,LOAN00006150,2025-04-28,1513.06,CALL_CENTER,SUCCESS
COL000007406,LOAN00006150,2024-08-10,47818.34,DIGITAL,SUCCESS
COL000007407,LOAN00006151,2026-04-11,22232.7,DIGITAL,SUCCESS
COL000007408,LOAN00006151,2025-12-29,28378.27,CALL_CENTER,PARTIAL
COL000007409,LOAN00006151,2024-10-02,24407.89,BRANCH,SUCCESS
COL000007410,LOAN00006153,2025-10-29,18405.73,BRANCH,PARTIAL
COL000007411,LOAN00006153,2025-12-22,20513.8,FIELD_AGENT,PARTIAL
COL000007412,LOAN00006153,2024-08-27,47174.23,FIELD_AGENT,SUCCESS
COL000007413,LOAN00006153,2026-03-08,36727.0,FIELD_AGENT,SUCCESS
COL000007414,LOAN00006154,2024-03-20,8619.96,BRANCH,SUCCESS
COL000007415,LOAN00006154,2025-01-09,18212.0,FIELD_AGENT,SUCCESS
COL000007416,LOAN00006154,2024-09-03,19204.69,CALL_CENTER,SUCCESS
COL000007417,LOAN00006156,2024-07-09,32045.67,DIGITAL,PARTIAL
COL000007418,LOAN00006161,2025-09-01,28974.67,BRANCH,SUCCESS
COL000007419,LOAN00006161,2024-09-17,32900.37,FIELD_AGENT,SUCCESS
COL000007420,LOAN00006161,2026-08-07,13089.35,DIGITAL,SUCCESS
COL000007421,LOAN00006162,2025-09-26,43993.95,CALL_CENTER,SUCCESS
COL000007422,LOAN00006162,2026-04-26,14515.08,BRANCH,SUCCESS
COL000007423,LOAN00006162,2026-02-14,7573.4,CALL_CENTER,SUCCESS
COL000007424,LOAN00006162,2024-04-18,11145.57,FIELD_AGENT,SUCCESS
COL000007425,LOAN00006162,2025-10-03,1825.04,DIGITAL,SUCCESS
COL000007426,LOAN00006163,2024-06-14,8063.21,DIGITAL,PARTIAL
COL000007427,LOAN00006163,2025-02-09,3812.67,FIELD_AGENT,SUCCESS
COL000007428,LOAN00006163,2025-02-23,45188.82,BRANCH,SUCCESS
COL000007429,LOAN00006163,2025-03-20,15360.58,BRANCH,PARTIAL
COL000007430,LOAN00006163,2026-09-21,32497.92,FIELD_AGENT,SUCCESS
COL000007431,LOAN00006163,2026-01-26,36441.64,DIGITAL,SUCCESS
COL000007432,LOAN00006164,2024-07-04,6992.26,CALL_CENTER,SUCCESS
COL000007433,LOAN00006164,2024-06-02,31787.7,FIELD_AGENT,SUCCESS
COL000007434,LOAN00006164,2024-06-26,22771.62,BRANCH,SUCCESS
COL000007435,LOAN00006166,2026-05-02,32783.11,CALL_CENTER,SUCCESS
COL000007436,LOAN00006166,2025-01-12,10495.85,DIGITAL,SUCCESS
COL000007437,LOAN00006166,2024-07-25,14309.32,FIELD_AGENT,SUCCESS
COL000007438,LOAN00006166,2025-06-13,7815.6,BRANCH,SUCCESS
COL000007439,LOAN00006167,2026-04-16,19534.59,BRANCH,SUCCESS
COL000007440,LOAN00006174,2025-09-13,5692.17,FIELD_AGENT,SUCCESS
COL000007441,LOAN00006174,2024-10-08,28838.0,BRANCH,SUCCESS
COL000007442,LOAN00006174,2024-10-14,37176.88,CALL_CENTER,SUCCESS
COL000007443,LOAN00006174,2024-03-02,29041.12,DIGITAL,SUCCESS
COL000007444,LOAN00006175,2026-09-17,39003.81,FIELD_AGENT,SUCCESS
COL000007445,LOAN00006177,2024-12-20,43124.8,FIELD_AGENT,SUCCESS
COL000007446,LOAN00006177,2024-12-12,34352.07,DIGITAL,PARTIAL
COL000007447,LOAN00006177,2025-04-25,14003.03,BRANCH,PARTIAL
COL000007448,LOAN00006177,2025-10-10,41724.15,FIELD_AGENT,SUCCESS
COL000007449,LOAN00006177,2024-06-23,27764.71,DIGITAL,SUCCESS
COL000007450,LOAN00006178,2025-02-06,39718.84,FIELD_AGENT,SUCCESS
COL000007451,LOAN00006179,2025-09-09,47581.96,FIELD_AGENT,SUCCESS
COL000007452,LOAN00006180,2026-04-25,39635.62,BRANCH,SUCCESS
COL000007453,LOAN00006180,2024-05-19,35708.4,DIGITAL,SUCCESS
COL000007454,LOAN00006180,2026-01-30,27947.9,BRANCH,PARTIAL
COL000007455,LOAN00006181,2025-12-01,16897.72,DIGITAL,PARTIAL
COL000007456,LOAN00006183,2026-07-10,35041.8,FIELD_AGENT,SUCCESS
COL000007457,LOAN00006183,2025-03-02,36477.78,FIELD_AGENT,PARTIAL
COL000007458,LOAN00006183,2025-11-28,13062.4,CALL_CENTER,SUCCESS
COL000007459,LOAN00006183,2024-07-03,40577.84,FIELD_AGENT,SUCCESS
COL000007460,LOAN00006183,2026-05-15,3255.29,BRANCH,SUCCESS
COL000007461,LOAN00006191,2024-04-12,48969.61,BRANCH,PARTIAL
COL000007462,LOAN00006191,2026-09-30,8377.16,BRANCH,PARTIAL
COL000007463,LOAN00006191,2025-05-04,47522.84,FIELD_AGENT,FAILED
COL000007464,LOAN00006191,2026-07-23,1901.0,FIELD_AGENT,SUCCESS
COL000007465,LOAN00006194,2024-06-08,34530.38,CALL_CENTER,SUCCESS
COL000007466,LOAN00006194,2024-10-07,9657.1,BRANCH,SUCCESS
COL000007467,LOAN00006195,2025-06-07,30330.26,BRANCH,SUCCESS
COL000007468,LOAN00006203,2025-05-12,48781.08,DIGITAL,SUCCESS
COL000007469,LOAN00006203,2024-11-02,11206.66,FIELD_AGENT,SUCCESS
COL000007470,LOAN00006203,2024-03-27,48452.54,DIGITAL,SUCCESS
COL000007471,LOAN00006203,2024-08-20,29698.95,BRANCH,SUCCESS
COL000007472,LOAN00006203,2026-05-31,8946.77,CALL_CENTER,SUCCESS
COL000007473,LOAN00006203,2025-02-20,4251.8,CALL_CENTER,SUCCESS
COL000007474,LOAN00006204,2026-09-10,14861.58,BRANCH,SUCCESS
COL000007475,LOAN00006204,2024-06-03,42894.39,DIGITAL,SUCCESS
COL000007476,LOAN00006204,2026-08-21,48276.35,DIGITAL,SUCCESS
COL000007477,LOAN00006206,2024-12-02,16719.49,CALL_CENTER,SUCCESS
COL000007478,LOAN00006211,2024-09-17,38409.74,FIELD_AGENT,SUCCESS
COL000007479,LOAN00006211,2024-07-21,49348.45,CALL_CENTER,SUCCESS
COL000007480,LOAN00006213,2025-03-28,47697.75,DIGITAL,FAILED
COL000007481,LOAN00006213,2024-03-14,7382.44,FIELD_AGENT,PARTIAL
COL000007482,LOAN00006213,2025-06-20,17172.32,FIELD_AGENT,SUCCESS
COL000007483,LOAN00006214,2025-01-24,8706.47,CALL_CENTER,SUCCESS
COL000007484,LOAN00006214,2025-02-22,46833.46,CALL_CENTER,SUCCESS
COL000007485,LOAN00006214,2024-05-08,31377.9,FIELD_AGENT,SUCCESS
COL000007486,LOAN00006214,2026-05-29,39406.03,DIGITAL,SUCCESS
COL000007487,LOAN00006214,2025-11-25,2272.28,DIGITAL,SUCCESS
COL000007488,LOAN00006214,2024-11-21,10836.32,BRANCH,SUCCESS
COL000007489,LOAN00006215,2024-12-15,37856.41,DIGITAL,SUCCESS
COL000007490,LOAN00006215,2025-07-25,26637.22,CALL_CENTER,SUCCESS
COL000007491,LOAN00006215,2025-12-30,42678.12,DIGITAL,SUCCESS
COL000007492,LOAN00006215,2025-11-25,4638.22,FIELD_AGENT,PARTIAL
COL000007493,LOAN00006216,2024-10-17,9958.58,BRANCH,SUCCESS
COL000007494,LOAN00006216,2025-06-18,6785.56,CALL_CENTER,SUCCESS
COL000007495,LOAN00006216,2024-05-08,7864.31,DIGITAL,SUCCESS
COL000007496,LOAN00006216,2024-03-26,5656.7,DIGITAL,SUCCESS
COL000007497,LOAN00006216,2026-07-07,12669.47,DIGITAL,SUCCESS
COL000007498,LOAN00006216,2024-05-16,21906.54,DIGITAL,SUCCESS
COL000007499,LOAN00006217,2026-09-16,2010.23,FIELD_AGENT,SUCCESS
COL000007500,LOAN00006217,2024-05-27,43384.43,CALL_CENTER,SUCCESS
COL000007501,LOAN00006217,2025-12-25,5135.23,DIGITAL,SUCCESS
COL000007502,LOAN00006217,2025-03-15,48075.56,DIGITAL,SUCCESS
COL000007503,LOAN00006217,2026-06-26,11303.61,BRANCH,PARTIAL
COL000007504,LOAN00006217,2024-04-08,5876.35,BRANCH,SUCCESS
COL000007505,LOAN00006218,2026-02-22,15135.72,FIELD_AGENT,PARTIAL
COL000007506,LOAN00006218,2024-07-05,46253.05,FIELD_AGENT,SUCCESS
COL000007507,LOAN00006230,2025-12-20,6768.88,DIGITAL,PARTIAL
COL000007508,LOAN00006230,2025-06-25,7585.21,CALL_CENTER,SUCCESS
COL000007509,LOAN00006230,2024-10-23,47487.65,BRANCH,SUCCESS
COL000007510,LOAN00006232,2025-11-03,24715.7,DIGITAL,SUCCESS
COL000007511,LOAN00006232,2025-05-16,21460.42,CALL_CENTER,SUCCESS
COL000007512,LOAN00006232,2024-12-12,45387.18,BRANCH,SUCCESS
COL000007513,LOAN00006234,2026-06-12,10389.7,BRANCH,SUCCESS
COL000007514,LOAN00006234,2026-03-15,38915.81,BRANCH,PARTIAL
COL000007515,LOAN00006234,2025-01-22,9460.6,CALL_CENTER,PARTIAL
COL000007516,LOAN00006234,2026-09-21,3144.59,FIELD_AGENT,PARTIAL
COL000007517,LOAN00006234,2026-06-29,25428.44,FIELD_AGENT,SUCCESS
COL000007518,LOAN00006238,2025-09-22,14968.8,FIELD_AGENT,PARTIAL
COL000007519,LOAN00006238,2024-12-26,33096.29,CALL_CENTER,SUCCESS
COL000007520,LOAN00006238,2025-06-02,8170.72,CALL_CENTER,SUCCESS
COL000007521,LOAN00006238,2026-08-20,36526.71,BRANCH,SUCCESS
COL000007522,LOAN00006238,2025-04-16,7135.03,CALL_CENTER,SUCCESS
COL000007523,LOAN00006239,2025-05-19,13261.0,FIELD_AGENT,SUCCESS
COL000007524,LOAN00006239,2026-03-04,19506.15,FIELD_AGENT,SUCCESS
COL000007525,LOAN00006239,2024-03-12,20063.73,FIELD_AGENT,SUCCESS
COL000007526,LOAN00006239,2025-06-20,25498.1,BRANCH,SUCCESS
COL000007527,LOAN00006239,2024-05-06,45844.81,DIGITAL,SUCCESS
COL000007528,LOAN00006239,2025-01-01,7002.84,FIELD_AGENT,SUCCESS
COL000007529,LOAN00006240,2024-04-12,23880.03,CALL_CENTER,PARTIAL
COL000007530,LOAN00006240,2026-07-15,43729.34,BRANCH,PARTIAL
COL000007531,LOAN00006240,2025-07-20,15240.19,DIGITAL,SUCCESS
COL000007532,LOAN00006241,2026-04-05,12611.06,FIELD_AGENT,FAILED
COL000007533,LOAN00006241,2024-06-14,42187.91,BRANCH,SUCCESS
COL000007534,LOAN00006241,2025-05-13,29137.67,FIELD_AGENT,SUCCESS
COL000007535,LOAN00006242,2024-11-29,39481.39,CALL_CENTER,SUCCESS
COL000007536,LOAN00006242,2026-08-23,9723.91,DIGITAL,PARTIAL
COL000007537,LOAN00006242,2024-03-04,29173.77,CALL_CENTER,SUCCESS
COL000007538,LOAN00006245,2026-03-09,43577.03,FIELD_AGENT,SUCCESS
COL000007539,LOAN00006245,2024-04-18,27348.96,BRANCH,PARTIAL
COL000007540,LOAN00006249,2025-10-12,28292.94,BRANCH,PARTIAL
COL000007541,LOAN00006255,2025-01-29,10668.99,CALL_CENTER,PARTIAL
COL000007542,LOAN00006255,2024-04-06,46117.35,DIGITAL,SUCCESS
COL000007543,LOAN00006259,2025-03-07,16678.58,BRANCH,SUCCESS
COL000007544,LOAN00006259,2024-03-09,41734.18,CALL_CENTER,SUCCESS
COL000007545,LOAN00006259,2025-05-22,47150.46,DIGITAL,SUCCESS
COL000007546,LOAN00006259,2025-09-03,35053.68,CALL_CENTER,SUCCESS
COL000007547,LOAN00006259,2026-03-01,36841.41,CALL_CENTER,SUCCESS
COL000007548,LOAN00006259,2026-05-23,42384.82,BRANCH,SUCCESS
COL000007549,LOAN00006260,2025-11-23,3675.06,CALL_CENTER,PARTIAL
COL000007550,LOAN00006260,2024-04-28,29428.87,BRANCH,PARTIAL
COL000007551,LOAN00006260,2024-05-23,12362.35,FIELD_AGENT,SUCCESS
COL000007552,LOAN00006260,2025-12-25,37973.05,BRANCH,FAILED
COL000007553,LOAN00006260,2024-11-05,44066.98,DIGITAL,SUCCESS
COL000007554,LOAN00006261,2026-06-28,20527.51,BRANCH,PARTIAL
COL000007555,LOAN00006261,2024-06-29,41794.79,DIGITAL,SUCCESS
COL000007556,LOAN00006261,2025-05-06,33746.51,CALL_CENTER,SUCCESS
COL000007557,LOAN00006261,2025-07-19,29053.88,DIGITAL,SUCCESS
COL000007558,LOAN00006261,2025-01-10,19638.02,FIELD_AGENT,PARTIAL
COL000007559,LOAN00006261,2025-12-19,29888.22,BRANCH,SUCCESS
COL000007560,LOAN00006263,2025-01-13,5833.87,BRANCH,SUCCESS
COL000007561,LOAN00006263,2025-10-10,14233.09,CALL_CENTER,SUCCESS
COL000007562,LOAN00006263,2024-10-18,30957.0,FIELD_AGENT,SUCCESS
COL000007563,LOAN00006263,2025-08-26,27852.86,BRANCH,SUCCESS
COL000007564,LOAN00006263,2025-03-07,12589.51,FIELD_AGENT,PARTIAL
COL000007565,LOAN00006263,2025-11-13,37529.91,BRANCH,PARTIAL
COL000007566,LOAN00006265,2026-05-28,1620.48,BRANCH,SUCCESS
COL000007567,LOAN00006265,2025-01-18,10374.19,BRANCH,SUCCESS
COL000007568,LOAN00006265,2025-09-11,1638.2,FIELD_AGENT,SUCCESS
COL000007569,LOAN00006266,2025-12-15,43349.64,FIELD_AGENT,SUCCESS
COL000007570,LOAN00006268,2025-03-29,48857.69,BRANCH,PARTIAL
COL000007571,LOAN00006268,2026-08-24,41097.23,CALL_CENTER,SUCCESS
COL000007572,LOAN00006268,2024-12-20,30883.43,CALL_CENTER,SUCCESS
COL000007573,LOAN00006274,2026-04-13,38172.03,CALL_CENTER,SUCCESS
COL000007574,LOAN00006274,2024-07-08,26701.23,CALL_CENTER,FAILED
COL000007575,LOAN00006274,2024-03-01,1808.08,DIGITAL,SUCCESS
COL000007576,LOAN00006275,2025-10-26,28858.0,BRANCH,SUCCESS
COL000007577,LOAN00006275,2026-09-01,3614.86,BRANCH,PARTIAL
COL000007578,LOAN00006275,2026-08-15,43539.07,BRANCH,SUCCESS
COL000007579,LOAN00006275,2024-09-28,7187.04,CALL_CENTER,PARTIAL
COL000007580,LOAN00006277,2026-04-18,43909.85,FIELD_AGENT,SUCCESS
COL000007581,LOAN00006278,2026-08-19,45686.64,CALL_CENTER,SUCCESS
COL000007582,LOAN00006278,2025-12-06,22929.52,DIGITAL,PARTIAL
COL000007583,LOAN00006280,2025-09-15,45306.98,FIELD_AGENT,SUCCESS
COL000007584,LOAN00006280,2024-11-26,16173.65,FIELD_AGENT,SUCCESS
COL000007585,LOAN00006280,2025-01-12,2591.04,FIELD_AGENT,SUCCESS
COL000007586,LOAN00006285,2024-08-29,28672.97,BRANCH,SUCCESS
COL000007587,LOAN00006285,2025-11-14,32100.39,BRANCH,SUCCESS
COL000007588,LOAN00006285,2026-07-01,16074.91,BRANCH,SUCCESS
COL000007589,LOAN00006285,2026-02-01,25556.24,CALL_CENTER,PARTIAL
COL000007590,LOAN00006285,2024-06-03,42534.53,BRANCH,SUCCESS
COL000007591,LOAN00006286,2024-07-24,46560.4,CALL_CENTER,PARTIAL
COL000007592,LOAN00006286,2025-09-03,18854.0,DIGITAL,SUCCESS
COL000007593,LOAN00006286,2025-05-06,49080.17,DIGITAL,PARTIAL
COL000007594,LOAN00006288,2025-01-29,16612.91,CALL_CENTER,SUCCESS
COL000007595,LOAN00006290,2025-03-06,21593.38,BRANCH,SUCCESS
COL000007596,LOAN00006292,2025-03-20,31155.23,CALL_CENTER,PARTIAL
COL000007597,LOAN00006292,2026-09-24,33986.27,CALL_CENTER,SUCCESS
COL000007598,LOAN00006292,2025-07-18,44300.08,BRANCH,SUCCESS
COL000007599,LOAN00006292,2025-01-28,17720.63,BRANCH,PARTIAL
COL000007600,LOAN00006295,2024-09-10,12785.28,DIGITAL,FAILED
COL000007601,LOAN00006297,2024-05-07,6853.04,BRANCH,SUCCESS
COL000007602,LOAN00006297,2026-07-15,29976.1,CALL_CENTER,SUCCESS
COL000007603,LOAN00006298,2026-09-02,43513.47,DIGITAL,SUCCESS
COL000007604,LOAN00006298,2024-06-14,44853.0,DIGITAL,SUCCESS
COL000007605,LOAN00006298,2026-04-15,5326.68,CALL_CENTER,SUCCESS
COL000007606,LOAN00006298,2025-08-09,29170.1,CALL_CENTER,SUCCESS
COL000007607,LOAN00006298,2025-10-27,44277.33,FIELD_AGENT,SUCCESS
COL000007608,LOAN00006298,2025-12-23,7677.81,DIGITAL,PARTIAL
COL000007609,LOAN00006300,2026-07-24,5738.87,BRANCH,SUCCESS
COL000007610,LOAN00006300,2025-02-27,26187.59,FIELD_AGENT,SUCCESS
COL000007611,LOAN00006301,2026-06-30,1925.89,BRANCH,SUCCESS
COL000007612,LOAN00006301,2026-07-30,36208.73,CALL_CENTER,SUCCESS
COL000007613,LOAN00006303,2025-02-22,46552.29,CALL_CENTER,SUCCESS
COL000007614,LOAN00006305,2025-07-12,9515.82,FIELD_AGENT,PARTIAL
COL000007615,LOAN00006305,2026-09-16,12509.69,CALL_CENTER,PARTIAL
COL000007616,LOAN00006305,2025-04-06,30281.11,CALL_CENTER,SUCCESS
COL000007617,LOAN00006308,2025-03-29,45155.95,CALL_CENTER,SUCCESS
COL000007618,LOAN00006308,2024-04-03,29774.21,BRANCH,SUCCESS
COL000007619,LOAN00006308,2026-08-21,25177.5,BRANCH,SUCCESS
COL000007620,LOAN00006308,2026-04-20,1620.58,DIGITAL,PARTIAL
COL000007621,LOAN00006308,2024-04-13,10879.31,DIGITAL,SUCCESS
COL000007622,LOAN00006309,2024-04-24,22416.63,FIELD_AGENT,PARTIAL
COL000007623,LOAN00006309,2026-07-01,43077.17,BRANCH,SUCCESS
COL000007624,LOAN00006309,2025-06-01,16755.75,FIELD_AGENT,SUCCESS
COL000007625,LOAN00006309,2025-05-22,23698.68,FIELD_AGENT,SUCCESS
COL000007626,LOAN00006309,2025-10-24,9063.58,DIGITAL,SUCCESS
COL000007627,LOAN00006309,2026-08-06,30322.21,FIELD_AGENT,SUCCESS
COL000007628,LOAN00006310,2026-09-29,32530.43,CALL_CENTER,SUCCESS
COL000007629,LOAN00006312,2025-02-13,29978.01,CALL_CENTER,SUCCESS
COL000007630,LOAN00006312,2024-09-05,6293.49,BRANCH,SUCCESS
COL000007631,LOAN00006312,2026-05-26,14579.84,DIGITAL,SUCCESS
COL000007632,LOAN00006312,2024-06-02,30557.4,BRANCH,SUCCESS
COL000007633,LOAN00006313,2025-03-31,36576.72,DIGITAL,SUCCESS
COL000007634,LOAN00006313,2026-03-19,30039.81,BRANCH,SUCCESS
COL000007635,LOAN00006316,2026-08-08,43505.22,BRANCH,SUCCESS
COL000007636,LOAN00006316,2025-09-03,28599.85,DIGITAL,PARTIAL
COL000007637,LOAN00006316,2025-07-24,35033.82,DIGITAL,PARTIAL
COL000007638,LOAN00006316,2026-04-13,40783.87,FIELD_AGENT,SUCCESS
COL000007639,LOAN00006316,2024-05-29,38325.3,BRANCH,SUCCESS
COL000007640,LOAN00006316,2025-09-27,44311.07,DIGITAL,PARTIAL
COL000007641,LOAN00006318,2025-01-20,28742.23,FIELD_AGENT,SUCCESS
COL000007642,LOAN00006319,2024-12-20,37277.15,CALL_CENTER,SUCCESS
COL000007643,LOAN00006319,2026-03-08,6663.12,CALL_CENTER,SUCCESS
COL000007644,LOAN00006319,2024-11-19,48192.25,DIGITAL,SUCCESS
COL000007645,LOAN00006319,2025-10-28,7674.37,FIELD_AGENT,SUCCESS
COL000007646,LOAN00006319,2025-11-17,46998.99,DIGITAL,PARTIAL
COL000007647,LOAN00006319,2026-03-09,36748.43,BRANCH,PARTIAL
COL000007648,LOAN00006332,2024-12-30,40455.21,CALL_CENTER,SUCCESS
COL000007649,LOAN00006335,2026-05-25,32636.89,DIGITAL,SUCCESS
COL000007650,LOAN00006336,2025-05-18,37967.68,DIGITAL,SUCCESS
COL000007651,LOAN00006336,2026-05-28,49175.29,BRANCH,SUCCESS
COL000007652,LOAN00006336,2025-08-10,9424.1,BRANCH,PARTIAL
COL000007653,LOAN00006336,2024-08-29,9702.25,DIGITAL,SUCCESS
COL000007654,LOAN00006336,2026-02-05,28233.07,FIELD_AGENT,SUCCESS
COL000007655,LOAN00006338,2025-05-03,9783.54,BRANCH,PARTIAL
COL000007656,LOAN00006338,2025-09-21,6459.31,BRANCH,SUCCESS
COL000007657,LOAN00006338,2025-02-11,14212.4,BRANCH,SUCCESS
COL000007658,LOAN00006338,2025-10-12,23031.02,CALL_CENTER,SUCCESS
COL000007659,LOAN00006343,2026-09-12,27823.5,CALL_CENTER,SUCCESS
COL000007660,LOAN00006343,2025-09-25,21710.51,BRANCH,SUCCESS
COL000007661,LOAN00006344,2024-05-28,4000.52,FIELD_AGENT,PARTIAL
COL000007662,LOAN00006344,2025-12-04,26675.13,FIELD_AGENT,SUCCESS
COL000007663,LOAN00006344,2025-04-25,9039.23,DIGITAL,SUCCESS
COL000007664,LOAN00006344,2025-04-19,43797.8,BRANCH,SUCCESS
COL000007665,LOAN00006344,2024-07-15,31237.5,DIGITAL,SUCCESS
COL000007666,LOAN00006344,2024-06-15,45362.6,FIELD_AGENT,SUCCESS
COL000007667,LOAN00006349,2024-05-18,34148.24,BRANCH,SUCCESS
COL000007668,LOAN00006349,2026-05-07,48276.71,DIGITAL,SUCCESS
COL000007669,LOAN00006349,2024-08-28,40166.66,BRANCH,FAILED
COL000007670,LOAN00006351,2025-05-06,9253.47,BRANCH,SUCCESS
COL000007671,LOAN00006352,2025-07-01,31699.95,DIGITAL,PARTIAL
COL000007672,LOAN00006352,2024-08-22,12928.99,CALL_CENTER,SUCCESS
COL000007673,LOAN00006352,2024-05-25,35027.0,CALL_CENTER,SUCCESS
COL000007674,LOAN00006356,2024-06-30,8397.16,BRANCH,SUCCESS
COL000007675,LOAN00006356,2024-05-07,34025.76,CALL_CENTER,SUCCESS
COL000007676,LOAN00006356,2025-03-18,24351.79,CALL_CENTER,SUCCESS
COL000007677,LOAN00006357,2026-05-05,40051.8,CALL_CENTER,PARTIAL
COL000007678,LOAN00006357,2025-05-23,5281.03,BRANCH,PARTIAL
COL000007679,LOAN00006357,2024-09-16,9062.41,FIELD_AGENT,SUCCESS
COL000007680,LOAN00006357,2026-05-06,43960.16,CALL_CENTER,SUCCESS
COL000007681,LOAN00006362,2026-07-28,27411.87,FIELD_AGENT,SUCCESS
COL000007682,LOAN00006362,2025-12-22,45630.37,FIELD_AGENT,SUCCESS
COL000007683,LOAN00006362,2026-01-11,30867.83,CALL_CENTER,PARTIAL
COL000007684,LOAN00006362,2024-11-22,32510.2,CALL_CENTER,SUCCESS
COL000007685,LOAN00006364,2025-09-10,6228.21,BRANCH,PARTIAL
COL000007686,LOAN00006364,2025-08-12,32915.72,CALL_CENTER,SUCCESS
COL000007687,LOAN00006364,2026-01-04,16149.29,BRANCH,SUCCESS
COL000007688,LOAN00006364,2026-08-28,25083.0,CALL_CENTER,PARTIAL
COL000007689,LOAN00006364,2025-12-05,15964.48,CALL_CENTER,SUCCESS
COL000007690,LOAN00006364,2025-10-19,1055.95,BRANCH,PARTIAL
COL000007691,LOAN00006366,2026-01-19,44051.27,FIELD_AGENT,SUCCESS
COL000007692,LOAN00006366,2025-04-12,29823.38,FIELD_AGENT,PARTIAL
COL000007693,LOAN00006369,2024-08-10,44625.65,BRANCH,PARTIAL
COL000007694,LOAN00006369,2025-01-09,44447.57,FIELD_AGENT,SUCCESS
COL000007695,LOAN00006370,2024-04-07,31947.05,CALL_CENTER,PARTIAL
COL000007696,LOAN00006370,2024-10-09,17615.99,DIGITAL,SUCCESS
COL000007697,LOAN00006370,2024-06-24,49402.8,CALL_CENTER,FAILED
COL000007698,LOAN00006370,2026-04-30,1453.28,BRANCH,FAILED
COL000007699,LOAN00006372,2025-11-15,46393.72,CALL_CENTER,SUCCESS
COL000007700,LOAN00006372,2024-04-16,1274.39,BRANCH,SUCCESS
COL000007701,LOAN00006372,2026-09-14,14543.13,CALL_CENTER,PARTIAL
COL000007702,LOAN00006372,2025-04-05,3840.4,FIELD_AGENT,SUCCESS
COL000007703,LOAN00006376,2026-08-23,13963.14,BRANCH,PARTIAL
COL000007704,LOAN00006376,2026-07-12,6569.77,CALL_CENTER,SUCCESS
COL000007705,LOAN00006376,2025-11-17,24317.37,DIGITAL,SUCCESS
COL000007706,LOAN00006379,2024-10-09,34939.14,DIGITAL,PARTIAL
COL000007707,LOAN00006379,2024-06-10,31818.01,CALL_CENTER,SUCCESS
COL000007708,LOAN00006379,2025-12-30,48336.5,DIGITAL,SUCCESS
COL000007709,LOAN00006379,2026-06-27,49590.03,BRANCH,SUCCESS
COL000007710,LOAN00006379,2025-08-23,46311.1,DIGITAL,SUCCESS
COL000007711,LOAN00006379,2025-07-05,27831.14,DIGITAL,SUCCESS
COL000007712,LOAN00006381,2026-08-10,34564.6,BRANCH,PARTIAL
COL000007713,LOAN00006381,2024-09-14,4012.42,BRANCH,SUCCESS
COL000007714,LOAN00006381,2025-04-14,11101.88,DIGITAL,SUCCESS
COL000007715,LOAN00006385,2024-09-11,35273.21,BRANCH,SUCCESS
COL000007716,LOAN00006385,2025-06-27,28029.35,BRANCH,SUCCESS
COL000007717,LOAN00006385,2026-07-01,8806.05,BRANCH,SUCCESS
COL000007718,LOAN00006386,2026-04-09,2033.03,DIGITAL,SUCCESS
COL000007719,LOAN00006388,2025-03-24,26496.35,CALL_CENTER,SUCCESS
COL000007720,LOAN00006388,2026-07-14,41177.17,BRANCH,SUCCESS
COL000007721,LOAN00006388,2024-03-28,25789.02,DIGITAL,SUCCESS
COL000007722,LOAN00006388,2024-08-04,46133.89,FIELD_AGENT,PARTIAL
COL000007723,LOAN00006388,2026-07-23,30299.38,BRANCH,SUCCESS
COL000007724,LOAN00006389,2026-04-08,6583.43,DIGITAL,SUCCESS
COL000007725,LOAN00006393,2025-04-15,44798.79,FIELD_AGENT,PARTIAL
COL000007726,LOAN00006393,2025-08-03,6000.99,FIELD_AGENT,SUCCESS
COL000007727,LOAN00006395,2025-07-01,46863.75,DIGITAL,SUCCESS
COL000007728,LOAN00006395,2024-04-23,23220.08,CALL_CENTER,SUCCESS
COL000007729,LOAN00006395,2025-04-23,15539.3,CALL_CENTER,SUCCESS
COL000007730,LOAN00006395,2026-07-12,8672.48,FIELD_AGENT,PARTIAL
COL000007731,LOAN00006400,2025-10-09,33594.05,BRANCH,PARTIAL
COL000007732,LOAN00006400,2026-08-21,1495.91,DIGITAL,SUCCESS
COL000007733,LOAN00006400,2025-05-06,25829.53,BRANCH,SUCCESS
COL000007734,LOAN00006400,2024-09-17,3452.36,DIGITAL,SUCCESS
COL000007735,LOAN00006400,2025-10-04,38016.25,BRANCH,SUCCESS
COL000007736,LOAN00006400,2024-03-16,30588.63,FIELD_AGENT,PARTIAL
COL000007737,LOAN00006406,2024-10-05,7662.51,DIGITAL,SUCCESS
COL000007738,LOAN00006406,2025-01-19,9894.83,FIELD_AGENT,SUCCESS
COL000007739,LOAN00006416,2025-02-20,1586.09,DIGITAL,SUCCESS
COL000007740,LOAN00006416,2025-02-03,14376.13,DIGITAL,SUCCESS
COL000007741,LOAN00006416,2025-10-25,33517.64,FIELD_AGENT,SUCCESS
COL000007742,LOAN00006424,2026-08-07,25065.64,FIELD_AGENT,SUCCESS
COL000007743,LOAN00006424,2024-03-06,20607.45,BRANCH,SUCCESS
COL000007744,LOAN00006424,2026-05-14,20264.09,BRANCH,PARTIAL
COL000007745,LOAN00006424,2025-06-24,29121.88,DIGITAL,PARTIAL
COL000007746,LOAN00006424,2025-11-13,29607.6,BRANCH,SUCCESS
COL000007747,LOAN00006425,2026-06-15,34326.76,FIELD_AGENT,SUCCESS
COL000007748,LOAN00006425,2025-07-29,29791.33,BRANCH,SUCCESS
COL000007749,LOAN00006425,2024-08-26,6997.65,BRANCH,SUCCESS
COL000007750,LOAN00006425,2026-03-19,34553.7,CALL_CENTER,SUCCESS
COL000007751,LOAN00006425,2025-01-21,11347.24,DIGITAL,SUCCESS
COL000007752,LOAN00006426,2025-12-01,1310.04,BRANCH,PARTIAL
COL000007753,LOAN00006426,2024-06-09,23739.74,BRANCH,SUCCESS
COL000007754,LOAN00006426,2025-05-19,21179.56,CALL_CENTER,SUCCESS
COL000007755,LOAN00006427,2024-06-25,31690.82,BRANCH,FAILED
COL000007756,LOAN00006427,2026-05-19,14001.26,BRANCH,SUCCESS
COL000007757,LOAN00006429,2024-09-24,37763.97,FIELD_AGENT,PARTIAL
COL000007758,LOAN00006430,2025-09-22,21809.35,BRANCH,SUCCESS
COL000007759,LOAN00006430,2025-05-10,26316.01,CALL_CENTER,SUCCESS
COL000007760,LOAN00006430,2024-03-27,18042.54,CALL_CENTER,SUCCESS
COL000007761,LOAN00006430,2024-11-14,16104.1,CALL_CENTER,SUCCESS
COL000007762,LOAN00006436,2024-08-07,11630.48,BRANCH,SUCCESS
COL000007763,LOAN00006436,2026-08-25,13561.26,FIELD_AGENT,PARTIAL
COL000007764,LOAN00006436,2026-03-09,7470.04,FIELD_AGENT,SUCCESS
COL000007765,LOAN00006436,2026-03-26,41747.52,CALL_CENTER,SUCCESS
COL000007766,LOAN00006436,2025-06-27,34261.6,FIELD_AGENT,SUCCESS
COL000007767,LOAN00006436,2024-09-09,33548.53,DIGITAL,SUCCESS
COL000007768,LOAN00006437,2025-03-23,3536.7,FIELD_AGENT,SUCCESS
COL000007769,LOAN00006437,2026-06-13,17201.52,FIELD_AGENT,SUCCESS
COL000007770,LOAN00006437,2025-12-17,16252.55,BRANCH,PARTIAL
COL000007771,LOAN00006440,2025-12-04,3863.72,DIGITAL,SUCCESS
COL000007772,LOAN00006440,2024-03-29,23810.69,FIELD_AGENT,SUCCESS
COL000007773,LOAN00006440,2025-11-02,39256.5,FIELD_AGENT,SUCCESS
COL000007774,LOAN00006440,2024-10-31,38576.21,BRANCH,SUCCESS
COL000007775,LOAN00006444,2026-08-24,19600.61,BRANCH,SUCCESS
COL000007776,LOAN00006444,2025-10-31,26021.39,DIGITAL,SUCCESS
COL000007777,LOAN00006447,2025-12-16,34627.61,DIGITAL,SUCCESS
COL000007778,LOAN00006448,2024-12-18,8825.6,DIGITAL,SUCCESS
COL000007779,LOAN00006448,2025-03-19,1820.47,BRANCH,SUCCESS
COL000007780,LOAN00006448,2024-08-01,34431.01,DIGITAL,SUCCESS
COL000007781,LOAN00006448,2025-01-31,8725.12,DIGITAL,SUCCESS
COL000007782,LOAN00006449,2025-04-29,18958.09,BRANCH,SUCCESS
COL000007783,LOAN00006449,2025-06-02,46084.98,FIELD_AGENT,SUCCESS
COL000007784,LOAN00006449,2024-12-16,17428.37,DIGITAL,SUCCESS
COL000007785,LOAN00006449,2025-12-26,1542.4,FIELD_AGENT,PARTIAL
COL000007786,LOAN00006450,2024-06-09,1011.82,DIGITAL,SUCCESS
COL000007787,LOAN00006452,2025-11-28,29335.49,FIELD_AGENT,PARTIAL
COL000007788,LOAN00006452,2024-12-09,5531.92,CALL_CENTER,PARTIAL
COL000007789,LOAN00006452,2024-05-19,6845.39,BRANCH,SUCCESS
COL000007790,LOAN00006452,2026-06-05,49660.07,FIELD_AGENT,SUCCESS
COL000007791,LOAN00006452,2025-10-26,41910.16,DIGITAL,PARTIAL
COL000007792,LOAN00006452,2025-01-18,36289.17,CALL_CENTER,FAILED
COL000007793,LOAN00006453,2024-07-06,25202.84,DIGITAL,SUCCESS
COL000007794,LOAN00006453,2025-09-04,11927.93,FIELD_AGENT,SUCCESS
COL000007795,LOAN00006453,2026-08-08,46222.05,CALL_CENTER,SUCCESS
COL000007796,LOAN00006460,2024-11-15,46692.83,FIELD_AGENT,PARTIAL
COL000007797,LOAN00006460,2024-08-05,32948.91,FIELD_AGENT,SUCCESS
COL000007798,LOAN00006460,2026-05-27,44304.72,FIELD_AGENT,SUCCESS
COL000007799,LOAN00006460,2024-07-17,34366.15,CALL_CENTER,SUCCESS
COL000007800,LOAN00006460,2024-07-16,32300.12,DIGITAL,SUCCESS
COL000007801,LOAN00006463,2026-02-19,48655.23,DIGITAL,SUCCESS
COL000007802,LOAN00006464,2026-06-12,44476.31,CALL_CENTER,SUCCESS
COL000007803,LOAN00006464,2026-08-09,25054.36,BRANCH,SUCCESS
COL000007804,LOAN00006464,2025-07-07,28081.62,FIELD_AGENT,SUCCESS
COL000007805,LOAN00006466,2025-10-07,38290.81,DIGITAL,SUCCESS
COL000007806,LOAN00006466,2025-05-21,30312.99,CALL_CENTER,SUCCESS
COL000007807,LOAN00006466,2025-08-25,43451.31,CALL_CENTER,SUCCESS
COL000007808,LOAN00006471,2025-11-04,9143.75,CALL_CENTER,SUCCESS
COL000007809,LOAN00006471,2026-09-07,33011.58,BRANCH,SUCCESS
COL000007810,LOAN00006478,2025-04-07,6138.88,CALL_CENTER,PARTIAL
COL000007811,LOAN00006478,2026-04-18,6145.46,DIGITAL,SUCCESS
COL000007812,LOAN00006478,2025-10-20,49396.75,FIELD_AGENT,SUCCESS
COL000007813,LOAN00006478,2024-09-19,10133.56,CALL_CENTER,SUCCESS
COL000007814,LOAN00006481,2026-05-23,15005.26,DIGITAL,PARTIAL
COL000007815,LOAN00006481,2026-01-14,29110.56,FIELD_AGENT,SUCCESS
COL000007816,LOAN00006481,2024-12-14,5722.26,FIELD_AGENT,SUCCESS
COL000007817,LOAN00006481,2025-04-22,48432.22,BRANCH,FAILED
COL000007818,LOAN00006481,2025-07-22,44338.07,FIELD_AGENT,FAILED
COL000007819,LOAN00006481,2024-04-22,48141.93,FIELD_AGENT,SUCCESS
COL000007820,LOAN00006483,2026-06-15,2580.36,BRANCH,FAILED
COL000007821,LOAN00006483,2025-08-31,17767.07,FIELD_AGENT,SUCCESS
COL000007822,LOAN00006485,2026-06-27,39518.07,CALL_CENTER,SUCCESS
COL000007823,LOAN00006485,2024-07-07,32322.83,BRANCH,SUCCESS
COL000007824,LOAN00006485,2024-08-19,28183.54,DIGITAL,SUCCESS
COL000007825,LOAN00006486,2026-08-25,4214.75,DIGITAL,SUCCESS
COL000007826,LOAN00006486,2025-12-15,13236.41,DIGITAL,SUCCESS
COL000007827,LOAN00006486,2026-09-30,45153.34,DIGITAL,SUCCESS
COL000007828,LOAN00006486,2025-04-14,5721.53,BRANCH,SUCCESS
COL000007829,LOAN00006487,2025-04-22,45988.2,DIGITAL,SUCCESS
COL000007830,LOAN00006487,2024-12-29,33647.06,BRANCH,SUCCESS
COL000007831,LOAN00006487,2025-10-31,20900.03,CALL_CENTER,SUCCESS
COL000007832,LOAN00006487,2024-06-23,5084.22,FIELD_AGENT,PARTIAL
COL000007833,LOAN00006487,2025-01-30,3894.98,DIGITAL,PARTIAL
COL000007834,LOAN00006494,2025-09-17,14325.44,BRANCH,SUCCESS
COL000007835,LOAN00006494,2026-05-29,4874.24,CALL_CENTER,SUCCESS
COL000007836,LOAN00006494,2025-11-29,17219.75,FIELD_AGENT,PARTIAL
COL000007837,LOAN00006494,2024-07-14,34059.81,DIGITAL,SUCCESS
COL000007838,LOAN00006496,2025-11-07,30656.14,DIGITAL,SUCCESS
COL000007839,LOAN00006496,2026-03-15,29346.28,DIGITAL,SUCCESS
COL000007840,LOAN00006496,2026-07-08,22601.35,CALL_CENTER,SUCCESS
COL000007841,LOAN00006496,2024-10-21,4688.16,FIELD_AGENT,PARTIAL
COL000007842,LOAN00006496,2024-07-26,1208.61,FIELD_AGENT,SUCCESS
COL000007843,LOAN00006496,2024-05-30,1796.18,FIELD_AGENT,PARTIAL
COL000007844,LOAN00006498,2025-04-28,28306.84,FIELD_AGENT,SUCCESS
COL000007845,LOAN00006498,2024-08-23,11781.75,BRANCH,SUCCESS
COL000007846,LOAN00006499,2026-03-12,24457.89,DIGITAL,SUCCESS
COL000007847,LOAN00006499,2025-03-23,14782.05,CALL_CENTER,SUCCESS
COL000007848,LOAN00006499,2025-05-01,22436.97,FIELD_AGENT,PARTIAL
COL000007849,LOAN00006501,2025-01-03,34146.21,BRANCH,SUCCESS
COL000007850,LOAN00006502,2024-06-19,16740.52,BRANCH,SUCCESS
COL000007851,LOAN00006502,2026-05-27,10099.3,CALL_CENTER,FAILED
COL000007852,LOAN00006502,2024-04-24,47083.22,CALL_CENTER,SUCCESS
COL000007853,LOAN00006502,2025-02-07,8632.56,FIELD_AGENT,PARTIAL
COL000007854,LOAN00006504,2025-04-08,14677.84,DIGITAL,SUCCESS
COL000007855,LOAN00006504,2024-06-21,37166.97,FIELD_AGENT,SUCCESS
COL000007856,LOAN00006504,2025-10-07,7971.94,DIGITAL,SUCCESS
COL000007857,LOAN00006510,2025-05-20,11459.78,BRANCH,PARTIAL
COL000007858,LOAN00006510,2025-03-09,14516.23,CALL_CENTER,FAILED
COL000007859,LOAN00006510,2025-06-12,26530.13,BRANCH,SUCCESS
COL000007860,LOAN00006510,2026-01-04,34876.3,DIGITAL,SUCCESS
COL000007861,LOAN00006510,2025-01-31,47768.33,DIGITAL,SUCCESS
COL000007862,LOAN00006511,2024-04-06,49054.05,BRANCH,SUCCESS
COL000007863,LOAN00006511,2025-06-16,5535.74,CALL_CENTER,SUCCESS
COL000007864,LOAN00006511,2026-08-10,24680.88,FIELD_AGENT,PARTIAL
COL000007865,LOAN00006511,2026-03-30,21135.89,CALL_CENTER,SUCCESS
COL000007866,LOAN00006511,2024-12-24,20218.75,FIELD_AGENT,FAILED
COL000007867,LOAN00006516,2025-04-26,13808.48,DIGITAL,SUCCESS
COL000007868,LOAN00006516,2024-03-06,14027.21,FIELD_AGENT,SUCCESS
COL000007869,LOAN00006516,2026-01-20,48418.1,CALL_CENTER,SUCCESS
COL000007870,LOAN00006517,2024-05-03,49848.47,BRANCH,FAILED
COL000007871,LOAN00006517,2026-08-20,3282.12,CALL_CENTER,PARTIAL
COL000007872,LOAN00006519,2025-10-25,15136.25,DIGITAL,SUCCESS
COL000007873,LOAN00006529,2026-08-16,33974.5,CALL_CENTER,SUCCESS
COL000007874,LOAN00006529,2025-09-03,22091.95,DIGITAL,PARTIAL
COL000007875,LOAN00006529,2025-12-30,10472.62,CALL_CENTER,SUCCESS
COL000007876,LOAN00006536,2026-02-05,38634.75,FIELD_AGENT,SUCCESS
COL000007877,LOAN00006539,2026-07-08,20641.25,FIELD_AGENT,SUCCESS
COL000007878,LOAN00006539,2024-12-08,7466.8,CALL_CENTER,SUCCESS
COL000007879,LOAN00006539,2024-05-28,15955.28,FIELD_AGENT,SUCCESS
COL000007880,LOAN00006547,2025-10-12,23326.73,BRANCH,PARTIAL
COL000007881,LOAN00006547,2026-02-17,12384.43,BRANCH,SUCCESS
COL000007882,LOAN00006547,2026-08-25,9322.24,CALL_CENTER,SUCCESS
COL000007883,LOAN00006551,2025-01-03,47526.38,BRANCH,SUCCESS
COL000007884,LOAN00006551,2024-11-09,11509.88,DIGITAL,SUCCESS
COL000007885,LOAN00006554,2024-09-06,18526.84,CALL_CENTER,SUCCESS
COL000007886,LOAN00006554,2024-08-03,38701.45,FIELD_AGENT,SUCCESS
COL000007887,LOAN00006557,2025-01-04,29956.95,DIGITAL,FAILED
COL000007888,LOAN00006557,2024-10-14,47619.8,BRANCH,SUCCESS
COL000007889,LOAN00006557,2024-05-25,45202.56,FIELD_AGENT,SUCCESS
COL000007890,LOAN00006558,2026-06-10,48249.26,BRANCH,SUCCESS
COL000007891,LOAN00006558,2024-09-20,4892.6,DIGITAL,SUCCESS
COL000007892,LOAN00006558,2025-07-02,6482.44,CALL_CENTER,SUCCESS
COL000007893,LOAN00006558,2024-08-13,41701.77,CALL_CENTER,SUCCESS
COL000007894,LOAN00006558,2026-08-13,45435.42,FIELD_AGENT,SUCCESS
COL000007895,LOAN00006558,2025-10-23,28739.14,FIELD_AGENT,SUCCESS
COL000007896,LOAN00006563,2026-06-30,13122.76,BRANCH,SUCCESS
COL000007897,LOAN00006563,2024-04-05,34245.78,DIGITAL,SUCCESS
COL000007898,LOAN00006565,2026-02-13,32347.88,CALL_CENTER,PARTIAL
COL000007899,LOAN00006565,2026-03-15,8372.34,BRANCH,FAILED
COL000007900,LOAN00006565,2025-06-06,16109.66,DIGITAL,SUCCESS
COL000007901,LOAN00006565,2026-02-09,15458.94,FIELD_AGENT,SUCCESS
COL000007902,LOAN00006566,2025-10-05,33639.21,DIGITAL,SUCCESS
COL000007903,LOAN00006567,2024-09-08,13581.5,FIELD_AGENT,SUCCESS
COL000007904,LOAN00006567,2024-11-01,46752.52,DIGITAL,PARTIAL
COL000007905,LOAN00006567,2025-01-02,12267.77,CALL_CENTER,SUCCESS
COL000007906,LOAN00006567,2025-11-13,5997.26,DIGITAL,FAILED
COL000007907,LOAN00006569,2025-10-01,41723.27,FIELD_AGENT,SUCCESS
COL000007908,LOAN00006569,2026-09-16,36053.04,DIGITAL,SUCCESS
COL000007909,LOAN00006569,2026-02-11,33441.01,DIGITAL,SUCCESS
COL000007910,LOAN00006570,2025-01-20,27366.03,CALL_CENTER,SUCCESS
COL000007911,LOAN00006570,2026-06-29,12608.57,DIGITAL,SUCCESS
COL000007912,LOAN00006570,2026-05-02,5759.74,BRANCH,SUCCESS
COL000007913,LOAN00006570,2026-03-16,47364.56,DIGITAL,SUCCESS
COL000007914,LOAN00006574,2026-07-14,27536.13,FIELD_AGENT,PARTIAL
COL000007915,LOAN00006574,2026-01-24,46079.38,FIELD_AGENT,PARTIAL
COL000007916,LOAN00006574,2024-03-13,3051.24,DIGITAL,SUCCESS
COL000007917,LOAN00006574,2025-04-04,2816.07,BRANCH,SUCCESS
COL000007918,LOAN00006578,2025-05-27,41341.68,DIGITAL,PARTIAL
COL000007919,LOAN00006578,2025-04-16,16644.08,FIELD_AGENT,SUCCESS
COL000007920,LOAN00006578,2025-02-16,39974.94,DIGITAL,SUCCESS
COL000007921,LOAN00006580,2026-03-03,35579.36,BRANCH,SUCCESS
COL000007922,LOAN00006580,2024-09-05,29216.04,FIELD_AGENT,PARTIAL
COL000007923,LOAN00006581,2024-12-20,9753.49,FIELD_AGENT,PARTIAL
COL000007924,LOAN00006581,2024-11-16,12949.63,DIGITAL,PARTIAL
COL000007925,LOAN00006581,2026-07-22,42229.37,BRANCH,SUCCESS
COL000007926,LOAN00006581,2024-11-17,46194.77,DIGITAL,SUCCESS
COL000007927,LOAN00006582,2025-03-10,13563.31,CALL_CENTER,SUCCESS
COL000007928,LOAN00006582,2025-05-28,48711.34,FIELD_AGENT,SUCCESS
COL000007929,LOAN00006582,2024-08-08,18581.37,DIGITAL,SUCCESS
COL000007930,LOAN00006582,2024-10-03,6354.69,DIGITAL,SUCCESS
COL000007931,LOAN00006582,2024-09-18,1560.16,CALL_CENTER,SUCCESS
COL000007932,LOAN00006598,2025-02-23,25516.4,BRANCH,SUCCESS
COL000007933,LOAN00006600,2026-09-01,34306.86,DIGITAL,SUCCESS
COL000007934,LOAN00006600,2026-01-30,35418.06,DIGITAL,SUCCESS
COL000007935,LOAN00006600,2025-02-04,39666.01,BRANCH,SUCCESS
COL000007936,LOAN00006600,2025-08-25,8794.61,FIELD_AGENT,FAILED
COL000007937,LOAN00006600,2024-06-27,34635.7,DIGITAL,PARTIAL
COL000007938,LOAN00006601,2025-09-01,1943.05,DIGITAL,SUCCESS
COL000007939,LOAN00006601,2024-07-20,32043.78,CALL_CENTER,SUCCESS
COL000007940,LOAN00006601,2024-12-07,44243.38,CALL_CENTER,SUCCESS
COL000007941,LOAN00006601,2024-03-26,19471.58,CALL_CENTER,SUCCESS
COL000007942,LOAN00006602,2026-04-06,19464.6,CALL_CENTER,SUCCESS
COL000007943,LOAN00006602,2025-05-01,18392.7,FIELD_AGENT,SUCCESS
COL000007944,LOAN00006602,2026-06-16,28139.01,BRANCH,PARTIAL
COL000007945,LOAN00006602,2025-11-15,24510.09,BRANCH,SUCCESS
COL000007946,LOAN00006602,2026-08-17,27922.68,BRANCH,SUCCESS
COL000007947,LOAN00006604,2025-12-22,9696.8,FIELD_AGENT,SUCCESS
COL000007948,LOAN00006604,2025-04-28,35460.53,CALL_CENTER,SUCCESS
COL000007949,LOAN00006604,2026-07-22,45544.24,CALL_CENTER,SUCCESS
COL000007950,LOAN00006604,2025-04-13,41118.6,DIGITAL,SUCCESS
COL000007951,LOAN00006604,2025-11-27,25095.04,BRANCH,PARTIAL
COL000007952,LOAN00006604,2026-08-21,19174.42,FIELD_AGENT,SUCCESS
COL000007953,LOAN00006606,2024-07-02,37382.14,CALL_CENTER,SUCCESS
COL000007954,LOAN00006606,2025-09-13,32430.46,CALL_CENTER,PARTIAL
COL000007955,LOAN00006608,2025-10-20,36438.72,BRANCH,SUCCESS
COL000007956,LOAN00006608,2025-02-06,3608.25,FIELD_AGENT,SUCCESS
COL000007957,LOAN00006608,2024-07-23,49244.1,BRANCH,SUCCESS
COL000007958,LOAN00006616,2026-03-13,42721.42,DIGITAL,SUCCESS
COL000007959,LOAN00006619,2026-02-15,21033.5,CALL_CENTER,SUCCESS
COL000007960,LOAN00006619,2025-07-05,16389.1,CALL_CENTER,PARTIAL
COL000007961,LOAN00006619,2024-06-05,31413.54,FIELD_AGENT,SUCCESS
COL000007962,LOAN00006619,2024-06-13,37093.5,FIELD_AGENT,SUCCESS
COL000007963,LOAN00006619,2024-10-10,7802.02,CALL_CENTER,SUCCESS
COL000007964,LOAN00006620,2026-06-18,33085.28,FIELD_AGENT,PARTIAL
COL000007965,LOAN00006620,2024-04-28,28493.97,FIELD_AGENT,SUCCESS
COL000007966,LOAN00006620,2025-11-28,43331.35,DIGITAL,FAILED
COL000007967,LOAN00006620,2025-07-15,10096.21,FIELD_AGENT,PARTIAL
COL000007968,LOAN00006621,2024-11-04,30436.55,FIELD_AGENT,SUCCESS
COL000007969,LOAN00006621,2026-01-14,29981.74,CALL_CENTER,SUCCESS
COL000007970,LOAN00006622,2025-04-08,16058.52,DIGITAL,PARTIAL
COL000007971,LOAN00006622,2025-05-30,24152.5,CALL_CENTER,SUCCESS
COL000007972,LOAN00006622,2025-07-06,4192.64,CALL_CENTER,SUCCESS
COL000007973,LOAN00006622,2024-06-26,42211.07,CALL_CENTER,SUCCESS
COL000007974,LOAN00006622,2024-11-28,39923.9,BRANCH,SUCCESS
COL000007975,LOAN00006627,2024-10-25,11824.33,DIGITAL,PARTIAL
COL000007976,LOAN00006627,2025-06-09,40090.65,BRANCH,SUCCESS
COL000007977,LOAN00006631,2026-06-21,21209.85,CALL_CENTER,SUCCESS
COL000007978,LOAN00006631,2025-10-04,24085.98,BRANCH,SUCCESS
COL000007979,LOAN00006631,2026-04-12,43363.5,DIGITAL,SUCCESS
COL000007980,LOAN00006632,2025-08-31,15232.44,CALL_CENTER,SUCCESS
COL000007981,LOAN00006632,2024-12-07,10209.99,DIGITAL,SUCCESS
COL000007982,LOAN00006632,2024-09-12,33240.88,CALL_CENTER,SUCCESS
COL000007983,LOAN00006632,2025-10-10,35029.7,CALL_CENTER,PARTIAL
COL000007984,LOAN00006632,2026-07-09,10712.29,CALL_CENTER,SUCCESS
COL000007985,LOAN00006632,2025-04-02,6271.27,DIGITAL,PARTIAL
COL000007986,LOAN00006635,2025-08-20,19640.94,CALL_CENTER,FAILED
COL000007987,LOAN00006635,2025-11-03,22815.88,FIELD_AGENT,SUCCESS
COL000007988,LOAN00006635,2025-04-24,16236.09,DIGITAL,SUCCESS
COL000007989,LOAN00006635,2026-09-29,35996.07,CALL_CENTER,SUCCESS
COL000007990,LOAN00006635,2024-11-15,1888.95,FIELD_AGENT,SUCCESS
COL000007991,LOAN00006635,2025-12-12,29442.01,FIELD_AGENT,SUCCESS
COL000007992,LOAN00006638,2024-11-07,32052.54,DIGITAL,PARTIAL
COL000007993,LOAN00006646,2024-05-10,15621.55,CALL_CENTER,PARTIAL
COL000007994,LOAN00006646,2025-12-25,27657.97,BRANCH,SUCCESS
COL000007995,LOAN00006651,2025-08-28,38937.11,BRANCH,FAILED
COL000007996,LOAN00006651,2025-12-11,49181.48,CALL_CENTER,SUCCESS
COL000007997,LOAN00006651,2025-07-09,2740.03,DIGITAL,SUCCESS
COL000007998,LOAN00006652,2024-06-26,15912.4,CALL_CENTER,SUCCESS
COL000007999,LOAN00006652,2024-10-16,20086.75,BRANCH,SUCCESS
COL000008000,LOAN00006652,2026-05-03,26415.75,CALL_CENTER,SUCCESS
COL000008001,LOAN00006652,2025-06-16,13016.06,DIGITAL,SUCCESS
COL000008002,LOAN00006653,2025-11-19,31398.51,FIELD_AGENT,SUCCESS
COL000008003,LOAN00006653,2025-06-11,6202.94,CALL_CENTER,PARTIAL
COL000008004,LOAN00006653,2024-03-08,24128.37,BRANCH,SUCCESS
COL000008005,LOAN00006653,2024-06-12,23600.72,DIGITAL,SUCCESS
COL000008006,LOAN00006653,2026-05-29,16238.97,CALL_CENTER,SUCCESS
COL000008007,LOAN00006655,2024-04-11,9198.4,CALL_CENTER,SUCCESS
COL000008008,LOAN00006655,2024-07-06,3946.92,FIELD_AGENT,PARTIAL
COL000008009,LOAN00006655,2024-07-11,29945.26,DIGITAL,SUCCESS
COL000008010,LOAN00006655,2024-05-31,12666.92,FIELD_AGENT,PARTIAL
COL000008011,LOAN00006655,2025-07-17,10606.47,CALL_CENTER,SUCCESS
COL000008012,LOAN00006655,2025-05-10,9279.06,CALL_CENTER,FAILED
COL000008013,LOAN00006664,2026-01-27,38373.59,DIGITAL,SUCCESS
COL000008014,LOAN00006664,2026-09-29,42358.97,BRANCH,SUCCESS
COL000008015,LOAN00006664,2024-12-13,4827.96,CALL_CENTER,SUCCESS
COL000008016,LOAN00006664,2026-01-24,44066.45,CALL_CENTER,SUCCESS
COL000008017,LOAN00006664,2024-04-19,35618.28,BRANCH,PARTIAL
COL000008018,LOAN00006664,2025-02-24,10043.55,FIELD_AGENT,PARTIAL
COL000008019,LOAN00006665,2025-12-08,12216.59,BRANCH,FAILED
COL000008020,LOAN00006665,2024-05-05,19668.34,FIELD_AGENT,SUCCESS
COL000008021,LOAN00006665,2025-06-04,2912.33,DIGITAL,PARTIAL
COL000008022,LOAN00006669,2026-04-20,9741.47,DIGITAL,SUCCESS
COL000008023,LOAN00006669,2024-10-22,37221.76,BRANCH,SUCCESS
COL000008024,LOAN00006669,2025-02-05,18801.48,BRANCH,SUCCESS
COL000008025,LOAN00006672,2025-04-22,39169.05,DIGITAL,SUCCESS
COL000008026,LOAN00006672,2026-01-17,39577.29,DIGITAL,SUCCESS
COL000008027,LOAN00006672,2025-12-24,4058.88,FIELD_AGENT,PARTIAL
COL000008028,LOAN00006672,2025-11-28,43497.61,BRANCH,SUCCESS
COL000008029,LOAN00006672,2024-11-12,42700.27,BRANCH,PARTIAL
COL000008030,LOAN00006672,2024-06-30,4798.45,BRANCH,PARTIAL
COL000008031,LOAN00006680,2026-05-13,19674.05,CALL_CENTER,PARTIAL
COL000008032,LOAN00006680,2024-05-06,21701.78,BRANCH,PARTIAL
COL000008033,LOAN00006680,2025-05-20,27618.43,FIELD_AGENT,SUCCESS
COL000008034,LOAN00006680,2026-04-05,46500.04,CALL_CENTER,SUCCESS
COL000008035,LOAN00006680,2025-07-13,34522.84,FIELD_AGENT,SUCCESS
COL000008036,LOAN00006680,2024-10-24,48077.11,BRANCH,SUCCESS
COL000008037,LOAN00006684,2025-09-25,28223.48,BRANCH,SUCCESS
COL000008038,LOAN00006684,2025-08-04,16297.27,CALL_CENTER,SUCCESS
COL000008039,LOAN00006684,2024-05-22,10063.62,BRANCH,PARTIAL
COL000008040,LOAN00006684,2025-05-09,46408.22,DIGITAL,SUCCESS
COL000008041,LOAN00006686,2024-04-16,19465.38,FIELD_AGENT,SUCCESS
COL000008042,LOAN00006686,2025-03-30,11188.53,BRANCH,SUCCESS
COL000008043,LOAN00006686,2024-07-07,1827.04,BRANCH,SUCCESS
COL000008044,LOAN00006686,2024-05-07,27821.69,DIGITAL,SUCCESS
COL000008045,LOAN00006686,2026-08-16,46669.83,CALL_CENTER,SUCCESS
COL000008046,LOAN00006687,2026-04-16,10732.45,DIGITAL,PARTIAL
COL000008047,LOAN00006687,2026-08-03,26847.59,BRANCH,SUCCESS
COL000008048,LOAN00006687,2025-06-21,33566.52,CALL_CENTER,SUCCESS
COL000008049,LOAN00006687,2026-09-13,31107.79,DIGITAL,SUCCESS
COL000008050,LOAN00006687,2024-08-25,33705.65,BRANCH,SUCCESS
COL000008051,LOAN00006687,2024-12-21,19959.06,CALL_CENTER,SUCCESS
COL000008052,LOAN00006695,2025-10-09,27733.39,CALL_CENTER,SUCCESS
COL000008053,LOAN00006696,2025-04-13,5480.07,BRANCH,PARTIAL
COL000008054,LOAN00006700,2024-06-19,21745.05,CALL_CENTER,PARTIAL
COL000008055,LOAN00006700,2026-07-22,6810.71,FIELD_AGENT,SUCCESS
COL000008056,LOAN00006703,2024-06-04,47662.85,CALL_CENTER,SUCCESS
COL000008057,LOAN00006703,2025-10-20,17225.86,CALL_CENTER,SUCCESS
COL000008058,LOAN00006703,2025-06-26,35369.51,FIELD_AGENT,SUCCESS
COL000008059,LOAN00006703,2025-12-22,13320.95,CALL_CENTER,SUCCESS
COL000008060,LOAN00006703,2026-03-14,49598.64,DIGITAL,FAILED
COL000008061,LOAN00006706,2026-09-14,5267.4,BRANCH,SUCCESS
COL000008062,LOAN00006708,2024-10-13,21226.65,FIELD_AGENT,PARTIAL
COL000008063,LOAN00006708,2026-03-14,43742.42,FIELD_AGENT,SUCCESS
COL000008064,LOAN00006708,2025-03-01,5886.04,CALL_CENTER,SUCCESS
COL000008065,LOAN00006708,2026-07-01,5689.08,BRANCH,SUCCESS
COL000008066,LOAN00006708,2024-12-12,19060.04,FIELD_AGENT,SUCCESS
COL000008067,LOAN00006709,2025-03-12,33894.43,DIGITAL,SUCCESS
COL000008068,LOAN00006709,2026-01-12,24233.2,FIELD_AGENT,SUCCESS
COL000008069,LOAN00006709,2024-11-08,3497.29,DIGITAL,SUCCESS
COL000008070,LOAN00006709,2025-10-30,16336.59,BRANCH,PARTIAL
COL000008071,LOAN00006711,2024-07-13,42361.4,BRANCH,SUCCESS
COL000008072,LOAN00006712,2024-11-19,25045.74,CALL_CENTER,SUCCESS
COL000008073,LOAN00006712,2024-11-27,40956.87,BRANCH,PARTIAL
COL000008074,LOAN00006717,2025-05-15,10774.07,CALL_CENTER,PARTIAL
COL000008075,LOAN00006717,2025-10-18,31819.23,FIELD_AGENT,SUCCESS
COL000008076,LOAN00006717,2024-05-20,48601.74,FIELD_AGENT,SUCCESS
COL000008077,LOAN00006717,2026-05-11,35650.28,BRANCH,SUCCESS
COL000008078,LOAN00006717,2024-05-14,41549.76,FIELD_AGENT,PARTIAL
COL000008079,LOAN00006717,2025-08-27,28145.4,BRANCH,PARTIAL
COL000008080,LOAN00006719,2025-02-19,22814.06,BRANCH,SUCCESS
COL000008081,LOAN00006719,2026-01-30,41057.06,CALL_CENTER,PARTIAL
COL000008082,LOAN00006719,2025-12-17,49865.46,BRANCH,PARTIAL
COL000008083,LOAN00006720,2024-10-16,43089.48,BRANCH,PARTIAL
COL000008084,LOAN00006720,2024-05-14,20753.97,CALL_CENTER,FAILED
COL000008085,LOAN00006720,2026-08-30,18752.89,DIGITAL,SUCCESS
COL000008086,LOAN00006725,2025-10-28,42273.0,BRANCH,SUCCESS
COL000008087,LOAN00006725,2024-03-18,41743.03,CALL_CENTER,SUCCESS
COL000008088,LOAN00006726,2026-07-31,14863.15,CALL_CENTER,SUCCESS
COL000008089,LOAN00006726,2025-01-03,11450.95,CALL_CENTER,SUCCESS
COL000008090,LOAN00006729,2024-12-03,5940.4,DIGITAL,SUCCESS
COL000008091,LOAN00006729,2026-05-30,5908.08,DIGITAL,SUCCESS
COL000008092,LOAN00006729,2025-06-02,2598.06,BRANCH,SUCCESS
COL000008093,LOAN00006729,2024-09-01,25450.93,FIELD_AGENT,SUCCESS
COL000008094,LOAN00006729,2024-10-25,14849.33,BRANCH,SUCCESS
COL000008095,LOAN00006732,2024-09-04,21256.86,BRANCH,SUCCESS
COL000008096,LOAN00006732,2024-08-21,20086.96,FIELD_AGENT,SUCCESS
COL000008097,LOAN00006732,2024-08-27,33955.37,CALL_CENTER,SUCCESS
COL000008098,LOAN00006732,2025-04-26,4821.6,DIGITAL,SUCCESS
COL000008099,LOAN00006732,2025-05-13,48287.53,CALL_CENTER,FAILED
COL000008100,LOAN00006732,2024-06-26,41342.48,FIELD_AGENT,SUCCESS
COL000008101,LOAN00006734,2024-10-07,20220.18,FIELD_AGENT,PARTIAL
COL000008102,LOAN00006734,2026-01-21,3221.13,FIELD_AGENT,SUCCESS
COL000008103,LOAN00006734,2026-07-16,7026.61,CALL_CENTER,PARTIAL
COL000008104,LOAN00006734,2026-04-29,7623.09,BRANCH,PARTIAL
COL000008105,LOAN00006734,2026-05-02,33183.8,DIGITAL,SUCCESS
COL000008106,LOAN00006734,2024-06-08,10954.44,FIELD_AGENT,SUCCESS
COL000008107,LOAN00006737,2026-05-18,10798.75,CALL_CENTER,SUCCESS
COL000008108,LOAN00006737,2025-12-07,26123.61,FIELD_AGENT,PARTIAL
COL000008109,LOAN00006737,2024-11-27,44916.81,FIELD_AGENT,SUCCESS
COL000008110,LOAN00006737,2026-05-16,33856.54,DIGITAL,SUCCESS
COL000008111,LOAN00006742,2024-04-04,21323.61,CALL_CENTER,PARTIAL
COL000008112,LOAN00006742,2025-06-13,31311.79,DIGITAL,SUCCESS
COL000008113,LOAN00006742,2026-09-10,23949.29,CALL_CENTER,PARTIAL
COL000008114,LOAN00006742,2024-03-02,8089.15,FIELD_AGENT,SUCCESS
COL000008115,LOAN00006745,2024-09-27,32149.66,DIGITAL,SUCCESS
COL000008116,LOAN00006745,2025-06-06,9465.48,CALL_CENTER,SUCCESS
COL000008117,LOAN00006745,2024-05-16,23687.34,BRANCH,SUCCESS
COL000008118,LOAN00006745,2025-06-19,3752.3,DIGITAL,PARTIAL
COL000008119,LOAN00006747,2026-07-22,20032.98,BRANCH,SUCCESS
COL000008120,LOAN00006747,2025-08-05,27964.7,DIGITAL,PARTIAL
COL000008121,LOAN00006747,2025-09-09,19885.73,DIGITAL,SUCCESS
COL000008122,LOAN00006747,2025-09-29,26888.9,BRANCH,SUCCESS
COL000008123,LOAN00006747,2024-12-09,29701.52,FIELD_AGENT,SUCCESS
COL000008124,LOAN00006748,2024-03-08,44489.33,FIELD_AGENT,PARTIAL
COL000008125,LOAN00006748,2026-03-17,42966.45,FIELD_AGENT,PARTIAL
COL000008126,LOAN00006749,2026-02-16,44063.41,DIGITAL,SUCCESS
COL000008127,LOAN00006749,2024-09-02,26480.46,CALL_CENTER,PARTIAL
COL000008128,LOAN00006749,2024-08-05,43416.23,DIGITAL,SUCCESS
COL000008129,LOAN00006752,2025-12-20,38690.04,CALL_CENTER,SUCCESS
COL000008130,LOAN00006752,2026-05-09,1027.82,BRANCH,SUCCESS
COL000008131,LOAN00006752,2024-08-07,14892.07,DIGITAL,SUCCESS
COL000008132,LOAN00006754,2025-08-02,12901.39,DIGITAL,SUCCESS
COL000008133,LOAN00006754,2025-04-10,12515.57,FIELD_AGENT,SUCCESS
COL000008134,LOAN00006754,2025-03-26,6385.33,BRANCH,PARTIAL
COL000008135,LOAN00006755,2025-03-20,46205.86,DIGITAL,SUCCESS
COL000008136,LOAN00006756,2024-08-03,2145.14,CALL_CENTER,SUCCESS
COL000008137,LOAN00006758,2025-10-25,36607.0,BRANCH,PARTIAL
COL000008138,LOAN00006758,2025-04-10,40443.53,BRANCH,SUCCESS
COL000008139,LOAN00006758,2025-01-27,11748.02,BRANCH,SUCCESS
COL000008140,LOAN00006759,2026-06-04,35150.22,DIGITAL,SUCCESS
COL000008141,LOAN00006759,2026-02-24,39287.92,DIGITAL,PARTIAL
COL000008142,LOAN00006759,2024-09-09,31809.34,FIELD_AGENT,SUCCESS
COL000008143,LOAN00006759,2025-05-01,25737.02,CALL_CENTER,PARTIAL
COL000008144,LOAN00006759,2024-05-28,46590.43,DIGITAL,SUCCESS
COL000008145,LOAN00006761,2026-04-26,41882.06,CALL_CENTER,SUCCESS
COL000008146,LOAN00006761,2025-10-09,24484.6,BRANCH,SUCCESS
COL000008147,LOAN00006761,2025-06-30,1919.21,BRANCH,SUCCESS
COL000008148,LOAN00006765,2024-09-03,7677.89,CALL_CENTER,SUCCESS
COL000008149,LOAN00006765,2026-06-18,25371.48,DIGITAL,SUCCESS
COL000008150,LOAN00006765,2026-06-22,5473.33,CALL_CENTER,PARTIAL
COL000008151,LOAN00006765,2025-08-11,44116.92,CALL_CENTER,SUCCESS
COL000008152,LOAN00006766,2025-06-27,14650.24,BRANCH,PARTIAL
COL000008153,LOAN00006766,2025-12-19,27207.69,BRANCH,PARTIAL
COL000008154,LOAN00006766,2025-07-31,2929.79,CALL_CENTER,SUCCESS
COL000008155,LOAN00006766,2025-02-26,25026.43,FIELD_AGENT,SUCCESS
COL000008156,LOAN00006766,2025-08-25,1085.31,CALL_CENTER,SUCCESS
COL000008157,LOAN00006769,2026-01-31,42660.84,BRANCH,SUCCESS
COL000008158,LOAN00006774,2025-04-02,42112.69,FIELD_AGENT,SUCCESS
COL000008159,LOAN00006774,2024-04-07,37317.54,DIGITAL,SUCCESS
COL000008160,LOAN00006774,2025-06-28,24175.64,CALL_CENTER,SUCCESS
COL000008161,LOAN00006774,2025-02-24,35361.88,BRANCH,SUCCESS
COL000008162,LOAN00006775,2025-11-25,33189.87,CALL_CENTER,SUCCESS
COL000008163,LOAN00006775,2025-08-19,3631.68,CALL_CENTER,SUCCESS
COL000008164,LOAN00006775,2025-11-30,1617.93,CALL_CENTER,SUCCESS
COL000008165,LOAN00006775,2026-05-21,10592.56,DIGITAL,PARTIAL
COL000008166,LOAN00006776,2026-08-15,44334.71,BRANCH,SUCCESS
COL000008167,LOAN00006776,2024-09-06,45521.4,DIGITAL,SUCCESS
COL000008168,LOAN00006776,2026-03-01,6296.37,BRANCH,SUCCESS
COL000008169,LOAN00006781,2026-07-24,11734.06,DIGITAL,SUCCESS
COL000008170,LOAN00006781,2025-05-22,5459.38,CALL_CENTER,SUCCESS
COL000008171,LOAN00006781,2025-05-03,5936.15,FIELD_AGENT,SUCCESS
COL000008172,LOAN00006781,2026-06-03,48774.29,FIELD_AGENT,SUCCESS
COL000008173,LOAN00006781,2025-08-13,29039.3,BRANCH,SUCCESS
COL000008174,LOAN00006781,2024-07-19,33030.18,DIGITAL,SUCCESS
COL000008175,LOAN00006783,2025-11-13,46318.53,FIELD_AGENT,SUCCESS
COL000008176,LOAN00006783,2026-06-06,11840.31,FIELD_AGENT,SUCCESS
COL000008177,LOAN00006783,2025-12-26,27978.03,FIELD_AGENT,SUCCESS
COL000008178,LOAN00006785,2026-01-29,38504.54,DIGITAL,SUCCESS
COL000008179,LOAN00006785,2024-09-21,4307.81,DIGITAL,SUCCESS
COL000008180,LOAN00006787,2026-07-02,10214.29,DIGITAL,PARTIAL
COL000008181,LOAN00006788,2024-04-12,10282.98,CALL_CENTER,SUCCESS
COL000008182,LOAN00006790,2025-12-20,29322.74,CALL_CENTER,SUCCESS
COL000008183,LOAN00006797,2024-03-06,3610.9,BRANCH,SUCCESS
COL000008184,LOAN00006797,2025-05-16,45505.24,CALL_CENTER,SUCCESS
COL000008185,LOAN00006798,2025-05-07,31721.91,FIELD_AGENT,SUCCESS
COL000008186,LOAN00006798,2026-02-24,32104.44,BRANCH,PARTIAL
COL000008187,LOAN00006798,2026-02-09,27527.86,CALL_CENTER,SUCCESS
COL000008188,LOAN00006799,2026-02-18,9491.45,DIGITAL,FAILED
COL000008189,LOAN00006799,2026-02-15,8307.89,FIELD_AGENT,SUCCESS
COL000008190,LOAN00006799,2026-04-09,32508.64,DIGITAL,PARTIAL
COL000008191,LOAN00006799,2025-08-27,33102.79,CALL_CENTER,SUCCESS
COL000008192,LOAN00006799,2026-04-08,36257.1,BRANCH,FAILED
COL000008193,LOAN00006800,2025-03-29,8608.75,FIELD_AGENT,PARTIAL
COL000008194,LOAN00006801,2026-04-27,29496.57,FIELD_AGENT,SUCCESS
COL000008195,LOAN00006801,2026-07-03,24341.78,FIELD_AGENT,PARTIAL
COL000008196,LOAN00006801,2024-04-27,25801.57,DIGITAL,SUCCESS
COL000008197,LOAN00006801,2026-07-30,23412.03,CALL_CENTER,PARTIAL
COL000008198,LOAN00006801,2026-02-19,47651.11,BRANCH,SUCCESS
COL000008199,LOAN00006804,2025-03-06,29722.34,CALL_CENTER,SUCCESS
COL000008200,LOAN00006804,2024-09-29,8508.09,BRANCH,PARTIAL
COL000008201,LOAN00006804,2025-01-02,43177.54,CALL_CENTER,PARTIAL
COL000008202,LOAN00006805,2024-05-23,36715.81,CALL_CENTER,PARTIAL
COL000008203,LOAN00006805,2025-03-13,28949.73,CALL_CENTER,SUCCESS
COL000008204,LOAN00006807,2024-08-06,2167.2,FIELD_AGENT,PARTIAL
COL000008205,LOAN00006807,2025-03-10,37263.53,BRANCH,SUCCESS
COL000008206,LOAN00006816,2024-07-10,38111.5,CALL_CENTER,PARTIAL
COL000008207,LOAN00006816,2026-03-03,10506.33,FIELD_AGENT,SUCCESS
COL000008208,LOAN00006822,2025-09-10,2153.65,BRANCH,SUCCESS
COL000008209,LOAN00006822,2025-03-02,44169.45,BRANCH,SUCCESS
COL000008210,LOAN00006823,2026-05-24,17499.18,DIGITAL,SUCCESS
COL000008211,LOAN00006823,2025-04-01,31943.1,BRANCH,PARTIAL
COL000008212,LOAN00006823,2026-07-17,31872.01,CALL_CENTER,SUCCESS
COL000008213,LOAN00006823,2026-06-09,19702.28,DIGITAL,PARTIAL
COL000008214,LOAN00006823,2026-04-16,37832.67,DIGITAL,SUCCESS
COL000008215,LOAN00006825,2025-07-07,29254.01,DIGITAL,SUCCESS
COL000008216,LOAN00006825,2026-03-19,38458.77,CALL_CENTER,SUCCESS
COL000008217,LOAN00006825,2025-03-13,29734.29,DIGITAL,SUCCESS
COL000008218,LOAN00006826,2024-05-28,15916.68,BRANCH,SUCCESS
COL000008219,LOAN00006826,2025-07-07,1918.86,CALL_CENTER,SUCCESS
COL000008220,LOAN00006828,2025-05-21,45263.95,DIGITAL,SUCCESS
COL000008221,LOAN00006828,2024-07-21,24434.12,FIELD_AGENT,PARTIAL
COL000008222,LOAN00006830,2024-10-09,1359.08,BRANCH,SUCCESS
COL000008223,LOAN00006830,2025-09-29,49022.71,BRANCH,SUCCESS
COL000008224,LOAN00006830,2025-06-05,2883.03,FIELD_AGENT,PARTIAL
COL000008225,LOAN00006830,2024-03-30,35943.35,CALL_CENTER,SUCCESS
COL000008226,LOAN00006830,2026-02-28,43138.41,BRANCH,SUCCESS
COL000008227,LOAN00006831,2024-04-13,7980.04,FIELD_AGENT,PARTIAL
COL000008228,LOAN00006831,2024-06-15,33465.73,FIELD_AGENT,SUCCESS
COL000008229,LOAN00006831,2026-09-09,21111.91,CALL_CENTER,SUCCESS
COL000008230,LOAN00006833,2025-04-15,27816.51,FIELD_AGENT,SUCCESS
COL000008231,LOAN00006833,2024-03-20,40899.51,FIELD_AGENT,PARTIAL
COL000008232,LOAN00006833,2026-07-25,30454.19,FIELD_AGENT,FAILED
COL000008233,LOAN00006835,2025-02-12,26186.76,CALL_CENTER,SUCCESS
COL000008234,LOAN00006835,2024-03-17,28503.12,CALL_CENTER,PARTIAL
COL000008235,LOAN00006835,2025-12-27,14350.76,CALL_CENTER,FAILED
COL000008236,LOAN00006835,2026-01-02,42837.76,FIELD_AGENT,SUCCESS
COL000008237,LOAN00006840,2026-01-09,49947.99,FIELD_AGENT,SUCCESS
COL000008238,LOAN00006840,2025-12-27,19067.16,BRANCH,SUCCESS
COL000008239,LOAN00006840,2025-04-14,9446.18,CALL_CENTER,SUCCESS
COL000008240,LOAN00006840,2025-07-31,21436.09,CALL_CENTER,SUCCESS
COL000008241,LOAN00006842,2026-01-07,16285.97,CALL_CENTER,SUCCESS
COL000008242,LOAN00006842,2024-10-24,23391.74,FIELD_AGENT,SUCCESS
COL000008243,LOAN00006842,2026-05-01,45676.57,CALL_CENTER,SUCCESS
COL000008244,LOAN00006842,2024-06-21,46044.21,BRANCH,FAILED
COL000008245,LOAN00006842,2026-08-12,20412.1,BRANCH,FAILED
COL000008246,LOAN00006844,2026-06-21,27224.05,FIELD_AGENT,SUCCESS
COL000008247,LOAN00006844,2026-08-11,10922.69,BRANCH,SUCCESS
COL000008248,LOAN00006847,2024-09-18,32528.81,DIGITAL,SUCCESS
COL000008249,LOAN00006847,2025-09-10,22051.18,BRANCH,SUCCESS
COL000008250,LOAN00006847,2025-10-27,7427.27,BRANCH,SUCCESS
COL000008251,LOAN00006854,2024-09-25,31884.9,FIELD_AGENT,SUCCESS
COL000008252,LOAN00006854,2025-11-17,21360.61,BRANCH,SUCCESS
COL000008253,LOAN00006854,2026-01-13,47687.03,DIGITAL,SUCCESS
COL000008254,LOAN00006854,2025-05-09,39901.09,DIGITAL,SUCCESS
COL000008255,LOAN00006855,2025-04-21,8892.72,DIGITAL,SUCCESS
COL000008256,LOAN00006855,2025-01-12,45794.41,FIELD_AGENT,SUCCESS
COL000008257,LOAN00006857,2026-02-11,34756.59,FIELD_AGENT,SUCCESS
COL000008258,LOAN00006857,2025-07-26,33451.43,FIELD_AGENT,PARTIAL
COL000008259,LOAN00006857,2024-08-14,38850.0,DIGITAL,SUCCESS
COL000008260,LOAN00006857,2026-09-28,4843.65,FIELD_AGENT,SUCCESS
COL000008261,LOAN00006857,2026-09-05,24416.13,BRANCH,SUCCESS
COL000008262,LOAN00006857,2026-07-24,38539.87,DIGITAL,SUCCESS
COL000008263,LOAN00006858,2025-03-25,2107.09,BRANCH,SUCCESS
COL000008264,LOAN00006858,2026-07-11,21763.65,FIELD_AGENT,SUCCESS
COL000008265,LOAN00006859,2025-07-08,47832.68,FIELD_AGENT,PARTIAL
COL000008266,LOAN00006859,2025-01-11,7172.0,DIGITAL,PARTIAL
COL000008267,LOAN00006859,2025-12-25,10736.27,FIELD_AGENT,SUCCESS
COL000008268,LOAN00006859,2026-01-22,20051.29,FIELD_AGENT,SUCCESS
COL000008269,LOAN00006859,2025-01-29,36842.93,FIELD_AGENT,SUCCESS
COL000008270,LOAN00006859,2026-05-26,42446.71,DIGITAL,PARTIAL
COL000008271,LOAN00006862,2026-07-04,11196.8,BRANCH,SUCCESS
COL000008272,LOAN00006862,2024-03-17,24483.78,BRANCH,SUCCESS
COL000008273,LOAN00006862,2025-10-20,39965.97,BRANCH,SUCCESS
COL000008274,LOAN00006862,2024-04-27,26525.3,BRANCH,SUCCESS
COL000008275,LOAN00006862,2025-07-14,16142.38,BRANCH,SUCCESS
COL000008276,LOAN00006863,2026-04-27,46681.81,CALL_CENTER,SUCCESS
COL000008277,LOAN00006863,2025-03-20,21591.09,FIELD_AGENT,SUCCESS
COL000008278,LOAN00006863,2025-08-10,23867.81,FIELD_AGENT,SUCCESS
COL000008279,LOAN00006863,2024-03-08,5827.74,CALL_CENTER,SUCCESS
COL000008280,LOAN00006863,2024-08-05,32149.18,FIELD_AGENT,PARTIAL
COL000008281,LOAN00006863,2025-03-22,33366.69,BRANCH,SUCCESS
COL000008282,LOAN00006865,2025-01-15,35652.06,FIELD_AGENT,SUCCESS
COL000008283,LOAN00006872,2026-06-06,27745.85,BRANCH,PARTIAL
COL000008284,LOAN00006874,2024-03-16,9706.75,CALL_CENTER,SUCCESS
COL000008285,LOAN00006875,2024-05-20,1299.92,DIGITAL,SUCCESS
COL000008286,LOAN00006876,2026-07-09,31759.45,DIGITAL,SUCCESS
COL000008287,LOAN00006876,2024-05-26,41014.12,FIELD_AGENT,SUCCESS
COL000008288,LOAN00006877,2025-02-17,41189.47,FIELD_AGENT,SUCCESS
COL000008289,LOAN00006877,2025-07-26,1433.67,DIGITAL,SUCCESS
COL000008290,LOAN00006883,2024-06-12,40409.98,BRANCH,SUCCESS
COL000008291,LOAN00006883,2024-05-03,35361.29,FIELD_AGENT,FAILED
COL000008292,LOAN00006883,2026-08-07,12303.38,DIGITAL,SUCCESS
COL000008293,LOAN00006883,2025-08-14,34839.96,DIGITAL,SUCCESS
COL000008294,LOAN00006883,2024-08-31,30603.0,CALL_CENTER,SUCCESS
COL000008295,LOAN00006887,2024-03-25,27056.28,FIELD_AGENT,SUCCESS
COL000008296,LOAN00006887,2026-09-18,29113.15,FIELD_AGENT,SUCCESS
COL000008297,LOAN00006887,2024-08-24,46775.59,BRANCH,PARTIAL
COL000008298,LOAN00006888,2025-03-26,6398.21,CALL_CENTER,PARTIAL
COL000008299,LOAN00006888,2026-05-19,27803.68,FIELD_AGENT,SUCCESS
COL000008300,LOAN00006888,2025-12-20,45401.92,CALL_CENTER,SUCCESS
COL000008301,LOAN00006888,2025-09-11,46202.08,FIELD_AGENT,SUCCESS
COL000008302,LOAN00006888,2024-09-13,30142.07,BRANCH,PARTIAL
COL000008303,LOAN00006890,2025-11-14,41010.15,DIGITAL,PARTIAL
COL000008304,LOAN00006890,2024-09-24,13788.54,BRANCH,SUCCESS
COL000008305,LOAN00006890,2025-04-06,42017.84,BRANCH,FAILED
COL000008306,LOAN00006895,2025-06-10,22647.93,CALL_CENTER,FAILED
COL000008307,LOAN00006895,2025-05-05,30668.07,FIELD_AGENT,SUCCESS
COL000008308,LOAN00006895,2025-07-22,32754.52,CALL_CENTER,SUCCESS
COL000008309,LOAN00006895,2025-07-19,10633.42,FIELD_AGENT,SUCCESS
COL000008310,LOAN00006896,2025-03-21,27186.59,FIELD_AGENT,SUCCESS
COL000008311,LOAN00006896,2024-12-28,41921.36,DIGITAL,SUCCESS
COL000008312,LOAN00006896,2026-07-28,2631.03,CALL_CENTER,SUCCESS
COL000008313,LOAN00006896,2025-04-06,26585.05,CALL_CENTER,SUCCESS
COL000008314,LOAN00006896,2024-04-17,13674.32,CALL_CENTER,SUCCESS
COL000008315,LOAN00006896,2024-11-03,3125.46,DIGITAL,SUCCESS
COL000008316,LOAN00006898,2026-06-25,33037.09,CALL_CENTER,SUCCESS
COL000008317,LOAN00006898,2024-06-01,46482.15,DIGITAL,SUCCESS
COL000008318,LOAN00006898,2025-06-27,1978.05,BRANCH,SUCCESS
COL000008319,LOAN00006899,2024-04-18,27311.84,FIELD_AGENT,PARTIAL
COL000008320,LOAN00006899,2026-01-27,40115.59,BRANCH,PARTIAL
COL000008321,LOAN00006899,2026-09-04,33781.68,BRANCH,SUCCESS
COL000008322,LOAN00006899,2025-01-17,18898.64,CALL_CENTER,SUCCESS
COL000008323,LOAN00006899,2024-12-24,17344.92,DIGITAL,SUCCESS
COL000008324,LOAN00006899,2026-09-01,49926.41,BRANCH,PARTIAL
COL000008325,LOAN00006904,2025-10-11,43159.56,FIELD_AGENT,SUCCESS
COL000008326,LOAN00006904,2026-04-05,35049.81,FIELD_AGENT,SUCCESS
COL000008327,LOAN00006904,2024-05-05,36942.42,DIGITAL,PARTIAL
COL000008328,LOAN00006904,2024-11-09,14899.77,DIGITAL,SUCCESS
COL000008329,LOAN00006907,2024-11-07,4409.99,DIGITAL,SUCCESS
COL000008330,LOAN00006907,2026-07-01,6193.19,DIGITAL,SUCCESS
COL000008331,LOAN00006907,2024-06-10,33135.04,FIELD_AGENT,SUCCESS
COL000008332,LOAN00006910,2024-06-06,43771.7,BRANCH,PARTIAL
COL000008333,LOAN00006911,2026-05-11,26068.26,BRANCH,SUCCESS
COL000008334,LOAN00006911,2025-07-10,19857.0,FIELD_AGENT,PARTIAL
COL000008335,LOAN00006913,2025-08-24,31692.49,CALL_CENTER,PARTIAL
COL000008336,LOAN00006914,2025-06-23,12183.33,CALL_CENTER,SUCCESS
COL000008337,LOAN00006914,2026-03-11,13381.5,CALL_CENTER,PARTIAL
COL000008338,LOAN00006914,2025-01-09,44569.57,FIELD_AGENT,SUCCESS
COL000008339,LOAN00006916,2024-05-30,18836.02,DIGITAL,SUCCESS
COL000008340,LOAN00006916,2025-07-31,1670.72,DIGITAL,SUCCESS
COL000008341,LOAN00006916,2026-09-15,38887.03,DIGITAL,SUCCESS
COL000008342,LOAN00006916,2024-12-05,16710.29,DIGITAL,SUCCESS
COL000008343,LOAN00006916,2025-08-23,18884.47,DIGITAL,SUCCESS
COL000008344,LOAN00006923,2024-06-17,45684.26,BRANCH,SUCCESS
COL000008345,LOAN00006923,2026-03-29,34010.15,CALL_CENTER,SUCCESS
COL000008346,LOAN00006923,2024-06-24,7194.23,BRANCH,SUCCESS
COL000008347,LOAN00006923,2026-05-08,14626.86,DIGITAL,SUCCESS
COL000008348,LOAN00006923,2024-11-28,10062.32,DIGITAL,SUCCESS
COL000008349,LOAN00006923,2025-02-20,27589.17,CALL_CENTER,SUCCESS
COL000008350,LOAN00006926,2026-07-08,46258.49,DIGITAL,SUCCESS
COL000008351,LOAN00006926,2025-04-30,26336.79,DIGITAL,PARTIAL
COL000008352,LOAN00006926,2025-01-08,20701.73,CALL_CENTER,SUCCESS
COL000008353,LOAN00006926,2026-03-15,9863.83,DIGITAL,SUCCESS
COL000008354,LOAN00006926,2025-09-10,40270.78,BRANCH,SUCCESS
COL000008355,LOAN00006926,2025-07-24,34185.85,DIGITAL,PARTIAL
COL000008356,LOAN00006930,2024-06-16,42833.12,DIGITAL,SUCCESS
COL000008357,LOAN00006930,2025-04-22,27237.79,FIELD_AGENT,SUCCESS
COL000008358,LOAN00006930,2026-09-03,10537.07,DIGITAL,SUCCESS
COL000008359,LOAN00006930,2026-01-15,31702.86,FIELD_AGENT,SUCCESS
COL000008360,LOAN00006931,2025-01-12,13225.52,FIELD_AGENT,SUCCESS
COL000008361,LOAN00006931,2026-05-28,42170.91,FIELD_AGENT,SUCCESS
COL000008362,LOAN00006931,2024-11-17,8161.08,DIGITAL,FAILED
COL000008363,LOAN00006932,2024-06-08,10594.84,BRANCH,SUCCESS
COL000008364,LOAN00006932,2025-03-31,19515.94,DIGITAL,SUCCESS
COL000008365,LOAN00006932,2026-05-25,9220.03,CALL_CENTER,SUCCESS
COL000008366,LOAN00006933,2025-10-05,19764.39,CALL_CENTER,SUCCESS
COL000008367,LOAN00006933,2024-07-06,25480.33,CALL_CENTER,SUCCESS
COL000008368,LOAN00006933,2026-02-07,18541.61,BRANCH,SUCCESS
COL000008369,LOAN00006933,2026-04-08,11016.7,CALL_CENTER,SUCCESS
COL000008370,LOAN00006933,2024-08-01,46433.91,BRANCH,PARTIAL
COL000008371,LOAN00006937,2025-10-27,25586.91,DIGITAL,SUCCESS
COL000008372,LOAN00006937,2025-05-15,25319.37,BRANCH,SUCCESS
COL000008373,LOAN00006937,2024-11-05,3650.11,BRANCH,SUCCESS
COL000008374,LOAN00006937,2024-03-15,32207.55,DIGITAL,SUCCESS
COL000008375,LOAN00006939,2025-09-26,32048.52,DIGITAL,SUCCESS
COL000008376,LOAN00006939,2025-04-01,42082.89,DIGITAL,SUCCESS
COL000008377,LOAN00006940,2025-05-30,47367.66,CALL_CENTER,SUCCESS
COL000008378,LOAN00006940,2024-08-21,15849.86,DIGITAL,SUCCESS
COL000008379,LOAN00006952,2025-05-07,7802.0,FIELD_AGENT,SUCCESS
COL000008380,LOAN00006952,2024-12-05,47620.57,FIELD_AGENT,SUCCESS
COL000008381,LOAN00006952,2026-04-21,39355.81,FIELD_AGENT,SUCCESS
COL000008382,LOAN00006954,2026-03-31,45778.67,DIGITAL,FAILED
COL000008383,LOAN00006954,2024-08-30,8831.23,DIGITAL,SUCCESS
COL000008384,LOAN00006954,2026-03-08,40029.82,FIELD_AGENT,SUCCESS
COL000008385,LOAN00006954,2025-12-04,35940.63,DIGITAL,SUCCESS
COL000008386,LOAN00006954,2025-03-11,48200.0,BRANCH,SUCCESS
COL000008387,LOAN00006954,2026-02-23,20215.39,DIGITAL,SUCCESS
COL000008388,LOAN00006956,2025-04-13,17092.02,CALL_CENTER,PARTIAL
COL000008389,LOAN00006957,2024-04-24,49354.21,CALL_CENTER,SUCCESS
COL000008390,LOAN00006957,2026-03-13,22409.05,CALL_CENTER,PARTIAL
COL000008391,LOAN00006957,2024-08-25,29035.36,DIGITAL,PARTIAL
COL000008392,LOAN00006957,2024-08-05,26914.52,FIELD_AGENT,SUCCESS
COL000008393,LOAN00006959,2024-12-16,28241.93,FIELD_AGENT,PARTIAL
COL000008394,LOAN00006959,2026-02-22,3646.91,FIELD_AGENT,SUCCESS
COL000008395,LOAN00006962,2025-12-17,23673.1,DIGITAL,PARTIAL
COL000008396,LOAN00006962,2025-08-11,23101.05,CALL_CENTER,SUCCESS
COL000008397,LOAN00006963,2024-05-15,30038.21,FIELD_AGENT,PARTIAL
COL000008398,LOAN00006963,2024-09-14,40262.98,FIELD_AGENT,PARTIAL
COL000008399,LOAN00006963,2026-04-20,43629.24,CALL_CENTER,SUCCESS
COL000008400,LOAN00006963,2026-03-02,15767.67,CALL_CENTER,SUCCESS
COL000008401,LOAN00006963,2025-04-18,10661.38,DIGITAL,FAILED
COL000008402,LOAN00006965,2026-03-29,41183.28,DIGITAL,SUCCESS
COL000008403,LOAN00006965,2026-03-16,42176.99,FIELD_AGENT,PARTIAL
COL000008404,LOAN00006966,2025-07-24,19314.51,FIELD_AGENT,PARTIAL
COL000008405,LOAN00006966,2025-10-18,3289.65,BRANCH,SUCCESS
COL000008406,LOAN00006966,2025-07-01,9276.36,BRANCH,SUCCESS
COL000008407,LOAN00006966,2024-10-08,12627.06,BRANCH,SUCCESS
COL000008408,LOAN00006966,2024-07-17,49898.9,DIGITAL,SUCCESS
COL000008409,LOAN00006966,2025-11-23,26467.76,FIELD_AGENT,SUCCESS
COL000008410,LOAN00006967,2026-07-28,26431.58,FIELD_AGENT,SUCCESS
COL000008411,LOAN00006968,2024-07-15,36513.53,DIGITAL,SUCCESS
COL000008412,LOAN00006968,2025-10-11,7947.49,FIELD_AGENT,SUCCESS
COL000008413,LOAN00006968,2024-11-02,48810.88,FIELD_AGENT,PARTIAL
COL000008414,LOAN00006968,2024-05-11,24920.67,BRANCH,SUCCESS
COL000008415,LOAN00006968,2025-04-14,8728.4,FIELD_AGENT,SUCCESS
COL000008416,LOAN00006969,2024-03-15,47406.74,FIELD_AGENT,SUCCESS
COL000008417,LOAN00006970,2024-07-24,31161.06,DIGITAL,PARTIAL
COL000008418,LOAN00006970,2024-08-20,19260.07,FIELD_AGENT,SUCCESS
COL000008419,LOAN00006970,2025-06-18,6253.41,DIGITAL,SUCCESS
COL000008420,LOAN00006970,2024-09-18,18729.84,DIGITAL,PARTIAL
COL000008421,LOAN00006970,2024-08-18,4953.84,BRANCH,SUCCESS
COL000008422,LOAN00006970,2024-12-23,10661.89,FIELD_AGENT,SUCCESS
COL000008423,LOAN00006975,2025-07-30,19109.5,CALL_CENTER,SUCCESS
COL000008424,LOAN00006975,2025-04-05,30869.53,BRANCH,SUCCESS
COL000008425,LOAN00006975,2024-06-17,43919.69,FIELD_AGENT,SUCCESS
COL000008426,LOAN00006979,2026-03-25,35928.08,CALL_CENTER,SUCCESS
COL000008427,LOAN00006979,2024-04-24,40696.62,FIELD_AGENT,SUCCESS
COL000008428,LOAN00006979,2026-05-21,25926.02,FIELD_AGENT,SUCCESS
COL000008429,LOAN00006981,2024-03-09,25550.98,CALL_CENTER,SUCCESS
COL000008430,LOAN00006981,2024-09-10,9558.79,CALL_CENTER,PARTIAL
COL000008431,LOAN00006981,2025-10-23,32066.39,DIGITAL,SUCCESS
COL000008432,LOAN00006981,2026-03-03,27088.28,CALL_CENTER,SUCCESS
COL000008433,LOAN00006981,2026-03-23,8476.64,CALL_CENTER,SUCCESS
COL000008434,LOAN00006981,2024-11-02,31124.93,DIGITAL,SUCCESS
COL000008435,LOAN00006984,2026-07-20,4627.39,DIGITAL,PARTIAL
COL000008436,LOAN00006984,2024-05-07,46949.91,BRANCH,SUCCESS
COL000008437,LOAN00006985,2026-01-18,49606.65,DIGITAL,SUCCESS
COL000008438,LOAN00006985,2026-08-19,36870.5,FIELD_AGENT,FAILED
COL000008439,LOAN00006985,2024-10-25,46389.67,DIGITAL,SUCCESS
COL000008440,LOAN00006985,2025-04-22,39822.87,CALL_CENTER,SUCCESS
COL000008441,LOAN00006990,2025-11-04,3305.1,CALL_CENTER,SUCCESS
COL000008442,LOAN00006990,2025-03-16,5172.98,DIGITAL,PARTIAL
COL000008443,LOAN00006990,2024-08-30,6043.54,CALL_CENTER,SUCCESS
COL000008444,LOAN00006990,2024-10-29,49462.8,FIELD_AGENT,SUCCESS
COL000008445,LOAN00006991,2026-07-24,5071.3,FIELD_AGENT,PARTIAL
COL000008446,LOAN00006991,2026-04-26,47662.39,FIELD_AGENT,SUCCESS
COL000008447,LOAN00006993,2024-10-12,15981.52,BRANCH,SUCCESS
COL000008448,LOAN00006993,2025-07-08,39380.67,BRANCH,PARTIAL
COL000008449,LOAN00006993,2024-09-26,30285.43,BRANCH,SUCCESS
COL000008450,LOAN00006993,2024-11-19,18005.53,BRANCH,SUCCESS
COL000008451,LOAN00006993,2024-10-14,30130.87,CALL_CENTER,SUCCESS
COL000008452,LOAN00006997,2026-08-07,28270.33,DIGITAL,SUCCESS
COL000008453,LOAN00006997,2024-05-06,8645.63,DIGITAL,SUCCESS
COL000008454,LOAN00006997,2024-07-17,1769.21,CALL_CENTER,SUCCESS
COL000008455,LOAN00006997,2025-08-02,26109.39,FIELD_AGENT,SUCCESS
COL000008456,LOAN00006997,2026-06-07,21515.99,DIGITAL,SUCCESS
COL000008457,LOAN00006997,2026-02-04,15462.0,DIGITAL,SUCCESS
COL000008458,LOAN00006999,2025-10-25,45864.81,DIGITAL,SUCCESS
COL000008459,LOAN00006999,2025-10-28,22331.34,DIGITAL,PARTIAL
COL000008460,LOAN00006999,2024-06-18,6907.12,CALL_CENTER,SUCCESS
COL000008461,LOAN00006999,2024-10-02,32607.41,CALL_CENTER,PARTIAL
COL000008462,LOAN00006999,2026-09-28,8253.52,CALL_CENTER,FAILED
COL000008463,LOAN00007000,2026-08-16,12070.18,CALL_CENTER,SUCCESS
COL000008464,LOAN00007000,2025-08-09,32915.17,BRANCH,SUCCESS
COL000008465,LOAN00007001,2026-02-01,15095.81,BRANCH,SUCCESS
COL000008466,LOAN00007001,2025-12-04,12521.63,BRANCH,SUCCESS
COL000008467,LOAN00007001,2024-03-26,12855.95,BRANCH,PARTIAL
COL000008468,LOAN00007001,2025-04-19,18633.19,DIGITAL,SUCCESS
COL000008469,LOAN00007005,2024-11-04,32825.35,BRANCH,SUCCESS
COL000008470,LOAN00007005,2024-03-22,36401.57,DIGITAL,SUCCESS
COL000008471,LOAN00007005,2026-06-13,9715.94,DIGITAL,PARTIAL
COL000008472,LOAN00007005,2024-05-10,38328.0,DIGITAL,PARTIAL
COL000008473,LOAN00007005,2026-09-03,7234.61,CALL_CENTER,SUCCESS
COL000008474,LOAN00007005,2024-08-25,22525.28,DIGITAL,SUCCESS
COL000008475,LOAN00007006,2024-06-14,29008.94,FIELD_AGENT,SUCCESS
COL000008476,LOAN00007006,2026-07-19,15719.56,DIGITAL,SUCCESS
COL000008477,LOAN00007007,2026-01-30,4989.7,CALL_CENTER,PARTIAL
COL000008478,LOAN00007007,2026-02-24,7038.2,BRANCH,SUCCESS
COL000008479,LOAN00007007,2025-03-25,6428.63,DIGITAL,PARTIAL
COL000008480,LOAN00007007,2024-03-31,4305.85,BRANCH,SUCCESS
COL000008481,LOAN00007007,2025-05-10,36152.35,FIELD_AGENT,SUCCESS
COL000008482,LOAN00007007,2024-04-19,39757.66,DIGITAL,SUCCESS
COL000008483,LOAN00007011,2024-05-08,26307.42,DIGITAL,SUCCESS
COL000008484,LOAN00007011,2025-11-22,43054.93,CALL_CENTER,SUCCESS
COL000008485,LOAN00007011,2026-02-24,37370.61,FIELD_AGENT,PARTIAL
COL000008486,LOAN00007011,2024-08-28,25909.09,CALL_CENTER,SUCCESS
COL000008487,LOAN00007014,2024-08-22,14255.95,CALL_CENTER,SUCCESS
COL000008488,LOAN00007019,2025-04-14,47828.34,CALL_CENTER,SUCCESS
COL000008489,LOAN00007019,2024-05-18,36643.1,FIELD_AGENT,SUCCESS
COL000008490,LOAN00007019,2024-12-11,42988.63,CALL_CENTER,PARTIAL
COL000008491,LOAN00007019,2025-08-11,30405.44,FIELD_AGENT,PARTIAL
COL000008492,LOAN00007019,2025-02-11,13469.04,FIELD_AGENT,SUCCESS
COL000008493,LOAN00007019,2024-08-21,5775.26,FIELD_AGENT,SUCCESS
COL000008494,LOAN00007024,2025-09-29,12811.7,CALL_CENTER,SUCCESS
COL000008495,LOAN00007026,2024-05-22,33335.64,DIGITAL,FAILED
COL000008496,LOAN00007026,2025-08-09,7628.66,CALL_CENTER,SUCCESS
COL000008497,LOAN00007026,2025-04-04,2581.7,FIELD_AGENT,SUCCESS
COL000008498,LOAN00007027,2024-05-20,12141.83,CALL_CENTER,SUCCESS
COL000008499,LOAN00007027,2025-06-23,13597.91,DIGITAL,SUCCESS
COL000008500,LOAN00007035,2025-03-06,8545.51,DIGITAL,SUCCESS
COL000008501,LOAN00007035,2025-04-03,35831.05,BRANCH,SUCCESS
COL000008502,LOAN00007035,2025-03-18,47729.68,DIGITAL,SUCCESS
COL000008503,LOAN00007035,2025-01-18,38571.82,CALL_CENTER,SUCCESS
COL000008504,LOAN00007035,2024-12-12,7632.21,FIELD_AGENT,SUCCESS
COL000008505,LOAN00007035,2025-11-22,4550.91,DIGITAL,FAILED
COL000008506,LOAN00007040,2024-06-25,38323.13,FIELD_AGENT,SUCCESS
COL000008507,LOAN00007040,2025-05-11,7925.39,DIGITAL,SUCCESS
COL000008508,LOAN00007040,2024-08-27,4326.97,DIGITAL,SUCCESS
COL000008509,LOAN00007040,2026-07-22,1218.12,FIELD_AGENT,PARTIAL
COL000008510,LOAN00007048,2026-01-09,29618.93,CALL_CENTER,PARTIAL
COL000008511,LOAN00007048,2024-05-13,35047.89,CALL_CENTER,SUCCESS
COL000008512,LOAN00007048,2025-05-28,3385.91,BRANCH,SUCCESS
COL000008513,LOAN00007048,2026-04-11,24084.19,CALL_CENTER,SUCCESS
COL000008514,LOAN00007048,2026-04-05,46185.7,CALL_CENTER,SUCCESS
COL000008515,LOAN00007052,2025-07-09,26737.89,CALL_CENTER,SUCCESS
COL000008516,LOAN00007052,2024-05-08,49426.66,FIELD_AGENT,SUCCESS
COL000008517,LOAN00007052,2025-11-08,24363.36,DIGITAL,SUCCESS
COL000008518,LOAN00007054,2025-03-02,43970.75,CALL_CENTER,SUCCESS
COL000008519,LOAN00007054,2024-11-26,7160.44,CALL_CENTER,SUCCESS
COL000008520,LOAN00007054,2025-09-27,34100.67,CALL_CENTER,PARTIAL
COL000008521,LOAN00007054,2026-02-06,28529.27,CALL_CENTER,FAILED
COL000008522,LOAN00007054,2025-07-25,16571.76,BRANCH,SUCCESS
COL000008523,LOAN00007054,2026-02-25,29591.69,DIGITAL,SUCCESS
COL000008524,LOAN00007056,2024-06-07,9761.76,BRANCH,PARTIAL
COL000008525,LOAN00007056,2026-09-10,40009.84,DIGITAL,SUCCESS
COL000008526,LOAN00007056,2025-12-05,46723.76,CALL_CENTER,SUCCESS
COL000008527,LOAN00007058,2025-10-15,25428.76,DIGITAL,PARTIAL
COL000008528,LOAN00007058,2026-04-01,46323.58,DIGITAL,SUCCESS
COL000008529,LOAN00007058,2026-03-01,5001.66,CALL_CENTER,SUCCESS
COL000008530,LOAN00007058,2024-07-02,14543.96,FIELD_AGENT,SUCCESS
COL000008531,LOAN00007062,2025-05-21,27331.38,DIGITAL,PARTIAL
COL000008532,LOAN00007062,2024-07-03,48912.59,CALL_CENTER,SUCCESS
COL000008533,LOAN00007062,2024-05-16,12231.18,FIELD_AGENT,PARTIAL
COL000008534,LOAN00007062,2026-05-27,48740.54,FIELD_AGENT,SUCCESS
COL000008535,LOAN00007062,2025-05-08,41184.2,FIELD_AGENT,SUCCESS
COL000008536,LOAN00007062,2025-01-23,21487.22,BRANCH,SUCCESS
COL000008537,LOAN00007063,2026-07-07,1858.43,FIELD_AGENT,SUCCESS
COL000008538,LOAN00007063,2025-12-23,49556.61,BRANCH,PARTIAL
COL000008539,LOAN00007063,2024-08-23,18079.02,FIELD_AGENT,SUCCESS
COL000008540,LOAN00007063,2026-07-31,12493.69,BRANCH,SUCCESS
COL000008541,LOAN00007063,2026-06-15,34209.71,BRANCH,SUCCESS
COL000008542,LOAN00007066,2024-08-06,6766.32,BRANCH,PARTIAL
COL000008543,LOAN00007066,2024-11-30,16057.4,CALL_CENTER,SUCCESS
COL000008544,LOAN00007066,2025-06-26,29787.38,BRANCH,SUCCESS
COL000008545,LOAN00007066,2025-08-25,15692.51,FIELD_AGENT,PARTIAL
COL000008546,LOAN00007066,2026-08-30,36974.94,DIGITAL,SUCCESS
COL000008547,LOAN00007069,2026-08-16,27068.29,BRANCH,SUCCESS
COL000008548,LOAN00007069,2025-04-24,3738.24,CALL_CENTER,SUCCESS
COL000008549,LOAN00007069,2024-09-23,33604.86,BRANCH,SUCCESS
COL000008550,LOAN00007069,2025-08-21,31211.11,BRANCH,SUCCESS
COL000008551,LOAN00007069,2026-05-15,9455.34,CALL_CENTER,SUCCESS
COL000008552,LOAN00007069,2025-07-19,46287.86,CALL_CENTER,SUCCESS
COL000008553,LOAN00007075,2026-02-02,36360.73,BRANCH,SUCCESS
COL000008554,LOAN00007075,2026-01-18,9368.75,CALL_CENTER,SUCCESS
COL000008555,LOAN00007075,2025-05-06,39821.7,DIGITAL,SUCCESS
COL000008556,LOAN00007075,2026-09-17,21421.83,FIELD_AGENT,SUCCESS
COL000008557,LOAN00007077,2025-03-05,6091.36,CALL_CENTER,PARTIAL
COL000008558,LOAN00007077,2024-06-23,27413.68,FIELD_AGENT,PARTIAL
COL000008559,LOAN00007077,2025-10-26,11477.82,FIELD_AGENT,SUCCESS
COL000008560,LOAN00007077,2026-06-15,6419.94,DIGITAL,FAILED
COL000008561,LOAN00007077,2025-08-25,11414.5,FIELD_AGENT,SUCCESS
COL000008562,LOAN00007077,2025-07-17,45771.47,BRANCH,PARTIAL
COL000008563,LOAN00007078,2025-04-27,21851.4,CALL_CENTER,FAILED
COL000008564,LOAN00007081,2025-04-13,22836.47,BRANCH,PARTIAL
COL000008565,LOAN00007081,2025-02-16,7389.77,CALL_CENTER,PARTIAL
COL000008566,LOAN00007081,2026-08-05,37737.32,CALL_CENTER,SUCCESS
COL000008567,LOAN00007087,2024-07-22,16228.3,BRANCH,SUCCESS
COL000008568,LOAN00007087,2025-09-02,32306.88,BRANCH,PARTIAL
COL000008569,LOAN00007087,2025-12-24,37786.09,FIELD_AGENT,SUCCESS
COL000008570,LOAN00007089,2025-06-21,47874.1,BRANCH,SUCCESS
COL000008571,LOAN00007089,2025-07-20,30248.63,FIELD_AGENT,SUCCESS
COL000008572,LOAN00007089,2024-03-03,6687.61,CALL_CENTER,SUCCESS
COL000008573,LOAN00007089,2025-07-28,14694.23,BRANCH,SUCCESS
COL000008574,LOAN00007089,2024-09-15,42656.23,CALL_CENTER,SUCCESS
COL000008575,LOAN00007091,2025-03-01,42841.02,CALL_CENTER,PARTIAL
COL000008576,LOAN00007091,2026-09-22,36784.26,DIGITAL,SUCCESS
COL000008577,LOAN00007091,2026-04-07,6886.0,CALL_CENTER,SUCCESS
COL000008578,LOAN00007091,2024-07-26,35661.67,BRANCH,SUCCESS
COL000008579,LOAN00007091,2026-02-21,45888.13,FIELD_AGENT,SUCCESS
COL000008580,LOAN00007092,2025-11-22,1940.34,FIELD_AGENT,PARTIAL
COL000008581,LOAN00007099,2025-05-18,29951.27,DIGITAL,SUCCESS
COL000008582,LOAN00007103,2025-06-07,21042.66,CALL_CENTER,SUCCESS
COL000008583,LOAN00007103,2024-11-14,26522.48,BRANCH,SUCCESS
COL000008584,LOAN00007103,2026-06-05,8055.73,CALL_CENTER,SUCCESS
COL000008585,LOAN00007105,2025-12-19,26804.48,FIELD_AGENT,PARTIAL
COL000008586,LOAN00007105,2026-06-15,45248.58,FIELD_AGENT,SUCCESS
COL000008587,LOAN00007105,2025-04-22,12202.09,DIGITAL,SUCCESS
COL000008588,LOAN00007105,2026-09-11,26023.19,BRANCH,SUCCESS
COL000008589,LOAN00007105,2024-11-27,22966.54,BRANCH,SUCCESS
COL000008590,LOAN00007105,2026-09-18,6738.38,CALL_CENTER,PARTIAL
COL000008591,LOAN00007106,2025-04-29,15688.2,DIGITAL,SUCCESS
COL000008592,LOAN00007106,2025-04-02,35031.3,FIELD_AGENT,SUCCESS
COL000008593,LOAN00007106,2025-01-30,27236.36,DIGITAL,SUCCESS
COL000008594,LOAN00007106,2025-03-15,32331.81,FIELD_AGENT,SUCCESS
COL000008595,LOAN00007106,2024-11-21,41163.02,BRANCH,SUCCESS
COL000008596,LOAN00007107,2025-10-04,21952.67,BRANCH,SUCCESS
COL000008597,LOAN00007107,2024-12-08,34782.71,FIELD_AGENT,PARTIAL
COL000008598,LOAN00007107,2024-11-01,31327.44,FIELD_AGENT,SUCCESS
COL000008599,LOAN00007107,2025-01-24,37315.21,FIELD_AGENT,SUCCESS
COL000008600,LOAN00007108,2026-03-12,18204.21,BRANCH,SUCCESS
COL000008601,LOAN00007108,2025-09-07,22402.97,BRANCH,PARTIAL
COL000008602,LOAN00007108,2024-04-29,23510.24,FIELD_AGENT,PARTIAL
COL000008603,LOAN00007108,2025-10-19,26744.39,FIELD_AGENT,SUCCESS
COL000008604,LOAN00007110,2024-06-09,4482.32,BRANCH,PARTIAL
COL000008605,LOAN00007110,2024-03-09,29867.91,CALL_CENTER,SUCCESS
COL000008606,LOAN00007110,2025-02-05,7013.33,CALL_CENTER,SUCCESS
COL000008607,LOAN00007110,2026-04-13,43997.54,FIELD_AGENT,PARTIAL
COL000008608,LOAN00007110,2026-04-20,8261.1,CALL_CENTER,SUCCESS
COL000008609,LOAN00007112,2025-12-18,22650.87,BRANCH,SUCCESS
COL000008610,LOAN00007112,2024-06-22,34457.69,CALL_CENTER,SUCCESS
COL000008611,LOAN00007112,2024-06-28,21904.38,CALL_CENTER,SUCCESS
COL000008612,LOAN00007112,2025-03-22,42824.59,DIGITAL,SUCCESS
COL000008613,LOAN00007113,2026-04-11,35479.83,DIGITAL,PARTIAL
COL000008614,LOAN00007116,2026-08-18,4129.67,FIELD_AGENT,SUCCESS
COL000008615,LOAN00007116,2025-03-01,42849.86,CALL_CENTER,SUCCESS
COL000008616,LOAN00007116,2024-04-05,40226.37,DIGITAL,SUCCESS
COL000008617,LOAN00007116,2025-07-06,32970.66,CALL_CENTER,SUCCESS
COL000008618,LOAN00007118,2026-08-19,41161.04,FIELD_AGENT,SUCCESS
COL000008619,LOAN00007118,2025-04-21,1928.46,DIGITAL,SUCCESS
COL000008620,LOAN00007118,2024-08-20,16564.43,CALL_CENTER,SUCCESS
COL000008621,LOAN00007121,2024-08-19,19487.95,BRANCH,SUCCESS
COL000008622,LOAN00007126,2024-05-08,28205.51,BRANCH,SUCCESS
COL000008623,LOAN00007126,2026-08-04,46347.08,BRANCH,SUCCESS
COL000008624,LOAN00007126,2024-09-16,6978.54,DIGITAL,PARTIAL
COL000008625,LOAN00007126,2026-07-12,28870.14,BRANCH,SUCCESS
COL000008626,LOAN00007126,2026-09-25,46065.51,FIELD_AGENT,PARTIAL
COL000008627,LOAN00007131,2026-02-06,4308.84,BRANCH,SUCCESS
COL000008628,LOAN00007131,2026-01-05,37204.62,FIELD_AGENT,SUCCESS
COL000008629,LOAN00007135,2025-08-19,18094.86,FIELD_AGENT,SUCCESS
COL000008630,LOAN00007135,2024-11-12,23208.95,BRANCH,SUCCESS
COL000008631,LOAN00007135,2024-03-15,16266.69,FIELD_AGENT,SUCCESS
COL000008632,LOAN00007135,2026-08-12,39583.26,FIELD_AGENT,PARTIAL
COL000008633,LOAN00007141,2025-08-01,19929.06,CALL_CENTER,SUCCESS
COL000008634,LOAN00007141,2024-12-13,36485.64,BRANCH,SUCCESS
COL000008635,LOAN00007141,2025-01-28,44160.32,DIGITAL,SUCCESS
COL000008636,LOAN00007141,2025-04-13,27476.46,DIGITAL,SUCCESS
COL000008637,LOAN00007143,2026-04-22,35866.78,FIELD_AGENT,SUCCESS
COL000008638,LOAN00007143,2025-03-02,18416.75,FIELD_AGENT,SUCCESS
COL000008639,LOAN00007144,2026-08-13,11775.0,BRANCH,SUCCESS
COL000008640,LOAN00007144,2024-08-19,24291.36,DIGITAL,SUCCESS
COL000008641,LOAN00007148,2025-03-15,35974.55,FIELD_AGENT,FAILED
COL000008642,LOAN00007148,2025-04-15,46654.38,FIELD_AGENT,SUCCESS
COL000008643,LOAN00007148,2026-09-18,30923.72,CALL_CENTER,SUCCESS
COL000008644,LOAN00007148,2024-09-10,12440.18,DIGITAL,SUCCESS
COL000008645,LOAN00007148,2024-09-18,26140.7,CALL_CENTER,PARTIAL
COL000008646,LOAN00007148,2025-02-05,43628.8,FIELD_AGENT,SUCCESS
COL000008647,LOAN00007152,2026-07-14,31320.06,DIGITAL,SUCCESS
COL000008648,LOAN00007152,2025-06-06,17008.38,CALL_CENTER,SUCCESS
COL000008649,LOAN00007156,2026-09-14,32266.66,CALL_CENTER,SUCCESS
COL000008650,LOAN00007156,2026-06-05,5638.28,CALL_CENTER,SUCCESS
COL000008651,LOAN00007156,2026-06-13,40136.27,FIELD_AGENT,SUCCESS
COL000008652,LOAN00007156,2025-03-18,6361.16,BRANCH,PARTIAL
COL000008653,LOAN00007158,2025-06-23,40670.64,FIELD_AGENT,SUCCESS
COL000008654,LOAN00007158,2026-06-04,16937.26,BRANCH,SUCCESS
COL000008655,LOAN00007161,2026-05-11,16611.96,FIELD_AGENT,SUCCESS
COL000008656,LOAN00007161,2024-08-19,7969.08,FIELD_AGENT,SUCCESS
COL000008657,LOAN00007161,2025-07-24,47941.3,FIELD_AGENT,PARTIAL
COL000008658,LOAN00007161,2024-07-02,43767.14,CALL_CENTER,SUCCESS
COL000008659,LOAN00007161,2024-03-31,1809.77,CALL_CENTER,SUCCESS
COL000008660,LOAN00007161,2024-10-06,14197.0,FIELD_AGENT,SUCCESS
COL000008661,LOAN00007162,2024-03-09,17024.49,FIELD_AGENT,SUCCESS
COL000008662,LOAN00007162,2025-11-13,26735.01,CALL_CENTER,PARTIAL
COL000008663,LOAN00007162,2024-09-08,39812.49,BRANCH,SUCCESS
COL000008664,LOAN00007162,2025-08-29,39663.01,CALL_CENTER,SUCCESS
COL000008665,LOAN00007163,2026-09-27,22090.71,DIGITAL,SUCCESS
COL000008666,LOAN00007163,2024-07-07,8092.85,DIGITAL,SUCCESS
COL000008667,LOAN00007163,2025-08-20,43643.43,DIGITAL,SUCCESS
COL000008668,LOAN00007163,2025-07-13,21104.12,FIELD_AGENT,SUCCESS
COL000008669,LOAN00007163,2025-04-10,24925.83,CALL_CENTER,SUCCESS
COL000008670,LOAN00007163,2025-12-08,27600.15,FIELD_AGENT,SUCCESS
COL000008671,LOAN00007166,2024-07-28,9897.45,FIELD_AGENT,PARTIAL
COL000008672,LOAN00007166,2024-07-29,6876.41,FIELD_AGENT,SUCCESS
COL000008673,LOAN00007169,2026-08-05,6156.4,DIGITAL,SUCCESS
COL000008674,LOAN00007169,2026-01-10,46916.29,CALL_CENTER,SUCCESS
COL000008675,LOAN00007169,2025-09-05,37511.32,FIELD_AGENT,SUCCESS
COL000008676,LOAN00007169,2026-05-23,47081.51,DIGITAL,SUCCESS
COL000008677,LOAN00007169,2024-12-22,7853.18,BRANCH,SUCCESS
COL000008678,LOAN00007170,2024-03-18,47617.64,BRANCH,PARTIAL
COL000008679,LOAN00007170,2025-03-21,41044.61,FIELD_AGENT,SUCCESS
COL000008680,LOAN00007170,2024-11-07,39688.4,DIGITAL,SUCCESS
COL000008681,LOAN00007170,2026-08-11,43497.1,CALL_CENTER,PARTIAL
COL000008682,LOAN00007177,2026-03-14,30005.38,DIGITAL,SUCCESS
COL000008683,LOAN00007177,2026-01-03,5885.98,DIGITAL,PARTIAL
COL000008684,LOAN00007180,2025-04-28,7883.15,BRANCH,SUCCESS
COL000008685,LOAN00007180,2025-02-06,28857.21,CALL_CENTER,FAILED
COL000008686,LOAN00007180,2026-07-23,21942.52,CALL_CENTER,PARTIAL
COL000008687,LOAN00007180,2026-04-08,38667.2,BRANCH,SUCCESS
COL000008688,LOAN00007180,2025-10-07,32951.67,BRANCH,SUCCESS
COL000008689,LOAN00007181,2026-05-05,38743.77,FIELD_AGENT,FAILED
COL000008690,LOAN00007181,2025-07-29,29757.36,DIGITAL,SUCCESS
COL000008691,LOAN00007181,2025-07-06,18962.19,BRANCH,SUCCESS
COL000008692,LOAN00007181,2024-11-22,45844.69,CALL_CENTER,SUCCESS
COL000008693,LOAN00007181,2026-08-02,5840.82,FIELD_AGENT,SUCCESS
COL000008694,LOAN00007185,2024-05-04,30460.77,CALL_CENTER,SUCCESS
COL000008695,LOAN00007185,2024-09-04,18470.17,FIELD_AGENT,SUCCESS
COL000008696,LOAN00007185,2024-11-04,43651.41,DIGITAL,SUCCESS
COL000008697,LOAN00007185,2026-01-26,24182.75,FIELD_AGENT,SUCCESS
COL000008698,LOAN00007190,2026-09-15,6446.6,CALL_CENTER,SUCCESS
COL000008699,LOAN00007190,2025-09-23,36285.04,FIELD_AGENT,PARTIAL
COL000008700,LOAN00007190,2026-01-21,42558.46,DIGITAL,SUCCESS
COL000008701,LOAN00007197,2025-04-13,49911.58,FIELD_AGENT,SUCCESS
COL000008702,LOAN00007197,2026-07-17,30745.63,DIGITAL,SUCCESS
COL000008703,LOAN00007197,2026-01-13,3521.85,FIELD_AGENT,SUCCESS
COL000008704,LOAN00007197,2024-10-23,9759.98,CALL_CENTER,SUCCESS
COL000008705,LOAN00007197,2025-05-10,5845.1,FIELD_AGENT,SUCCESS
COL000008706,LOAN00007197,2026-05-01,39006.97,CALL_CENTER,SUCCESS
COL000008707,LOAN00007198,2024-09-26,13569.19,FIELD_AGENT,SUCCESS
COL000008708,LOAN00007198,2024-10-20,42047.9,DIGITAL,SUCCESS
COL000008709,LOAN00007198,2026-05-13,15937.6,DIGITAL,SUCCESS
COL000008710,LOAN00007198,2025-03-04,28685.28,DIGITAL,PARTIAL
COL000008711,LOAN00007198,2024-07-08,30878.26,BRANCH,SUCCESS
COL000008712,LOAN00007200,2026-08-04,14725.81,DIGITAL,SUCCESS
COL000008713,LOAN00007200,2026-03-05,16186.79,DIGITAL,SUCCESS
COL000008714,LOAN00007200,2024-11-11,44828.41,CALL_CENTER,SUCCESS
COL000008715,LOAN00007204,2024-12-12,45009.23,FIELD_AGENT,SUCCESS
COL000008716,LOAN00007204,2025-11-08,40041.0,DIGITAL,SUCCESS
COL000008717,LOAN00007204,2025-05-12,45038.98,BRANCH,PARTIAL
COL000008718,LOAN00007204,2024-09-11,27503.71,FIELD_AGENT,PARTIAL
COL000008719,LOAN00007207,2026-08-15,44668.81,CALL_CENTER,SUCCESS
COL000008720,LOAN00007207,2026-07-10,13694.58,FIELD_AGENT,PARTIAL
COL000008721,LOAN00007207,2025-07-28,46995.81,DIGITAL,SUCCESS
COL000008722,LOAN00007207,2025-03-03,16574.87,DIGITAL,PARTIAL
COL000008723,LOAN00007209,2024-10-29,19139.87,FIELD_AGENT,SUCCESS
COL000008724,LOAN00007210,2024-07-17,12888.23,BRANCH,SUCCESS
COL000008725,LOAN00007210,2024-03-06,41302.51,DIGITAL,SUCCESS
COL000008726,LOAN00007210,2026-06-27,37448.65,DIGITAL,SUCCESS
COL000008727,LOAN00007210,2026-01-27,5718.55,BRANCH,SUCCESS
COL000008728,LOAN00007212,2025-09-09,18254.32,FIELD_AGENT,SUCCESS
COL000008729,LOAN00007212,2026-05-25,46984.18,FIELD_AGENT,SUCCESS
COL000008730,LOAN00007212,2025-05-20,3400.55,DIGITAL,SUCCESS
COL000008731,LOAN00007212,2024-09-07,18525.78,BRANCH,FAILED
COL000008732,LOAN00007212,2026-04-13,20778.02,CALL_CENTER,SUCCESS
COL000008733,LOAN00007218,2025-05-18,11445.82,FIELD_AGENT,SUCCESS
COL000008734,LOAN00007218,2024-04-05,20285.04,CALL_CENTER,SUCCESS
COL000008735,LOAN00007218,2024-03-05,24857.39,BRANCH,PARTIAL
COL000008736,LOAN00007222,2025-09-05,13935.29,FIELD_AGENT,SUCCESS
COL000008737,LOAN00007224,2025-01-24,49277.5,DIGITAL,PARTIAL
COL000008738,LOAN00007224,2024-06-10,1316.14,DIGITAL,PARTIAL
COL000008739,LOAN00007224,2024-12-09,27021.7,BRANCH,PARTIAL
COL000008740,LOAN00007224,2025-11-09,38063.68,CALL_CENTER,SUCCESS
COL000008741,LOAN00007224,2026-07-24,39447.38,BRANCH,SUCCESS
COL000008742,LOAN00007225,2025-10-06,34369.69,FIELD_AGENT,SUCCESS
COL000008743,LOAN00007227,2026-08-12,15037.27,DIGITAL,PARTIAL
COL000008744,LOAN00007227,2026-09-14,41576.91,FIELD_AGENT,PARTIAL
COL000008745,LOAN00007227,2025-05-05,38943.24,BRANCH,FAILED
COL000008746,LOAN00007227,2026-07-07,18032.99,FIELD_AGENT,SUCCESS
COL000008747,LOAN00007227,2026-06-03,23222.1,CALL_CENTER,SUCCESS
COL000008748,LOAN00007227,2025-07-17,10281.11,DIGITAL,PARTIAL
COL000008749,LOAN00007231,2026-03-04,11935.41,DIGITAL,SUCCESS
COL000008750,LOAN00007231,2024-05-18,21495.22,FIELD_AGENT,SUCCESS
COL000008751,LOAN00007232,2026-01-27,18033.41,CALL_CENTER,PARTIAL
COL000008752,LOAN00007232,2026-03-19,41767.78,FIELD_AGENT,PARTIAL
COL000008753,LOAN00007232,2026-06-19,47378.81,BRANCH,PARTIAL
COL000008754,LOAN00007232,2025-05-02,1313.94,DIGITAL,SUCCESS
COL000008755,LOAN00007234,2026-04-29,48288.01,DIGITAL,SUCCESS
COL000008756,LOAN00007234,2025-11-28,8869.73,DIGITAL,PARTIAL
COL000008757,LOAN00007234,2025-04-14,42540.31,CALL_CENTER,SUCCESS
COL000008758,LOAN00007237,2025-06-08,3249.37,DIGITAL,SUCCESS
COL000008759,LOAN00007237,2025-09-24,6244.14,BRANCH,SUCCESS
COL000008760,LOAN00007237,2024-04-22,34221.04,FIELD_AGENT,PARTIAL
COL000008761,LOAN00007237,2025-05-20,14194.6,FIELD_AGENT,SUCCESS
COL000008762,LOAN00007237,2025-01-06,42788.99,FIELD_AGENT,SUCCESS
COL000008763,LOAN00007239,2026-09-06,24192.25,FIELD_AGENT,SUCCESS
COL000008764,LOAN00007239,2024-07-06,45193.99,FIELD_AGENT,FAILED
COL000008765,LOAN00007239,2024-10-12,20687.82,CALL_CENTER,SUCCESS
COL000008766,LOAN00007239,2025-07-22,40184.92,DIGITAL,SUCCESS
COL000008767,LOAN00007239,2026-06-23,15113.38,DIGITAL,SUCCESS
COL000008768,LOAN00007251,2024-10-09,6638.25,DIGITAL,SUCCESS
COL000008769,LOAN00007251,2025-03-16,31790.05,FIELD_AGENT,SUCCESS
COL000008770,LOAN00007251,2026-03-13,18994.48,DIGITAL,SUCCESS
COL000008771,LOAN00007258,2026-01-04,12060.47,CALL_CENTER,PARTIAL
COL000008772,LOAN00007258,2024-11-05,34455.58,DIGITAL,SUCCESS
COL000008773,LOAN00007258,2026-06-18,37605.42,DIGITAL,PARTIAL
COL000008774,LOAN00007258,2025-08-10,8715.02,FIELD_AGENT,SUCCESS
COL000008775,LOAN00007259,2024-04-26,15275.14,FIELD_AGENT,SUCCESS
COL000008776,LOAN00007259,2024-07-14,43201.32,BRANCH,SUCCESS
COL000008777,LOAN00007261,2026-09-11,31958.65,CALL_CENTER,PARTIAL
COL000008778,LOAN00007261,2024-11-03,38731.69,BRANCH,SUCCESS
COL000008779,LOAN00007261,2026-05-29,23188.77,BRANCH,SUCCESS
COL000008780,LOAN00007261,2026-05-19,10834.48,BRANCH,PARTIAL
COL000008781,LOAN00007261,2024-06-22,45470.02,FIELD_AGENT,SUCCESS
COL000008782,LOAN00007262,2025-12-18,11454.92,CALL_CENTER,SUCCESS
COL000008783,LOAN00007262,2024-12-06,22690.48,DIGITAL,SUCCESS
COL000008784,LOAN00007263,2026-08-26,29079.44,BRANCH,PARTIAL
COL000008785,LOAN00007263,2025-02-26,15897.89,CALL_CENTER,SUCCESS
COL000008786,LOAN00007263,2025-07-13,24728.56,DIGITAL,SUCCESS
COL000008787,LOAN00007263,2025-07-28,46736.3,CALL_CENTER,SUCCESS
COL000008788,LOAN00007263,2025-12-08,4075.06,FIELD_AGENT,SUCCESS
COL000008789,LOAN00007263,2024-11-23,1277.02,DIGITAL,SUCCESS
COL000008790,LOAN00007264,2025-01-06,6004.07,BRANCH,SUCCESS
COL000008791,LOAN00007265,2024-12-18,28273.52,BRANCH,SUCCESS
COL000008792,LOAN00007265,2025-10-05,10660.46,DIGITAL,SUCCESS
COL000008793,LOAN00007265,2026-02-08,49923.1,BRANCH,SUCCESS
COL000008794,LOAN00007266,2024-11-01,23220.32,CALL_CENTER,SUCCESS
COL000008795,LOAN00007266,2024-12-10,33337.09,FIELD_AGENT,SUCCESS
COL000008796,LOAN00007266,2025-11-21,47436.68,CALL_CENTER,SUCCESS
COL000008797,LOAN00007268,2026-05-13,13374.75,CALL_CENTER,SUCCESS
COL000008798,LOAN00007268,2025-09-12,46095.68,BRANCH,SUCCESS
COL000008799,LOAN00007268,2026-06-25,22033.53,BRANCH,SUCCESS
COL000008800,LOAN00007268,2025-02-04,37293.37,BRANCH,SUCCESS
COL000008801,LOAN00007268,2024-12-03,5858.79,FIELD_AGENT,SUCCESS
COL000008802,LOAN00007270,2025-10-27,30447.97,FIELD_AGENT,PARTIAL
COL000008803,LOAN00007270,2026-03-08,10097.7,BRANCH,FAILED
COL000008804,LOAN00007270,2025-01-23,46935.85,FIELD_AGENT,SUCCESS
COL000008805,LOAN00007270,2024-07-12,37090.41,FIELD_AGENT,SUCCESS
COL000008806,LOAN00007270,2025-06-12,7640.14,DIGITAL,SUCCESS
COL000008807,LOAN00007270,2026-02-18,46358.83,BRANCH,SUCCESS
COL000008808,LOAN00007275,2025-01-11,16417.05,BRANCH,SUCCESS
COL000008809,LOAN00007275,2025-07-15,36015.49,CALL_CENTER,SUCCESS
COL000008810,LOAN00007275,2024-08-13,31039.94,FIELD_AGENT,SUCCESS
COL000008811,LOAN00007275,2024-05-31,30253.35,BRANCH,SUCCESS
COL000008812,LOAN00007276,2026-03-25,48673.5,FIELD_AGENT,SUCCESS
COL000008813,LOAN00007278,2025-03-31,48337.39,DIGITAL,SUCCESS
COL000008814,LOAN00007278,2025-08-20,47404.29,FIELD_AGENT,SUCCESS
COL000008815,LOAN00007278,2024-12-27,39372.64,CALL_CENTER,SUCCESS
COL000008816,LOAN00007278,2024-06-27,1175.06,FIELD_AGENT,SUCCESS
COL000008817,LOAN00007278,2024-06-12,22963.76,CALL_CENTER,SUCCESS
COL000008818,LOAN00007280,2026-08-16,13952.29,BRANCH,SUCCESS
COL000008819,LOAN00007280,2026-03-24,2189.57,BRANCH,SUCCESS
COL000008820,LOAN00007281,2025-01-28,36875.05,DIGITAL,SUCCESS
COL000008821,LOAN00007281,2026-09-29,47505.89,FIELD_AGENT,SUCCESS
COL000008822,LOAN00007281,2025-07-21,43499.62,FIELD_AGENT,SUCCESS
COL000008823,LOAN00007289,2025-06-19,16507.24,CALL_CENTER,SUCCESS
COL000008824,LOAN00007289,2024-04-27,32558.03,BRANCH,SUCCESS
COL000008825,LOAN00007289,2024-09-10,27324.55,DIGITAL,SUCCESS
COL000008826,LOAN00007289,2026-07-09,27985.1,DIGITAL,SUCCESS
COL000008827,LOAN00007289,2024-05-19,47369.26,BRANCH,SUCCESS
COL000008828,LOAN00007289,2025-04-16,39143.5,BRANCH,SUCCESS
COL000008829,LOAN00007291,2025-08-23,10259.62,CALL_CENTER,PARTIAL
COL000008830,LOAN00007291,2026-06-08,46863.96,CALL_CENTER,SUCCESS
COL000008831,LOAN00007291,2025-05-16,9701.72,CALL_CENTER,SUCCESS
COL000008832,LOAN00007291,2025-01-06,37254.28,CALL_CENTER,PARTIAL
COL000008833,LOAN00007291,2026-09-21,40630.43,CALL_CENTER,PARTIAL
COL000008834,LOAN00007292,2026-07-03,12988.31,DIGITAL,SUCCESS
COL000008835,LOAN00007292,2026-08-29,39632.21,CALL_CENTER,SUCCESS
COL000008836,LOAN00007292,2026-03-05,42692.27,DIGITAL,SUCCESS
COL000008837,LOAN00007292,2025-10-10,7609.41,BRANCH,SUCCESS
COL000008838,LOAN00007295,2025-12-29,3010.14,FIELD_AGENT,SUCCESS
COL000008839,LOAN00007295,2026-08-03,1360.31,FIELD_AGENT,SUCCESS
COL000008840,LOAN00007298,2026-01-27,5010.32,FIELD_AGENT,SUCCESS
COL000008841,LOAN00007298,2025-06-30,6475.56,CALL_CENTER,PARTIAL
COL000008842,LOAN00007298,2024-11-23,24929.28,CALL_CENTER,SUCCESS
COL000008843,LOAN00007304,2024-10-26,15044.09,CALL_CENTER,SUCCESS
COL000008844,LOAN00007304,2025-12-02,26736.55,FIELD_AGENT,SUCCESS
COL000008845,LOAN00007304,2024-09-01,49112.06,FIELD_AGENT,SUCCESS
COL000008846,LOAN00007304,2024-05-12,46331.98,DIGITAL,PARTIAL
COL000008847,LOAN00007304,2024-06-29,25852.09,DIGITAL,SUCCESS
COL000008848,LOAN00007304,2024-07-10,16575.44,BRANCH,PARTIAL
COL000008849,LOAN00007311,2025-09-16,26921.36,FIELD_AGENT,SUCCESS
COL000008850,LOAN00007311,2025-07-04,45145.01,CALL_CENTER,SUCCESS
COL000008851,LOAN00007311,2025-10-09,2024.78,DIGITAL,SUCCESS
COL000008852,LOAN00007311,2026-09-23,18523.45,CALL_CENTER,SUCCESS
COL000008853,LOAN00007313,2026-01-05,7429.98,FIELD_AGENT,FAILED
COL000008854,LOAN00007313,2025-09-24,11661.7,CALL_CENTER,SUCCESS
COL000008855,LOAN00007313,2026-01-03,8506.74,DIGITAL,PARTIAL
COL000008856,LOAN00007313,2025-03-11,8061.12,FIELD_AGENT,SUCCESS
COL000008857,LOAN00007316,2024-06-07,2197.91,FIELD_AGENT,SUCCESS
COL000008858,LOAN00007316,2024-07-14,2008.45,DIGITAL,PARTIAL
COL000008859,LOAN00007319,2026-04-06,9633.96,DIGITAL,SUCCESS
COL000008860,LOAN00007319,2024-12-07,35848.22,BRANCH,SUCCESS
COL000008861,LOAN00007319,2024-03-12,27773.64,DIGITAL,SUCCESS
COL000008862,LOAN00007319,2024-09-06,28008.92,CALL_CENTER,SUCCESS
COL000008863,LOAN00007323,2026-01-31,29623.6,FIELD_AGENT,PARTIAL
COL000008864,LOAN00007323,2026-05-06,15606.67,DIGITAL,FAILED
COL000008865,LOAN00007323,2025-03-13,24346.2,CALL_CENTER,SUCCESS
COL000008866,LOAN00007323,2026-07-05,22259.16,FIELD_AGENT,SUCCESS
COL000008867,LOAN00007323,2026-01-08,28272.43,CALL_CENTER,SUCCESS
COL000008868,LOAN00007323,2026-06-28,31593.53,FIELD_AGENT,SUCCESS
COL000008869,LOAN00007328,2024-03-15,3705.56,BRANCH,SUCCESS
COL000008870,LOAN00007328,2024-06-05,16616.68,FIELD_AGENT,SUCCESS
COL000008871,LOAN00007328,2025-08-11,33111.87,DIGITAL,SUCCESS
COL000008872,LOAN00007331,2025-01-17,30972.82,FIELD_AGENT,SUCCESS
COL000008873,LOAN00007331,2025-09-04,31706.4,FIELD_AGENT,SUCCESS
COL000008874,LOAN00007331,2026-06-02,14467.28,BRANCH,SUCCESS
COL000008875,LOAN00007331,2024-12-18,46761.41,BRANCH,SUCCESS
COL000008876,LOAN00007331,2024-05-31,24214.87,BRANCH,SUCCESS
COL000008877,LOAN00007333,2025-09-14,9823.93,BRANCH,SUCCESS
COL000008878,LOAN00007333,2025-11-15,20784.6,CALL_CENTER,SUCCESS
COL000008879,LOAN00007333,2025-04-26,7527.14,BRANCH,SUCCESS
COL000008880,LOAN00007333,2026-05-16,5508.66,FIELD_AGENT,PARTIAL
COL000008881,LOAN00007333,2025-11-14,29409.36,FIELD_AGENT,SUCCESS
COL000008882,LOAN00007334,2024-05-23,33594.44,DIGITAL,SUCCESS
COL000008883,LOAN00007334,2025-07-13,19479.09,FIELD_AGENT,SUCCESS
COL000008884,LOAN00007339,2024-05-03,37233.44,FIELD_AGENT,FAILED
COL000008885,LOAN00007339,2025-08-07,11765.48,BRANCH,SUCCESS
COL000008886,LOAN00007339,2024-06-28,13239.22,DIGITAL,FAILED
COL000008887,LOAN00007339,2026-06-15,7298.26,DIGITAL,SUCCESS
COL000008888,LOAN00007339,2025-04-27,16634.41,BRANCH,SUCCESS
COL000008889,LOAN00007340,2026-01-10,10226.02,BRANCH,SUCCESS
COL000008890,LOAN00007340,2026-02-15,3841.05,CALL_CENTER,SUCCESS
COL000008891,LOAN00007340,2026-01-06,43391.12,FIELD_AGENT,SUCCESS
COL000008892,LOAN00007341,2025-07-12,42028.24,CALL_CENTER,SUCCESS
COL000008893,LOAN00007341,2024-12-21,38272.52,FIELD_AGENT,PARTIAL
COL000008894,LOAN00007341,2026-01-13,14462.14,BRANCH,SUCCESS
COL000008895,LOAN00007343,2025-10-23,20100.0,FIELD_AGENT,SUCCESS
COL000008896,LOAN00007343,2025-09-23,36991.3,FIELD_AGENT,SUCCESS
COL000008897,LOAN00007343,2026-06-15,2914.99,DIGITAL,SUCCESS
COL000008898,LOAN00007343,2024-10-21,17667.26,DIGITAL,SUCCESS
COL000008899,LOAN00007344,2026-07-06,32726.2,CALL_CENTER,SUCCESS
COL000008900,LOAN00007344,2026-06-30,29685.09,FIELD_AGENT,SUCCESS
COL000008901,LOAN00007344,2025-03-24,42248.79,DIGITAL,SUCCESS
COL000008902,LOAN00007344,2026-09-25,21233.5,CALL_CENTER,SUCCESS
COL000008903,LOAN00007344,2024-10-13,26958.46,BRANCH,SUCCESS
COL000008904,LOAN00007344,2024-07-18,35812.59,DIGITAL,SUCCESS
COL000008905,LOAN00007346,2024-06-06,37520.92,FIELD_AGENT,SUCCESS
COL000008906,LOAN00007346,2026-08-03,49596.57,DIGITAL,SUCCESS
COL000008907,LOAN00007346,2025-03-23,21939.68,BRANCH,SUCCESS
COL000008908,LOAN00007347,2024-09-23,7275.73,CALL_CENTER,SUCCESS
COL000008909,LOAN00007348,2025-06-26,31185.88,DIGITAL,SUCCESS
COL000008910,LOAN00007348,2025-02-27,15143.77,CALL_CENTER,PARTIAL
COL000008911,LOAN00007348,2024-12-09,21080.08,FIELD_AGENT,SUCCESS
COL000008912,LOAN00007349,2024-07-11,49164.85,CALL_CENTER,SUCCESS
COL000008913,LOAN00007349,2026-03-20,38452.36,DIGITAL,SUCCESS
COL000008914,LOAN00007349,2024-10-30,47925.3,DIGITAL,SUCCESS
COL000008915,LOAN00007352,2024-03-22,48962.04,BRANCH,SUCCESS
COL000008916,LOAN00007352,2025-06-05,21306.45,CALL_CENTER,FAILED
COL000008917,LOAN00007352,2026-04-28,19629.25,BRANCH,SUCCESS
COL000008918,LOAN00007352,2025-08-18,25263.71,CALL_CENTER,SUCCESS
COL000008919,LOAN00007352,2026-08-30,46980.46,BRANCH,SUCCESS
COL000008920,LOAN00007354,2026-03-01,31415.18,CALL_CENTER,SUCCESS
COL000008921,LOAN00007354,2025-02-07,27235.05,BRANCH,PARTIAL
COL000008922,LOAN00007354,2024-06-18,14480.46,FIELD_AGENT,SUCCESS
COL000008923,LOAN00007354,2025-02-16,19765.42,BRANCH,SUCCESS
COL000008924,LOAN00007354,2024-06-07,48254.07,DIGITAL,SUCCESS
COL000008925,LOAN00007355,2026-08-01,1087.39,FIELD_AGENT,SUCCESS
COL000008926,LOAN00007355,2024-08-10,10453.07,CALL_CENTER,SUCCESS
COL000008927,LOAN00007355,2025-02-11,10842.6,BRANCH,PARTIAL
COL000008928,LOAN00007355,2025-12-11,8385.56,DIGITAL,SUCCESS
COL000008929,LOAN00007357,2025-12-24,37032.99,DIGITAL,PARTIAL
COL000008930,LOAN00007360,2026-08-06,46126.52,FIELD_AGENT,SUCCESS
COL000008931,LOAN00007360,2024-12-10,8405.18,FIELD_AGENT,SUCCESS
COL000008932,LOAN00007360,2024-04-28,43353.85,BRANCH,SUCCESS
COL000008933,LOAN00007360,2024-06-24,5236.67,BRANCH,SUCCESS
COL000008934,LOAN00007363,2024-05-08,43125.16,BRANCH,SUCCESS
COL000008935,LOAN00007363,2024-06-08,5185.49,CALL_CENTER,SUCCESS
COL000008936,LOAN00007363,2026-07-26,15705.68,DIGITAL,SUCCESS
COL000008937,LOAN00007363,2026-09-03,45940.41,CALL_CENTER,SUCCESS
COL000008938,LOAN00007363,2025-08-25,25049.94,CALL_CENTER,PARTIAL
COL000008939,LOAN00007372,2024-06-13,32415.48,FIELD_AGENT,SUCCESS
COL000008940,LOAN00007372,2026-01-17,34158.62,FIELD_AGENT,SUCCESS
COL000008941,LOAN00007372,2024-11-22,39949.37,FIELD_AGENT,SUCCESS
COL000008942,LOAN00007372,2026-09-18,26703.25,FIELD_AGENT,SUCCESS
COL000008943,LOAN00007372,2025-07-28,39253.08,CALL_CENTER,SUCCESS
COL000008944,LOAN00007374,2024-07-16,1452.63,FIELD_AGENT,SUCCESS
COL000008945,LOAN00007374,2025-08-20,32928.72,BRANCH,SUCCESS
COL000008946,LOAN00007374,2025-08-27,25402.32,FIELD_AGENT,SUCCESS
COL000008947,LOAN00007374,2024-11-26,28023.16,DIGITAL,PARTIAL
COL000008948,LOAN00007374,2024-09-13,23006.34,FIELD_AGENT,SUCCESS
COL000008949,LOAN00007376,2026-06-26,6906.21,BRANCH,SUCCESS
COL000008950,LOAN00007376,2025-06-29,7201.17,CALL_CENTER,SUCCESS
COL000008951,LOAN00007383,2024-06-06,3627.96,FIELD_AGENT,SUCCESS
COL000008952,LOAN00007383,2026-03-30,27349.61,BRANCH,SUCCESS
COL000008953,LOAN00007383,2024-06-04,12237.45,BRANCH,SUCCESS
COL000008954,LOAN00007383,2026-04-15,19820.51,FIELD_AGENT,SUCCESS
COL000008955,LOAN00007384,2024-05-13,49751.9,DIGITAL,SUCCESS
COL000008956,LOAN00007384,2026-05-16,20755.28,CALL_CENTER,PARTIAL
COL000008957,LOAN00007384,2024-11-23,21470.23,FIELD_AGENT,SUCCESS
COL000008958,LOAN00007384,2026-09-25,31883.73,DIGITAL,SUCCESS
COL000008959,LOAN00007385,2025-09-13,10202.55,CALL_CENTER,PARTIAL
COL000008960,LOAN00007385,2026-04-29,46459.75,CALL_CENTER,PARTIAL
COL000008961,LOAN00007388,2024-07-11,26736.13,DIGITAL,SUCCESS
COL000008962,LOAN00007388,2024-12-14,24125.2,BRANCH,SUCCESS
COL000008963,LOAN00007389,2025-10-01,8468.02,FIELD_AGENT,SUCCESS
COL000008964,LOAN00007389,2024-10-21,30965.42,FIELD_AGENT,SUCCESS
COL000008965,LOAN00007390,2026-09-12,40264.0,BRANCH,SUCCESS
COL000008966,LOAN00007390,2024-11-25,36077.25,BRANCH,SUCCESS
COL000008967,LOAN00007390,2024-11-21,25130.15,DIGITAL,FAILED
COL000008968,LOAN00007390,2026-09-18,12248.93,BRANCH,SUCCESS
COL000008969,LOAN00007390,2025-06-18,25495.57,CALL_CENTER,SUCCESS
COL000008970,LOAN00007394,2025-10-17,10006.43,DIGITAL,SUCCESS
COL000008971,LOAN00007394,2026-05-04,15345.93,DIGITAL,SUCCESS
COL000008972,LOAN00007397,2024-03-29,29782.92,DIGITAL,SUCCESS
COL000008973,LOAN00007397,2025-12-18,14518.24,CALL_CENTER,SUCCESS
COL000008974,LOAN00007397,2026-05-10,43945.67,BRANCH,FAILED
COL000008975,LOAN00007397,2025-10-26,28462.35,CALL_CENTER,SUCCESS
COL000008976,LOAN00007397,2026-01-24,39218.64,DIGITAL,PARTIAL
COL000008977,LOAN00007397,2025-06-12,30595.66,DIGITAL,SUCCESS
COL000008978,LOAN00007399,2025-03-05,35106.53,BRANCH,SUCCESS
COL000008979,LOAN00007399,2026-03-10,28310.5,DIGITAL,PARTIAL
COL000008980,LOAN00007402,2024-06-25,21329.86,FIELD_AGENT,SUCCESS
COL000008981,LOAN00007402,2024-10-14,8726.68,CALL_CENTER,FAILED
COL000008982,LOAN00007402,2024-04-10,10336.32,BRANCH,PARTIAL
COL000008983,LOAN00007402,2025-11-26,2097.42,CALL_CENTER,PARTIAL
COL000008984,LOAN00007402,2025-10-30,17240.25,DIGITAL,SUCCESS
COL000008985,LOAN00007404,2025-05-01,46618.93,BRANCH,SUCCESS
COL000008986,LOAN00007404,2025-09-14,14770.26,CALL_CENTER,PARTIAL
COL000008987,LOAN00007404,2025-10-24,24206.7,BRANCH,PARTIAL
COL000008988,LOAN00007404,2025-12-27,49545.71,FIELD_AGENT,SUCCESS
COL000008989,LOAN00007404,2024-12-24,19672.89,FIELD_AGENT,SUCCESS
COL000008990,LOAN00007404,2024-06-25,23550.64,DIGITAL,FAILED
COL000008991,LOAN00007406,2024-08-28,28311.71,BRANCH,SUCCESS
COL000008992,LOAN00007406,2025-12-04,47001.82,BRANCH,SUCCESS
COL000008993,LOAN00007406,2024-07-08,3166.65,DIGITAL,PARTIAL
COL000008994,LOAN00007406,2025-06-14,48761.26,FIELD_AGENT,SUCCESS
COL000008995,LOAN00007406,2024-05-28,7590.71,FIELD_AGENT,SUCCESS
COL000008996,LOAN00007408,2025-08-07,6910.53,FIELD_AGENT,SUCCESS
COL000008997,LOAN00007408,2024-08-07,46193.22,CALL_CENTER,PARTIAL
COL000008998,LOAN00007408,2024-05-02,37725.06,BRANCH,SUCCESS
COL000008999,LOAN00007408,2025-03-15,3173.63,BRANCH,PARTIAL
COL000009000,LOAN00007410,2026-09-04,48747.67,BRANCH,SUCCESS
COL000009001,LOAN00007410,2024-07-13,12864.78,DIGITAL,SUCCESS
COL000009002,LOAN00007410,2025-04-20,2310.52,BRANCH,SUCCESS
COL000009003,LOAN00007410,2024-08-19,20647.65,FIELD_AGENT,SUCCESS
COL000009004,LOAN00007410,2024-11-08,47040.51,FIELD_AGENT,SUCCESS
COL000009005,LOAN00007410,2024-09-13,17342.89,CALL_CENTER,SUCCESS
COL000009006,LOAN00007412,2026-08-26,27474.64,BRANCH,SUCCESS
COL000009007,LOAN00007413,2026-06-24,19385.26,FIELD_AGENT,PARTIAL
COL000009008,LOAN00007413,2026-01-11,18055.65,DIGITAL,SUCCESS
COL000009009,LOAN00007414,2025-04-18,16039.3,DIGITAL,SUCCESS
COL000009010,LOAN00007414,2026-07-22,49143.66,FIELD_AGENT,PARTIAL
COL000009011,LOAN00007414,2026-09-23,7444.0,BRANCH,PARTIAL
COL000009012,LOAN00007415,2026-05-21,19019.18,CALL_CENTER,PARTIAL
COL000009013,LOAN00007415,2026-09-19,23214.91,CALL_CENTER,SUCCESS
COL000009014,LOAN00007415,2025-04-17,33843.05,CALL_CENTER,SUCCESS
COL000009015,LOAN00007417,2025-04-06,12727.52,DIGITAL,SUCCESS
COL000009016,LOAN00007417,2026-06-20,19723.62,DIGITAL,SUCCESS
COL000009017,LOAN00007417,2024-09-01,28202.7,DIGITAL,SUCCESS
COL000009018,LOAN00007417,2025-09-21,45620.55,DIGITAL,SUCCESS
COL000009019,LOAN00007417,2024-11-30,31290.58,FIELD_AGENT,SUCCESS
COL000009020,LOAN00007417,2024-05-27,18740.01,CALL_CENTER,SUCCESS
COL000009021,LOAN00007418,2024-11-20,36150.03,FIELD_AGENT,SUCCESS
COL000009022,LOAN00007418,2025-02-14,36651.38,DIGITAL,SUCCESS
COL000009023,LOAN00007418,2025-07-25,18353.43,CALL_CENTER,SUCCESS
COL000009024,LOAN00007418,2024-10-10,18758.64,DIGITAL,SUCCESS
COL000009025,LOAN00007418,2025-03-23,11196.52,CALL_CENTER,SUCCESS
COL000009026,LOAN00007418,2026-09-12,25912.93,CALL_CENTER,SUCCESS
COL000009027,LOAN00007420,2024-08-13,3584.93,CALL_CENTER,PARTIAL
COL000009028,LOAN00007420,2026-07-14,39973.51,CALL_CENTER,SUCCESS
COL000009029,LOAN00007420,2025-07-02,26396.18,BRANCH,SUCCESS
COL000009030,LOAN00007421,2025-09-05,25326.56,DIGITAL,SUCCESS
COL000009031,LOAN00007421,2024-05-18,8195.92,CALL_CENTER,SUCCESS
COL000009032,LOAN00007421,2024-03-29,40684.86,DIGITAL,SUCCESS
COL000009033,LOAN00007425,2024-04-12,3809.61,CALL_CENTER,PARTIAL
COL000009034,LOAN00007425,2026-03-21,42157.2,BRANCH,SUCCESS
COL000009035,LOAN00007425,2024-03-16,41625.33,CALL_CENTER,SUCCESS
COL000009036,LOAN00007425,2025-03-13,24332.16,CALL_CENTER,SUCCESS
COL000009037,LOAN00007425,2024-04-07,16608.64,CALL_CENTER,PARTIAL
COL000009038,LOAN00007427,2026-03-05,28321.63,CALL_CENTER,SUCCESS
COL000009039,LOAN00007427,2026-02-17,9469.33,BRANCH,SUCCESS
COL000009040,LOAN00007427,2026-09-14,39620.38,BRANCH,SUCCESS
COL000009041,LOAN00007427,2026-08-27,3410.36,CALL_CENTER,SUCCESS
COL000009042,LOAN00007428,2024-09-05,10193.28,DIGITAL,SUCCESS
COL000009043,LOAN00007431,2025-05-06,25597.43,BRANCH,SUCCESS
COL000009044,LOAN00007431,2026-03-23,37897.41,DIGITAL,SUCCESS
COL000009045,LOAN00007431,2026-09-08,16945.72,BRANCH,SUCCESS
COL000009046,LOAN00007431,2024-08-10,49645.51,CALL_CENTER,SUCCESS
COL000009047,LOAN00007434,2024-09-20,33987.09,BRANCH,SUCCESS
COL000009048,LOAN00007434,2024-08-21,37915.25,DIGITAL,SUCCESS
COL000009049,LOAN00007434,2026-04-21,5407.62,CALL_CENTER,SUCCESS
COL000009050,LOAN00007434,2026-09-27,18571.58,CALL_CENTER,FAILED
COL000009051,LOAN00007441,2026-06-27,42595.8,BRANCH,SUCCESS
COL000009052,LOAN00007441,2024-04-22,31124.31,CALL_CENTER,SUCCESS
COL000009053,LOAN00007441,2025-04-12,20221.69,CALL_CENTER,SUCCESS
COL000009054,LOAN00007441,2024-03-21,28109.8,FIELD_AGENT,FAILED
COL000009055,LOAN00007441,2026-02-21,15567.23,CALL_CENTER,SUCCESS
COL000009056,LOAN00007441,2024-10-11,9681.88,CALL_CENTER,PARTIAL
COL000009057,LOAN00007447,2025-09-14,6058.88,CALL_CENTER,SUCCESS
COL000009058,LOAN00007447,2025-12-19,6201.79,DIGITAL,PARTIAL
COL000009059,LOAN00007447,2025-03-19,20879.29,CALL_CENTER,PARTIAL
COL000009060,LOAN00007450,2026-06-26,34508.94,FIELD_AGENT,SUCCESS
COL000009061,LOAN00007450,2024-11-04,25955.29,BRANCH,FAILED
COL000009062,LOAN00007454,2025-06-13,11878.79,CALL_CENTER,SUCCESS
COL000009063,LOAN00007454,2024-11-05,5802.9,BRANCH,SUCCESS
COL000009064,LOAN00007463,2024-06-11,44923.55,FIELD_AGENT,PARTIAL
COL000009065,LOAN00007463,2025-06-03,43406.54,BRANCH,SUCCESS
COL000009066,LOAN00007463,2025-06-26,34185.92,BRANCH,PARTIAL
COL000009067,LOAN00007463,2025-09-02,7633.11,DIGITAL,SUCCESS
COL000009068,LOAN00007463,2025-04-17,29633.62,DIGITAL,SUCCESS
COL000009069,LOAN00007464,2024-09-04,23010.49,CALL_CENTER,PARTIAL
COL000009070,LOAN00007464,2026-05-07,37728.92,BRANCH,SUCCESS
COL000009071,LOAN00007469,2024-10-15,23528.06,DIGITAL,SUCCESS
COL000009072,LOAN00007469,2026-05-01,20414.78,FIELD_AGENT,SUCCESS
COL000009073,LOAN00007469,2024-05-03,42312.92,FIELD_AGENT,SUCCESS
COL000009074,LOAN00007469,2025-03-02,43694.27,CALL_CENTER,SUCCESS
COL000009075,LOAN00007469,2024-08-02,17730.0,DIGITAL,SUCCESS
COL000009076,LOAN00007469,2025-04-15,7361.76,DIGITAL,PARTIAL
COL000009077,LOAN00007478,2024-05-16,38784.69,BRANCH,SUCCESS
COL000009078,LOAN00007478,2025-03-22,8755.83,FIELD_AGENT,SUCCESS
COL000009079,LOAN00007478,2025-05-09,7852.14,CALL_CENTER,SUCCESS
COL000009080,LOAN00007481,2025-11-16,10305.58,FIELD_AGENT,SUCCESS
COL000009081,LOAN00007481,2026-07-18,13509.73,FIELD_AGENT,SUCCESS
COL000009082,LOAN00007481,2025-04-15,6801.69,BRANCH,SUCCESS
COL000009083,LOAN00007481,2024-03-07,39467.38,DIGITAL,SUCCESS
COL000009084,LOAN00007481,2024-12-22,23270.78,DIGITAL,SUCCESS
COL000009085,LOAN00007487,2025-02-08,26357.96,BRANCH,PARTIAL
COL000009086,LOAN00007487,2024-12-07,46610.9,DIGITAL,SUCCESS
COL000009087,LOAN00007488,2026-01-28,1277.64,DIGITAL,SUCCESS
COL000009088,LOAN00007488,2024-06-28,39441.86,BRANCH,SUCCESS
COL000009089,LOAN00007488,2024-10-01,5388.06,FIELD_AGENT,SUCCESS
COL000009090,LOAN00007488,2024-06-22,1113.98,BRANCH,FAILED
COL000009091,LOAN00007488,2026-05-29,5260.26,BRANCH,SUCCESS
COL000009092,LOAN00007488,2024-04-09,6210.22,CALL_CENTER,PARTIAL
COL000009093,LOAN00007489,2026-08-16,7578.54,FIELD_AGENT,SUCCESS
COL000009094,LOAN00007489,2025-06-10,49459.6,FIELD_AGENT,SUCCESS
COL000009095,LOAN00007489,2025-10-29,22851.38,BRANCH,SUCCESS
COL000009096,LOAN00007491,2024-12-06,32677.94,BRANCH,SUCCESS
COL000009097,LOAN00007491,2024-11-07,35030.55,FIELD_AGENT,PARTIAL
COL000009098,LOAN00007491,2025-06-11,34158.08,CALL_CENTER,PARTIAL
COL000009099,LOAN00007491,2026-09-28,40240.93,DIGITAL,SUCCESS
COL000009100,LOAN00007491,2025-12-29,25451.1,CALL_CENTER,SUCCESS
COL000009101,LOAN00007496,2025-02-02,26540.33,BRANCH,SUCCESS
COL000009102,LOAN00007499,2024-09-07,18221.13,FIELD_AGENT,SUCCESS
COL000009103,LOAN00007499,2024-08-17,43157.36,CALL_CENTER,SUCCESS
COL000009104,LOAN00007499,2025-05-31,17556.58,CALL_CENTER,SUCCESS
COL000009105,LOAN00007499,2025-07-31,32869.44,FIELD_AGENT,SUCCESS
COL000009106,LOAN00007499,2025-12-26,43622.96,BRANCH,SUCCESS
COL000009107,LOAN00007499,2025-07-20,24031.56,DIGITAL,SUCCESS
COL000009108,LOAN00007500,2024-06-02,7748.55,BRANCH,SUCCESS
COL000009109,LOAN00007500,2024-03-02,5180.64,BRANCH,PARTIAL
COL000009110,LOAN00007500,2025-07-23,40784.89,CALL_CENTER,SUCCESS
COL000009111,LOAN00007500,2025-12-28,18279.95,DIGITAL,PARTIAL
COL000009112,LOAN00007500,2024-12-30,31107.39,FIELD_AGENT,PARTIAL
COL000009113,LOAN00007500,2025-10-08,45272.04,BRANCH,PARTIAL
COL000009114,LOAN00007502,2025-02-10,19883.95,CALL_CENTER,FAILED
COL000009115,LOAN00007502,2026-03-25,2679.41,DIGITAL,SUCCESS
COL000009116,LOAN00007502,2025-10-21,48615.05,DIGITAL,SUCCESS
COL000009117,LOAN00007502,2025-06-08,48267.11,FIELD_AGENT,SUCCESS
COL000009118,LOAN00007502,2025-01-14,37119.65,CALL_CENTER,SUCCESS
COL000009119,LOAN00007505,2025-09-13,45286.28,CALL_CENTER,SUCCESS
COL000009120,LOAN00007505,2024-06-19,12146.94,BRANCH,PARTIAL
COL000009121,LOAN00007505,2025-09-05,11003.25,DIGITAL,SUCCESS
COL000009122,LOAN00007505,2026-01-28,39288.13,CALL_CENTER,SUCCESS
COL000009123,LOAN00007507,2026-03-24,38491.45,FIELD_AGENT,SUCCESS
COL000009124,LOAN00007507,2024-12-25,30884.02,CALL_CENTER,SUCCESS
COL000009125,LOAN00007507,2024-05-08,29470.18,BRANCH,SUCCESS
COL000009126,LOAN00007507,2025-01-30,19466.07,DIGITAL,SUCCESS
COL000009127,LOAN00007507,2025-11-24,46587.89,DIGITAL,SUCCESS
COL000009128,LOAN00007517,2024-07-03,15559.83,DIGITAL,SUCCESS
COL000009129,LOAN00007517,2024-06-23,27647.06,BRANCH,SUCCESS
COL000009130,LOAN00007517,2025-09-17,7421.33,BRANCH,SUCCESS
COL000009131,LOAN00007517,2024-07-23,14958.6,FIELD_AGENT,SUCCESS
COL000009132,LOAN00007517,2025-11-22,40846.79,BRANCH,PARTIAL
COL000009133,LOAN00007517,2024-10-19,19352.96,FIELD_AGENT,SUCCESS
COL000009134,LOAN00007518,2025-05-19,43071.49,DIGITAL,SUCCESS
COL000009135,LOAN00007518,2025-09-10,10846.03,DIGITAL,PARTIAL
COL000009136,LOAN00007518,2026-07-04,49440.84,DIGITAL,SUCCESS
COL000009137,LOAN00007518,2025-03-24,13438.6,BRANCH,FAILED
COL000009138,LOAN00007518,2025-07-04,1529.85,DIGITAL,SUCCESS
COL000009139,LOAN00007518,2025-09-01,10001.9,CALL_CENTER,SUCCESS
COL000009140,LOAN00007519,2025-03-07,21686.27,CALL_CENTER,PARTIAL
COL000009141,LOAN00007520,2025-12-19,34396.45,DIGITAL,SUCCESS
COL000009142,LOAN00007520,2024-08-19,44059.06,CALL_CENTER,SUCCESS
COL000009143,LOAN00007520,2026-07-17,15678.9,CALL_CENTER,SUCCESS
COL000009144,LOAN00007520,2024-03-23,26835.64,FIELD_AGENT,SUCCESS
COL000009145,LOAN00007520,2024-12-06,9994.1,FIELD_AGENT,SUCCESS
COL000009146,LOAN00007520,2025-02-27,25448.81,DIGITAL,SUCCESS
COL000009147,LOAN00007521,2024-04-22,38397.11,CALL_CENTER,PARTIAL
COL000009148,LOAN00007522,2024-09-12,40361.56,FIELD_AGENT,SUCCESS
COL000009149,LOAN00007522,2025-05-10,24319.21,FIELD_AGENT,SUCCESS
COL000009150,LOAN00007522,2026-07-03,3075.28,CALL_CENTER,SUCCESS
COL000009151,LOAN00007522,2025-05-09,28878.26,CALL_CENTER,PARTIAL
COL000009152,LOAN00007523,2025-06-11,21244.96,DIGITAL,FAILED
COL000009153,LOAN00007527,2026-09-03,23255.44,CALL_CENTER,SUCCESS
COL000009154,LOAN00007527,2025-08-01,2886.28,FIELD_AGENT,SUCCESS
COL000009155,LOAN00007527,2024-03-02,3781.55,FIELD_AGENT,SUCCESS
COL000009156,LOAN00007527,2025-12-30,26601.22,CALL_CENTER,SUCCESS
COL000009157,LOAN00007527,2025-01-12,5299.76,CALL_CENTER,PARTIAL
COL000009158,LOAN00007528,2025-07-17,36225.28,FIELD_AGENT,SUCCESS
COL000009159,LOAN00007528,2026-07-14,13483.74,FIELD_AGENT,SUCCESS
COL000009160,LOAN00007532,2026-07-10,35881.84,CALL_CENTER,SUCCESS
COL000009161,LOAN00007533,2026-09-04,28658.1,FIELD_AGENT,SUCCESS
COL000009162,LOAN00007533,2025-12-12,3511.43,CALL_CENTER,PARTIAL
COL000009163,LOAN00007533,2025-08-12,12658.12,BRANCH,SUCCESS
COL000009164,LOAN00007533,2024-06-05,29091.61,BRANCH,SUCCESS
COL000009165,LOAN00007533,2026-05-21,15173.15,BRANCH,SUCCESS
COL000009166,LOAN00007533,2025-05-01,23164.45,DIGITAL,SUCCESS
COL000009167,LOAN00007536,2026-03-24,33584.48,DIGITAL,SUCCESS
COL000009168,LOAN00007536,2026-04-16,35893.83,FIELD_AGENT,SUCCESS
COL000009169,LOAN00007536,2026-09-25,5355.94,DIGITAL,SUCCESS
COL000009170,LOAN00007536,2026-04-19,15584.69,CALL_CENTER,SUCCESS
COL000009171,LOAN00007536,2026-02-22,32265.54,FIELD_AGENT,SUCCESS
COL000009172,LOAN00007536,2024-12-02,8145.37,BRANCH,SUCCESS
COL000009173,LOAN00007546,2024-03-15,26959.54,DIGITAL,SUCCESS
COL000009174,LOAN00007546,2024-03-13,7720.94,CALL_CENTER,SUCCESS
COL000009175,LOAN00007546,2026-06-17,45801.65,CALL_CENTER,FAILED
COL000009176,LOAN00007546,2026-02-24,20358.86,FIELD_AGENT,SUCCESS
COL000009177,LOAN00007546,2025-11-08,35081.96,BRANCH,PARTIAL
COL000009178,LOAN00007546,2024-03-20,39850.31,DIGITAL,SUCCESS
COL000009179,LOAN00007548,2025-12-11,16370.41,BRANCH,PARTIAL
COL000009180,LOAN00007548,2026-01-06,36533.04,CALL_CENTER,SUCCESS
COL000009181,LOAN00007551,2025-07-10,30185.28,CALL_CENTER,PARTIAL
COL000009182,LOAN00007551,2026-08-31,21734.15,DIGITAL,SUCCESS
COL000009183,LOAN00007551,2025-03-23,45698.02,FIELD_AGENT,SUCCESS
COL000009184,LOAN00007551,2025-01-15,47831.43,FIELD_AGENT,SUCCESS
COL000009185,LOAN00007560,2025-06-11,36607.95,BRANCH,SUCCESS
COL000009186,LOAN00007561,2025-12-14,43279.59,DIGITAL,SUCCESS
COL000009187,LOAN00007561,2025-04-05,25612.05,FIELD_AGENT,SUCCESS
COL000009188,LOAN00007561,2025-07-29,48204.97,DIGITAL,SUCCESS
COL000009189,LOAN00007561,2025-05-29,12692.56,FIELD_AGENT,SUCCESS
COL000009190,LOAN00007564,2025-01-24,37528.43,BRANCH,SUCCESS
COL000009191,LOAN00007564,2025-07-08,42269.45,FIELD_AGENT,SUCCESS
COL000009192,LOAN00007564,2025-08-04,28740.14,FIELD_AGENT,SUCCESS
COL000009193,LOAN00007566,2024-05-27,30006.05,FIELD_AGENT,SUCCESS
COL000009194,LOAN00007566,2025-09-11,26572.0,DIGITAL,SUCCESS
COL000009195,LOAN00007566,2024-04-09,1067.15,BRANCH,SUCCESS
COL000009196,LOAN00007566,2024-04-13,36268.05,BRANCH,SUCCESS
COL000009197,LOAN00007566,2026-01-24,14780.71,DIGITAL,SUCCESS
COL000009198,LOAN00007568,2026-02-17,28140.15,CALL_CENTER,PARTIAL
COL000009199,LOAN00007568,2024-06-22,18667.83,BRANCH,SUCCESS
COL000009200,LOAN00007568,2025-05-30,36004.57,BRANCH,SUCCESS
COL000009201,LOAN00007569,2026-01-20,28992.2,CALL_CENTER,SUCCESS
COL000009202,LOAN00007569,2025-11-03,26295.43,BRANCH,SUCCESS
COL000009203,LOAN00007569,2025-11-02,44783.73,DIGITAL,PARTIAL
COL000009204,LOAN00007569,2024-05-07,14687.39,CALL_CENTER,PARTIAL
COL000009205,LOAN00007571,2026-05-29,12093.8,FIELD_AGENT,PARTIAL
COL000009206,LOAN00007571,2024-08-19,18950.67,FIELD_AGENT,SUCCESS
COL000009207,LOAN00007571,2025-12-10,15725.9,FIELD_AGENT,PARTIAL
COL000009208,LOAN00007573,2024-11-11,1705.73,DIGITAL,SUCCESS
COL000009209,LOAN00007574,2026-01-09,42269.18,BRANCH,PARTIAL
COL000009210,LOAN00007574,2024-05-29,27760.75,FIELD_AGENT,FAILED
COL000009211,LOAN00007575,2025-10-24,34495.16,BRANCH,PARTIAL
COL000009212,LOAN00007575,2024-07-27,9146.91,FIELD_AGENT,SUCCESS
COL000009213,LOAN00007578,2025-03-03,30975.18,FIELD_AGENT,PARTIAL
COL000009214,LOAN00007578,2026-07-30,49424.03,BRANCH,SUCCESS
COL000009215,LOAN00007578,2026-02-09,32985.6,FIELD_AGENT,PARTIAL
COL000009216,LOAN00007580,2024-09-04,2810.23,FIELD_AGENT,SUCCESS
COL000009217,LOAN00007586,2024-12-16,21365.01,BRANCH,SUCCESS
COL000009218,LOAN00007586,2025-08-13,44594.62,BRANCH,PARTIAL
COL000009219,LOAN00007586,2026-09-07,46874.62,FIELD_AGENT,SUCCESS
COL000009220,LOAN00007586,2025-08-27,22332.66,CALL_CENTER,PARTIAL
COL000009221,LOAN00007586,2026-05-05,3789.59,FIELD_AGENT,SUCCESS
COL000009222,LOAN00007587,2025-04-18,16931.95,BRANCH,FAILED
COL000009223,LOAN00007587,2024-10-30,40354.85,BRANCH,SUCCESS
COL000009224,LOAN00007587,2024-04-12,41065.63,BRANCH,SUCCESS
COL000009225,LOAN00007590,2024-05-21,8909.4,CALL_CENTER,PARTIAL
COL000009226,LOAN00007590,2026-01-21,6665.99,BRANCH,PARTIAL
COL000009227,LOAN00007590,2025-02-10,8108.73,FIELD_AGENT,SUCCESS
COL000009228,LOAN00007590,2024-03-29,8879.89,FIELD_AGENT,SUCCESS
COL000009229,LOAN00007590,2025-04-24,24712.5,CALL_CENTER,SUCCESS
COL000009230,LOAN00007590,2025-04-10,33849.48,CALL_CENTER,SUCCESS
COL000009231,LOAN00007595,2026-03-13,40808.43,BRANCH,SUCCESS
COL000009232,LOAN00007595,2025-03-07,43544.43,CALL_CENTER,SUCCESS
COL000009233,LOAN00007595,2024-04-30,48619.74,DIGITAL,SUCCESS
COL000009234,LOAN00007597,2024-05-02,35179.5,FIELD_AGENT,SUCCESS
COL000009235,LOAN00007597,2025-04-05,34646.71,CALL_CENTER,SUCCESS
COL000009236,LOAN00007597,2026-05-18,28115.27,BRANCH,SUCCESS
COL000009237,LOAN00007597,2024-05-05,28242.89,FIELD_AGENT,FAILED
COL000009238,LOAN00007597,2025-05-01,21762.87,DIGITAL,SUCCESS
COL000009239,LOAN00007597,2024-04-14,31050.98,DIGITAL,SUCCESS
COL000009240,LOAN00007606,2025-04-15,6611.75,DIGITAL,SUCCESS
COL000009241,LOAN00007606,2025-03-28,23430.96,CALL_CENTER,SUCCESS
COL000009242,LOAN00007606,2026-07-12,9258.72,FIELD_AGENT,PARTIAL
COL000009243,LOAN00007606,2025-12-04,27638.89,BRANCH,SUCCESS
COL000009244,LOAN00007606,2026-08-20,12949.69,DIGITAL,SUCCESS
COL000009245,LOAN00007609,2025-07-10,6180.04,BRANCH,SUCCESS
COL000009246,LOAN00007611,2024-12-03,27438.12,FIELD_AGENT,PARTIAL
COL000009247,LOAN00007611,2024-04-07,10834.84,FIELD_AGENT,SUCCESS
COL000009248,LOAN00007611,2025-05-06,2219.81,FIELD_AGENT,SUCCESS
COL000009249,LOAN00007617,2025-07-24,27057.11,DIGITAL,SUCCESS
COL000009250,LOAN00007618,2024-05-27,4759.13,BRANCH,SUCCESS
COL000009251,LOAN00007618,2024-09-13,5907.6,FIELD_AGENT,SUCCESS
COL000009252,LOAN00007618,2026-03-18,39147.97,BRANCH,SUCCESS
COL000009253,LOAN00007622,2025-06-29,16264.22,BRANCH,SUCCESS
COL000009254,LOAN00007622,2024-12-01,20238.51,DIGITAL,SUCCESS
COL000009255,LOAN00007623,2026-09-20,34078.66,DIGITAL,SUCCESS
COL000009256,LOAN00007623,2025-01-26,40034.54,CALL_CENTER,FAILED
COL000009257,LOAN00007623,2025-07-20,10388.37,FIELD_AGENT,PARTIAL
COL000009258,LOAN00007623,2025-12-31,19943.54,FIELD_AGENT,SUCCESS
COL000009259,LOAN00007629,2025-07-23,31932.95,CALL_CENTER,SUCCESS
COL000009260,LOAN00007629,2025-05-10,10728.34,DIGITAL,SUCCESS
COL000009261,LOAN00007629,2024-03-16,8852.13,BRANCH,SUCCESS
COL000009262,LOAN00007629,2026-03-09,7694.65,BRANCH,PARTIAL
COL000009263,LOAN00007629,2024-08-22,17423.69,DIGITAL,SUCCESS
COL000009264,LOAN00007630,2025-01-18,16798.9,BRANCH,SUCCESS
COL000009265,LOAN00007630,2025-08-31,7652.99,FIELD_AGENT,FAILED
COL000009266,LOAN00007630,2024-03-08,35958.32,BRANCH,SUCCESS
COL000009267,LOAN00007633,2025-06-29,12618.92,FIELD_AGENT,SUCCESS
COL000009268,LOAN00007633,2024-05-27,22318.25,BRANCH,PARTIAL
COL000009269,LOAN00007633,2025-09-13,27064.57,BRANCH,SUCCESS
COL000009270,LOAN00007633,2025-12-16,26635.58,DIGITAL,PARTIAL
COL000009271,LOAN00007633,2024-10-12,3253.54,BRANCH,PARTIAL
COL000009272,LOAN00007635,2025-09-03,6685.56,DIGITAL,PARTIAL
COL000009273,LOAN00007635,2026-06-07,22294.97,DIGITAL,SUCCESS
COL000009274,LOAN00007635,2026-07-17,6144.94,FIELD_AGENT,SUCCESS
COL000009275,LOAN00007635,2025-05-13,3844.12,DIGITAL,SUCCESS
COL000009276,LOAN00007635,2025-04-23,12501.32,FIELD_AGENT,SUCCESS
COL000009277,LOAN00007635,2025-09-07,25193.04,DIGITAL,SUCCESS
COL000009278,LOAN00007636,2026-03-20,10309.92,FIELD_AGENT,SUCCESS
COL000009279,LOAN00007636,2026-05-08,12315.01,FIELD_AGENT,SUCCESS
COL000009280,LOAN00007636,2026-08-20,36587.64,FIELD_AGENT,SUCCESS
COL000009281,LOAN00007639,2025-01-05,9507.13,DIGITAL,FAILED
COL000009282,LOAN00007639,2026-02-05,11031.79,CALL_CENTER,PARTIAL
COL000009283,LOAN00007639,2025-11-30,27404.27,BRANCH,SUCCESS
COL000009284,LOAN00007639,2026-02-21,33144.2,DIGITAL,SUCCESS
COL000009285,LOAN00007639,2024-12-28,9636.13,DIGITAL,PARTIAL
COL000009286,LOAN00007643,2026-02-01,4215.0,FIELD_AGENT,SUCCESS
COL000009287,LOAN00007645,2024-07-11,15571.55,FIELD_AGENT,SUCCESS
COL000009288,LOAN00007645,2025-08-13,23371.08,FIELD_AGENT,SUCCESS
COL000009289,LOAN00007645,2024-09-17,7215.98,DIGITAL,SUCCESS
COL000009290,LOAN00007645,2024-04-06,37252.02,CALL_CENTER,SUCCESS
COL000009291,LOAN00007647,2024-04-27,39366.86,FIELD_AGENT,SUCCESS
COL000009292,LOAN00007647,2026-07-17,40199.31,DIGITAL,SUCCESS
COL000009293,LOAN00007651,2024-09-23,3717.76,BRANCH,SUCCESS
COL000009294,LOAN00007651,2025-02-20,48789.56,CALL_CENTER,SUCCESS
COL000009295,LOAN00007651,2025-01-27,43247.13,DIGITAL,SUCCESS
COL000009296,LOAN00007651,2026-09-13,45621.08,FIELD_AGENT,SUCCESS
COL000009297,LOAN00007654,2026-05-23,12154.72,CALL_CENTER,SUCCESS
COL000009298,LOAN00007654,2025-04-03,8013.55,FIELD_AGENT,SUCCESS
COL000009299,LOAN00007654,2026-09-06,17300.06,DIGITAL,SUCCESS
COL000009300,LOAN00007659,2025-03-27,31669.05,BRANCH,SUCCESS
COL000009301,LOAN00007659,2026-03-02,11490.25,DIGITAL,SUCCESS
COL000009302,LOAN00007659,2026-09-13,39136.75,CALL_CENTER,SUCCESS
COL000009303,LOAN00007660,2024-07-18,11432.99,FIELD_AGENT,SUCCESS
COL000009304,LOAN00007660,2026-07-10,45657.35,CALL_CENTER,PARTIAL
COL000009305,LOAN00007660,2024-12-10,35123.62,CALL_CENTER,PARTIAL
COL000009306,LOAN00007663,2024-03-19,46165.01,CALL_CENTER,SUCCESS
COL000009307,LOAN00007664,2025-03-15,43138.69,DIGITAL,SUCCESS
COL000009308,LOAN00007664,2024-08-05,4830.98,DIGITAL,SUCCESS
COL000009309,LOAN00007664,2025-11-26,32259.71,DIGITAL,SUCCESS
COL000009310,LOAN00007664,2024-03-08,23181.47,DIGITAL,SUCCESS
COL000009311,LOAN00007668,2026-08-28,21885.25,FIELD_AGENT,SUCCESS
COL000009312,LOAN00007670,2025-02-04,25562.42,DIGITAL,SUCCESS
COL000009313,LOAN00007670,2024-12-23,25662.96,DIGITAL,SUCCESS
COL000009314,LOAN00007670,2024-12-24,44081.84,BRANCH,SUCCESS
COL000009315,LOAN00007670,2026-01-06,29782.59,CALL_CENTER,PARTIAL
COL000009316,LOAN00007670,2024-04-12,28062.76,BRANCH,SUCCESS
COL000009317,LOAN00007675,2025-08-06,23004.48,DIGITAL,PARTIAL
COL000009318,LOAN00007675,2026-01-04,13477.12,CALL_CENTER,SUCCESS
COL000009319,LOAN00007679,2024-12-05,24246.84,BRANCH,FAILED
COL000009320,LOAN00007679,2025-04-18,15045.04,CALL_CENTER,SUCCESS
COL000009321,LOAN00007679,2026-07-13,5818.95,BRANCH,PARTIAL
COL000009322,LOAN00007679,2026-04-06,17719.18,BRANCH,SUCCESS
COL000009323,LOAN00007680,2025-08-16,30567.0,FIELD_AGENT,SUCCESS
COL000009324,LOAN00007680,2025-01-09,24338.81,FIELD_AGENT,SUCCESS
COL000009325,LOAN00007680,2024-08-27,37287.29,FIELD_AGENT,SUCCESS
COL000009326,LOAN00007680,2025-05-12,21527.2,DIGITAL,PARTIAL
COL000009327,LOAN00007680,2025-01-23,10861.61,FIELD_AGENT,SUCCESS
COL000009328,LOAN00007680,2026-06-08,29900.05,FIELD_AGENT,PARTIAL
COL000009329,LOAN00007682,2026-08-12,37552.62,CALL_CENTER,SUCCESS
COL000009330,LOAN00007682,2024-03-14,23151.18,FIELD_AGENT,SUCCESS
COL000009331,LOAN00007682,2024-06-03,15612.75,FIELD_AGENT,SUCCESS
COL000009332,LOAN00007682,2026-06-17,22099.44,BRANCH,FAILED
COL000009333,LOAN00007682,2025-01-16,25875.16,FIELD_AGENT,SUCCESS
COL000009334,LOAN00007684,2025-09-17,2572.05,DIGITAL,SUCCESS
COL000009335,LOAN00007684,2026-03-21,25800.54,CALL_CENTER,SUCCESS
COL000009336,LOAN00007688,2026-06-21,44099.38,BRANCH,SUCCESS
COL000009337,LOAN00007690,2025-01-08,25500.82,BRANCH,SUCCESS
COL000009338,LOAN00007690,2024-07-14,18498.19,DIGITAL,SUCCESS
COL000009339,LOAN00007691,2025-03-01,25125.34,FIELD_AGENT,SUCCESS
COL000009340,LOAN00007695,2025-11-21,13508.33,DIGITAL,SUCCESS
COL000009341,LOAN00007695,2024-07-02,19065.67,BRANCH,SUCCESS
COL000009342,LOAN00007695,2024-05-19,21225.11,DIGITAL,SUCCESS
COL000009343,LOAN00007697,2025-06-21,1197.84,FIELD_AGENT,PARTIAL
COL000009344,LOAN00007697,2025-06-13,2565.29,BRANCH,SUCCESS
COL000009345,LOAN00007697,2026-02-06,28364.79,FIELD_AGENT,PARTIAL
COL000009346,LOAN00007698,2026-05-29,27854.12,BRANCH,SUCCESS
COL000009347,LOAN00007698,2026-09-27,48195.07,FIELD_AGENT,SUCCESS
COL000009348,LOAN00007698,2026-05-12,22752.81,FIELD_AGENT,SUCCESS
COL000009349,LOAN00007698,2024-11-03,18359.14,BRANCH,SUCCESS
COL000009350,LOAN00007699,2025-04-18,32039.7,BRANCH,PARTIAL
COL000009351,LOAN00007699,2026-03-07,24838.91,DIGITAL,SUCCESS
COL000009352,LOAN00007699,2024-06-29,6974.38,DIGITAL,PARTIAL
COL000009353,LOAN00007700,2026-05-03,1873.87,BRANCH,SUCCESS
COL000009354,LOAN00007700,2024-03-07,39907.06,CALL_CENTER,SUCCESS
COL000009355,LOAN00007700,2025-10-24,35753.51,DIGITAL,SUCCESS
COL000009356,LOAN00007700,2026-04-29,2261.07,DIGITAL,SUCCESS
COL000009357,LOAN00007700,2026-05-31,34831.66,BRANCH,SUCCESS
COL000009358,LOAN00007700,2025-08-21,42879.69,CALL_CENTER,SUCCESS
COL000009359,LOAN00007701,2024-06-18,24806.7,BRANCH,PARTIAL
COL000009360,LOAN00007701,2026-06-19,13366.13,BRANCH,FAILED
COL000009361,LOAN00007701,2024-11-04,34824.84,BRANCH,FAILED
COL000009362,LOAN00007701,2024-09-25,7933.99,DIGITAL,SUCCESS
COL000009363,LOAN00007701,2024-05-18,8173.64,DIGITAL,SUCCESS
COL000009364,LOAN00007701,2024-11-29,14959.51,CALL_CENTER,PARTIAL
COL000009365,LOAN00007706,2025-06-28,28068.43,CALL_CENTER,PARTIAL
COL000009366,LOAN00007706,2024-03-26,47899.34,DIGITAL,PARTIAL
COL000009367,LOAN00007706,2026-03-06,3905.27,FIELD_AGENT,SUCCESS
COL000009368,LOAN00007707,2024-04-23,41222.26,BRANCH,SUCCESS
COL000009369,LOAN00007709,2025-04-22,37719.67,DIGITAL,SUCCESS
COL000009370,LOAN00007709,2024-05-06,49732.3,CALL_CENTER,SUCCESS
COL000009371,LOAN00007709,2026-09-17,23360.17,FIELD_AGENT,SUCCESS
COL000009372,LOAN00007709,2026-07-23,49514.09,CALL_CENTER,PARTIAL
COL000009373,LOAN00007709,2024-11-26,3258.23,BRANCH,SUCCESS
COL000009374,LOAN00007709,2026-08-16,34298.76,CALL_CENTER,SUCCESS
COL000009375,LOAN00007710,2026-01-30,27962.41,DIGITAL,SUCCESS
COL000009376,LOAN00007710,2026-05-10,6607.38,BRANCH,SUCCESS
COL000009377,LOAN00007710,2026-04-19,31716.9,DIGITAL,SUCCESS
COL000009378,LOAN00007710,2025-10-10,23854.61,BRANCH,SUCCESS
COL000009379,LOAN00007710,2024-07-03,17147.4,FIELD_AGENT,SUCCESS
COL000009380,LOAN00007711,2024-12-29,45017.03,BRANCH,SUCCESS
COL000009381,LOAN00007711,2024-05-08,28883.1,DIGITAL,PARTIAL
COL000009382,LOAN00007719,2025-11-12,30167.22,CALL_CENTER,SUCCESS
COL000009383,LOAN00007719,2026-09-09,21419.91,BRANCH,SUCCESS
COL000009384,LOAN00007719,2024-06-04,43915.34,CALL_CENTER,SUCCESS
COL000009385,LOAN00007721,2024-12-05,38118.85,CALL_CENTER,SUCCESS
COL000009386,LOAN00007721,2024-07-25,32868.33,FIELD_AGENT,SUCCESS
COL000009387,LOAN00007721,2025-10-12,10655.73,FIELD_AGENT,SUCCESS
COL000009388,LOAN00007722,2026-06-20,36176.55,FIELD_AGENT,SUCCESS
COL000009389,LOAN00007722,2026-01-10,39421.69,FIELD_AGENT,PARTIAL
COL000009390,LOAN00007726,2025-02-19,32849.37,BRANCH,PARTIAL
COL000009391,LOAN00007726,2025-05-21,32227.52,DIGITAL,SUCCESS
COL000009392,LOAN00007726,2024-05-25,24931.08,FIELD_AGENT,PARTIAL
COL000009393,LOAN00007726,2026-01-30,47400.92,BRANCH,SUCCESS
COL000009394,LOAN00007729,2026-09-26,46612.78,FIELD_AGENT,SUCCESS
COL000009395,LOAN00007730,2025-12-02,28659.67,CALL_CENTER,PARTIAL
COL000009396,LOAN00007730,2024-06-21,13241.24,BRANCH,SUCCESS
COL000009397,LOAN00007733,2026-08-29,13098.28,DIGITAL,SUCCESS
COL000009398,LOAN00007733,2026-08-25,1738.8,FIELD_AGENT,SUCCESS
COL000009399,LOAN00007733,2024-07-26,49130.75,FIELD_AGENT,SUCCESS
COL000009400,LOAN00007733,2025-10-29,35395.99,CALL_CENTER,SUCCESS
COL000009401,LOAN00007736,2026-08-08,10111.12,CALL_CENTER,SUCCESS
COL000009402,LOAN00007736,2025-09-10,41175.39,CALL_CENTER,PARTIAL
COL000009403,LOAN00007736,2025-03-27,37642.55,DIGITAL,SUCCESS
COL000009404,LOAN00007736,2024-09-27,21148.78,CALL_CENTER,PARTIAL
COL000009405,LOAN00007736,2026-06-02,23073.69,CALL_CENTER,SUCCESS
COL000009406,LOAN00007737,2024-12-05,19981.19,BRANCH,SUCCESS
COL000009407,LOAN00007737,2024-11-30,45029.08,FIELD_AGENT,SUCCESS
COL000009408,LOAN00007737,2026-08-03,17658.33,DIGITAL,SUCCESS
COL000009409,LOAN00007742,2024-03-24,45552.57,CALL_CENTER,SUCCESS
COL000009410,LOAN00007742,2024-04-16,12277.94,BRANCH,SUCCESS
COL000009411,LOAN00007742,2024-09-11,13773.33,CALL_CENTER,SUCCESS
COL000009412,LOAN00007743,2025-09-11,49250.97,CALL_CENTER,SUCCESS
COL000009413,LOAN00007743,2024-12-11,24016.0,FIELD_AGENT,SUCCESS
COL000009414,LOAN00007743,2024-06-03,15474.59,BRANCH,SUCCESS
COL000009415,LOAN00007743,2024-11-03,5775.94,CALL_CENTER,SUCCESS
COL000009416,LOAN00007743,2025-09-09,32305.98,FIELD_AGENT,SUCCESS
COL000009417,LOAN00007747,2025-01-19,29254.33,BRANCH,SUCCESS
COL000009418,LOAN00007748,2026-04-08,45721.48,FIELD_AGENT,PARTIAL
COL000009419,LOAN00007748,2025-08-23,44879.04,FIELD_AGENT,SUCCESS
COL000009420,LOAN00007748,2026-07-29,20062.88,BRANCH,SUCCESS
COL000009421,LOAN00007748,2025-02-11,24510.83,BRANCH,PARTIAL
COL000009422,LOAN00007748,2025-12-17,19487.18,FIELD_AGENT,SUCCESS
COL000009423,LOAN00007748,2024-07-15,14179.2,BRANCH,SUCCESS
COL000009424,LOAN00007752,2024-06-12,27031.46,CALL_CENTER,SUCCESS
COL000009425,LOAN00007752,2024-04-23,39114.47,DIGITAL,SUCCESS
COL000009426,LOAN00007752,2025-08-21,34028.11,FIELD_AGENT,SUCCESS
COL000009427,LOAN00007752,2026-03-15,45324.82,FIELD_AGENT,SUCCESS
COL000009428,LOAN00007752,2025-12-04,46639.39,BRANCH,SUCCESS
COL000009429,LOAN00007752,2025-09-12,1982.07,FIELD_AGENT,FAILED
COL000009430,LOAN00007753,2025-11-11,47058.66,DIGITAL,SUCCESS
COL000009431,LOAN00007753,2024-10-05,42858.4,FIELD_AGENT,PARTIAL
COL000009432,LOAN00007753,2025-03-28,36229.1,CALL_CENTER,SUCCESS
COL000009433,LOAN00007765,2025-11-24,16106.52,CALL_CENTER,SUCCESS
COL000009434,LOAN00007765,2024-07-25,16432.17,CALL_CENTER,SUCCESS
COL000009435,LOAN00007765,2026-05-30,21516.36,FIELD_AGENT,SUCCESS
COL000009436,LOAN00007765,2026-03-05,36885.6,FIELD_AGENT,SUCCESS
COL000009437,LOAN00007765,2024-05-30,5533.43,BRANCH,SUCCESS
COL000009438,LOAN00007765,2025-07-10,46944.96,CALL_CENTER,SUCCESS
COL000009439,LOAN00007768,2026-08-23,1855.31,FIELD_AGENT,PARTIAL
COL000009440,LOAN00007771,2024-05-18,40512.79,BRANCH,SUCCESS
COL000009441,LOAN00007771,2026-07-27,6771.69,BRANCH,SUCCESS
COL000009442,LOAN00007773,2024-06-09,10204.02,DIGITAL,SUCCESS
COL000009443,LOAN00007773,2026-08-26,45316.03,FIELD_AGENT,SUCCESS
COL000009444,LOAN00007773,2024-08-04,37293.51,BRANCH,SUCCESS
COL000009445,LOAN00007773,2025-09-02,15972.6,DIGITAL,SUCCESS
COL000009446,LOAN00007775,2025-11-02,49433.94,BRANCH,PARTIAL
COL000009447,LOAN00007775,2024-11-25,33371.49,BRANCH,FAILED
COL000009448,LOAN00007775,2025-07-16,48278.35,FIELD_AGENT,PARTIAL
COL000009449,LOAN00007777,2024-11-01,18272.13,DIGITAL,FAILED
COL000009450,LOAN00007777,2024-05-10,40660.34,CALL_CENTER,SUCCESS
COL000009451,LOAN00007777,2025-07-27,29908.15,CALL_CENTER,SUCCESS
COL000009452,LOAN00007777,2024-07-10,8086.02,CALL_CENTER,SUCCESS
COL000009453,LOAN00007777,2025-05-31,44082.38,CALL_CENTER,PARTIAL
COL000009454,LOAN00007777,2025-12-05,26990.47,DIGITAL,SUCCESS
COL000009455,LOAN00007778,2026-05-16,22932.62,CALL_CENTER,SUCCESS
COL000009456,LOAN00007779,2026-03-26,1707.39,FIELD_AGENT,SUCCESS
COL000009457,LOAN00007779,2024-07-11,15940.39,DIGITAL,SUCCESS
COL000009458,LOAN00007779,2024-05-18,19574.06,CALL_CENTER,SUCCESS
COL000009459,LOAN00007782,2026-09-06,2161.77,FIELD_AGENT,SUCCESS
COL000009460,LOAN00007782,2025-06-20,23027.49,CALL_CENTER,SUCCESS
COL000009461,LOAN00007782,2024-09-27,37009.92,DIGITAL,SUCCESS
COL000009462,LOAN00007782,2025-03-15,2515.64,FIELD_AGENT,SUCCESS
COL000009463,LOAN00007782,2026-06-18,32465.2,FIELD_AGENT,SUCCESS
COL000009464,LOAN00007782,2025-09-12,20180.09,DIGITAL,SUCCESS
COL000009465,LOAN00007784,2025-12-28,42682.67,FIELD_AGENT,SUCCESS
COL000009466,LOAN00007784,2024-07-02,17615.68,CALL_CENTER,SUCCESS
COL000009467,LOAN00007784,2026-05-13,31071.38,CALL_CENTER,PARTIAL
COL000009468,LOAN00007784,2025-08-26,38824.91,DIGITAL,PARTIAL
COL000009469,LOAN00007784,2024-07-26,7040.97,FIELD_AGENT,SUCCESS
COL000009470,LOAN00007784,2025-10-11,16134.92,BRANCH,SUCCESS
COL000009471,LOAN00007785,2024-08-26,39762.27,BRANCH,SUCCESS
COL000009472,LOAN00007785,2024-05-22,27376.96,CALL_CENTER,PARTIAL
COL000009473,LOAN00007785,2025-09-20,49358.84,BRANCH,SUCCESS
COL000009474,LOAN00007785,2025-04-17,9918.63,BRANCH,SUCCESS
COL000009475,LOAN00007791,2026-04-05,1171.22,CALL_CENTER,SUCCESS
COL000009476,LOAN00007791,2025-04-26,48655.17,DIGITAL,SUCCESS
COL000009477,LOAN00007793,2024-08-15,20015.09,CALL_CENTER,SUCCESS
COL000009478,LOAN00007793,2026-04-16,7387.96,CALL_CENTER,SUCCESS
COL000009479,LOAN00007795,2026-09-01,41818.13,CALL_CENTER,SUCCESS
COL000009480,LOAN00007795,2024-05-17,29384.52,CALL_CENTER,SUCCESS
COL000009481,LOAN00007795,2024-05-04,21307.67,BRANCH,SUCCESS
COL000009482,LOAN00007798,2025-11-12,30834.71,CALL_CENTER,PARTIAL
COL000009483,LOAN00007798,2025-02-18,21387.79,CALL_CENTER,SUCCESS
COL000009484,LOAN00007798,2025-07-03,43328.87,BRANCH,PARTIAL
COL000009485,LOAN00007800,2025-07-25,18595.7,FIELD_AGENT,SUCCESS
COL000009486,LOAN00007800,2024-04-04,36492.81,FIELD_AGENT,PARTIAL
COL000009487,LOAN00007801,2024-09-20,47440.56,DIGITAL,SUCCESS
COL000009488,LOAN00007802,2025-01-01,8565.55,DIGITAL,SUCCESS
COL000009489,LOAN00007802,2025-01-08,9204.89,BRANCH,SUCCESS
COL000009490,LOAN00007806,2024-07-22,4481.96,FIELD_AGENT,SUCCESS
COL000009491,LOAN00007807,2024-05-11,6541.84,FIELD_AGENT,SUCCESS
COL000009492,LOAN00007807,2026-08-11,12666.04,FIELD_AGENT,SUCCESS
COL000009493,LOAN00007807,2025-07-21,20244.15,DIGITAL,SUCCESS
COL000009494,LOAN00007807,2026-03-01,19219.5,CALL_CENTER,SUCCESS
COL000009495,LOAN00007814,2025-02-13,14340.28,BRANCH,SUCCESS
COL000009496,LOAN00007814,2025-08-08,39395.76,DIGITAL,SUCCESS
COL000009497,LOAN00007814,2026-09-20,43521.45,BRANCH,SUCCESS
COL000009498,LOAN00007814,2024-12-06,14249.75,CALL_CENTER,SUCCESS
COL000009499,LOAN00007816,2025-04-30,32020.64,FIELD_AGENT,SUCCESS
COL000009500,LOAN00007816,2024-03-17,5399.2,FIELD_AGENT,SUCCESS
COL000009501,LOAN00007816,2026-02-03,24771.23,FIELD_AGENT,SUCCESS
COL000009502,LOAN00007821,2024-12-30,47398.78,FIELD_AGENT,FAILED
COL000009503,LOAN00007821,2025-01-28,2515.82,BRANCH,SUCCESS
COL000009504,LOAN00007821,2024-04-02,26442.83,CALL_CENTER,SUCCESS
COL000009505,LOAN00007822,2026-06-26,13872.62,DIGITAL,SUCCESS
COL000009506,LOAN00007822,2025-11-15,11667.07,FIELD_AGENT,SUCCESS
COL000009507,LOAN00007824,2024-09-27,9181.37,BRANCH,PARTIAL
COL000009508,LOAN00007824,2025-11-30,31245.39,FIELD_AGENT,SUCCESS
COL000009509,LOAN00007824,2025-03-30,28054.37,DIGITAL,PARTIAL
COL000009510,LOAN00007826,2025-08-06,47073.25,FIELD_AGENT,SUCCESS
COL000009511,LOAN00007826,2024-07-02,4452.51,BRANCH,SUCCESS
COL000009512,LOAN00007828,2025-02-18,7976.11,CALL_CENTER,SUCCESS
COL000009513,LOAN00007828,2024-07-27,34633.81,CALL_CENTER,PARTIAL
COL000009514,LOAN00007828,2025-03-19,38630.29,DIGITAL,SUCCESS
COL000009515,LOAN00007828,2024-09-30,25113.83,FIELD_AGENT,SUCCESS
COL000009516,LOAN00007829,2025-01-27,21858.31,FIELD_AGENT,SUCCESS
COL000009517,LOAN00007831,2024-11-15,33750.74,FIELD_AGENT,PARTIAL
COL000009518,LOAN00007831,2024-08-20,17309.23,DIGITAL,FAILED
COL000009519,LOAN00007831,2024-11-30,48082.17,FIELD_AGENT,SUCCESS
COL000009520,LOAN00007831,2024-06-25,48218.73,CALL_CENTER,SUCCESS
COL000009521,LOAN00007834,2026-07-21,9947.19,FIELD_AGENT,SUCCESS
COL000009522,LOAN00007834,2024-12-02,17093.34,CALL_CENTER,PARTIAL
COL000009523,LOAN00007834,2026-08-23,13079.21,FIELD_AGENT,PARTIAL
COL000009524,LOAN00007834,2025-07-13,8426.34,BRANCH,PARTIAL
COL000009525,LOAN00007834,2025-01-31,40278.17,FIELD_AGENT,SUCCESS
COL000009526,LOAN00007834,2026-05-25,20038.7,DIGITAL,SUCCESS
COL000009527,LOAN00007836,2024-09-13,40939.38,FIELD_AGENT,SUCCESS
COL000009528,LOAN00007836,2026-07-09,8812.13,BRANCH,SUCCESS
COL000009529,LOAN00007836,2025-10-13,7629.34,FIELD_AGENT,PARTIAL
COL000009530,LOAN00007836,2024-06-12,17844.93,BRANCH,PARTIAL
COL000009531,LOAN00007838,2025-04-21,25332.88,FIELD_AGENT,SUCCESS
COL000009532,LOAN00007839,2024-11-14,4616.88,CALL_CENTER,PARTIAL
COL000009533,LOAN00007850,2024-09-09,13144.68,DIGITAL,SUCCESS
COL000009534,LOAN00007850,2025-02-10,44748.87,DIGITAL,SUCCESS
COL000009535,LOAN00007850,2024-12-26,4472.38,CALL_CENTER,SUCCESS
COL000009536,LOAN00007850,2025-09-10,37858.38,CALL_CENTER,SUCCESS
COL000009537,LOAN00007850,2026-06-25,46474.34,CALL_CENTER,SUCCESS
COL000009538,LOAN00007852,2025-05-20,25621.86,DIGITAL,SUCCESS
COL000009539,LOAN00007852,2025-05-20,34985.6,BRANCH,SUCCESS
COL000009540,LOAN00007852,2024-08-12,12992.53,FIELD_AGENT,SUCCESS
COL000009541,LOAN00007852,2025-06-08,46309.58,FIELD_AGENT,SUCCESS
COL000009542,LOAN00007852,2025-09-05,47326.95,DIGITAL,SUCCESS
COL000009543,LOAN00007857,2025-02-14,48810.24,FIELD_AGENT,SUCCESS
COL000009544,LOAN00007857,2025-10-20,43675.35,FIELD_AGENT,SUCCESS
COL000009545,LOAN00007857,2024-06-01,39934.55,CALL_CENTER,SUCCESS
COL000009546,LOAN00007857,2025-06-11,5623.02,BRANCH,SUCCESS
COL000009547,LOAN00007857,2025-02-06,43029.49,FIELD_AGENT,SUCCESS
COL000009548,LOAN00007858,2025-07-28,10823.4,BRANCH,SUCCESS
COL000009549,LOAN00007858,2024-05-01,48773.72,BRANCH,SUCCESS
COL000009550,LOAN00007858,2025-04-24,24884.59,BRANCH,SUCCESS
COL000009551,LOAN00007858,2026-09-26,20501.77,CALL_CENTER,SUCCESS
COL000009552,LOAN00007858,2026-05-09,30139.56,BRANCH,SUCCESS
COL000009553,LOAN00007859,2025-05-30,48677.73,FIELD_AGENT,SUCCESS
COL000009554,LOAN00007859,2025-04-04,6701.57,BRANCH,SUCCESS
COL000009555,LOAN00007859,2025-10-01,27558.59,DIGITAL,SUCCESS
COL000009556,LOAN00007859,2025-11-21,31843.63,CALL_CENTER,SUCCESS
COL000009557,LOAN00007859,2025-01-29,15079.23,DIGITAL,PARTIAL
COL000009558,LOAN00007859,2026-09-06,39298.08,BRANCH,SUCCESS
COL000009559,LOAN00007867,2025-12-15,27399.27,DIGITAL,SUCCESS
COL000009560,LOAN00007867,2025-07-09,15003.51,DIGITAL,SUCCESS
COL000009561,LOAN00007867,2024-11-13,1104.49,DIGITAL,FAILED
COL000009562,LOAN00007868,2025-08-17,46995.95,CALL_CENTER,SUCCESS
COL000009563,LOAN00007868,2026-06-11,24809.85,CALL_CENTER,SUCCESS
COL000009564,LOAN00007871,2024-04-03,34408.2,DIGITAL,SUCCESS
COL000009565,LOAN00007871,2025-10-24,25869.42,DIGITAL,PARTIAL
COL000009566,LOAN00007871,2025-09-04,18764.69,FIELD_AGENT,SUCCESS
COL000009567,LOAN00007871,2024-03-17,14863.57,CALL_CENTER,SUCCESS
COL000009568,LOAN00007871,2025-09-14,49912.49,BRANCH,SUCCESS
COL000009569,LOAN00007872,2024-08-04,35029.96,CALL_CENTER,SUCCESS
COL000009570,LOAN00007872,2025-05-26,11577.16,DIGITAL,SUCCESS
COL000009571,LOAN00007882,2025-11-05,44549.93,FIELD_AGENT,SUCCESS
COL000009572,LOAN00007882,2024-04-03,49639.72,DIGITAL,SUCCESS
COL000009573,LOAN00007882,2024-07-17,25635.53,FIELD_AGENT,PARTIAL
COL000009574,LOAN00007882,2025-02-18,11576.81,DIGITAL,SUCCESS
COL000009575,LOAN00007900,2024-09-02,4792.55,FIELD_AGENT,SUCCESS
COL000009576,LOAN00007900,2025-09-12,30859.51,DIGITAL,SUCCESS
COL000009577,LOAN00007900,2025-10-01,16312.26,DIGITAL,SUCCESS
COL000009578,LOAN00007901,2025-09-05,40897.82,FIELD_AGENT,SUCCESS
COL000009579,LOAN00007901,2024-04-07,48849.76,BRANCH,SUCCESS
COL000009580,LOAN00007901,2024-10-25,5359.36,DIGITAL,SUCCESS
COL000009581,LOAN00007901,2026-05-17,42974.19,CALL_CENTER,PARTIAL
COL000009582,LOAN00007901,2024-04-13,42776.08,CALL_CENTER,SUCCESS
COL000009583,LOAN00007902,2025-05-11,28048.92,FIELD_AGENT,PARTIAL
COL000009584,LOAN00007902,2024-12-10,41056.2,FIELD_AGENT,SUCCESS
COL000009585,LOAN00007902,2024-09-08,47030.67,DIGITAL,SUCCESS
COL000009586,LOAN00007902,2026-08-10,46855.82,DIGITAL,SUCCESS
COL000009587,LOAN00007907,2025-03-12,24721.72,CALL_CENTER,SUCCESS
COL000009588,LOAN00007907,2025-05-17,26859.99,BRANCH,SUCCESS
COL000009589,LOAN00007907,2025-08-26,49615.56,FIELD_AGENT,SUCCESS
COL000009590,LOAN00007907,2025-06-18,27139.78,FIELD_AGENT,SUCCESS
COL000009591,LOAN00007910,2024-12-18,33912.36,DIGITAL,SUCCESS
COL000009592,LOAN00007913,2024-12-24,28418.46,DIGITAL,SUCCESS
COL000009593,LOAN00007914,2024-08-27,48354.2,FIELD_AGENT,PARTIAL
COL000009594,LOAN00007915,2025-07-15,3139.11,BRANCH,PARTIAL
COL000009595,LOAN00007915,2025-04-19,4272.97,DIGITAL,PARTIAL
COL000009596,LOAN00007917,2025-08-08,45788.87,CALL_CENTER,SUCCESS
COL000009597,LOAN00007917,2026-07-19,28708.96,DIGITAL,SUCCESS
COL000009598,LOAN00007917,2025-11-07,22625.41,FIELD_AGENT,SUCCESS
COL000009599,LOAN00007917,2025-07-24,36032.96,BRANCH,FAILED
COL000009600,LOAN00007924,2025-11-02,16384.52,DIGITAL,SUCCESS
COL000009601,LOAN00007924,2026-02-13,6149.68,CALL_CENTER,PARTIAL
COL000009602,LOAN00007924,2024-04-02,8435.63,DIGITAL,SUCCESS
COL000009603,LOAN00007924,2024-03-14,34975.67,DIGITAL,PARTIAL
COL000009604,LOAN00007924,2026-04-25,4207.39,DIGITAL,SUCCESS
COL000009605,LOAN00007925,2026-06-27,16934.1,BRANCH,SUCCESS
COL000009606,LOAN00007925,2025-09-08,16766.69,DIGITAL,SUCCESS
COL000009607,LOAN00007925,2025-05-09,41282.71,FIELD_AGENT,PARTIAL
COL000009608,LOAN00007925,2025-10-18,11839.32,FIELD_AGENT,SUCCESS
COL000009609,LOAN00007925,2024-10-06,23292.1,DIGITAL,SUCCESS
COL000009610,LOAN00007928,2025-07-15,10205.86,DIGITAL,SUCCESS
COL000009611,LOAN00007928,2026-03-06,1014.68,BRANCH,SUCCESS
COL000009612,LOAN00007928,2025-10-09,25956.89,CALL_CENTER,PARTIAL
COL000009613,LOAN00007928,2024-05-08,11668.72,FIELD_AGENT,SUCCESS
COL000009614,LOAN00007928,2025-07-27,9254.28,DIGITAL,SUCCESS
COL000009615,LOAN00007928,2025-05-08,30563.23,CALL_CENTER,SUCCESS
COL000009616,LOAN00007929,2025-03-05,9846.16,DIGITAL,PARTIAL
COL000009617,LOAN00007929,2026-07-02,23874.54,DIGITAL,SUCCESS
COL000009618,LOAN00007929,2025-09-09,1699.79,FIELD_AGENT,SUCCESS
COL000009619,LOAN00007929,2026-06-03,30825.27,CALL_CENTER,SUCCESS
COL000009620,LOAN00007929,2026-04-12,38867.77,DIGITAL,SUCCESS
COL000009621,LOAN00007929,2025-10-04,44786.85,BRANCH,PARTIAL
COL000009622,LOAN00007930,2026-08-22,25132.62,DIGITAL,SUCCESS
COL000009623,LOAN00007930,2025-04-04,44239.51,FIELD_AGENT,SUCCESS
COL000009624,LOAN00007930,2025-08-07,11191.58,CALL_CENTER,SUCCESS
COL000009625,LOAN00007930,2024-11-18,26323.86,CALL_CENTER,PARTIAL
COL000009626,LOAN00007930,2025-02-18,38564.5,DIGITAL,PARTIAL
COL000009627,LOAN00007933,2024-09-20,48095.21,FIELD_AGENT,SUCCESS
COL000009628,LOAN00007937,2024-07-10,18519.41,FIELD_AGENT,SUCCESS
COL000009629,LOAN00007939,2025-12-23,31379.88,DIGITAL,PARTIAL
COL000009630,LOAN00007939,2026-06-24,13449.55,CALL_CENTER,SUCCESS
COL000009631,LOAN00007939,2024-05-19,32863.79,CALL_CENTER,SUCCESS
COL000009632,LOAN00007939,2025-09-25,37863.93,DIGITAL,SUCCESS
COL000009633,LOAN00007939,2025-10-31,26087.16,BRANCH,PARTIAL
COL000009634,LOAN00007939,2024-12-11,35778.08,CALL_CENTER,PARTIAL
COL000009635,LOAN00007941,2026-07-03,41511.06,CALL_CENTER,SUCCESS
COL000009636,LOAN00007941,2026-05-22,32408.9,BRANCH,SUCCESS
COL000009637,LOAN00007941,2025-06-30,43072.66,DIGITAL,PARTIAL
COL000009638,LOAN00007941,2025-10-22,8684.66,FIELD_AGENT,SUCCESS
COL000009639,LOAN00007941,2025-03-08,26001.88,BRANCH,SUCCESS
COL000009640,LOAN00007948,2025-05-05,31304.45,CALL_CENTER,SUCCESS
COL000009641,LOAN00007948,2024-03-10,33157.37,FIELD_AGENT,SUCCESS
COL000009642,LOAN00007948,2026-07-18,9784.91,CALL_CENTER,SUCCESS
COL000009643,LOAN00007948,2025-10-02,8667.03,BRANCH,SUCCESS
COL000009644,LOAN00007948,2026-01-18,34731.14,CALL_CENTER,SUCCESS
COL000009645,LOAN00007948,2024-05-07,49518.74,CALL_CENTER,SUCCESS
COL000009646,LOAN00007949,2026-02-04,28729.23,FIELD_AGENT,SUCCESS
COL000009647,LOAN00007949,2024-06-09,2962.78,DIGITAL,SUCCESS
COL000009648,LOAN00007949,2026-01-06,32052.22,DIGITAL,PARTIAL
COL000009649,LOAN00007951,2025-10-22,15655.11,CALL_CENTER,SUCCESS
COL000009650,LOAN00007951,2025-11-15,38390.73,DIGITAL,SUCCESS
COL000009651,LOAN00007951,2025-12-26,8018.28,BRANCH,SUCCESS
COL000009652,LOAN00007954,2025-03-11,39520.69,DIGITAL,SUCCESS
COL000009653,LOAN00007954,2024-08-07,11096.03,BRANCH,PARTIAL
COL000009654,LOAN00007954,2025-02-23,16667.94,FIELD_AGENT,PARTIAL
COL000009655,LOAN00007955,2024-04-05,47431.45,BRANCH,SUCCESS
COL000009656,LOAN00007955,2024-10-01,13689.14,BRANCH,SUCCESS
COL000009657,LOAN00007957,2025-12-13,10622.5,BRANCH,SUCCESS
COL000009658,LOAN00007957,2025-06-17,40994.02,FIELD_AGENT,SUCCESS
COL000009659,LOAN00007960,2026-01-19,35958.64,DIGITAL,SUCCESS
COL000009660,LOAN00007960,2024-10-14,14070.68,BRANCH,SUCCESS
COL000009661,LOAN00007960,2026-02-16,44899.27,BRANCH,PARTIAL
COL000009662,LOAN00007968,2025-04-20,18647.74,DIGITAL,SUCCESS
COL000009663,LOAN00007968,2024-09-19,30217.97,BRANCH,SUCCESS
COL000009664,LOAN00007969,2026-02-15,30359.85,CALL_CENTER,SUCCESS
COL000009665,LOAN00007969,2024-05-26,12315.52,DIGITAL,PARTIAL
COL000009666,LOAN00007969,2025-10-09,37050.56,DIGITAL,SUCCESS
COL000009667,LOAN00007969,2026-07-02,33179.68,DIGITAL,SUCCESS
COL000009668,LOAN00007969,2025-03-20,34003.42,DIGITAL,PARTIAL
COL000009669,LOAN00007969,2026-08-16,48994.1,BRANCH,SUCCESS
COL000009670,LOAN00007971,2025-06-07,40292.96,DIGITAL,SUCCESS
COL000009671,LOAN00007971,2024-06-15,37337.33,FIELD_AGENT,SUCCESS
COL000009672,LOAN00007972,2026-03-25,48453.86,FIELD_AGENT,SUCCESS
COL000009673,LOAN00007972,2025-10-04,8855.63,FIELD_AGENT,SUCCESS
COL000009674,LOAN00007972,2025-10-09,41087.38,CALL_CENTER,SUCCESS
COL000009675,LOAN00007974,2026-08-27,7859.26,CALL_CENTER,SUCCESS
COL000009676,LOAN00007974,2025-06-21,41463.13,DIGITAL,PARTIAL
COL000009677,LOAN00007974,2026-01-31,6550.5,CALL_CENTER,SUCCESS
COL000009678,LOAN00007978,2026-09-21,12521.25,BRANCH,SUCCESS
COL000009679,LOAN00007978,2026-07-30,27650.16,DIGITAL,SUCCESS
COL000009680,LOAN00007978,2026-07-24,3643.58,FIELD_AGENT,SUCCESS
COL000009681,LOAN00007978,2026-02-09,26392.75,FIELD_AGENT,SUCCESS
COL000009682,LOAN00007978,2024-09-10,7799.2,CALL_CENTER,SUCCESS
COL000009683,LOAN00007980,2025-12-05,45646.25,FIELD_AGENT,SUCCESS
COL000009684,LOAN00007980,2025-10-19,8886.31,CALL_CENTER,PARTIAL
COL000009685,LOAN00007980,2025-07-21,26199.16,BRANCH,PARTIAL
COL000009686,LOAN00007980,2025-11-17,20042.8,DIGITAL,SUCCESS
COL000009687,LOAN00007980,2024-09-18,7697.78,FIELD_AGENT,SUCCESS
COL000009688,LOAN00007982,2025-07-10,4055.42,CALL_CENTER,PARTIAL
COL000009689,LOAN00007982,2025-08-07,45723.92,DIGITAL,SUCCESS
COL000009690,LOAN00007983,2025-03-30,28270.12,FIELD_AGENT,SUCCESS
COL000009691,LOAN00007986,2025-11-17,24095.94,DIGITAL,SUCCESS
COL000009692,LOAN00007986,2026-05-02,25697.89,FIELD_AGENT,SUCCESS
COL000009693,LOAN00007987,2025-03-07,2447.21,DIGITAL,SUCCESS
COL000009694,LOAN00007987,2025-12-24,3784.67,CALL_CENTER,SUCCESS
COL000009695,LOAN00007987,2026-04-29,19799.39,BRANCH,FAILED
COL000009696,LOAN00007987,2025-03-07,29386.49,FIELD_AGENT,SUCCESS
COL000009697,LOAN00007987,2025-02-25,47763.81,CALL_CENTER,SUCCESS
COL000009698,LOAN00007992,2025-06-04,22304.18,DIGITAL,SUCCESS
COL000009699,LOAN00007992,2025-08-07,22466.88,BRANCH,PARTIAL
COL000009700,LOAN00007992,2025-12-15,39099.9,BRANCH,SUCCESS
COL000009701,LOAN00007992,2026-06-28,3809.49,CALL_CENTER,PARTIAL
COL000009702,LOAN00007992,2026-01-27,4600.31,BRANCH,PARTIAL
COL000009703,LOAN00007992,2026-03-17,15858.7,DIGITAL,FAILED
COL000009704,LOAN00007996,2026-05-14,13451.39,DIGITAL,SUCCESS
COL000009705,LOAN00007996,2024-03-04,14290.03,FIELD_AGENT,SUCCESS
COL000009706,LOAN00007996,2025-12-17,30469.52,DIGITAL,SUCCESS
COL000009707,LOAN00007996,2026-08-24,11234.02,FIELD_AGENT,PARTIAL
COL000009708,LOAN00007996,2026-03-13,26579.26,CALL_CENTER,SUCCESS
COL000009709,LOAN00007996,2024-06-14,36609.37,BRANCH,PARTIAL
COL000009710,LOAN00007997,2026-02-01,19002.29,BRANCH,SUCCESS
COL000009711,LOAN00007997,2025-01-29,24524.51,DIGITAL,FAILED
COL000009712,LOAN00007999,2024-04-14,14578.77,CALL_CENTER,PARTIAL
COL000009713,LOAN00007999,2025-12-09,5198.54,BRANCH,SUCCESS
COL000009714,LOAN00007999,2024-09-16,44927.45,CALL_CENTER,SUCCESS
COL000009715,LOAN00008004,2025-08-24,19859.57,DIGITAL,SUCCESS
COL000009716,LOAN00008004,2026-03-22,49667.51,BRANCH,SUCCESS
COL000009717,LOAN00008004,2025-03-27,18473.25,BRANCH,SUCCESS
COL000009718,LOAN00008009,2025-07-09,30260.84,CALL_CENTER,SUCCESS
COL000009719,LOAN00008009,2025-07-19,35952.13,FIELD_AGENT,SUCCESS
COL000009720,LOAN00008009,2024-08-14,15893.66,DIGITAL,SUCCESS
COL000009721,LOAN00008009,2026-06-30,47419.77,CALL_CENTER,PARTIAL
COL000009722,LOAN00008011,2025-04-15,22136.71,BRANCH,SUCCESS
COL000009723,LOAN00008011,2025-06-19,9011.41,BRANCH,SUCCESS
COL000009724,LOAN00008011,2025-02-10,27487.27,CALL_CENTER,SUCCESS
COL000009725,LOAN00008011,2025-05-09,33049.28,CALL_CENTER,SUCCESS
COL000009726,LOAN00008011,2025-10-01,8803.5,DIGITAL,PARTIAL
COL000009727,LOAN00008013,2025-11-18,12129.4,FIELD_AGENT,SUCCESS
COL000009728,LOAN00008013,2026-02-01,9893.39,FIELD_AGENT,SUCCESS
COL000009729,LOAN00008015,2026-01-06,33455.77,BRANCH,SUCCESS
COL000009730,LOAN00008015,2025-07-06,6261.86,BRANCH,SUCCESS
COL000009731,LOAN00008015,2026-05-08,34110.78,FIELD_AGENT,SUCCESS
COL000009732,LOAN00008022,2024-10-16,3696.9,FIELD_AGENT,SUCCESS
COL000009733,LOAN00008022,2025-02-15,38859.64,FIELD_AGENT,PARTIAL
COL000009734,LOAN00008023,2025-12-28,19526.31,CALL_CENTER,SUCCESS
COL000009735,LOAN00008026,2025-12-14,47172.3,CALL_CENTER,SUCCESS
COL000009736,LOAN00008026,2024-07-16,41651.99,CALL_CENTER,PARTIAL
COL000009737,LOAN00008026,2026-01-17,18454.53,FIELD_AGENT,SUCCESS
COL000009738,LOAN00008026,2026-07-14,28311.62,DIGITAL,PARTIAL
COL000009739,LOAN00008026,2025-10-06,6417.32,FIELD_AGENT,SUCCESS
COL000009740,LOAN00008026,2025-10-06,10885.55,BRANCH,SUCCESS
COL000009741,LOAN00008028,2025-06-18,17189.04,CALL_CENTER,SUCCESS
COL000009742,LOAN00008029,2025-12-07,21494.9,DIGITAL,SUCCESS
COL000009743,LOAN00008030,2025-10-30,9196.33,DIGITAL,SUCCESS
COL000009744,LOAN00008038,2025-12-19,40101.74,BRANCH,PARTIAL
COL000009745,LOAN00008038,2025-01-10,31758.24,DIGITAL,SUCCESS
COL000009746,LOAN00008040,2024-04-24,38600.79,CALL_CENTER,SUCCESS
COL000009747,LOAN00008040,2024-08-21,7019.04,DIGITAL,SUCCESS
COL000009748,LOAN00008040,2025-05-18,31579.38,BRANCH,SUCCESS
COL000009749,LOAN00008040,2024-09-19,1827.64,DIGITAL,SUCCESS
COL000009750,LOAN00008040,2025-03-06,18011.62,BRANCH,SUCCESS
COL000009751,LOAN00008040,2025-08-16,3978.23,FIELD_AGENT,SUCCESS
COL000009752,LOAN00008042,2025-10-24,34814.85,CALL_CENTER,SUCCESS
COL000009753,LOAN00008042,2025-02-24,1710.64,DIGITAL,SUCCESS
COL000009754,LOAN00008045,2025-12-01,31315.8,DIGITAL,SUCCESS
COL000009755,LOAN00008045,2025-01-03,4802.77,BRANCH,FAILED
COL000009756,LOAN00008045,2024-07-26,44141.65,BRANCH,SUCCESS
COL000009757,LOAN00008046,2024-05-05,39511.27,DIGITAL,SUCCESS
COL000009758,LOAN00008046,2025-11-23,45167.28,FIELD_AGENT,SUCCESS
COL000009759,LOAN00008046,2025-09-30,28157.03,CALL_CENTER,SUCCESS
COL000009760,LOAN00008046,2026-04-22,39174.84,FIELD_AGENT,SUCCESS
COL000009761,LOAN00008047,2026-06-06,40194.43,FIELD_AGENT,SUCCESS
COL000009762,LOAN00008048,2024-04-15,29464.75,FIELD_AGENT,SUCCESS
COL000009763,LOAN00008048,2026-05-16,19354.7,BRANCH,SUCCESS
COL000009764,LOAN00008048,2024-04-13,3966.36,DIGITAL,SUCCESS
COL000009765,LOAN00008048,2024-05-03,24456.17,CALL_CENTER,SUCCESS
COL000009766,LOAN00008048,2024-04-23,16882.95,CALL_CENTER,PARTIAL
COL000009767,LOAN00008050,2025-12-06,11775.51,DIGITAL,SUCCESS
COL000009768,LOAN00008050,2026-07-20,47964.82,DIGITAL,SUCCESS
COL000009769,LOAN00008050,2024-11-28,35194.09,BRANCH,SUCCESS
COL000009770,LOAN00008050,2025-02-11,49020.11,DIGITAL,SUCCESS
COL000009771,LOAN00008051,2025-03-02,29314.36,FIELD_AGENT,SUCCESS
COL000009772,LOAN00008051,2025-02-17,22031.42,FIELD_AGENT,SUCCESS
COL000009773,LOAN00008054,2025-12-07,41845.58,FIELD_AGENT,SUCCESS
COL000009774,LOAN00008054,2024-09-15,39985.0,BRANCH,SUCCESS
COL000009775,LOAN00008056,2024-06-10,44861.95,DIGITAL,SUCCESS
COL000009776,LOAN00008056,2026-08-17,12809.34,BRANCH,SUCCESS
COL000009777,LOAN00008056,2025-01-06,35611.76,CALL_CENTER,SUCCESS
COL000009778,LOAN00008056,2025-02-11,46574.61,BRANCH,SUCCESS
COL000009779,LOAN00008056,2024-05-29,23308.11,BRANCH,SUCCESS
COL000009780,LOAN00008060,2025-10-11,35006.54,CALL_CENTER,SUCCESS
COL000009781,LOAN00008060,2025-10-21,10091.55,CALL_CENTER,SUCCESS
COL000009782,LOAN00008060,2026-01-25,38236.26,FIELD_AGENT,PARTIAL
COL000009783,LOAN00008060,2025-09-01,45125.63,DIGITAL,PARTIAL
COL000009784,LOAN00008060,2026-07-18,36974.26,BRANCH,SUCCESS
COL000009785,LOAN00008060,2024-08-15,28153.86,FIELD_AGENT,SUCCESS
COL000009786,LOAN00008074,2024-12-28,4512.68,DIGITAL,SUCCESS
COL000009787,LOAN00008074,2024-12-25,34296.83,FIELD_AGENT,PARTIAL
COL000009788,LOAN00008074,2025-08-21,27725.69,DIGITAL,SUCCESS
COL000009789,LOAN00008075,2026-01-25,33253.08,BRANCH,SUCCESS
COL000009790,LOAN00008075,2025-02-14,24529.59,CALL_CENTER,SUCCESS
COL000009791,LOAN00008075,2026-07-03,10977.24,DIGITAL,SUCCESS
COL000009792,LOAN00008077,2024-12-23,17972.5,DIGITAL,SUCCESS
COL000009793,LOAN00008077,2026-06-02,30937.22,DIGITAL,SUCCESS
COL000009794,LOAN00008082,2025-10-03,38575.73,FIELD_AGENT,SUCCESS
COL000009795,LOAN00008082,2024-04-04,46754.7,DIGITAL,SUCCESS
COL000009796,LOAN00008082,2024-07-08,28677.68,CALL_CENTER,SUCCESS
COL000009797,LOAN00008082,2026-01-26,7005.07,BRANCH,PARTIAL
COL000009798,LOAN00008082,2024-03-06,16143.64,FIELD_AGENT,PARTIAL
COL000009799,LOAN00008082,2025-10-16,30211.97,DIGITAL,SUCCESS
COL000009800,LOAN00008083,2024-04-15,41209.01,CALL_CENTER,SUCCESS
COL000009801,LOAN00008083,2025-09-10,17766.91,CALL_CENTER,PARTIAL
COL000009802,LOAN00008083,2026-06-20,33559.67,BRANCH,PARTIAL
COL000009803,LOAN00008083,2025-05-30,10623.6,FIELD_AGENT,PARTIAL
COL000009804,LOAN00008083,2024-03-22,32810.1,DIGITAL,PARTIAL
COL000009805,LOAN00008083,2025-03-16,13304.07,FIELD_AGENT,PARTIAL
COL000009806,LOAN00008084,2024-08-25,29303.7,DIGITAL,PARTIAL
COL000009807,LOAN00008084,2025-01-02,35922.3,CALL_CENTER,SUCCESS
COL000009808,LOAN00008084,2024-10-20,14051.27,FIELD_AGENT,SUCCESS
COL000009809,LOAN00008084,2025-03-01,31374.22,CALL_CENTER,SUCCESS
COL000009810,LOAN00008084,2026-08-20,32410.72,FIELD_AGENT,SUCCESS
COL000009811,LOAN00008088,2024-11-05,33760.8,DIGITAL,SUCCESS
COL000009812,LOAN00008088,2025-10-08,12596.95,FIELD_AGENT,SUCCESS
COL000009813,LOAN00008088,2025-06-25,23961.99,FIELD_AGENT,SUCCESS
COL000009814,LOAN00008088,2024-09-30,7013.85,BRANCH,SUCCESS
COL000009815,LOAN00008092,2025-01-31,31250.58,CALL_CENTER,SUCCESS
COL000009816,LOAN00008093,2026-07-28,10065.24,FIELD_AGENT,PARTIAL
COL000009817,LOAN00008093,2026-01-18,6615.44,CALL_CENTER,SUCCESS
COL000009818,LOAN00008093,2024-11-29,40185.15,DIGITAL,SUCCESS
COL000009819,LOAN00008093,2024-06-27,7735.39,FIELD_AGENT,SUCCESS
COL000009820,LOAN00008093,2025-06-17,10131.66,FIELD_AGENT,SUCCESS
COL000009821,LOAN00008094,2025-07-27,7124.71,FIELD_AGENT,PARTIAL
COL000009822,LOAN00008094,2024-03-22,38349.38,BRANCH,SUCCESS
COL000009823,LOAN00008094,2025-08-19,6490.49,CALL_CENTER,SUCCESS
COL000009824,LOAN00008094,2026-07-24,33895.58,BRANCH,SUCCESS
COL000009825,LOAN00008094,2025-02-24,47340.28,DIGITAL,SUCCESS
COL000009826,LOAN00008094,2025-10-02,14542.76,DIGITAL,SUCCESS
COL000009827,LOAN00008095,2026-06-08,4685.92,BRANCH,SUCCESS
COL000009828,LOAN00008095,2024-11-15,10489.03,FIELD_AGENT,SUCCESS
COL000009829,LOAN00008095,2024-06-28,9000.18,FIELD_AGENT,SUCCESS
COL000009830,LOAN00008097,2025-08-25,28891.8,FIELD_AGENT,SUCCESS
COL000009831,LOAN00008097,2025-02-23,39519.09,DIGITAL,PARTIAL
COL000009832,LOAN00008097,2024-03-23,17635.36,DIGITAL,SUCCESS
COL000009833,LOAN00008097,2024-03-09,5235.74,BRANCH,PARTIAL
COL000009834,LOAN00008105,2026-07-05,13468.77,CALL_CENTER,SUCCESS
COL000009835,LOAN00008105,2024-05-20,10504.94,CALL_CENTER,PARTIAL
COL000009836,LOAN00008105,2024-08-08,47886.81,DIGITAL,SUCCESS
COL000009837,LOAN00008105,2025-11-17,38302.83,CALL_CENTER,SUCCESS
COL000009838,LOAN00008105,2025-03-08,17017.97,CALL_CENTER,SUCCESS
COL000009839,LOAN00008110,2026-06-22,45529.16,CALL_CENTER,SUCCESS
COL000009840,LOAN00008110,2024-09-03,38343.85,BRANCH,SUCCESS
COL000009841,LOAN00008110,2024-12-13,6169.91,BRANCH,SUCCESS
COL000009842,LOAN00008110,2025-06-05,6372.57,BRANCH,PARTIAL
COL000009843,LOAN00008110,2026-02-01,37338.4,FIELD_AGENT,SUCCESS
COL000009844,LOAN00008110,2026-07-13,34533.85,CALL_CENTER,SUCCESS
COL000009845,LOAN00008124,2026-09-12,15302.1,CALL_CENTER,SUCCESS
COL000009846,LOAN00008124,2025-05-21,23522.71,FIELD_AGENT,SUCCESS
COL000009847,LOAN00008124,2025-10-16,44324.05,BRANCH,PARTIAL
COL000009848,LOAN00008124,2025-07-20,43487.05,CALL_CENTER,PARTIAL
COL000009849,LOAN00008124,2026-01-24,22851.44,CALL_CENTER,PARTIAL
COL000009850,LOAN00008124,2025-03-15,21061.56,CALL_CENTER,SUCCESS
COL000009851,LOAN00008128,2026-08-14,19811.61,CALL_CENTER,SUCCESS
COL000009852,LOAN00008128,2026-04-10,40774.39,DIGITAL,SUCCESS
COL000009853,LOAN00008129,2025-05-25,41911.78,DIGITAL,SUCCESS
COL000009854,LOAN00008129,2025-09-24,14947.92,FIELD_AGENT,PARTIAL
COL000009855,LOAN00008129,2025-06-15,40303.59,CALL_CENTER,SUCCESS
COL000009856,LOAN00008129,2026-09-22,42892.17,FIELD_AGENT,PARTIAL
COL000009857,LOAN00008129,2025-03-07,45381.87,CALL_CENTER,PARTIAL
COL000009858,LOAN00008132,2024-03-22,4465.78,CALL_CENTER,SUCCESS
COL000009859,LOAN00008132,2024-07-17,24131.21,BRANCH,SUCCESS
COL000009860,LOAN00008132,2024-03-06,38845.63,CALL_CENTER,SUCCESS
COL000009861,LOAN00008132,2026-09-10,16257.27,FIELD_AGENT,SUCCESS
COL000009862,LOAN00008138,2026-02-28,33541.95,CALL_CENTER,SUCCESS
COL000009863,LOAN00008138,2025-12-12,26147.15,CALL_CENTER,SUCCESS
COL000009864,LOAN00008138,2026-07-31,11672.03,FIELD_AGENT,SUCCESS
COL000009865,LOAN00008138,2026-06-01,4015.56,CALL_CENTER,SUCCESS
COL000009866,LOAN00008138,2026-01-28,29677.49,FIELD_AGENT,SUCCESS
COL000009867,LOAN00008140,2025-10-18,44671.06,FIELD_AGENT,SUCCESS
COL000009868,LOAN00008140,2026-07-23,35453.59,DIGITAL,SUCCESS
COL000009869,LOAN00008140,2024-10-03,9559.71,CALL_CENTER,SUCCESS
COL000009870,LOAN00008140,2025-04-02,9203.1,CALL_CENTER,SUCCESS
COL000009871,LOAN00008141,2025-04-11,27096.48,BRANCH,SUCCESS
COL000009872,LOAN00008141,2026-01-29,34135.36,DIGITAL,SUCCESS
COL000009873,LOAN00008141,2025-08-02,17469.08,BRANCH,SUCCESS
COL000009874,LOAN00008141,2025-01-23,14515.05,DIGITAL,SUCCESS
COL000009875,LOAN00008143,2025-10-05,43468.46,FIELD_AGENT,PARTIAL
COL000009876,LOAN00008143,2024-06-03,39790.29,BRANCH,SUCCESS
COL000009877,LOAN00008143,2024-07-01,19344.56,BRANCH,SUCCESS
COL000009878,LOAN00008143,2026-05-11,20273.34,DIGITAL,SUCCESS
COL000009879,LOAN00008143,2025-10-26,4739.54,CALL_CENTER,SUCCESS
COL000009880,LOAN00008146,2026-03-19,29964.7,CALL_CENTER,PARTIAL
COL000009881,LOAN00008146,2025-08-02,26827.68,CALL_CENTER,SUCCESS
COL000009882,LOAN00008146,2024-03-02,1267.2,DIGITAL,SUCCESS
COL000009883,LOAN00008146,2025-11-16,15538.17,CALL_CENTER,SUCCESS
COL000009884,LOAN00008152,2025-06-29,30497.13,BRANCH,SUCCESS
COL000009885,LOAN00008152,2026-08-18,35624.52,BRANCH,PARTIAL
COL000009886,LOAN00008152,2026-06-15,24472.65,BRANCH,PARTIAL
COL000009887,LOAN00008152,2024-10-13,16554.0,DIGITAL,PARTIAL
COL000009888,LOAN00008152,2025-04-15,6215.01,BRANCH,SUCCESS
COL000009889,LOAN00008152,2024-11-27,41596.41,BRANCH,PARTIAL
COL000009890,LOAN00008153,2024-11-21,24862.85,DIGITAL,SUCCESS
COL000009891,LOAN00008154,2026-06-28,22511.06,FIELD_AGENT,FAILED
COL000009892,LOAN00008156,2026-04-11,25830.96,DIGITAL,SUCCESS
COL000009893,LOAN00008157,2025-06-22,20558.46,BRANCH,SUCCESS
COL000009894,LOAN00008157,2026-06-03,21294.93,CALL_CENTER,PARTIAL
COL000009895,LOAN00008157,2024-09-06,38704.01,FIELD_AGENT,SUCCESS
COL000009896,LOAN00008157,2026-02-08,45899.51,CALL_CENTER,SUCCESS
COL000009897,LOAN00008157,2024-04-06,4374.39,BRANCH,SUCCESS
COL000009898,LOAN00008158,2026-01-17,31018.91,CALL_CENTER,SUCCESS
COL000009899,LOAN00008158,2024-10-17,20084.12,BRANCH,SUCCESS
COL000009900,LOAN00008158,2024-10-02,49985.25,BRANCH,SUCCESS
COL000009901,LOAN00008159,2025-12-02,38625.46,BRANCH,SUCCESS
COL000009902,LOAN00008159,2025-06-05,19952.57,DIGITAL,SUCCESS
COL000009903,LOAN00008159,2024-03-09,22694.94,BRANCH,SUCCESS
COL000009904,LOAN00008159,2026-04-07,48096.13,BRANCH,SUCCESS
COL000009905,LOAN00008159,2024-10-31,16362.34,BRANCH,PARTIAL
COL000009906,LOAN00008159,2024-03-15,30228.38,FIELD_AGENT,SUCCESS
COL000009907,LOAN00008160,2026-08-04,37347.58,FIELD_AGENT,SUCCESS
COL000009908,LOAN00008160,2025-06-26,47434.43,BRANCH,SUCCESS
COL000009909,LOAN00008160,2026-04-17,27508.23,FIELD_AGENT,PARTIAL
COL000009910,LOAN00008160,2024-04-12,21777.52,BRANCH,SUCCESS
COL000009911,LOAN00008160,2026-05-20,14651.61,CALL_CENTER,SUCCESS
COL000009912,LOAN00008161,2024-10-04,36923.54,BRANCH,SUCCESS
COL000009913,LOAN00008161,2026-09-13,29834.41,DIGITAL,SUCCESS
COL000009914,LOAN00008161,2026-09-27,18125.49,BRANCH,SUCCESS
COL000009915,LOAN00008161,2024-05-16,13970.35,CALL_CENTER,SUCCESS
COL000009916,LOAN00008162,2026-08-06,11166.93,BRANCH,SUCCESS
COL000009917,LOAN00008162,2025-07-26,20455.53,FIELD_AGENT,SUCCESS
COL000009918,LOAN00008162,2026-02-04,27768.59,FIELD_AGENT,SUCCESS
COL000009919,LOAN00008164,2025-10-23,11240.85,CALL_CENTER,PARTIAL
COL000009920,LOAN00008164,2024-07-08,49007.21,FIELD_AGENT,SUCCESS
COL000009921,LOAN00008164,2024-10-10,22351.09,BRANCH,SUCCESS
COL000009922,LOAN00008165,2025-12-10,39247.7,CALL_CENTER,PARTIAL
COL000009923,LOAN00008165,2025-10-10,48405.76,DIGITAL,SUCCESS
COL000009924,LOAN00008167,2026-04-13,23303.17,CALL_CENTER,FAILED
COL000009925,LOAN00008168,2025-12-19,32238.22,FIELD_AGENT,SUCCESS
COL000009926,LOAN00008168,2026-06-06,31772.28,BRANCH,SUCCESS
COL000009927,LOAN00008169,2025-11-03,27933.61,FIELD_AGENT,SUCCESS
COL000009928,LOAN00008171,2024-05-21,21134.66,BRANCH,PARTIAL
COL000009929,LOAN00008171,2025-07-09,13205.9,FIELD_AGENT,SUCCESS
COL000009930,LOAN00008172,2025-08-21,2155.75,DIGITAL,PARTIAL
COL000009931,LOAN00008172,2026-09-20,26353.17,DIGITAL,PARTIAL
COL000009932,LOAN00008172,2024-05-26,13548.65,DIGITAL,PARTIAL
COL000009933,LOAN00008172,2026-03-26,26327.69,FIELD_AGENT,SUCCESS
COL000009934,LOAN00008172,2024-08-29,8057.71,DIGITAL,PARTIAL
COL000009935,LOAN00008172,2026-09-19,25903.84,BRANCH,SUCCESS
COL000009936,LOAN00008176,2024-03-10,31104.25,FIELD_AGENT,SUCCESS
COL000009937,LOAN00008177,2024-12-03,19313.09,FIELD_AGENT,PARTIAL
COL000009938,LOAN00008177,2025-06-25,7715.92,CALL_CENTER,SUCCESS
COL000009939,LOAN00008178,2025-03-21,27527.73,DIGITAL,SUCCESS
COL000009940,LOAN00008178,2026-09-17,11607.22,CALL_CENTER,SUCCESS
COL000009941,LOAN00008178,2025-05-28,37190.35,DIGITAL,SUCCESS
COL000009942,LOAN00008178,2026-01-10,14198.89,CALL_CENTER,PARTIAL
COL000009943,LOAN00008178,2024-07-06,21483.73,FIELD_AGENT,SUCCESS
COL000009944,LOAN00008178,2025-06-20,15921.65,CALL_CENTER,SUCCESS
COL000009945,LOAN00008179,2024-10-20,20214.36,BRANCH,SUCCESS
COL000009946,LOAN00008179,2024-05-11,15996.95,CALL_CENTER,SUCCESS
COL000009947,LOAN00008179,2024-06-23,35198.73,DIGITAL,SUCCESS
COL000009948,LOAN00008179,2024-12-18,24921.49,CALL_CENTER,PARTIAL
COL000009949,LOAN00008179,2025-10-04,13693.28,DIGITAL,SUCCESS
COL000009950,LOAN00008179,2025-11-14,41406.06,FIELD_AGENT,SUCCESS
COL000009951,LOAN00008180,2024-07-16,30092.97,BRANCH,SUCCESS
COL000009952,LOAN00008182,2024-03-22,30723.57,FIELD_AGENT,SUCCESS
COL000009953,LOAN00008182,2025-12-30,18726.57,FIELD_AGENT,SUCCESS
COL000009954,LOAN00008182,2026-06-18,42190.37,DIGITAL,SUCCESS
COL000009955,LOAN00008182,2026-07-10,38408.81,CALL_CENTER,SUCCESS
COL000009956,LOAN00008182,2026-05-04,21585.0,FIELD_AGENT,PARTIAL
COL000009957,LOAN00008183,2024-07-30,12275.3,BRANCH,FAILED
COL000009958,LOAN00008183,2025-12-01,27902.59,FIELD_AGENT,SUCCESS
COL000009959,LOAN00008183,2026-01-01,13997.59,FIELD_AGENT,SUCCESS
COL000009960,LOAN00008183,2025-04-29,49555.8,CALL_CENTER,SUCCESS
COL000009961,LOAN00008184,2026-05-26,13174.7,BRANCH,SUCCESS
COL000009962,LOAN00008184,2024-06-18,32936.82,DIGITAL,SUCCESS
COL000009963,LOAN00008184,2025-09-27,25667.18,DIGITAL,SUCCESS
COL000009964,LOAN00008184,2025-07-26,31684.09,FIELD_AGENT,SUCCESS
COL000009965,LOAN00008184,2025-11-23,19607.08,FIELD_AGENT,SUCCESS
COL000009966,LOAN00008189,2026-06-22,23143.06,CALL_CENTER,SUCCESS
COL000009967,LOAN00008189,2024-12-11,28887.41,DIGITAL,SUCCESS
COL000009968,LOAN00008189,2025-10-01,12069.63,FIELD_AGENT,SUCCESS
COL000009969,LOAN00008189,2025-09-11,24029.12,FIELD_AGENT,SUCCESS
COL000009970,LOAN00008191,2024-05-31,30473.54,DIGITAL,SUCCESS
COL000009971,LOAN00008191,2025-06-18,34608.22,DIGITAL,SUCCESS
COL000009972,LOAN00008191,2025-05-02,21621.67,BRANCH,SUCCESS
COL000009973,LOAN00008191,2025-05-02,29844.35,DIGITAL,PARTIAL
COL000009974,LOAN00008191,2024-05-20,45889.78,DIGITAL,PARTIAL
COL000009975,LOAN00008192,2026-01-22,14149.8,CALL_CENTER,SUCCESS
COL000009976,LOAN00008192,2024-12-25,40836.13,CALL_CENTER,SUCCESS
COL000009977,LOAN00008192,2025-10-02,12145.72,DIGITAL,SUCCESS
COL000009978,LOAN00008195,2024-04-22,12982.87,CALL_CENTER,SUCCESS
COL000009979,LOAN00008195,2025-12-29,12866.58,FIELD_AGENT,SUCCESS
COL000009980,LOAN00008195,2025-02-24,33476.95,DIGITAL,PARTIAL
COL000009981,LOAN00008196,2024-03-30,5393.4,BRANCH,SUCCESS
COL000009982,LOAN00008196,2026-04-20,36330.23,DIGITAL,SUCCESS
COL000009983,LOAN00008196,2024-08-15,41250.93,CALL_CENTER,SUCCESS
COL000009984,LOAN00008196,2025-09-10,37414.47,FIELD_AGENT,SUCCESS
COL000009985,LOAN00008196,2026-02-01,47803.65,FIELD_AGENT,SUCCESS
COL000009986,LOAN00008205,2024-12-31,7210.45,FIELD_AGENT,SUCCESS
COL000009987,LOAN00008205,2026-07-07,30645.31,DIGITAL,PARTIAL
COL000009988,LOAN00008205,2025-11-09,1438.27,CALL_CENTER,SUCCESS
COL000009989,LOAN00008207,2026-01-18,34109.21,DIGITAL,PARTIAL
COL000009990,LOAN00008209,2025-11-15,10710.95,FIELD_AGENT,PARTIAL
COL000009991,LOAN00008209,2024-06-02,24501.53,FIELD_AGENT,PARTIAL
COL000009992,LOAN00008209,2025-05-26,49097.82,BRANCH,FAILED
COL000009993,LOAN00008210,2024-09-09,1932.76,BRANCH,SUCCESS
COL000009994,LOAN00008210,2024-06-10,31900.4,DIGITAL,SUCCESS
COL000009995,LOAN00008210,2024-11-30,13531.15,CALL_CENTER,PARTIAL
COL000009996,LOAN00008212,2025-02-15,16622.75,FIELD_AGENT,SUCCESS
COL000009997,LOAN00008212,2025-09-23,5790.24,FIELD_AGENT,PARTIAL
COL000009998,LOAN00008212,2025-10-16,39536.72,CALL_CENTER,SUCCESS
COL000009999,LOAN00008212,2026-05-28,27522.58,CALL_CENTER,SUCCESS
COL000010000,LOAN00008212,2025-05-24,44070.97,FIELD_AGENT,FAILED
COL000010001,LOAN00008212,2024-07-17,16696.68,DIGITAL,SUCCESS
COL000010002,LOAN00008213,2026-03-23,24634.09,BRANCH,SUCCESS
COL000010003,LOAN00008214,2025-03-27,47071.61,FIELD_AGENT,SUCCESS
COL000010004,LOAN00008214,2026-03-25,30239.81,FIELD_AGENT,SUCCESS
COL000010005,LOAN00008214,2024-03-14,12981.12,DIGITAL,PARTIAL
COL000010006,LOAN00008214,2025-08-22,9599.28,CALL_CENTER,SUCCESS
COL000010007,LOAN00008218,2025-04-24,17618.02,DIGITAL,SUCCESS
COL000010008,LOAN00008223,2026-04-06,33417.62,DIGITAL,SUCCESS
COL000010009,LOAN00008224,2026-08-19,46980.32,BRANCH,SUCCESS
COL000010010,LOAN00008224,2024-04-06,4691.09,FIELD_AGENT,SUCCESS
COL000010011,LOAN00008226,2026-01-23,41827.81,DIGITAL,SUCCESS
COL000010012,LOAN00008226,2025-03-24,40275.46,BRANCH,SUCCESS
COL000010013,LOAN00008226,2024-12-15,36194.71,DIGITAL,SUCCESS
COL000010014,LOAN00008226,2025-10-22,21305.41,CALL_CENTER,SUCCESS
COL000010015,LOAN00008226,2024-12-25,4898.02,FIELD_AGENT,SUCCESS
COL000010016,LOAN00008226,2025-09-06,12371.93,BRANCH,SUCCESS
COL000010017,LOAN00008227,2024-09-25,49099.97,BRANCH,PARTIAL
COL000010018,LOAN00008227,2025-05-07,2171.06,FIELD_AGENT,SUCCESS
COL000010019,LOAN00008227,2025-02-28,10822.09,BRANCH,SUCCESS
COL000010020,LOAN00008227,2024-07-29,19560.2,CALL_CENTER,SUCCESS
COL000010021,LOAN00008227,2025-10-14,2394.25,CALL_CENTER,SUCCESS
COL000010022,LOAN00008228,2025-08-10,6798.11,CALL_CENTER,SUCCESS
COL000010023,LOAN00008228,2025-03-01,15561.76,DIGITAL,SUCCESS
COL000010024,LOAN00008228,2025-01-05,13664.14,DIGITAL,SUCCESS
COL000010025,LOAN00008228,2025-12-27,44578.57,BRANCH,SUCCESS
COL000010026,LOAN00008228,2025-08-29,45028.7,CALL_CENTER,SUCCESS
COL000010027,LOAN00008237,2024-05-30,4983.35,CALL_CENTER,SUCCESS
COL000010028,LOAN00008240,2025-01-10,20503.85,BRANCH,SUCCESS
COL000010029,LOAN00008240,2025-11-21,36557.68,DIGITAL,PARTIAL
COL000010030,LOAN00008240,2024-11-02,22419.39,BRANCH,SUCCESS
COL000010031,LOAN00008240,2024-10-10,42403.33,FIELD_AGENT,SUCCESS
COL000010032,LOAN00008242,2025-02-28,7694.52,FIELD_AGENT,SUCCESS
COL000010033,LOAN00008246,2025-02-19,12381.05,BRANCH,SUCCESS
COL000010034,LOAN00008247,2026-06-11,30847.6,CALL_CENTER,SUCCESS
COL000010035,LOAN00008260,2024-08-06,37133.26,DIGITAL,PARTIAL
COL000010036,LOAN00008267,2026-07-29,33620.71,DIGITAL,SUCCESS
COL000010037,LOAN00008267,2024-06-21,3200.3,CALL_CENTER,SUCCESS
COL000010038,LOAN00008267,2026-07-25,41228.06,CALL_CENTER,SUCCESS
COL000010039,LOAN00008267,2026-08-01,31754.47,DIGITAL,PARTIAL
COL000010040,LOAN00008267,2025-07-23,3838.9,FIELD_AGENT,SUCCESS
COL000010041,LOAN00008268,2026-07-21,25979.04,CALL_CENTER,SUCCESS
COL000010042,LOAN00008269,2024-06-08,21792.46,BRANCH,PARTIAL
COL000010043,LOAN00008269,2024-06-10,1012.82,DIGITAL,PARTIAL
COL000010044,LOAN00008270,2024-11-11,20423.63,DIGITAL,SUCCESS
COL000010045,LOAN00008272,2024-03-27,8915.6,BRANCH,SUCCESS
COL000010046,LOAN00008273,2024-06-13,33017.23,BRANCH,SUCCESS
COL000010047,LOAN00008273,2025-08-23,39538.52,CALL_CENTER,SUCCESS
COL000010048,LOAN00008273,2025-09-25,20131.34,DIGITAL,SUCCESS
COL000010049,LOAN00008273,2026-09-26,36744.48,DIGITAL,SUCCESS
COL000010050,LOAN00008273,2024-11-23,19519.92,CALL_CENTER,PARTIAL
COL000010051,LOAN00008273,2026-03-19,15029.49,CALL_CENTER,SUCCESS
COL000010052,LOAN00008275,2025-02-13,33077.32,DIGITAL,PARTIAL
COL000010053,LOAN00008276,2025-01-28,49118.36,FIELD_AGENT,SUCCESS
COL000010054,LOAN00008276,2024-07-21,36772.58,CALL_CENTER,SUCCESS
COL000010055,LOAN00008276,2026-05-20,6049.75,FIELD_AGENT,SUCCESS
COL000010056,LOAN00008276,2025-01-19,19949.4,FIELD_AGENT,SUCCESS
COL000010057,LOAN00008276,2026-06-16,18489.88,FIELD_AGENT,SUCCESS
COL000010058,LOAN00008276,2024-03-15,25554.29,CALL_CENTER,SUCCESS
COL000010059,LOAN00008277,2025-02-02,42599.79,CALL_CENTER,SUCCESS
COL000010060,LOAN00008277,2026-03-19,24276.99,CALL_CENTER,SUCCESS
COL000010061,LOAN00008277,2025-10-28,20038.71,DIGITAL,SUCCESS
COL000010062,LOAN00008277,2026-08-01,43473.36,FIELD_AGENT,SUCCESS
COL000010063,LOAN00008277,2024-10-01,35092.86,FIELD_AGENT,SUCCESS
COL000010064,LOAN00008281,2024-04-30,24908.3,CALL_CENTER,SUCCESS
COL000010065,LOAN00008281,2024-06-06,36739.89,FIELD_AGENT,SUCCESS
COL000010066,LOAN00008283,2024-11-08,5077.09,BRANCH,SUCCESS
COL000010067,LOAN00008284,2025-11-28,38214.79,BRANCH,SUCCESS
COL000010068,LOAN00008284,2024-06-06,8860.23,DIGITAL,PARTIAL
COL000010069,LOAN00008284,2025-08-27,8266.39,BRANCH,PARTIAL
COL000010070,LOAN00008284,2024-10-03,11110.24,FIELD_AGENT,PARTIAL
COL000010071,LOAN00008286,2024-10-17,32811.6,BRANCH,PARTIAL
COL000010072,LOAN00008287,2025-05-19,29147.93,BRANCH,SUCCESS
COL000010073,LOAN00008290,2026-07-24,22650.71,DIGITAL,SUCCESS
COL000010074,LOAN00008290,2024-08-21,25577.33,BRANCH,PARTIAL
COL000010075,LOAN00008290,2024-12-17,25855.32,FIELD_AGENT,SUCCESS
COL000010076,LOAN00008291,2025-06-02,23478.28,DIGITAL,SUCCESS
COL000010077,LOAN00008294,2026-09-24,19993.48,FIELD_AGENT,PARTIAL
COL000010078,LOAN00008294,2026-07-16,13168.7,DIGITAL,SUCCESS
COL000010079,LOAN00008294,2025-06-09,6860.31,BRANCH,SUCCESS
COL000010080,LOAN00008294,2025-06-08,30505.75,FIELD_AGENT,SUCCESS
COL000010081,LOAN00008295,2024-12-23,28236.21,FIELD_AGENT,SUCCESS
COL000010082,LOAN00008295,2024-06-11,13773.68,BRANCH,SUCCESS
COL000010083,LOAN00008295,2024-03-24,34776.71,BRANCH,SUCCESS
COL000010084,LOAN00008299,2025-11-30,20386.41,FIELD_AGENT,SUCCESS
COL000010085,LOAN00008299,2024-11-03,35201.44,FIELD_AGENT,SUCCESS
COL000010086,LOAN00008299,2025-11-08,16559.95,BRANCH,PARTIAL
COL000010087,LOAN00008301,2026-09-07,11857.81,BRANCH,SUCCESS
COL000010088,LOAN00008301,2025-05-06,22560.49,FIELD_AGENT,PARTIAL
COL000010089,LOAN00008301,2025-05-11,34384.97,DIGITAL,PARTIAL
COL000010090,LOAN00008301,2025-12-11,31719.54,BRANCH,PARTIAL
COL000010091,LOAN00008301,2024-03-24,20159.91,CALL_CENTER,SUCCESS
COL000010092,LOAN00008301,2025-02-07,9645.13,CALL_CENTER,SUCCESS
COL000010093,LOAN00008302,2026-03-30,44808.18,CALL_CENTER,SUCCESS
COL000010094,LOAN00008302,2025-07-05,27550.71,DIGITAL,SUCCESS
COL000010095,LOAN00008302,2024-04-21,22454.32,CALL_CENTER,PARTIAL
COL000010096,LOAN00008302,2025-05-12,3868.7,FIELD_AGENT,SUCCESS
COL000010097,LOAN00008302,2024-09-09,47689.12,CALL_CENTER,SUCCESS
COL000010098,LOAN00008305,2024-03-27,15365.51,BRANCH,SUCCESS
COL000010099,LOAN00008305,2025-08-07,23257.12,CALL_CENTER,SUCCESS
COL000010100,LOAN00008305,2026-09-19,43131.28,BRANCH,SUCCESS
COL000010101,LOAN00008305,2025-12-25,8790.35,BRANCH,SUCCESS
COL000010102,LOAN00008309,2025-09-25,11506.7,BRANCH,SUCCESS
COL000010103,LOAN00008309,2024-04-27,30900.58,BRANCH,SUCCESS
COL000010104,LOAN00008309,2025-04-26,29846.16,FIELD_AGENT,PARTIAL
COL000010105,LOAN00008309,2026-08-20,46131.41,DIGITAL,SUCCESS
COL000010106,LOAN00008311,2025-11-01,35093.9,FIELD_AGENT,SUCCESS
COL000010107,LOAN00008313,2024-07-21,38892.42,CALL_CENTER,SUCCESS
COL000010108,LOAN00008313,2024-12-05,18770.12,BRANCH,SUCCESS
COL000010109,LOAN00008318,2025-04-21,21041.3,CALL_CENTER,SUCCESS
COL000010110,LOAN00008318,2025-12-06,13028.04,FIELD_AGENT,SUCCESS
COL000010111,LOAN00008318,2025-12-24,46247.16,BRANCH,SUCCESS
COL000010112,LOAN00008318,2024-12-28,31681.36,FIELD_AGENT,SUCCESS
COL000010113,LOAN00008320,2025-11-10,48516.83,DIGITAL,SUCCESS
COL000010114,LOAN00008327,2025-03-30,22424.72,FIELD_AGENT,SUCCESS
COL000010115,LOAN00008327,2025-08-25,22475.79,BRANCH,SUCCESS
COL000010116,LOAN00008327,2025-01-13,17044.07,CALL_CENTER,SUCCESS
COL000010117,LOAN00008327,2025-07-22,10984.22,DIGITAL,SUCCESS
COL000010118,LOAN00008327,2025-09-10,12962.03,CALL_CENTER,PARTIAL
COL000010119,LOAN00008330,2024-07-18,36453.4,BRANCH,SUCCESS
COL000010120,LOAN00008340,2024-08-25,41130.07,CALL_CENTER,SUCCESS
COL000010121,LOAN00008340,2025-09-09,6617.76,FIELD_AGENT,SUCCESS
COL000010122,LOAN00008340,2025-07-27,30392.27,CALL_CENTER,SUCCESS
COL000010123,LOAN00008349,2025-06-06,26563.29,BRANCH,SUCCESS
COL000010124,LOAN00008349,2024-05-17,34836.08,FIELD_AGENT,PARTIAL
COL000010125,LOAN00008349,2026-04-13,26120.78,FIELD_AGENT,PARTIAL
COL000010126,LOAN00008351,2025-04-20,6638.32,DIGITAL,SUCCESS
COL000010127,LOAN00008351,2024-11-04,36722.55,CALL_CENTER,SUCCESS
COL000010128,LOAN00008353,2026-02-24,6175.7,BRANCH,PARTIAL
COL000010129,LOAN00008353,2024-05-23,18756.79,CALL_CENTER,FAILED
COL000010130,LOAN00008353,2024-08-02,44854.43,CALL_CENTER,SUCCESS
COL000010131,LOAN00008353,2024-06-08,7481.11,CALL_CENTER,PARTIAL
COL000010132,LOAN00008353,2025-01-20,23091.51,DIGITAL,SUCCESS
COL000010133,LOAN00008353,2025-01-03,47242.44,BRANCH,SUCCESS
COL000010134,LOAN00008357,2024-09-03,22802.6,FIELD_AGENT,SUCCESS
COL000010135,LOAN00008357,2026-03-30,40952.19,DIGITAL,SUCCESS
COL000010136,LOAN00008357,2026-01-22,4945.53,CALL_CENTER,SUCCESS
COL000010137,LOAN00008359,2025-10-07,49568.01,CALL_CENTER,SUCCESS
COL000010138,LOAN00008366,2025-09-09,16013.29,CALL_CENTER,SUCCESS
COL000010139,LOAN00008366,2025-02-03,9847.26,BRANCH,SUCCESS
COL000010140,LOAN00008367,2025-10-01,2078.64,FIELD_AGENT,SUCCESS
COL000010141,LOAN00008367,2026-05-27,14830.4,CALL_CENTER,SUCCESS
COL000010142,LOAN00008367,2026-05-28,10356.83,DIGITAL,SUCCESS
COL000010143,LOAN00008367,2024-04-02,28332.98,CALL_CENTER,SUCCESS
COL000010144,LOAN00008367,2026-06-15,8694.58,CALL_CENTER,SUCCESS
COL000010145,LOAN00008368,2026-08-01,23461.62,BRANCH,SUCCESS
COL000010146,LOAN00008368,2025-08-16,34505.6,BRANCH,SUCCESS
COL000010147,LOAN00008368,2026-07-16,49637.52,BRANCH,PARTIAL
COL000010148,LOAN00008368,2025-06-08,23847.13,BRANCH,PARTIAL
COL000010149,LOAN00008368,2025-11-25,37259.37,BRANCH,PARTIAL
COL000010150,LOAN00008373,2024-09-16,3090.97,DIGITAL,PARTIAL
COL000010151,LOAN00008373,2026-07-19,32951.89,BRANCH,PARTIAL
COL000010152,LOAN00008373,2025-02-05,10678.73,DIGITAL,SUCCESS
COL000010153,LOAN00008377,2024-04-25,47635.05,CALL_CENTER,PARTIAL
COL000010154,LOAN00008377,2024-10-26,18318.83,DIGITAL,SUCCESS
COL000010155,LOAN00008377,2025-09-22,10704.64,DIGITAL,SUCCESS
COL000010156,LOAN00008380,2025-06-29,34015.3,DIGITAL,SUCCESS
COL000010157,LOAN00008380,2025-02-02,38752.02,DIGITAL,SUCCESS
COL000010158,LOAN00008380,2024-08-26,16989.73,BRANCH,SUCCESS
COL000010159,LOAN00008380,2025-01-10,17373.94,FIELD_AGENT,PARTIAL
COL000010160,LOAN00008380,2026-04-17,22483.62,DIGITAL,SUCCESS
COL000010161,LOAN00008381,2025-10-12,36871.65,CALL_CENTER,SUCCESS
COL000010162,LOAN00008381,2024-05-21,28063.33,DIGITAL,SUCCESS
COL000010163,LOAN00008381,2024-12-30,30666.97,FIELD_AGENT,SUCCESS
COL000010164,LOAN00008382,2025-08-18,15088.76,BRANCH,SUCCESS
COL000010165,LOAN00008383,2026-03-21,29372.28,CALL_CENTER,SUCCESS
COL000010166,LOAN00008383,2026-07-22,48966.82,BRANCH,SUCCESS
COL000010167,LOAN00008384,2024-09-20,29552.29,DIGITAL,FAILED
COL000010168,LOAN00008384,2025-07-05,6635.84,DIGITAL,SUCCESS
COL000010169,LOAN00008386,2025-09-21,45989.33,BRANCH,PARTIAL
COL000010170,LOAN00008387,2026-05-18,27360.49,DIGITAL,SUCCESS
COL000010171,LOAN00008387,2025-10-04,39336.5,FIELD_AGENT,SUCCESS
COL000010172,LOAN00008387,2025-02-05,18303.56,BRANCH,SUCCESS
COL000010173,LOAN00008387,2025-11-15,35928.41,BRANCH,SUCCESS
COL000010174,LOAN00008388,2026-04-15,35964.86,BRANCH,PARTIAL
COL000010175,LOAN00008388,2025-01-19,35125.91,FIELD_AGENT,SUCCESS
COL000010176,LOAN00008388,2025-11-08,46036.57,BRANCH,SUCCESS
COL000010177,LOAN00008388,2026-05-24,20508.86,DIGITAL,SUCCESS
COL000010178,LOAN00008391,2025-08-01,32792.57,CALL_CENTER,SUCCESS
COL000010179,LOAN00008393,2026-08-01,1168.4,FIELD_AGENT,PARTIAL
COL000010180,LOAN00008393,2025-07-24,2273.77,BRANCH,PARTIAL
COL000010181,LOAN00008393,2026-04-28,5688.03,CALL_CENTER,SUCCESS
COL000010182,LOAN00008393,2024-11-11,27577.85,DIGITAL,SUCCESS
COL000010183,LOAN00008393,2025-01-01,31477.19,BRANCH,SUCCESS
COL000010184,LOAN00008393,2024-04-11,39602.37,DIGITAL,SUCCESS
COL000010185,LOAN00008395,2025-11-11,32196.17,CALL_CENTER,SUCCESS
COL000010186,LOAN00008395,2024-03-01,49248.94,CALL_CENTER,PARTIAL
COL000010187,LOAN00008395,2025-12-30,38667.38,CALL_CENTER,SUCCESS
COL000010188,LOAN00008395,2024-06-05,11596.26,BRANCH,PARTIAL
COL000010189,LOAN00008395,2024-05-24,40270.79,DIGITAL,SUCCESS
COL000010190,LOAN00008395,2024-11-11,43082.04,DIGITAL,SUCCESS
COL000010191,LOAN00008397,2026-02-10,7631.16,DIGITAL,SUCCESS
COL000010192,LOAN00008397,2025-09-14,32217.92,FIELD_AGENT,SUCCESS
COL000010193,LOAN00008400,2025-05-21,46534.07,BRANCH,SUCCESS
COL000010194,LOAN00008402,2024-08-11,39123.3,CALL_CENTER,SUCCESS
COL000010195,LOAN00008402,2024-03-26,48638.33,CALL_CENTER,PARTIAL
COL000010196,LOAN00008402,2025-12-26,32264.32,FIELD_AGENT,SUCCESS
COL000010197,LOAN00008402,2024-05-29,2143.42,FIELD_AGENT,PARTIAL
COL000010198,LOAN00008406,2025-11-04,17319.38,FIELD_AGENT,SUCCESS
COL000010199,LOAN00008406,2024-12-17,20595.41,CALL_CENTER,FAILED
COL000010200,LOAN00008407,2024-11-26,24456.91,FIELD_AGENT,SUCCESS
COL000010201,LOAN00008407,2025-02-24,8847.15,BRANCH,PARTIAL
COL000010202,LOAN00008410,2025-05-30,36506.48,CALL_CENTER,FAILED
COL000010203,LOAN00008410,2026-05-25,31429.02,DIGITAL,SUCCESS
COL000010204,LOAN00008410,2024-09-06,22021.12,CALL_CENTER,PARTIAL
COL000010205,LOAN00008410,2025-11-21,38172.37,DIGITAL,SUCCESS
COL000010206,LOAN00008410,2025-04-01,37286.12,DIGITAL,SUCCESS
COL000010207,LOAN00008410,2024-10-10,34873.87,FIELD_AGENT,SUCCESS
COL000010208,LOAN00008411,2025-05-09,34229.02,BRANCH,PARTIAL
COL000010209,LOAN00008411,2025-06-22,12204.48,FIELD_AGENT,SUCCESS
COL000010210,LOAN00008411,2024-04-27,3331.31,FIELD_AGENT,SUCCESS
COL000010211,LOAN00008411,2025-12-24,36062.0,CALL_CENTER,SUCCESS
COL000010212,LOAN00008413,2024-08-10,1882.76,CALL_CENTER,SUCCESS
COL000010213,LOAN00008413,2024-05-12,3884.07,DIGITAL,PARTIAL
COL000010214,LOAN00008413,2025-03-30,49160.04,CALL_CENTER,SUCCESS
COL000010215,LOAN00008413,2024-08-21,14392.43,BRANCH,SUCCESS
COL000010216,LOAN00008413,2025-05-20,33757.34,BRANCH,PARTIAL
COL000010217,LOAN00008414,2026-05-14,47703.31,DIGITAL,PARTIAL
COL000010218,LOAN00008414,2024-03-04,10965.62,DIGITAL,SUCCESS
COL000010219,LOAN00008414,2025-06-26,6361.14,FIELD_AGENT,PARTIAL
COL000010220,LOAN00008418,2025-10-18,9775.67,CALL_CENTER,SUCCESS
COL000010221,LOAN00008418,2026-03-02,16135.07,DIGITAL,SUCCESS
COL000010222,LOAN00008418,2025-07-29,10700.91,CALL_CENTER,SUCCESS
COL000010223,LOAN00008418,2026-05-13,21075.65,CALL_CENTER,SUCCESS
COL000010224,LOAN00008418,2025-08-18,31722.77,CALL_CENTER,SUCCESS
COL000010225,LOAN00008418,2024-04-18,38450.66,BRANCH,SUCCESS
COL000010226,LOAN00008424,2025-11-20,3442.09,BRANCH,SUCCESS
COL000010227,LOAN00008424,2025-03-25,16448.79,FIELD_AGENT,SUCCESS
COL000010228,LOAN00008426,2025-12-31,7394.84,BRANCH,SUCCESS
COL000010229,LOAN00008426,2026-07-11,39511.83,FIELD_AGENT,SUCCESS
COL000010230,LOAN00008426,2025-02-27,3593.73,FIELD_AGENT,SUCCESS
COL000010231,LOAN00008426,2026-06-24,10951.64,DIGITAL,SUCCESS
COL000010232,LOAN00008426,2024-07-31,27696.42,DIGITAL,SUCCESS
COL000010233,LOAN00008426,2026-02-02,25095.65,BRANCH,PARTIAL
COL000010234,LOAN00008427,2025-02-27,46900.87,FIELD_AGENT,SUCCESS
COL000010235,LOAN00008430,2025-02-22,2035.43,FIELD_AGENT,SUCCESS
COL000010236,LOAN00008431,2025-11-14,12390.8,DIGITAL,SUCCESS
COL000010237,LOAN00008431,2026-08-12,7099.86,BRANCH,SUCCESS
COL000010238,LOAN00008431,2025-07-09,36466.73,CALL_CENTER,SUCCESS
COL000010239,LOAN00008431,2026-07-12,33957.31,DIGITAL,SUCCESS
COL000010240,LOAN00008431,2025-05-01,16441.76,DIGITAL,SUCCESS
COL000010241,LOAN00008431,2025-04-13,44988.43,CALL_CENTER,SUCCESS
COL000010242,LOAN00008435,2024-10-11,34872.84,DIGITAL,SUCCESS
COL000010243,LOAN00008435,2024-03-03,39797.93,CALL_CENTER,SUCCESS
COL000010244,LOAN00008435,2026-04-15,36732.22,BRANCH,PARTIAL
COL000010245,LOAN00008435,2025-11-03,49424.96,CALL_CENTER,SUCCESS
COL000010246,LOAN00008437,2024-04-07,47888.45,DIGITAL,SUCCESS
COL000010247,LOAN00008437,2024-07-09,21604.31,BRANCH,PARTIAL
COL000010248,LOAN00008437,2025-01-12,16758.1,FIELD_AGENT,SUCCESS
COL000010249,LOAN00008438,2025-06-19,11663.97,FIELD_AGENT,SUCCESS
COL000010250,LOAN00008438,2024-12-15,19384.86,FIELD_AGENT,SUCCESS
COL000010251,LOAN00008439,2025-09-01,22259.02,FIELD_AGENT,SUCCESS
COL000010252,LOAN00008441,2024-04-22,9602.63,FIELD_AGENT,SUCCESS
COL000010253,LOAN00008441,2026-08-31,34559.86,BRANCH,SUCCESS
COL000010254,LOAN00008441,2024-05-07,39941.81,FIELD_AGENT,SUCCESS
COL000010255,LOAN00008441,2025-08-03,22607.59,FIELD_AGENT,FAILED
COL000010256,LOAN00008443,2024-03-11,11726.38,FIELD_AGENT,SUCCESS
COL000010257,LOAN00008443,2024-11-03,6934.34,DIGITAL,PARTIAL
COL000010258,LOAN00008443,2026-02-01,12188.62,BRANCH,SUCCESS
COL000010259,LOAN00008443,2025-11-18,27319.12,CALL_CENTER,SUCCESS
COL000010260,LOAN00008443,2025-10-20,1083.28,CALL_CENTER,SUCCESS
COL000010261,LOAN00008446,2025-12-28,1305.74,CALL_CENTER,SUCCESS
COL000010262,LOAN00008446,2026-06-19,40554.28,CALL_CENTER,PARTIAL
COL000010263,LOAN00008446,2025-06-14,35990.54,BRANCH,SUCCESS
COL000010264,LOAN00008446,2024-12-08,2137.78,BRANCH,PARTIAL
COL000010265,LOAN00008449,2024-06-29,17296.83,FIELD_AGENT,SUCCESS
COL000010266,LOAN00008449,2026-06-19,19589.9,FIELD_AGENT,PARTIAL
COL000010267,LOAN00008449,2025-07-24,47618.89,FIELD_AGENT,SUCCESS
COL000010268,LOAN00008449,2026-03-25,42815.13,FIELD_AGENT,PARTIAL
COL000010269,LOAN00008449,2025-03-28,21933.2,BRANCH,SUCCESS
COL000010270,LOAN00008450,2026-03-07,30694.21,DIGITAL,SUCCESS
COL000010271,LOAN00008450,2024-06-12,47100.14,BRANCH,SUCCESS
COL000010272,LOAN00008452,2026-05-07,46557.34,CALL_CENTER,SUCCESS
COL000010273,LOAN00008452,2026-07-10,22552.61,CALL_CENTER,SUCCESS
COL000010274,LOAN00008452,2025-01-02,7114.35,FIELD_AGENT,SUCCESS
COL000010275,LOAN00008453,2024-06-05,9146.52,DIGITAL,PARTIAL
COL000010276,LOAN00008453,2024-12-15,20342.46,CALL_CENTER,SUCCESS
COL000010277,LOAN00008453,2024-09-05,43210.02,DIGITAL,SUCCESS
COL000010278,LOAN00008453,2026-08-01,46513.87,BRANCH,SUCCESS
COL000010279,LOAN00008453,2026-08-16,8519.79,CALL_CENTER,SUCCESS
COL000010280,LOAN00008453,2026-01-31,2620.37,BRANCH,SUCCESS
COL000010281,LOAN00008454,2025-08-17,48405.09,BRANCH,SUCCESS
COL000010282,LOAN00008455,2024-03-22,9288.04,DIGITAL,SUCCESS
COL000010283,LOAN00008455,2025-12-24,42979.57,FIELD_AGENT,SUCCESS
COL000010284,LOAN00008458,2024-11-17,28428.48,CALL_CENTER,SUCCESS
COL000010285,LOAN00008458,2026-09-02,11593.69,BRANCH,PARTIAL
COL000010286,LOAN00008458,2026-07-19,20522.36,BRANCH,SUCCESS
COL000010287,LOAN00008458,2025-06-14,13779.6,BRANCH,PARTIAL
COL000010288,LOAN00008458,2025-12-14,49666.12,DIGITAL,PARTIAL
COL000010289,LOAN00008458,2026-04-13,14952.67,FIELD_AGENT,SUCCESS
COL000010290,LOAN00008462,2024-08-12,40270.34,FIELD_AGENT,PARTIAL
COL000010291,LOAN00008462,2025-05-20,39838.95,BRANCH,SUCCESS
COL000010292,LOAN00008462,2025-02-14,30126.99,CALL_CENTER,SUCCESS
COL000010293,LOAN00008465,2024-07-13,15900.25,BRANCH,SUCCESS
COL000010294,LOAN00008465,2025-11-05,15036.11,DIGITAL,SUCCESS
COL000010295,LOAN00008465,2026-06-08,13945.97,DIGITAL,SUCCESS
COL000010296,LOAN00008465,2026-05-23,29032.89,FIELD_AGENT,SUCCESS
COL000010297,LOAN00008465,2026-05-18,36086.7,DIGITAL,PARTIAL
COL000010298,LOAN00008467,2026-06-14,36935.85,DIGITAL,SUCCESS
COL000010299,LOAN00008467,2025-11-15,7952.94,BRANCH,SUCCESS
COL000010300,LOAN00008467,2026-06-11,28451.02,DIGITAL,SUCCESS
COL000010301,LOAN00008469,2025-08-11,28299.76,CALL_CENTER,SUCCESS
COL000010302,LOAN00008469,2025-03-20,10196.45,FIELD_AGENT,SUCCESS
COL000010303,LOAN00008469,2025-09-21,49363.61,DIGITAL,SUCCESS
COL000010304,LOAN00008469,2025-12-31,38027.92,FIELD_AGENT,SUCCESS
COL000010305,LOAN00008469,2024-03-16,49680.32,FIELD_AGENT,SUCCESS
COL000010306,LOAN00008470,2024-06-13,1405.86,BRANCH,SUCCESS
COL000010307,LOAN00008473,2025-11-12,45493.35,BRANCH,SUCCESS
COL000010308,LOAN00008475,2026-08-11,20855.81,BRANCH,PARTIAL
COL000010309,LOAN00008475,2025-10-03,18817.49,BRANCH,FAILED
COL000010310,LOAN00008476,2025-05-15,9192.02,BRANCH,SUCCESS
COL000010311,LOAN00008476,2025-04-24,20397.21,CALL_CENTER,PARTIAL
COL000010312,LOAN00008476,2024-06-28,49368.02,BRANCH,PARTIAL
COL000010313,LOAN00008476,2026-06-19,21698.64,BRANCH,SUCCESS
COL000010314,LOAN00008476,2024-07-18,25995.43,CALL_CENTER,SUCCESS
COL000010315,LOAN00008483,2026-09-17,36029.53,BRANCH,SUCCESS
COL000010316,LOAN00008483,2024-08-22,25966.85,FIELD_AGENT,SUCCESS
COL000010317,LOAN00008483,2024-12-22,43854.06,BRANCH,SUCCESS
COL000010318,LOAN00008486,2026-05-08,11369.99,DIGITAL,SUCCESS
COL000010319,LOAN00008486,2026-03-02,11533.59,FIELD_AGENT,SUCCESS
COL000010320,LOAN00008486,2025-09-03,36696.7,CALL_CENTER,SUCCESS
COL000010321,LOAN00008486,2025-07-14,15486.22,FIELD_AGENT,SUCCESS
COL000010322,LOAN00008486,2025-03-15,46543.22,DIGITAL,SUCCESS
COL000010323,LOAN00008487,2025-09-11,32980.72,BRANCH,SUCCESS
COL000010324,LOAN00008487,2025-08-09,4358.18,DIGITAL,PARTIAL
COL000010325,LOAN00008488,2025-05-10,3119.56,FIELD_AGENT,SUCCESS
COL000010326,LOAN00008488,2024-11-10,1794.68,DIGITAL,SUCCESS
COL000010327,LOAN00008493,2025-11-15,23117.82,DIGITAL,SUCCESS
COL000010328,LOAN00008493,2026-06-12,18658.51,DIGITAL,SUCCESS
COL000010329,LOAN00008493,2024-08-04,35048.42,CALL_CENTER,SUCCESS
COL000010330,LOAN00008493,2024-06-01,35307.93,CALL_CENTER,SUCCESS
COL000010331,LOAN00008495,2024-07-30,25266.31,BRANCH,SUCCESS
COL000010332,LOAN00008495,2026-02-07,9037.83,BRANCH,SUCCESS
COL000010333,LOAN00008495,2025-02-07,39210.64,DIGITAL,SUCCESS
COL000010334,LOAN00008495,2024-03-08,34198.83,DIGITAL,SUCCESS
COL000010335,LOAN00008495,2025-06-10,47299.39,BRANCH,SUCCESS
COL000010336,LOAN00008498,2024-11-04,2656.68,BRANCH,SUCCESS
COL000010337,LOAN00008499,2024-12-04,45683.93,BRANCH,SUCCESS
COL000010338,LOAN00008499,2026-09-20,16250.27,CALL_CENTER,SUCCESS
COL000010339,LOAN00008499,2026-07-14,29147.89,BRANCH,SUCCESS
COL000010340,LOAN00008500,2024-06-21,31233.27,CALL_CENTER,FAILED
COL000010341,LOAN00008500,2026-02-16,42160.99,BRANCH,SUCCESS
COL000010342,LOAN00008500,2025-01-13,4117.68,CALL_CENTER,PARTIAL
COL000010343,LOAN00008500,2025-01-02,35282.66,BRANCH,SUCCESS
COL000010344,LOAN00008500,2024-07-08,19332.76,CALL_CENTER,SUCCESS
COL000010345,LOAN00008500,2026-07-21,19619.23,DIGITAL,SUCCESS
COL000010346,LOAN00008507,2025-05-22,29305.39,DIGITAL,PARTIAL
COL000010347,LOAN00008507,2026-08-22,21904.97,DIGITAL,SUCCESS
COL000010348,LOAN00008510,2025-05-13,45454.33,BRANCH,SUCCESS
COL000010349,LOAN00008510,2024-12-12,8370.16,CALL_CENTER,SUCCESS
COL000010350,LOAN00008510,2025-09-03,42788.65,FIELD_AGENT,SUCCESS
COL000010351,LOAN00008511,2026-01-11,13977.23,FIELD_AGENT,FAILED
COL000010352,LOAN00008511,2025-07-10,28739.82,DIGITAL,SUCCESS
COL000010353,LOAN00008511,2025-05-29,18823.25,FIELD_AGENT,SUCCESS
COL000010354,LOAN00008511,2025-10-08,12532.99,DIGITAL,SUCCESS
COL000010355,LOAN00008511,2025-04-08,24255.0,DIGITAL,SUCCESS
COL000010356,LOAN00008512,2026-06-02,5011.08,FIELD_AGENT,PARTIAL
COL000010357,LOAN00008512,2025-01-28,32682.9,BRANCH,SUCCESS
COL000010358,LOAN00008512,2025-06-05,4911.11,DIGITAL,SUCCESS
COL000010359,LOAN00008519,2026-04-14,25992.83,DIGITAL,SUCCESS
COL000010360,LOAN00008519,2026-05-24,41277.43,CALL_CENTER,SUCCESS
COL000010361,LOAN00008527,2025-03-03,13792.47,FIELD_AGENT,SUCCESS
COL000010362,LOAN00008527,2026-06-24,40881.44,CALL_CENTER,PARTIAL
COL000010363,LOAN00008527,2025-05-03,37403.68,FIELD_AGENT,PARTIAL
COL000010364,LOAN00008528,2025-04-25,41965.04,CALL_CENTER,SUCCESS
COL000010365,LOAN00008530,2026-08-05,10449.1,DIGITAL,SUCCESS
COL000010366,LOAN00008530,2025-11-14,1804.28,DIGITAL,FAILED
COL000010367,LOAN00008530,2025-08-29,44054.57,DIGITAL,SUCCESS
COL000010368,LOAN00008530,2024-05-13,28424.95,BRANCH,FAILED
COL000010369,LOAN00008530,2025-12-10,39131.49,CALL_CENTER,SUCCESS
COL000010370,LOAN00008530,2025-08-18,8604.24,DIGITAL,PARTIAL
COL000010371,LOAN00008534,2025-10-14,31445.48,FIELD_AGENT,PARTIAL
COL000010372,LOAN00008534,2024-09-08,22268.52,CALL_CENTER,FAILED
COL000010373,LOAN00008534,2025-06-14,47809.06,DIGITAL,SUCCESS
COL000010374,LOAN00008534,2025-03-02,34558.29,FIELD_AGENT,PARTIAL
COL000010375,LOAN00008535,2026-04-09,47231.92,DIGITAL,SUCCESS
COL000010376,LOAN00008535,2025-04-16,4101.31,BRANCH,SUCCESS
COL000010377,LOAN00008535,2025-04-30,29270.11,CALL_CENTER,SUCCESS
COL000010378,LOAN00008535,2024-06-29,41848.98,DIGITAL,SUCCESS
COL000010379,LOAN00008535,2026-03-17,39943.7,DIGITAL,SUCCESS
COL000010380,LOAN00008535,2024-10-11,10527.6,DIGITAL,SUCCESS
COL000010381,LOAN00008538,2024-06-24,17991.92,DIGITAL,SUCCESS
COL000010382,LOAN00008538,2025-12-31,13248.19,BRANCH,SUCCESS
COL000010383,LOAN00008538,2024-05-15,8575.51,DIGITAL,PARTIAL
COL000010384,LOAN00008538,2025-04-06,16786.48,DIGITAL,FAILED
COL000010385,LOAN00008538,2024-04-05,35724.81,DIGITAL,SUCCESS
COL000010386,LOAN00008539,2025-08-08,14078.33,DIGITAL,SUCCESS
COL000010387,LOAN00008539,2024-09-16,45127.64,BRANCH,SUCCESS
COL000010388,LOAN00008539,2025-11-10,45655.48,FIELD_AGENT,SUCCESS
COL000010389,LOAN00008539,2026-09-30,7552.2,DIGITAL,SUCCESS
COL000010390,LOAN00008542,2026-02-27,43031.93,DIGITAL,SUCCESS
COL000010391,LOAN00008542,2025-08-01,33665.11,DIGITAL,SUCCESS
COL000010392,LOAN00008546,2025-09-03,25700.25,CALL_CENTER,SUCCESS
COL000010393,LOAN00008546,2025-01-30,46844.61,BRANCH,SUCCESS
COL000010394,LOAN00008546,2026-09-30,12582.25,DIGITAL,SUCCESS
COL000010395,LOAN00008547,2025-07-22,47175.59,BRANCH,SUCCESS
COL000010396,LOAN00008547,2026-08-30,5012.26,CALL_CENTER,PARTIAL
COL000010397,LOAN00008547,2025-11-19,12903.08,FIELD_AGENT,SUCCESS
COL000010398,LOAN00008548,2026-09-07,29705.18,DIGITAL,PARTIAL
COL000010399,LOAN00008548,2026-04-11,40853.59,CALL_CENTER,SUCCESS
COL000010400,LOAN00008548,2024-11-13,35373.58,DIGITAL,SUCCESS
COL000010401,LOAN00008548,2026-09-28,27359.43,DIGITAL,SUCCESS
COL000010402,LOAN00008555,2025-12-01,20288.52,DIGITAL,SUCCESS
COL000010403,LOAN00008555,2025-10-03,26522.53,CALL_CENTER,SUCCESS
COL000010404,LOAN00008555,2024-06-16,11754.87,CALL_CENTER,SUCCESS
COL000010405,LOAN00008556,2024-11-16,8996.9,CALL_CENTER,PARTIAL
COL000010406,LOAN00008556,2024-04-27,43891.62,FIELD_AGENT,SUCCESS
COL000010407,LOAN00008557,2026-09-06,31690.62,CALL_CENTER,SUCCESS
COL000010408,LOAN00008560,2026-04-25,30581.22,BRANCH,SUCCESS
COL000010409,LOAN00008561,2025-09-04,47960.27,DIGITAL,PARTIAL
COL000010410,LOAN00008561,2024-07-31,41206.36,CALL_CENTER,SUCCESS
COL000010411,LOAN00008561,2026-07-27,30896.17,BRANCH,SUCCESS
COL000010412,LOAN00008561,2025-03-21,5408.87,FIELD_AGENT,SUCCESS
COL000010413,LOAN00008561,2026-05-03,20639.02,BRANCH,SUCCESS
COL000010414,LOAN00008563,2026-02-09,30966.3,DIGITAL,SUCCESS
COL000010415,LOAN00008563,2025-11-28,35478.44,CALL_CENTER,PARTIAL
COL000010416,LOAN00008563,2025-02-06,6838.51,BRANCH,SUCCESS
COL000010417,LOAN00008563,2025-01-26,25857.08,DIGITAL,SUCCESS
COL000010418,LOAN00008563,2026-03-10,44725.88,DIGITAL,SUCCESS
COL000010419,LOAN00008563,2025-01-25,29741.26,DIGITAL,SUCCESS
COL000010420,LOAN00008565,2025-10-20,34957.28,FIELD_AGENT,PARTIAL
COL000010421,LOAN00008565,2026-02-08,11449.88,FIELD_AGENT,SUCCESS
COL000010422,LOAN00008565,2025-09-25,24872.36,FIELD_AGENT,SUCCESS
COL000010423,LOAN00008565,2025-05-23,35195.49,BRANCH,SUCCESS
COL000010424,LOAN00008565,2024-06-11,25651.45,CALL_CENTER,PARTIAL
COL000010425,LOAN00008565,2024-10-25,12423.26,BRANCH,FAILED
COL000010426,LOAN00008568,2024-10-17,36486.2,BRANCH,PARTIAL
COL000010427,LOAN00008568,2025-06-08,39115.23,FIELD_AGENT,SUCCESS
COL000010428,LOAN00008568,2024-04-07,22910.33,FIELD_AGENT,SUCCESS
COL000010429,LOAN00008568,2025-01-05,1668.98,DIGITAL,PARTIAL
COL000010430,LOAN00008571,2025-10-27,24522.24,BRANCH,SUCCESS
COL000010431,LOAN00008572,2026-03-12,38179.33,FIELD_AGENT,SUCCESS
COL000010432,LOAN00008572,2025-05-18,18603.63,CALL_CENTER,SUCCESS
COL000010433,LOAN00008578,2026-05-20,48288.98,FIELD_AGENT,SUCCESS
COL000010434,LOAN00008578,2026-07-20,39963.03,FIELD_AGENT,SUCCESS
COL000010435,LOAN00008578,2025-11-13,14280.2,BRANCH,SUCCESS
COL000010436,LOAN00008578,2025-11-18,35513.68,DIGITAL,PARTIAL
COL000010437,LOAN00008580,2025-06-19,18945.49,FIELD_AGENT,SUCCESS
COL000010438,LOAN00008580,2026-09-29,21503.78,BRANCH,SUCCESS
COL000010439,LOAN00008582,2024-05-20,34088.04,CALL_CENTER,SUCCESS
COL000010440,LOAN00008582,2024-09-12,40937.96,DIGITAL,PARTIAL
COL000010441,LOAN00008583,2024-09-11,44415.22,DIGITAL,SUCCESS
COL000010442,LOAN00008583,2026-09-30,38535.32,BRANCH,SUCCESS
COL000010443,LOAN00008583,2025-01-10,25458.27,BRANCH,PARTIAL
COL000010444,LOAN00008584,2024-03-21,43183.6,CALL_CENTER,PARTIAL
COL000010445,LOAN00008584,2025-01-22,37419.94,FIELD_AGENT,PARTIAL
COL000010446,LOAN00008584,2024-07-16,20953.04,BRANCH,SUCCESS
COL000010447,LOAN00008587,2025-02-15,18449.98,CALL_CENTER,SUCCESS
COL000010448,LOAN00008587,2025-03-14,15581.69,CALL_CENTER,SUCCESS
COL000010449,LOAN00008587,2024-05-31,28330.55,CALL_CENTER,PARTIAL
COL000010450,LOAN00008587,2026-01-05,18446.62,FIELD_AGENT,FAILED
COL000010451,LOAN00008596,2024-12-05,22393.55,CALL_CENTER,PARTIAL
COL000010452,LOAN00008596,2026-04-26,23062.64,CALL_CENTER,SUCCESS
COL000010453,LOAN00008596,2026-01-25,33095.15,BRANCH,SUCCESS
COL000010454,LOAN00008597,2026-06-22,18428.68,BRANCH,PARTIAL
COL000010455,LOAN00008597,2024-10-10,34680.07,DIGITAL,SUCCESS
COL000010456,LOAN00008598,2025-11-26,33097.23,DIGITAL,PARTIAL
COL000010457,LOAN00008598,2025-02-10,29765.56,DIGITAL,SUCCESS
COL000010458,LOAN00008599,2025-11-26,33915.52,CALL_CENTER,SUCCESS
COL000010459,LOAN00008599,2026-08-12,39601.37,FIELD_AGENT,SUCCESS
COL000010460,LOAN00008599,2026-09-10,24925.92,FIELD_AGENT,SUCCESS
COL000010461,LOAN00008599,2024-06-14,39180.26,BRANCH,SUCCESS
COL000010462,LOAN00008599,2026-05-26,46260.84,BRANCH,SUCCESS
COL000010463,LOAN00008599,2026-02-14,44937.6,CALL_CENTER,SUCCESS
COL000010464,LOAN00008601,2025-03-23,4781.29,BRANCH,SUCCESS
COL000010465,LOAN00008601,2026-09-30,4293.53,FIELD_AGENT,SUCCESS
COL000010466,LOAN00008601,2024-09-24,18751.72,CALL_CENTER,SUCCESS
COL000010467,LOAN00008601,2024-06-04,34647.17,BRANCH,SUCCESS
COL000010468,LOAN00008601,2025-03-06,10428.83,CALL_CENTER,SUCCESS
COL000010469,LOAN00008607,2026-06-12,36955.26,BRANCH,SUCCESS
COL000010470,LOAN00008607,2024-07-04,27068.86,FIELD_AGENT,SUCCESS
COL000010471,LOAN00008607,2026-07-22,38063.96,BRANCH,SUCCESS
COL000010472,LOAN00008607,2024-04-12,44702.99,BRANCH,SUCCESS
COL000010473,LOAN00008607,2024-07-15,49226.77,DIGITAL,SUCCESS
COL000010474,LOAN00008607,2026-04-14,48389.87,CALL_CENTER,PARTIAL
COL000010475,LOAN00008608,2025-05-30,13677.52,DIGITAL,PARTIAL
COL000010476,LOAN00008608,2024-07-26,32491.1,CALL_CENTER,FAILED
COL000010477,LOAN00008608,2025-11-26,18259.92,BRANCH,SUCCESS
COL000010478,LOAN00008608,2024-08-10,15570.21,FIELD_AGENT,SUCCESS
COL000010479,LOAN00008608,2026-05-13,33531.39,BRANCH,SUCCESS
COL000010480,LOAN00008608,2026-07-17,45437.36,BRANCH,SUCCESS
COL000010481,LOAN00008615,2026-01-03,30479.52,CALL_CENTER,SUCCESS
COL000010482,LOAN00008615,2025-08-22,18701.12,DIGITAL,SUCCESS
COL000010483,LOAN00008618,2026-07-28,41444.3,FIELD_AGENT,SUCCESS
COL000010484,LOAN00008618,2024-09-18,43526.36,CALL_CENTER,PARTIAL
COL000010485,LOAN00008619,2026-09-26,39097.2,CALL_CENTER,SUCCESS
COL000010486,LOAN00008619,2024-08-14,3509.44,FIELD_AGENT,PARTIAL
COL000010487,LOAN00008619,2025-02-15,17107.66,FIELD_AGENT,SUCCESS
COL000010488,LOAN00008625,2025-03-30,25721.55,DIGITAL,SUCCESS
COL000010489,LOAN00008625,2025-05-28,19676.35,FIELD_AGENT,SUCCESS
COL000010490,LOAN00008625,2026-08-21,2784.94,FIELD_AGENT,SUCCESS
COL000010491,LOAN00008627,2025-12-25,48063.16,FIELD_AGENT,SUCCESS
COL000010492,LOAN00008627,2025-04-18,44582.98,FIELD_AGENT,SUCCESS
COL000010493,LOAN00008627,2026-09-12,33826.68,CALL_CENTER,SUCCESS
COL000010494,LOAN00008627,2024-09-27,36531.56,CALL_CENTER,SUCCESS
COL000010495,LOAN00008627,2026-03-18,28941.73,CALL_CENTER,PARTIAL
COL000010496,LOAN00008628,2026-03-12,10504.42,DIGITAL,SUCCESS
COL000010497,LOAN00008628,2025-05-23,28269.11,BRANCH,FAILED
COL000010498,LOAN00008628,2026-05-30,2400.33,CALL_CENTER,SUCCESS
COL000010499,LOAN00008628,2026-03-16,22478.23,CALL_CENTER,SUCCESS
COL000010500,LOAN00008628,2025-07-04,12825.24,FIELD_AGENT,SUCCESS
COL000010501,LOAN00008629,2024-07-19,11141.52,BRANCH,PARTIAL
COL000010502,LOAN00008629,2024-12-28,25211.83,CALL_CENTER,SUCCESS
COL000010503,LOAN00008629,2025-01-03,23857.67,DIGITAL,SUCCESS
COL000010504,LOAN00008629,2025-01-22,21405.99,FIELD_AGENT,PARTIAL
COL000010505,LOAN00008629,2024-04-25,17090.36,FIELD_AGENT,SUCCESS
COL000010506,LOAN00008630,2026-03-20,17138.61,BRANCH,PARTIAL
COL000010507,LOAN00008630,2025-05-14,35531.22,DIGITAL,PARTIAL
COL000010508,LOAN00008630,2025-12-31,41877.11,BRANCH,PARTIAL
COL000010509,LOAN00008630,2026-06-08,5709.19,BRANCH,SUCCESS
COL000010510,LOAN00008630,2024-09-24,14337.72,FIELD_AGENT,FAILED
COL000010511,LOAN00008631,2024-10-14,17421.39,FIELD_AGENT,SUCCESS
COL000010512,LOAN00008631,2024-08-15,48221.59,CALL_CENTER,SUCCESS
COL000010513,LOAN00008631,2026-03-16,11013.08,FIELD_AGENT,SUCCESS
COL000010514,LOAN00008631,2026-09-24,12809.87,BRANCH,SUCCESS
COL000010515,LOAN00008631,2024-09-12,32007.28,CALL_CENTER,SUCCESS
COL000010516,LOAN00008633,2026-04-02,41447.58,BRANCH,SUCCESS
COL000010517,LOAN00008633,2026-04-05,46270.39,FIELD_AGENT,SUCCESS
COL000010518,LOAN00008633,2024-08-18,39414.08,DIGITAL,SUCCESS
COL000010519,LOAN00008633,2026-03-12,41843.42,DIGITAL,SUCCESS
COL000010520,LOAN00008633,2024-03-07,37423.91,FIELD_AGENT,SUCCESS
COL000010521,LOAN00008636,2025-09-30,12031.71,FIELD_AGENT,FAILED
COL000010522,LOAN00008636,2026-07-25,26966.23,FIELD_AGENT,SUCCESS
COL000010523,LOAN00008636,2025-02-10,2845.27,CALL_CENTER,SUCCESS
COL000010524,LOAN00008636,2026-07-08,5049.89,CALL_CENTER,SUCCESS
COL000010525,LOAN00008636,2024-12-06,7118.66,DIGITAL,SUCCESS
COL000010526,LOAN00008636,2024-12-26,13688.34,FIELD_AGENT,SUCCESS
COL000010527,LOAN00008640,2026-09-08,48094.65,FIELD_AGENT,PARTIAL
COL000010528,LOAN00008640,2025-03-13,43023.04,BRANCH,PARTIAL
COL000010529,LOAN00008640,2026-05-16,6813.45,FIELD_AGENT,SUCCESS
COL000010530,LOAN00008640,2025-12-20,34527.32,CALL_CENTER,SUCCESS
COL000010531,LOAN00008641,2024-04-25,37566.21,BRANCH,SUCCESS
COL000010532,LOAN00008641,2025-07-04,23689.26,DIGITAL,PARTIAL
COL000010533,LOAN00008641,2026-03-27,49007.23,DIGITAL,SUCCESS
COL000010534,LOAN00008642,2025-04-27,21379.11,DIGITAL,SUCCESS
COL000010535,LOAN00008642,2026-07-20,47924.81,CALL_CENTER,PARTIAL
COL000010536,LOAN00008642,2025-08-26,13505.91,DIGITAL,SUCCESS
COL000010537,LOAN00008642,2026-01-14,10296.71,BRANCH,FAILED
COL000010538,LOAN00008644,2024-08-20,31382.0,DIGITAL,SUCCESS
COL000010539,LOAN00008644,2024-07-01,26596.67,FIELD_AGENT,SUCCESS
COL000010540,LOAN00008644,2024-08-01,28993.94,CALL_CENTER,SUCCESS
COL000010541,LOAN00008644,2026-05-28,44864.86,DIGITAL,SUCCESS
COL000010542,LOAN00008644,2026-01-17,37211.31,CALL_CENTER,SUCCESS
COL000010543,LOAN00008644,2025-03-24,34522.58,FIELD_AGENT,PARTIAL
COL000010544,LOAN00008646,2025-07-08,24075.07,DIGITAL,SUCCESS
COL000010545,LOAN00008649,2026-02-22,31973.7,CALL_CENTER,SUCCESS
COL000010546,LOAN00008649,2025-03-30,23747.17,BRANCH,SUCCESS
COL000010547,LOAN00008649,2025-07-09,46827.18,DIGITAL,SUCCESS
COL000010548,LOAN00008649,2025-04-10,9683.9,BRANCH,SUCCESS
COL000010549,LOAN00008649,2025-10-13,34884.87,BRANCH,SUCCESS
COL000010550,LOAN00008649,2024-08-03,47705.22,CALL_CENTER,SUCCESS
COL000010551,LOAN00008652,2026-02-14,48934.88,FIELD_AGENT,SUCCESS
COL000010552,LOAN00008656,2025-06-22,31954.75,CALL_CENTER,SUCCESS
COL000010553,LOAN00008656,2024-05-01,5070.44,CALL_CENTER,SUCCESS
COL000010554,LOAN00008660,2024-08-14,22613.96,FIELD_AGENT,PARTIAL
COL000010555,LOAN00008660,2024-03-24,15628.6,DIGITAL,SUCCESS
COL000010556,LOAN00008660,2026-05-27,8479.23,BRANCH,SUCCESS
COL000010557,LOAN00008660,2024-04-08,2217.72,FIELD_AGENT,SUCCESS
COL000010558,LOAN00008660,2026-04-17,23687.6,FIELD_AGENT,SUCCESS
COL000010559,LOAN00008660,2024-08-25,12997.94,BRANCH,SUCCESS
COL000010560,LOAN00008662,2026-06-22,41134.35,BRANCH,SUCCESS
COL000010561,LOAN00008662,2024-07-04,13917.46,BRANCH,SUCCESS
COL000010562,LOAN00008662,2025-06-18,24113.54,FIELD_AGENT,SUCCESS
COL000010563,LOAN00008662,2024-11-20,2591.25,CALL_CENTER,SUCCESS
COL000010564,LOAN00008662,2024-08-14,32610.08,BRANCH,SUCCESS
COL000010565,LOAN00008662,2024-03-22,27055.71,FIELD_AGENT,PARTIAL
COL000010566,LOAN00008664,2025-12-18,37710.46,BRANCH,SUCCESS
COL000010567,LOAN00008664,2026-05-11,12126.76,FIELD_AGENT,FAILED
COL000010568,LOAN00008664,2024-07-06,42592.79,CALL_CENTER,SUCCESS
COL000010569,LOAN00008664,2026-04-08,36730.24,BRANCH,PARTIAL
COL000010570,LOAN00008668,2025-08-31,40366.49,FIELD_AGENT,PARTIAL
COL000010571,LOAN00008668,2025-09-06,27933.95,CALL_CENTER,SUCCESS
COL000010572,LOAN00008671,2024-05-09,29581.72,BRANCH,PARTIAL
COL000010573,LOAN00008671,2026-08-14,8224.31,FIELD_AGENT,PARTIAL
COL000010574,LOAN00008671,2025-03-27,30223.01,DIGITAL,PARTIAL
COL000010575,LOAN00008671,2025-01-10,48348.58,BRANCH,SUCCESS
COL000010576,LOAN00008671,2026-09-07,38873.89,CALL_CENTER,SUCCESS
COL000010577,LOAN00008671,2024-03-24,17394.37,DIGITAL,SUCCESS
COL000010578,LOAN00008672,2025-04-08,3696.98,BRANCH,PARTIAL
COL000010579,LOAN00008672,2024-11-24,36939.16,DIGITAL,FAILED
COL000010580,LOAN00008672,2025-10-01,29568.86,CALL_CENTER,SUCCESS
COL000010581,LOAN00008672,2026-05-22,36386.36,FIELD_AGENT,SUCCESS
COL000010582,LOAN00008675,2026-09-06,49165.58,BRANCH,PARTIAL
COL000010583,LOAN00008675,2025-12-20,27789.42,DIGITAL,SUCCESS
COL000010584,LOAN00008675,2025-05-21,33972.81,DIGITAL,SUCCESS
COL000010585,LOAN00008676,2026-04-30,49563.39,BRANCH,SUCCESS
COL000010586,LOAN00008676,2024-03-17,2355.17,FIELD_AGENT,PARTIAL
COL000010587,LOAN00008676,2024-12-02,35523.51,BRANCH,SUCCESS
COL000010588,LOAN00008676,2026-08-29,46575.43,FIELD_AGENT,SUCCESS
COL000010589,LOAN00008681,2025-11-01,8953.8,CALL_CENTER,SUCCESS
COL000010590,LOAN00008681,2024-12-19,6853.86,DIGITAL,PARTIAL
COL000010591,LOAN00008681,2025-07-29,19418.49,CALL_CENTER,SUCCESS
COL000010592,LOAN00008684,2024-06-12,3686.69,BRANCH,SUCCESS
COL000010593,LOAN00008684,2025-05-24,1791.58,CALL_CENTER,SUCCESS
COL000010594,LOAN00008684,2024-09-28,2540.71,FIELD_AGENT,SUCCESS
COL000010595,LOAN00008684,2025-09-13,42351.39,CALL_CENTER,SUCCESS
COL000010596,LOAN00008684,2026-07-22,34964.01,BRANCH,SUCCESS
COL000010597,LOAN00008684,2024-12-07,33872.45,CALL_CENTER,SUCCESS
COL000010598,LOAN00008686,2026-01-30,8079.98,BRANCH,PARTIAL
COL000010599,LOAN00008686,2025-06-08,42392.07,CALL_CENTER,PARTIAL
COL000010600,LOAN00008686,2024-08-10,29188.45,BRANCH,SUCCESS
COL000010601,LOAN00008686,2025-05-18,44983.83,CALL_CENTER,SUCCESS
COL000010602,LOAN00008686,2026-03-27,31148.61,FIELD_AGENT,SUCCESS
COL000010603,LOAN00008686,2026-04-17,48114.72,FIELD_AGENT,SUCCESS
COL000010604,LOAN00008688,2024-05-12,16800.4,FIELD_AGENT,SUCCESS
COL000010605,LOAN00008688,2025-01-02,2019.54,FIELD_AGENT,PARTIAL
COL000010606,LOAN00008688,2026-01-22,17681.81,BRANCH,SUCCESS
COL000010607,LOAN00008688,2025-06-14,43218.27,CALL_CENTER,FAILED
COL000010608,LOAN00008688,2025-05-14,9171.53,FIELD_AGENT,FAILED
COL000010609,LOAN00008689,2024-03-13,48345.92,CALL_CENTER,SUCCESS
COL000010610,LOAN00008689,2024-12-19,31677.37,FIELD_AGENT,PARTIAL
COL000010611,LOAN00008689,2026-07-28,39431.44,BRANCH,PARTIAL
COL000010612,LOAN00008689,2026-09-06,29932.49,DIGITAL,SUCCESS
COL000010613,LOAN00008689,2025-07-22,23067.19,BRANCH,PARTIAL
COL000010614,LOAN00008693,2024-07-07,34265.71,CALL_CENTER,SUCCESS
COL000010615,LOAN00008693,2026-01-22,11948.22,DIGITAL,PARTIAL
COL000010616,LOAN00008693,2025-05-08,14144.89,DIGITAL,PARTIAL
COL000010617,LOAN00008696,2026-07-13,31748.46,DIGITAL,FAILED
COL000010618,LOAN00008696,2025-04-01,3677.92,DIGITAL,SUCCESS
COL000010619,LOAN00008696,2024-08-23,38850.33,BRANCH,SUCCESS
COL000010620,LOAN00008696,2024-07-05,22813.42,FIELD_AGENT,PARTIAL
COL000010621,LOAN00008696,2025-10-21,15681.67,FIELD_AGENT,SUCCESS
COL000010622,LOAN00008696,2025-05-08,4521.33,FIELD_AGENT,SUCCESS
COL000010623,LOAN00008698,2026-04-30,32330.38,BRANCH,SUCCESS
COL000010624,LOAN00008698,2026-09-29,44847.31,FIELD_AGENT,SUCCESS
COL000010625,LOAN00008698,2024-12-18,5143.33,CALL_CENTER,SUCCESS
COL000010626,LOAN00008698,2026-09-28,17188.9,FIELD_AGENT,PARTIAL
COL000010627,LOAN00008698,2024-11-05,29597.5,CALL_CENTER,PARTIAL
COL000010628,LOAN00008699,2025-01-20,42135.75,BRANCH,SUCCESS
COL000010629,LOAN00008699,2025-01-01,48506.13,BRANCH,SUCCESS
COL000010630,LOAN00008699,2025-07-08,6224.14,FIELD_AGENT,SUCCESS
COL000010631,LOAN00008699,2026-03-21,26062.16,CALL_CENTER,FAILED
COL000010632,LOAN00008699,2024-04-22,17488.47,DIGITAL,PARTIAL
COL000010633,LOAN00008699,2025-07-12,8212.7,DIGITAL,SUCCESS
COL000010634,LOAN00008700,2025-03-19,44674.49,FIELD_AGENT,SUCCESS
COL000010635,LOAN00008700,2024-08-01,2970.25,CALL_CENTER,PARTIAL
COL000010636,LOAN00008701,2026-06-29,42126.95,DIGITAL,SUCCESS
COL000010637,LOAN00008702,2024-08-10,25157.58,BRANCH,SUCCESS
COL000010638,LOAN00008702,2025-01-11,32669.03,FIELD_AGENT,SUCCESS
COL000010639,LOAN00008702,2025-11-06,28804.39,BRANCH,SUCCESS
COL000010640,LOAN00008704,2025-02-04,44215.6,CALL_CENTER,SUCCESS
COL000010641,LOAN00008704,2025-01-13,26573.34,BRANCH,SUCCESS
COL000010642,LOAN00008704,2026-02-11,39046.17,BRANCH,SUCCESS
COL000010643,LOAN00008704,2026-05-09,17881.65,BRANCH,SUCCESS
COL000010644,LOAN00008704,2026-09-19,16186.61,BRANCH,SUCCESS
COL000010645,LOAN00008708,2025-12-10,41427.97,BRANCH,SUCCESS
COL000010646,LOAN00008709,2024-05-28,49564.1,FIELD_AGENT,SUCCESS
COL000010647,LOAN00008709,2025-09-11,9565.15,CALL_CENTER,SUCCESS
COL000010648,LOAN00008710,2025-04-08,33283.69,CALL_CENTER,PARTIAL
COL000010649,LOAN00008710,2025-03-06,6594.94,FIELD_AGENT,PARTIAL
COL000010650,LOAN00008710,2025-01-09,21354.32,DIGITAL,SUCCESS
COL000010651,LOAN00008711,2026-06-28,46482.9,FIELD_AGENT,SUCCESS
COL000010652,LOAN00008711,2024-08-09,30955.33,BRANCH,SUCCESS
COL000010653,LOAN00008711,2026-03-26,19429.41,BRANCH,SUCCESS
COL000010654,LOAN00008711,2025-03-18,45755.29,CALL_CENTER,PARTIAL
COL000010655,LOAN00008713,2025-06-27,32509.05,FIELD_AGENT,PARTIAL
COL000010656,LOAN00008713,2026-06-09,31434.41,FIELD_AGENT,SUCCESS
COL000010657,LOAN00008713,2025-05-09,23827.88,DIGITAL,SUCCESS
COL000010658,LOAN00008713,2024-06-21,16105.33,BRANCH,SUCCESS
COL000010659,LOAN00008713,2024-10-24,9744.61,FIELD_AGENT,SUCCESS
COL000010660,LOAN00008714,2025-10-24,35692.25,DIGITAL,SUCCESS
COL000010661,LOAN00008714,2024-07-21,34364.95,DIGITAL,SUCCESS
COL000010662,LOAN00008714,2024-08-14,49912.19,DIGITAL,FAILED
COL000010663,LOAN00008714,2025-02-16,19454.71,CALL_CENTER,SUCCESS
COL000010664,LOAN00008715,2024-09-04,32917.18,BRANCH,PARTIAL
COL000010665,LOAN00008720,2025-02-10,22921.13,BRANCH,SUCCESS
COL000010666,LOAN00008725,2026-09-16,1354.87,BRANCH,PARTIAL
COL000010667,LOAN00008725,2025-10-13,12600.5,CALL_CENTER,SUCCESS
COL000010668,LOAN00008726,2026-08-08,1297.97,CALL_CENTER,SUCCESS
COL000010669,LOAN00008726,2026-07-24,7134.02,CALL_CENTER,FAILED
COL000010670,LOAN00008726,2024-10-20,31235.25,CALL_CENTER,PARTIAL
COL000010671,LOAN00008726,2025-07-03,30371.96,BRANCH,SUCCESS
COL000010672,LOAN00008729,2024-10-27,26969.07,BRANCH,SUCCESS
COL000010673,LOAN00008729,2025-03-19,32527.17,DIGITAL,SUCCESS
COL000010674,LOAN00008729,2026-02-14,13056.04,BRANCH,SUCCESS
COL000010675,LOAN00008729,2026-09-29,45199.58,BRANCH,FAILED
COL000010676,LOAN00008729,2024-09-11,7204.63,DIGITAL,SUCCESS
COL000010677,LOAN00008729,2025-10-31,3254.06,CALL_CENTER,PARTIAL
COL000010678,LOAN00008730,2024-07-25,9597.55,BRANCH,SUCCESS
COL000010679,LOAN00008730,2025-10-21,29342.47,BRANCH,SUCCESS
COL000010680,LOAN00008730,2025-03-09,23346.44,BRANCH,SUCCESS
COL000010681,LOAN00008732,2024-07-27,2886.07,FIELD_AGENT,PARTIAL
COL000010682,LOAN00008732,2024-07-11,31866.43,DIGITAL,SUCCESS
COL000010683,LOAN00008732,2025-05-14,43886.84,DIGITAL,SUCCESS
COL000010684,LOAN00008732,2025-08-23,19712.29,CALL_CENTER,SUCCESS
COL000010685,LOAN00008732,2026-08-15,45376.6,BRANCH,SUCCESS
COL000010686,LOAN00008735,2026-06-01,9094.45,CALL_CENTER,SUCCESS
COL000010687,LOAN00008735,2026-05-11,25152.33,BRANCH,SUCCESS
COL000010688,LOAN00008735,2025-06-07,32785.59,DIGITAL,PARTIAL
COL000010689,LOAN00008737,2026-06-21,45092.77,CALL_CENTER,SUCCESS
COL000010690,LOAN00008737,2025-04-19,15164.4,BRANCH,SUCCESS
COL000010691,LOAN00008737,2025-01-02,39465.92,CALL_CENTER,SUCCESS
COL000010692,LOAN00008739,2026-08-28,24768.3,FIELD_AGENT,PARTIAL
COL000010693,LOAN00008739,2026-03-27,20641.15,BRANCH,PARTIAL
COL000010694,LOAN00008741,2024-03-18,44836.14,BRANCH,SUCCESS
COL000010695,LOAN00008741,2025-08-10,43655.46,DIGITAL,SUCCESS
COL000010696,LOAN00008741,2025-03-28,7834.03,DIGITAL,SUCCESS
COL000010697,LOAN00008741,2025-08-23,35835.87,FIELD_AGENT,PARTIAL
COL000010698,LOAN00008741,2025-12-04,23416.8,FIELD_AGENT,SUCCESS
COL000010699,LOAN00008741,2024-04-16,4622.76,CALL_CENTER,SUCCESS
COL000010700,LOAN00008742,2025-05-05,44184.04,BRANCH,SUCCESS
COL000010701,LOAN00008743,2026-02-22,27882.45,FIELD_AGENT,SUCCESS
COL000010702,LOAN00008743,2026-05-05,11149.28,CALL_CENTER,SUCCESS
COL000010703,LOAN00008743,2026-09-28,27126.41,FIELD_AGENT,SUCCESS
COL000010704,LOAN00008743,2025-07-08,4743.45,FIELD_AGENT,PARTIAL
COL000010705,LOAN00008743,2025-05-16,16380.27,FIELD_AGENT,SUCCESS
COL000010706,LOAN00008743,2024-12-30,10144.47,FIELD_AGENT,PARTIAL
COL000010707,LOAN00008746,2024-12-08,20734.08,DIGITAL,PARTIAL
COL000010708,LOAN00008746,2026-04-12,20871.7,FIELD_AGENT,SUCCESS
COL000010709,LOAN00008746,2025-11-25,42719.04,FIELD_AGENT,SUCCESS
COL000010710,LOAN00008746,2025-09-04,27723.51,DIGITAL,SUCCESS
COL000010711,LOAN00008746,2024-08-30,21751.25,DIGITAL,SUCCESS
COL000010712,LOAN00008746,2025-08-23,22961.04,FIELD_AGENT,SUCCESS
COL000010713,LOAN00008750,2024-08-17,34951.93,BRANCH,SUCCESS
COL000010714,LOAN00008750,2025-11-27,22918.08,FIELD_AGENT,SUCCESS
COL000010715,LOAN00008750,2025-04-22,49747.72,DIGITAL,SUCCESS
COL000010716,LOAN00008750,2024-11-02,11175.9,BRANCH,SUCCESS
COL000010717,LOAN00008750,2025-06-15,23329.64,BRANCH,SUCCESS
COL000010718,LOAN00008750,2026-01-06,34689.45,BRANCH,SUCCESS
COL000010719,LOAN00008751,2024-10-17,48795.0,DIGITAL,SUCCESS
COL000010720,LOAN00008757,2024-09-02,1411.42,CALL_CENTER,PARTIAL
COL000010721,LOAN00008758,2024-10-11,38326.48,CALL_CENTER,PARTIAL
COL000010722,LOAN00008758,2025-05-20,46516.69,CALL_CENTER,PARTIAL
COL000010723,LOAN00008758,2026-03-01,23383.8,FIELD_AGENT,SUCCESS
COL000010724,LOAN00008758,2024-12-29,42470.04,DIGITAL,SUCCESS
COL000010725,LOAN00008758,2024-10-19,40371.6,DIGITAL,SUCCESS
COL000010726,LOAN00008758,2026-07-11,28293.29,FIELD_AGENT,SUCCESS
COL000010727,LOAN00008765,2025-05-19,2715.99,DIGITAL,SUCCESS
COL000010728,LOAN00008767,2024-08-20,28843.51,CALL_CENTER,SUCCESS
COL000010729,LOAN00008767,2025-06-13,33675.15,DIGITAL,PARTIAL
COL000010730,LOAN00008767,2026-07-31,35527.57,CALL_CENTER,SUCCESS
COL000010731,LOAN00008767,2024-03-14,15521.87,DIGITAL,PARTIAL
COL000010732,LOAN00008767,2025-01-28,32884.74,FIELD_AGENT,PARTIAL
COL000010733,LOAN00008767,2025-12-10,41466.73,DIGITAL,SUCCESS
COL000010734,LOAN00008769,2026-06-13,11771.56,BRANCH,SUCCESS
COL000010735,LOAN00008769,2026-07-08,33956.92,FIELD_AGENT,SUCCESS
COL000010736,LOAN00008769,2025-01-02,49500.03,CALL_CENTER,PARTIAL
COL000010737,LOAN00008769,2026-06-23,25433.28,FIELD_AGENT,PARTIAL
COL000010738,LOAN00008769,2024-11-19,13294.03,BRANCH,PARTIAL
COL000010739,LOAN00008769,2025-11-20,20540.97,CALL_CENTER,PARTIAL
COL000010740,LOAN00008771,2024-07-01,19049.17,FIELD_AGENT,SUCCESS
COL000010741,LOAN00008771,2024-11-06,19533.56,DIGITAL,SUCCESS
COL000010742,LOAN00008774,2025-07-14,33565.27,BRANCH,SUCCESS
COL000010743,LOAN00008774,2024-07-29,29998.48,CALL_CENTER,SUCCESS
COL000010744,LOAN00008780,2024-03-09,22476.93,BRANCH,SUCCESS
COL000010745,LOAN00008780,2025-05-21,16997.15,CALL_CENTER,SUCCESS
COL000010746,LOAN00008780,2025-07-19,3124.07,BRANCH,SUCCESS
COL000010747,LOAN00008780,2024-09-02,1583.07,CALL_CENTER,SUCCESS
COL000010748,LOAN00008780,2025-02-21,28839.0,FIELD_AGENT,SUCCESS
COL000010749,LOAN00008780,2025-04-06,22304.02,CALL_CENTER,SUCCESS
COL000010750,LOAN00008781,2025-12-14,25332.69,DIGITAL,PARTIAL
COL000010751,LOAN00008781,2024-03-10,31170.99,FIELD_AGENT,FAILED
COL000010752,LOAN00008781,2026-04-29,12327.57,FIELD_AGENT,SUCCESS
COL000010753,LOAN00008781,2024-04-30,8565.54,FIELD_AGENT,PARTIAL
COL000010754,LOAN00008782,2026-06-22,34931.29,DIGITAL,FAILED
COL000010755,LOAN00008782,2024-08-03,35564.26,BRANCH,SUCCESS
COL000010756,LOAN00008782,2024-04-25,18709.71,BRANCH,FAILED
COL000010757,LOAN00008782,2025-04-21,23803.78,BRANCH,SUCCESS
COL000010758,LOAN00008782,2024-08-25,22935.03,DIGITAL,SUCCESS
COL000010759,LOAN00008782,2026-08-13,32131.3,DIGITAL,SUCCESS
COL000010760,LOAN00008785,2026-03-03,25909.59,DIGITAL,SUCCESS
COL000010761,LOAN00008787,2026-03-28,28635.05,DIGITAL,SUCCESS
COL000010762,LOAN00008787,2026-08-25,12435.23,BRANCH,PARTIAL
COL000010763,LOAN00008787,2025-01-13,25786.07,CALL_CENTER,SUCCESS
COL000010764,LOAN00008787,2025-03-25,19674.14,DIGITAL,SUCCESS
COL000010765,LOAN00008787,2026-05-30,21230.53,BRANCH,SUCCESS
COL000010766,LOAN00008787,2025-05-18,27535.9,CALL_CENTER,SUCCESS
COL000010767,LOAN00008794,2024-06-06,32211.45,FIELD_AGENT,FAILED
COL000010768,LOAN00008794,2024-11-19,1701.83,CALL_CENTER,PARTIAL
COL000010769,LOAN00008794,2026-01-30,23749.94,DIGITAL,SUCCESS
COL000010770,LOAN00008794,2026-02-20,36257.66,CALL_CENTER,SUCCESS
COL000010771,LOAN00008794,2025-11-15,14040.28,DIGITAL,SUCCESS
COL000010772,LOAN00008797,2024-03-27,26908.28,DIGITAL,SUCCESS
COL000010773,LOAN00008798,2026-07-11,8542.04,CALL_CENTER,SUCCESS
COL000010774,LOAN00008798,2024-10-14,40153.74,FIELD_AGENT,SUCCESS
COL000010775,LOAN00008798,2025-02-09,31843.05,BRANCH,PARTIAL
COL000010776,LOAN00008798,2025-09-06,18219.1,CALL_CENTER,SUCCESS
COL000010777,LOAN00008801,2026-07-18,22568.07,BRANCH,SUCCESS
COL000010778,LOAN00008801,2025-02-11,11067.14,DIGITAL,FAILED
COL000010779,LOAN00008801,2026-05-31,9013.06,BRANCH,SUCCESS
COL000010780,LOAN00008801,2024-08-12,15178.06,BRANCH,SUCCESS
COL000010781,LOAN00008802,2025-10-28,41796.53,CALL_CENTER,SUCCESS
COL000010782,LOAN00008802,2025-11-10,38164.08,DIGITAL,SUCCESS
COL000010783,LOAN00008810,2024-09-09,42046.15,DIGITAL,PARTIAL
COL000010784,LOAN00008810,2024-07-10,40490.39,DIGITAL,SUCCESS
COL000010785,LOAN00008810,2025-09-23,14393.44,CALL_CENTER,SUCCESS
COL000010786,LOAN00008810,2025-04-01,24757.19,CALL_CENTER,SUCCESS
COL000010787,LOAN00008810,2025-05-18,38768.28,BRANCH,SUCCESS
COL000010788,LOAN00008811,2024-06-10,12924.43,BRANCH,SUCCESS
COL000010789,LOAN00008811,2025-02-22,4820.21,CALL_CENTER,SUCCESS
COL000010790,LOAN00008811,2025-07-13,31253.78,FIELD_AGENT,FAILED
COL000010791,LOAN00008813,2025-08-31,2863.47,BRANCH,SUCCESS
COL000010792,LOAN00008815,2024-12-10,34066.48,CALL_CENTER,SUCCESS
COL000010793,LOAN00008816,2025-03-27,40284.4,DIGITAL,SUCCESS
COL000010794,LOAN00008816,2026-09-01,6814.2,DIGITAL,SUCCESS
COL000010795,LOAN00008816,2025-12-01,10550.94,DIGITAL,SUCCESS
COL000010796,LOAN00008817,2026-05-20,24048.8,BRANCH,PARTIAL
COL000010797,LOAN00008817,2024-06-27,23524.23,DIGITAL,PARTIAL
COL000010798,LOAN00008823,2025-06-27,20446.65,FIELD_AGENT,SUCCESS
COL000010799,LOAN00008823,2025-04-15,24793.19,BRANCH,PARTIAL
COL000010800,LOAN00008828,2025-08-06,35341.71,CALL_CENTER,PARTIAL
COL000010801,LOAN00008829,2026-06-25,15818.16,FIELD_AGENT,PARTIAL
COL000010802,LOAN00008829,2025-11-24,17639.74,FIELD_AGENT,SUCCESS
COL000010803,LOAN00008829,2024-05-31,44205.67,BRANCH,SUCCESS
COL000010804,LOAN00008829,2025-12-25,47759.82,BRANCH,PARTIAL
COL000010805,LOAN00008829,2025-05-20,10109.39,BRANCH,SUCCESS
COL000010806,LOAN00008829,2026-03-08,23995.21,FIELD_AGENT,PARTIAL
COL000010807,LOAN00008834,2026-06-09,26768.54,DIGITAL,SUCCESS
COL000010808,LOAN00008839,2026-07-20,15681.74,CALL_CENTER,SUCCESS
COL000010809,LOAN00008841,2024-04-06,31539.43,DIGITAL,SUCCESS
COL000010810,LOAN00008842,2026-06-06,11708.0,BRANCH,SUCCESS
COL000010811,LOAN00008842,2024-05-06,35308.6,DIGITAL,SUCCESS
COL000010812,LOAN00008842,2024-10-27,32744.44,DIGITAL,SUCCESS
COL000010813,LOAN00008844,2025-08-11,40427.84,CALL_CENTER,PARTIAL
COL000010814,LOAN00008844,2024-08-24,42427.5,BRANCH,SUCCESS
COL000010815,LOAN00008844,2025-07-17,2259.02,BRANCH,SUCCESS
COL000010816,LOAN00008844,2026-08-30,17639.58,DIGITAL,PARTIAL
COL000010817,LOAN00008844,2024-10-27,36286.93,CALL_CENTER,PARTIAL
COL000010818,LOAN00008848,2026-07-30,17212.47,CALL_CENTER,PARTIAL
COL000010819,LOAN00008849,2024-06-27,13540.73,DIGITAL,PARTIAL
COL000010820,LOAN00008849,2025-06-23,21050.88,FIELD_AGENT,SUCCESS
COL000010821,LOAN00008850,2025-03-22,1876.86,DIGITAL,SUCCESS
COL000010822,LOAN00008850,2024-11-26,19049.08,BRANCH,SUCCESS
COL000010823,LOAN00008850,2024-10-06,48332.53,FIELD_AGENT,SUCCESS
COL000010824,LOAN00008850,2024-07-23,46917.68,BRANCH,PARTIAL
COL000010825,LOAN00008850,2025-03-28,21029.75,BRANCH,FAILED
COL000010826,LOAN00008850,2024-10-10,4776.89,DIGITAL,PARTIAL
COL000010827,LOAN00008854,2024-09-25,35044.17,BRANCH,SUCCESS
COL000010828,LOAN00008854,2024-08-06,9993.42,DIGITAL,FAILED
COL000010829,LOAN00008854,2024-11-05,35551.4,DIGITAL,SUCCESS
COL000010830,LOAN00008855,2025-06-04,21809.33,FIELD_AGENT,SUCCESS
COL000010831,LOAN00008855,2025-06-24,9115.5,DIGITAL,SUCCESS
COL000010832,LOAN00008855,2026-04-20,35547.57,DIGITAL,SUCCESS
COL000010833,LOAN00008855,2025-12-13,45074.88,FIELD_AGENT,SUCCESS
COL000010834,LOAN00008857,2026-07-22,2089.81,BRANCH,SUCCESS
COL000010835,LOAN00008857,2025-06-20,42473.98,BRANCH,SUCCESS
COL000010836,LOAN00008857,2024-04-20,48910.9,CALL_CENTER,SUCCESS
COL000010837,LOAN00008857,2024-09-19,31067.67,FIELD_AGENT,PARTIAL
COL000010838,LOAN00008857,2026-05-01,45763.7,DIGITAL,SUCCESS
COL000010839,LOAN00008860,2025-05-14,40473.43,BRANCH,SUCCESS
COL000010840,LOAN00008860,2026-01-17,14235.84,CALL_CENTER,SUCCESS
COL000010841,LOAN00008860,2024-12-24,3827.62,DIGITAL,SUCCESS
COL000010842,LOAN00008860,2024-06-24,23583.99,BRANCH,SUCCESS
COL000010843,LOAN00008860,2025-04-26,29242.77,FIELD_AGENT,SUCCESS
COL000010844,LOAN00008870,2024-05-14,38599.76,BRANCH,SUCCESS
COL000010845,LOAN00008872,2025-03-15,5913.2,CALL_CENTER,FAILED
COL000010846,LOAN00008872,2024-08-17,9470.48,FIELD_AGENT,SUCCESS
COL000010847,LOAN00008872,2026-03-23,46757.3,BRANCH,SUCCESS
COL000010848,LOAN00008874,2025-12-28,48905.45,BRANCH,SUCCESS
COL000010849,LOAN00008874,2025-05-26,18495.93,DIGITAL,SUCCESS
COL000010850,LOAN00008876,2024-09-02,26956.74,BRANCH,SUCCESS
COL000010851,LOAN00008877,2024-12-05,19141.79,FIELD_AGENT,SUCCESS
COL000010852,LOAN00008877,2025-03-02,8658.93,FIELD_AGENT,PARTIAL
COL000010853,LOAN00008877,2025-05-05,24519.17,CALL_CENTER,PARTIAL
COL000010854,LOAN00008877,2025-04-10,5760.72,BRANCH,SUCCESS
COL000010855,LOAN00008877,2026-04-28,17685.71,CALL_CENTER,FAILED
COL000010856,LOAN00008878,2024-06-17,27961.9,DIGITAL,PARTIAL
COL000010857,LOAN00008878,2024-08-21,44631.58,FIELD_AGENT,PARTIAL
COL000010858,LOAN00008883,2025-05-02,36311.85,DIGITAL,SUCCESS
COL000010859,LOAN00008883,2024-03-13,29928.19,CALL_CENTER,FAILED
COL000010860,LOAN00008883,2026-04-10,15467.24,BRANCH,SUCCESS
COL000010861,LOAN00008883,2024-10-24,17339.88,BRANCH,SUCCESS
COL000010862,LOAN00008884,2026-02-16,46048.6,FIELD_AGENT,PARTIAL
COL000010863,LOAN00008886,2025-06-21,5078.02,CALL_CENTER,PARTIAL
COL000010864,LOAN00008886,2026-06-10,47797.43,BRANCH,SUCCESS
COL000010865,LOAN00008886,2025-12-08,47616.41,FIELD_AGENT,SUCCESS
COL000010866,LOAN00008887,2026-09-01,25241.2,BRANCH,FAILED
COL000010867,LOAN00008888,2024-06-14,5459.64,BRANCH,PARTIAL
COL000010868,LOAN00008888,2026-09-01,11397.13,DIGITAL,SUCCESS
COL000010869,LOAN00008888,2024-03-18,38385.91,CALL_CENTER,SUCCESS
COL000010870,LOAN00008888,2025-07-12,36144.75,FIELD_AGENT,PARTIAL
COL000010871,LOAN00008889,2025-06-17,3911.22,BRANCH,SUCCESS
COL000010872,LOAN00008890,2025-07-05,10713.98,DIGITAL,SUCCESS
COL000010873,LOAN00008895,2025-05-12,17052.54,FIELD_AGENT,SUCCESS
COL000010874,LOAN00008895,2025-05-17,33752.04,CALL_CENTER,SUCCESS
COL000010875,LOAN00008897,2026-08-06,13751.61,BRANCH,SUCCESS
COL000010876,LOAN00008897,2025-03-07,29978.62,DIGITAL,PARTIAL
COL000010877,LOAN00008897,2024-12-14,27693.28,BRANCH,PARTIAL
COL000010878,LOAN00008897,2025-12-26,12607.55,CALL_CENTER,SUCCESS
COL000010879,LOAN00008897,2024-04-20,9791.46,BRANCH,SUCCESS
COL000010880,LOAN00008903,2025-06-06,41453.26,CALL_CENTER,SUCCESS
COL000010881,LOAN00008906,2024-07-15,4022.42,FIELD_AGENT,SUCCESS
COL000010882,LOAN00008906,2024-06-19,49691.9,FIELD_AGENT,SUCCESS
COL000010883,LOAN00008907,2025-07-13,5441.5,BRANCH,SUCCESS
COL000010884,LOAN00008907,2026-03-19,13152.29,FIELD_AGENT,SUCCESS
COL000010885,LOAN00008910,2024-07-11,4100.0,CALL_CENTER,SUCCESS
COL000010886,LOAN00008913,2024-12-08,35477.11,FIELD_AGENT,SUCCESS
COL000010887,LOAN00008913,2024-04-07,19502.19,BRANCH,SUCCESS
COL000010888,LOAN00008913,2024-05-09,25241.47,CALL_CENTER,SUCCESS
COL000010889,LOAN00008913,2025-03-17,23167.68,BRANCH,SUCCESS
COL000010890,LOAN00008914,2026-03-31,47751.18,FIELD_AGENT,SUCCESS
COL000010891,LOAN00008914,2026-04-22,25535.06,DIGITAL,PARTIAL
COL000010892,LOAN00008914,2025-01-02,20975.0,DIGITAL,PARTIAL
COL000010893,LOAN00008917,2025-08-05,30800.85,BRANCH,PARTIAL
COL000010894,LOAN00008917,2024-07-12,41796.78,BRANCH,SUCCESS
COL000010895,LOAN00008917,2024-12-22,6079.24,CALL_CENTER,SUCCESS
COL000010896,LOAN00008917,2026-07-14,19963.81,BRANCH,PARTIAL
COL000010897,LOAN00008917,2025-07-05,28073.64,FIELD_AGENT,PARTIAL
COL000010898,LOAN00008917,2026-08-19,15664.93,FIELD_AGENT,SUCCESS
COL000010899,LOAN00008918,2025-06-24,46195.57,CALL_CENTER,SUCCESS
COL000010900,LOAN00008918,2024-05-21,43763.93,BRANCH,SUCCESS
COL000010901,LOAN00008918,2025-06-12,16558.94,BRANCH,SUCCESS
COL000010902,LOAN00008918,2026-03-23,32568.17,DIGITAL,SUCCESS
COL000010903,LOAN00008918,2026-08-09,43452.84,DIGITAL,SUCCESS
COL000010904,LOAN00008918,2026-06-16,16515.32,CALL_CENTER,SUCCESS
COL000010905,LOAN00008921,2025-05-29,16783.73,CALL_CENTER,SUCCESS
COL000010906,LOAN00008921,2026-02-12,42946.96,CALL_CENTER,SUCCESS
COL000010907,LOAN00008921,2026-07-16,3153.14,FIELD_AGENT,SUCCESS
COL000010908,LOAN00008921,2024-08-14,20877.4,DIGITAL,SUCCESS
COL000010909,LOAN00008921,2026-08-19,41522.89,CALL_CENTER,SUCCESS
COL000010910,LOAN00008921,2024-06-02,44989.55,DIGITAL,SUCCESS
COL000010911,LOAN00008922,2025-02-16,32970.18,BRANCH,PARTIAL
COL000010912,LOAN00008922,2025-12-03,14701.63,BRANCH,PARTIAL
COL000010913,LOAN00008922,2025-01-30,36403.2,FIELD_AGENT,SUCCESS
COL000010914,LOAN00008922,2026-06-25,31296.86,CALL_CENTER,SUCCESS
COL000010915,LOAN00008922,2026-02-28,23874.09,DIGITAL,SUCCESS
COL000010916,LOAN00008922,2026-03-29,47100.3,BRANCH,PARTIAL
COL000010917,LOAN00008923,2025-11-08,25549.05,CALL_CENTER,SUCCESS
COL000010918,LOAN00008924,2024-09-24,24478.77,BRANCH,SUCCESS
COL000010919,LOAN00008928,2026-08-30,17624.17,FIELD_AGENT,PARTIAL
COL000010920,LOAN00008928,2025-01-13,33096.95,DIGITAL,FAILED
COL000010921,LOAN00008928,2025-01-13,35062.36,CALL_CENTER,SUCCESS
COL000010922,LOAN00008928,2026-01-09,34461.85,BRANCH,SUCCESS
COL000010923,LOAN00008928,2025-12-28,31952.45,BRANCH,SUCCESS
COL000010924,LOAN00008932,2024-12-20,45784.58,CALL_CENTER,SUCCESS
COL000010925,LOAN00008932,2024-08-23,49838.87,DIGITAL,SUCCESS
COL000010926,LOAN00008932,2024-07-20,30887.4,CALL_CENTER,SUCCESS
COL000010927,LOAN00008932,2025-11-24,28039.76,BRANCH,SUCCESS
COL000010928,LOAN00008933,2024-10-07,43996.0,FIELD_AGENT,SUCCESS
COL000010929,LOAN00008933,2025-12-14,39739.25,BRANCH,SUCCESS
COL000010930,LOAN00008933,2026-05-04,38664.57,DIGITAL,SUCCESS
COL000010931,LOAN00008933,2026-08-04,17197.52,FIELD_AGENT,SUCCESS
COL000010932,LOAN00008933,2024-03-05,48556.55,BRANCH,SUCCESS
COL000010933,LOAN00008934,2026-09-19,24091.38,BRANCH,SUCCESS
COL000010934,LOAN00008934,2025-10-20,21030.37,FIELD_AGENT,SUCCESS
COL000010935,LOAN00008934,2026-01-09,28108.76,BRANCH,SUCCESS
COL000010936,LOAN00008934,2026-01-13,42697.23,CALL_CENTER,PARTIAL
COL000010937,LOAN00008934,2024-09-07,34725.34,DIGITAL,SUCCESS
COL000010938,LOAN00008934,2025-08-16,42646.74,FIELD_AGENT,FAILED
COL000010939,LOAN00008935,2026-06-24,17779.4,DIGITAL,SUCCESS
COL000010940,LOAN00008935,2024-12-03,43380.89,BRANCH,SUCCESS
COL000010941,LOAN00008935,2025-01-22,37014.6,BRANCH,FAILED
COL000010942,LOAN00008935,2024-10-26,48514.79,FIELD_AGENT,SUCCESS
COL000010943,LOAN00008941,2026-01-19,36629.72,BRANCH,PARTIAL
COL000010944,LOAN00008941,2025-05-05,45644.89,DIGITAL,PARTIAL
COL000010945,LOAN00008941,2026-06-17,3932.9,CALL_CENTER,SUCCESS
COL000010946,LOAN00008943,2024-08-01,28231.92,FIELD_AGENT,SUCCESS
COL000010947,LOAN00008944,2025-09-20,36502.85,DIGITAL,SUCCESS
COL000010948,LOAN00008946,2025-09-20,40756.82,CALL_CENTER,PARTIAL
COL000010949,LOAN00008946,2024-09-12,20303.14,DIGITAL,SUCCESS
COL000010950,LOAN00008946,2025-02-07,47812.77,CALL_CENTER,SUCCESS
COL000010951,LOAN00008946,2025-08-17,8009.92,CALL_CENTER,SUCCESS
COL000010952,LOAN00008946,2026-06-22,26739.95,BRANCH,PARTIAL
COL000010953,LOAN00008946,2025-08-19,30757.29,FIELD_AGENT,SUCCESS
COL000010954,LOAN00008949,2025-12-02,36918.53,BRANCH,PARTIAL
COL000010955,LOAN00008949,2025-12-13,4394.26,CALL_CENTER,FAILED
COL000010956,LOAN00008949,2025-08-27,17432.43,FIELD_AGENT,SUCCESS
COL000010957,LOAN00008949,2025-12-12,3770.72,CALL_CENTER,PARTIAL
COL000010958,LOAN00008951,2025-07-27,12561.93,DIGITAL,PARTIAL
COL000010959,LOAN00008951,2025-07-29,36944.22,BRANCH,SUCCESS
COL000010960,LOAN00008953,2025-01-14,31495.65,FIELD_AGENT,SUCCESS
COL000010961,LOAN00008953,2025-07-18,21351.6,DIGITAL,SUCCESS
COL000010962,LOAN00008953,2024-08-17,25903.75,DIGITAL,PARTIAL
COL000010963,LOAN00008953,2024-10-14,33492.36,FIELD_AGENT,SUCCESS
COL000010964,LOAN00008953,2025-11-12,48768.14,CALL_CENTER,PARTIAL
COL000010965,LOAN00008958,2026-01-12,2374.65,CALL_CENTER,SUCCESS
COL000010966,LOAN00008958,2025-03-26,44174.1,FIELD_AGENT,PARTIAL
COL000010967,LOAN00008961,2024-09-07,44495.71,DIGITAL,PARTIAL
COL000010968,LOAN00008961,2025-01-08,12642.18,BRANCH,SUCCESS
COL000010969,LOAN00008961,2025-02-08,10382.13,FIELD_AGENT,PARTIAL
COL000010970,LOAN00008961,2025-12-07,36896.89,BRANCH,PARTIAL
COL000010971,LOAN00008961,2026-07-18,18217.21,DIGITAL,SUCCESS
COL000010972,LOAN00008962,2024-10-06,38944.6,DIGITAL,SUCCESS
COL000010973,LOAN00008963,2024-12-04,22463.22,FIELD_AGENT,SUCCESS
COL000010974,LOAN00008963,2026-03-28,36586.87,DIGITAL,SUCCESS
COL000010975,LOAN00008963,2024-10-06,35602.09,CALL_CENTER,SUCCESS
COL000010976,LOAN00008963,2025-05-08,3642.66,BRANCH,SUCCESS
COL000010977,LOAN00008963,2025-06-13,48646.61,CALL_CENTER,FAILED
COL000010978,LOAN00008967,2024-06-09,23161.01,DIGITAL,SUCCESS
COL000010979,LOAN00008967,2024-03-08,26989.89,BRANCH,SUCCESS
COL000010980,LOAN00008967,2024-04-02,23177.41,CALL_CENTER,SUCCESS
COL000010981,LOAN00008967,2025-03-25,13509.85,DIGITAL,PARTIAL
COL000010982,LOAN00008967,2025-08-20,32442.58,CALL_CENTER,SUCCESS
COL000010983,LOAN00008969,2026-03-27,46886.06,CALL_CENTER,PARTIAL
COL000010984,LOAN00008969,2024-07-26,40884.02,BRANCH,PARTIAL
COL000010985,LOAN00008969,2024-07-05,31838.91,DIGITAL,SUCCESS
COL000010986,LOAN00008969,2025-03-15,46243.04,FIELD_AGENT,SUCCESS
COL000010987,LOAN00008973,2024-06-17,14470.17,CALL_CENTER,SUCCESS
COL000010988,LOAN00008973,2024-12-16,4778.47,CALL_CENTER,SUCCESS
COL000010989,LOAN00008973,2026-06-04,11745.51,FIELD_AGENT,PARTIAL
COL000010990,LOAN00008973,2024-08-11,49952.95,FIELD_AGENT,SUCCESS
COL000010991,LOAN00008973,2025-02-27,46795.49,FIELD_AGENT,SUCCESS
COL000010992,LOAN00008973,2026-02-18,32754.63,DIGITAL,SUCCESS
COL000010993,LOAN00008974,2025-06-25,25191.13,BRANCH,SUCCESS
COL000010994,LOAN00008974,2024-07-07,35935.31,BRANCH,SUCCESS
COL000010995,LOAN00008974,2025-11-19,25258.92,CALL_CENTER,SUCCESS
COL000010996,LOAN00008974,2025-04-24,28891.31,FIELD_AGENT,SUCCESS
COL000010997,LOAN00008974,2025-04-17,4495.31,DIGITAL,SUCCESS
COL000010998,LOAN00008974,2026-07-13,9961.94,DIGITAL,SUCCESS
COL000010999,LOAN00008975,2025-05-21,33042.12,CALL_CENTER,SUCCESS
COL000011000,LOAN00008975,2024-11-17,27906.07,DIGITAL,SUCCESS
COL000011001,LOAN00008977,2025-09-18,20040.36,BRANCH,SUCCESS
COL000011002,LOAN00008977,2026-01-25,23353.98,DIGITAL,SUCCESS
COL000011003,LOAN00008977,2025-08-20,38831.02,CALL_CENTER,SUCCESS
COL000011004,LOAN00008979,2025-02-09,3247.01,DIGITAL,SUCCESS
COL000011005,LOAN00008979,2024-10-01,44004.86,CALL_CENTER,SUCCESS
COL000011006,LOAN00008979,2026-04-17,42905.25,DIGITAL,SUCCESS
COL000011007,LOAN00008979,2024-07-01,48561.82,BRANCH,SUCCESS
COL000011008,LOAN00008979,2026-08-31,1607.52,DIGITAL,PARTIAL
COL000011009,LOAN00008980,2025-12-18,46795.54,FIELD_AGENT,SUCCESS
COL000011010,LOAN00008982,2025-06-10,6982.89,BRANCH,PARTIAL
COL000011011,LOAN00008982,2026-02-06,30509.56,FIELD_AGENT,SUCCESS
COL000011012,LOAN00008982,2025-12-16,17929.59,DIGITAL,SUCCESS
COL000011013,LOAN00008984,2025-08-22,37355.39,FIELD_AGENT,SUCCESS
COL000011014,LOAN00008984,2026-03-19,9850.18,BRANCH,PARTIAL
COL000011015,LOAN00008986,2026-07-08,1710.61,FIELD_AGENT,PARTIAL
COL000011016,LOAN00008987,2025-08-01,26346.13,CALL_CENTER,PARTIAL
COL000011017,LOAN00008987,2026-05-03,15537.24,FIELD_AGENT,SUCCESS
COL000011018,LOAN00008987,2024-05-01,21010.81,DIGITAL,SUCCESS
COL000011019,LOAN00008987,2024-07-07,8530.54,FIELD_AGENT,PARTIAL
COL000011020,LOAN00008987,2026-01-05,10269.39,FIELD_AGENT,SUCCESS
COL000011021,LOAN00008990,2025-05-14,17231.23,BRANCH,PARTIAL
COL000011022,LOAN00008990,2026-02-21,23431.28,DIGITAL,SUCCESS
COL000011023,LOAN00008991,2025-08-31,3311.3,DIGITAL,SUCCESS
COL000011024,LOAN00008991,2025-01-21,42703.91,CALL_CENTER,PARTIAL
COL000011025,LOAN00008993,2025-01-12,16292.63,FIELD_AGENT,SUCCESS
COL000011026,LOAN00008993,2024-05-19,9515.71,BRANCH,SUCCESS
COL000011027,LOAN00008994,2025-02-18,28415.54,FIELD_AGENT,SUCCESS
COL000011028,LOAN00008994,2025-07-30,43105.92,CALL_CENTER,SUCCESS
COL000011029,LOAN00008994,2026-06-06,13487.47,FIELD_AGENT,SUCCESS
COL000011030,LOAN00008994,2026-02-18,3808.72,BRANCH,PARTIAL
COL000011031,LOAN00008999,2026-09-08,4550.68,FIELD_AGENT,SUCCESS
COL000011032,LOAN00008999,2026-04-19,46353.05,CALL_CENTER,SUCCESS
COL000011033,LOAN00008999,2025-09-16,18622.62,FIELD_AGENT,SUCCESS
COL000011034,LOAN00008999,2025-11-02,1804.96,BRANCH,SUCCESS
COL000011035,LOAN00008999,2025-06-22,14545.43,DIGITAL,PARTIAL
COL000011036,LOAN00008999,2026-03-24,32964.6,FIELD_AGENT,FAILED
COL000011037,LOAN00009003,2026-09-02,33746.18,DIGITAL,SUCCESS
COL000011038,LOAN00009003,2025-11-27,46410.41,DIGITAL,SUCCESS
COL000011039,LOAN00009003,2024-06-08,22439.67,CALL_CENTER,PARTIAL
COL000011040,LOAN00009008,2024-07-24,17411.43,DIGITAL,SUCCESS
COL000011041,LOAN00009008,2025-08-20,21127.86,CALL_CENTER,SUCCESS
COL000011042,LOAN00009008,2026-05-11,29440.07,CALL_CENTER,SUCCESS
COL000011043,LOAN00009015,2024-08-08,47600.39,CALL_CENTER,SUCCESS
COL000011044,LOAN00009015,2024-06-15,14373.21,BRANCH,PARTIAL
COL000011045,LOAN00009015,2025-06-17,41012.29,FIELD_AGENT,SUCCESS
COL000011046,LOAN00009015,2026-06-06,48140.63,FIELD_AGENT,FAILED
COL000011047,LOAN00009015,2025-05-02,13281.72,DIGITAL,PARTIAL
COL000011048,LOAN00009015,2026-08-29,23861.76,FIELD_AGENT,SUCCESS
COL000011049,LOAN00009017,2025-06-10,4945.04,FIELD_AGENT,SUCCESS
COL000011050,LOAN00009017,2026-09-24,19872.27,DIGITAL,SUCCESS
COL000011051,LOAN00009017,2026-04-15,37451.08,BRANCH,SUCCESS
COL000011052,LOAN00009025,2024-09-17,22870.92,CALL_CENTER,PARTIAL
COL000011053,LOAN00009025,2025-03-24,48303.44,FIELD_AGENT,PARTIAL
COL000011054,LOAN00009025,2025-11-03,43649.79,CALL_CENTER,SUCCESS
COL000011055,LOAN00009026,2025-05-11,37381.83,BRANCH,SUCCESS
COL000011056,LOAN00009026,2026-02-02,26718.2,FIELD_AGENT,SUCCESS
COL000011057,LOAN00009026,2026-01-17,30710.12,DIGITAL,FAILED
COL000011058,LOAN00009026,2026-02-05,44318.02,BRANCH,FAILED
COL000011059,LOAN00009027,2024-11-06,7296.96,BRANCH,SUCCESS
COL000011060,LOAN00009027,2025-12-01,10408.07,BRANCH,FAILED
COL000011061,LOAN00009027,2026-08-11,22245.41,BRANCH,PARTIAL
COL000011062,LOAN00009028,2025-09-25,42059.26,CALL_CENTER,SUCCESS
COL000011063,LOAN00009028,2025-05-11,22842.98,FIELD_AGENT,PARTIAL
COL000011064,LOAN00009028,2026-08-18,43985.96,FIELD_AGENT,SUCCESS
COL000011065,LOAN00009028,2026-06-03,22431.78,BRANCH,SUCCESS
COL000011066,LOAN00009028,2025-05-19,17074.12,FIELD_AGENT,SUCCESS
COL000011067,LOAN00009028,2026-02-22,1202.03,FIELD_AGENT,PARTIAL
COL000011068,LOAN00009029,2026-05-14,43616.7,DIGITAL,SUCCESS
COL000011069,LOAN00009029,2025-09-26,47716.7,CALL_CENTER,PARTIAL
COL000011070,LOAN00009030,2025-10-07,27147.59,CALL_CENTER,SUCCESS
COL000011071,LOAN00009030,2025-12-02,15846.66,DIGITAL,SUCCESS
COL000011072,LOAN00009030,2025-03-09,46844.16,CALL_CENTER,SUCCESS
COL000011073,LOAN00009030,2024-11-07,22766.15,FIELD_AGENT,PARTIAL
COL000011074,LOAN00009030,2024-11-26,36007.68,FIELD_AGENT,SUCCESS
COL000011075,LOAN00009030,2025-07-26,27147.7,DIGITAL,SUCCESS
COL000011076,LOAN00009033,2026-09-09,44788.62,BRANCH,SUCCESS
COL000011077,LOAN00009033,2025-11-05,47100.48,CALL_CENTER,SUCCESS
COL000011078,LOAN00009034,2024-12-26,17154.11,CALL_CENTER,SUCCESS
COL000011079,LOAN00009034,2026-05-27,37132.33,FIELD_AGENT,SUCCESS
COL000011080,LOAN00009037,2024-04-10,22578.49,BRANCH,SUCCESS
COL000011081,LOAN00009037,2025-10-23,13995.89,BRANCH,SUCCESS
COL000011082,LOAN00009037,2024-07-09,27247.49,CALL_CENTER,SUCCESS
COL000011083,LOAN00009037,2024-03-27,27675.72,FIELD_AGENT,SUCCESS
COL000011084,LOAN00009037,2024-12-16,12369.33,CALL_CENTER,PARTIAL
COL000011085,LOAN00009037,2024-04-08,25568.58,BRANCH,SUCCESS
COL000011086,LOAN00009041,2024-04-06,32429.21,CALL_CENTER,SUCCESS
COL000011087,LOAN00009041,2026-05-03,12112.74,FIELD_AGENT,PARTIAL
COL000011088,LOAN00009041,2025-05-28,34338.12,FIELD_AGENT,SUCCESS
COL000011089,LOAN00009041,2026-08-18,13390.37,FIELD_AGENT,SUCCESS
COL000011090,LOAN00009042,2025-06-30,47917.62,DIGITAL,SUCCESS
COL000011091,LOAN00009042,2024-08-09,21914.07,CALL_CENTER,PARTIAL
COL000011092,LOAN00009042,2024-03-14,42686.9,BRANCH,SUCCESS
COL000011093,LOAN00009042,2026-07-26,22826.24,DIGITAL,PARTIAL
COL000011094,LOAN00009042,2026-06-14,20351.81,BRANCH,SUCCESS
COL000011095,LOAN00009043,2024-06-02,4215.63,FIELD_AGENT,PARTIAL
COL000011096,LOAN00009043,2024-12-27,12310.55,CALL_CENTER,SUCCESS
COL000011097,LOAN00009043,2026-03-24,26971.63,BRANCH,SUCCESS
COL000011098,LOAN00009046,2025-06-13,4157.42,DIGITAL,SUCCESS
COL000011099,LOAN00009046,2026-01-29,30805.42,DIGITAL,SUCCESS
COL000011100,LOAN00009046,2025-10-22,12561.71,DIGITAL,SUCCESS
COL000011101,LOAN00009046,2025-11-06,32796.36,FIELD_AGENT,SUCCESS
COL000011102,LOAN00009046,2026-09-28,15135.49,BRANCH,SUCCESS
COL000011103,LOAN00009048,2024-06-11,11388.63,FIELD_AGENT,SUCCESS
COL000011104,LOAN00009048,2024-10-17,33258.17,CALL_CENTER,SUCCESS
COL000011105,LOAN00009048,2025-11-09,7171.08,BRANCH,SUCCESS
COL000011106,LOAN00009048,2026-07-26,38832.23,DIGITAL,SUCCESS
COL000011107,LOAN00009048,2024-11-07,24377.62,DIGITAL,PARTIAL
COL000011108,LOAN00009052,2025-11-02,34930.27,FIELD_AGENT,PARTIAL
COL000011109,LOAN00009052,2026-07-27,8976.64,CALL_CENTER,SUCCESS
COL000011110,LOAN00009052,2024-08-15,1435.27,BRANCH,SUCCESS
COL000011111,LOAN00009052,2026-09-14,30335.85,CALL_CENTER,SUCCESS
COL000011112,LOAN00009052,2025-04-08,42473.08,FIELD_AGENT,SUCCESS
COL000011113,LOAN00009052,2024-08-02,32858.09,CALL_CENTER,SUCCESS
COL000011114,LOAN00009054,2026-05-03,44498.35,FIELD_AGENT,PARTIAL
COL000011115,LOAN00009055,2025-06-04,19805.44,CALL_CENTER,SUCCESS
COL000011116,LOAN00009055,2025-03-30,14258.22,FIELD_AGENT,SUCCESS
COL000011117,LOAN00009055,2025-11-11,5918.3,DIGITAL,PARTIAL
COL000011118,LOAN00009055,2024-07-25,17090.07,BRANCH,SUCCESS
COL000011119,LOAN00009061,2026-09-08,46361.66,FIELD_AGENT,SUCCESS
COL000011120,LOAN00009061,2024-09-19,27399.78,BRANCH,SUCCESS
COL000011121,LOAN00009061,2024-06-06,1782.17,CALL_CENTER,SUCCESS
COL000011122,LOAN00009061,2025-03-20,46491.95,FIELD_AGENT,SUCCESS
COL000011123,LOAN00009061,2026-09-12,2956.08,DIGITAL,PARTIAL
COL000011124,LOAN00009070,2026-01-10,13949.72,FIELD_AGENT,PARTIAL
COL000011125,LOAN00009070,2024-12-06,38375.08,DIGITAL,SUCCESS
COL000011126,LOAN00009070,2026-06-24,3030.56,FIELD_AGENT,SUCCESS
COL000011127,LOAN00009070,2025-08-17,7814.25,CALL_CENTER,SUCCESS
COL000011128,LOAN00009076,2024-04-01,33784.41,CALL_CENTER,SUCCESS
COL000011129,LOAN00009076,2025-04-03,33724.13,CALL_CENTER,SUCCESS
COL000011130,LOAN00009076,2025-03-27,42038.39,DIGITAL,SUCCESS
COL000011131,LOAN00009076,2026-03-01,30991.64,BRANCH,SUCCESS
COL000011132,LOAN00009076,2024-10-23,40811.75,BRANCH,SUCCESS
COL000011133,LOAN00009077,2024-04-19,29079.57,BRANCH,PARTIAL
COL000011134,LOAN00009077,2024-07-25,6798.01,FIELD_AGENT,SUCCESS
COL000011135,LOAN00009078,2025-05-22,36311.25,CALL_CENTER,FAILED
COL000011136,LOAN00009078,2024-12-17,16776.91,DIGITAL,SUCCESS
COL000011137,LOAN00009078,2025-05-09,49239.73,FIELD_AGENT,SUCCESS
COL000011138,LOAN00009078,2024-04-10,8572.27,CALL_CENTER,SUCCESS
COL000011139,LOAN00009078,2025-03-19,30579.54,BRANCH,SUCCESS
COL000011140,LOAN00009079,2024-08-17,33991.41,CALL_CENTER,SUCCESS
COL000011141,LOAN00009079,2026-08-17,29665.24,DIGITAL,SUCCESS
COL000011142,LOAN00009079,2025-12-30,14813.02,BRANCH,PARTIAL
COL000011143,LOAN00009079,2024-08-13,6479.13,CALL_CENTER,SUCCESS
COL000011144,LOAN00009079,2025-01-08,48519.95,FIELD_AGENT,SUCCESS
COL000011145,LOAN00009086,2026-07-21,39152.93,FIELD_AGENT,SUCCESS
COL000011146,LOAN00009092,2025-09-30,45891.59,CALL_CENTER,SUCCESS
COL000011147,LOAN00009092,2024-10-28,30602.38,CALL_CENTER,PARTIAL
COL000011148,LOAN00009092,2024-06-12,44265.34,CALL_CENTER,PARTIAL
COL000011149,LOAN00009092,2024-09-09,41786.98,CALL_CENTER,PARTIAL
COL000011150,LOAN00009095,2026-03-07,15210.65,BRANCH,SUCCESS
COL000011151,LOAN00009095,2024-11-09,12502.09,CALL_CENTER,SUCCESS
COL000011152,LOAN00009095,2025-06-06,11585.26,CALL_CENTER,SUCCESS
COL000011153,LOAN00009095,2025-07-31,29837.37,DIGITAL,SUCCESS
COL000011154,LOAN00009095,2026-07-27,9500.15,DIGITAL,SUCCESS
COL000011155,LOAN00009101,2026-08-24,16378.55,BRANCH,PARTIAL
COL000011156,LOAN00009101,2025-08-12,23626.54,BRANCH,SUCCESS
COL000011157,LOAN00009101,2025-01-22,9057.07,DIGITAL,SUCCESS
COL000011158,LOAN00009102,2024-12-07,48870.46,DIGITAL,SUCCESS
COL000011159,LOAN00009102,2024-11-19,2185.01,CALL_CENTER,SUCCESS
COL000011160,LOAN00009102,2026-04-10,3376.73,DIGITAL,SUCCESS
COL000011161,LOAN00009104,2026-06-25,23082.18,DIGITAL,SUCCESS
COL000011162,LOAN00009104,2026-02-20,23996.77,DIGITAL,SUCCESS
COL000011163,LOAN00009104,2026-06-23,15619.15,BRANCH,SUCCESS
COL000011164,LOAN00009107,2026-02-09,35490.91,DIGITAL,SUCCESS
COL000011165,LOAN00009107,2024-09-01,12263.26,CALL_CENTER,SUCCESS
COL000011166,LOAN00009107,2025-05-19,34351.36,FIELD_AGENT,FAILED
COL000011167,LOAN00009110,2025-05-24,38764.55,BRANCH,SUCCESS
COL000011168,LOAN00009110,2026-09-03,29615.27,BRANCH,PARTIAL
COL000011169,LOAN00009110,2025-08-31,4061.85,DIGITAL,SUCCESS
COL000011170,LOAN00009110,2025-12-19,36340.17,BRANCH,PARTIAL
COL000011171,LOAN00009110,2024-05-19,39955.64,BRANCH,SUCCESS
COL000011172,LOAN00009111,2026-01-07,48999.24,BRANCH,PARTIAL
COL000011173,LOAN00009117,2025-06-18,7172.86,DIGITAL,SUCCESS
COL000011174,LOAN00009117,2024-12-13,31529.36,DIGITAL,SUCCESS
COL000011175,LOAN00009117,2026-06-08,5725.54,FIELD_AGENT,PARTIAL
COL000011176,LOAN00009117,2024-07-12,16398.86,FIELD_AGENT,PARTIAL
COL000011177,LOAN00009118,2024-07-16,9360.59,FIELD_AGENT,SUCCESS
COL000011178,LOAN00009118,2025-06-18,16834.49,BRANCH,SUCCESS
COL000011179,LOAN00009118,2026-03-29,45003.59,CALL_CENTER,SUCCESS
COL000011180,LOAN00009118,2026-06-13,11182.19,BRANCH,PARTIAL
COL000011181,LOAN00009119,2024-08-02,24797.64,CALL_CENTER,SUCCESS
COL000011182,LOAN00009125,2025-02-19,40615.38,CALL_CENTER,PARTIAL
COL000011183,LOAN00009125,2025-12-02,36650.57,FIELD_AGENT,SUCCESS
COL000011184,LOAN00009129,2024-06-10,10331.64,FIELD_AGENT,SUCCESS
COL000011185,LOAN00009129,2025-06-15,18508.35,DIGITAL,SUCCESS
COL000011186,LOAN00009129,2026-05-29,20616.58,DIGITAL,SUCCESS
COL000011187,LOAN00009129,2024-09-16,44347.67,CALL_CENTER,SUCCESS
COL000011188,LOAN00009131,2025-09-07,6962.18,CALL_CENTER,SUCCESS
COL000011189,LOAN00009131,2025-10-27,34625.97,DIGITAL,PARTIAL
COL000011190,LOAN00009131,2025-11-16,47514.23,BRANCH,SUCCESS
COL000011191,LOAN00009132,2025-04-10,23856.02,FIELD_AGENT,PARTIAL
COL000011192,LOAN00009132,2026-03-11,15904.56,DIGITAL,SUCCESS
COL000011193,LOAN00009132,2025-02-27,43510.07,DIGITAL,SUCCESS
COL000011194,LOAN00009132,2025-12-21,23747.97,CALL_CENTER,PARTIAL
COL000011195,LOAN00009132,2025-03-20,14272.83,FIELD_AGENT,SUCCESS
COL000011196,LOAN00009133,2026-04-22,25853.07,FIELD_AGENT,SUCCESS
COL000011197,LOAN00009133,2024-09-16,24644.86,CALL_CENTER,SUCCESS
COL000011198,LOAN00009133,2024-08-08,46738.84,CALL_CENTER,PARTIAL
COL000011199,LOAN00009133,2025-05-20,2793.33,BRANCH,SUCCESS
COL000011200,LOAN00009134,2026-01-16,30122.66,BRANCH,SUCCESS
COL000011201,LOAN00009134,2025-01-02,25769.67,FIELD_AGENT,SUCCESS
COL000011202,LOAN00009134,2024-09-02,41279.72,FIELD_AGENT,PARTIAL
COL000011203,LOAN00009134,2024-09-08,19697.19,BRANCH,PARTIAL
COL000011204,LOAN00009134,2026-06-19,14855.5,DIGITAL,SUCCESS
COL000011205,LOAN00009137,2025-08-16,23234.05,BRANCH,SUCCESS
COL000011206,LOAN00009137,2025-02-11,45787.38,DIGITAL,FAILED
COL000011207,LOAN00009137,2025-09-05,48673.28,CALL_CENTER,PARTIAL
COL000011208,LOAN00009139,2025-07-16,46521.52,DIGITAL,SUCCESS
COL000011209,LOAN00009147,2025-09-02,31025.81,FIELD_AGENT,SUCCESS
COL000011210,LOAN00009147,2025-05-04,4503.35,DIGITAL,PARTIAL
COL000011211,LOAN00009147,2025-03-29,39853.06,DIGITAL,SUCCESS
COL000011212,LOAN00009147,2025-02-05,18222.43,FIELD_AGENT,SUCCESS
COL000011213,LOAN00009147,2024-07-23,15334.46,BRANCH,SUCCESS
COL000011214,LOAN00009147,2026-07-06,45325.86,CALL_CENTER,PARTIAL
COL000011215,LOAN00009149,2024-07-06,27756.71,CALL_CENTER,SUCCESS
COL000011216,LOAN00009149,2026-09-10,2582.34,FIELD_AGENT,SUCCESS
COL000011217,LOAN00009149,2025-03-08,47342.66,FIELD_AGENT,SUCCESS
COL000011218,LOAN00009149,2026-04-24,35414.03,BRANCH,PARTIAL
COL000011219,LOAN00009149,2025-12-02,47143.04,FIELD_AGENT,PARTIAL
COL000011220,LOAN00009151,2026-05-24,21559.41,CALL_CENTER,SUCCESS
COL000011221,LOAN00009151,2026-01-21,31565.49,FIELD_AGENT,SUCCESS
COL000011222,LOAN00009151,2024-04-26,43943.22,FIELD_AGENT,SUCCESS
COL000011223,LOAN00009151,2026-08-28,46840.72,FIELD_AGENT,SUCCESS
COL000011224,LOAN00009151,2026-08-17,1328.49,BRANCH,SUCCESS
COL000011225,LOAN00009151,2026-06-27,31904.98,CALL_CENTER,PARTIAL
COL000011226,LOAN00009152,2024-03-16,45517.24,BRANCH,SUCCESS
COL000011227,LOAN00009152,2026-02-12,12007.45,CALL_CENTER,SUCCESS
COL000011228,LOAN00009152,2025-04-20,8128.35,BRANCH,SUCCESS
COL000011229,LOAN00009155,2024-11-22,39995.14,DIGITAL,PARTIAL
COL000011230,LOAN00009156,2024-07-04,32859.52,DIGITAL,SUCCESS
COL000011231,LOAN00009156,2026-04-26,28546.72,CALL_CENTER,SUCCESS
COL000011232,LOAN00009156,2024-08-13,35442.43,BRANCH,SUCCESS
COL000011233,LOAN00009156,2026-05-29,33215.49,CALL_CENTER,SUCCESS
COL000011234,LOAN00009159,2025-05-25,49307.48,BRANCH,SUCCESS
COL000011235,LOAN00009159,2025-05-18,7177.03,FIELD_AGENT,SUCCESS
COL000011236,LOAN00009159,2025-01-30,45332.87,CALL_CENTER,SUCCESS
COL000011237,LOAN00009165,2024-07-19,5763.13,FIELD_AGENT,SUCCESS
COL000011238,LOAN00009165,2024-10-19,23135.75,CALL_CENTER,PARTIAL
COL000011239,LOAN00009165,2026-03-29,37620.85,FIELD_AGENT,SUCCESS
COL000011240,LOAN00009165,2026-08-12,13402.88,BRANCH,SUCCESS
COL000011241,LOAN00009168,2024-04-13,28882.11,DIGITAL,SUCCESS
COL000011242,LOAN00009168,2025-02-04,21528.56,CALL_CENTER,SUCCESS
COL000011243,LOAN00009168,2025-05-21,39579.55,FIELD_AGENT,PARTIAL
COL000011244,LOAN00009168,2025-04-10,38740.13,FIELD_AGENT,PARTIAL
COL000011245,LOAN00009168,2025-10-13,27393.74,FIELD_AGENT,SUCCESS
COL000011246,LOAN00009168,2024-08-01,4583.19,FIELD_AGENT,SUCCESS
COL000011247,LOAN00009169,2025-02-22,39888.84,CALL_CENTER,FAILED
COL000011248,LOAN00009170,2025-03-11,2734.01,CALL_CENTER,PARTIAL
COL000011249,LOAN00009170,2024-11-06,8490.45,BRANCH,SUCCESS
COL000011250,LOAN00009170,2024-10-20,39091.38,CALL_CENTER,SUCCESS
COL000011251,LOAN00009170,2026-04-26,17141.95,DIGITAL,SUCCESS
COL000011252,LOAN00009171,2025-01-27,14679.92,BRANCH,PARTIAL
COL000011253,LOAN00009171,2024-05-27,14641.51,BRANCH,PARTIAL
COL000011254,LOAN00009171,2025-08-21,5251.51,FIELD_AGENT,SUCCESS
COL000011255,LOAN00009171,2026-01-11,18085.04,DIGITAL,SUCCESS
COL000011256,LOAN00009171,2024-04-10,45075.27,FIELD_AGENT,PARTIAL
COL000011257,LOAN00009171,2025-04-03,21187.52,BRANCH,SUCCESS
COL000011258,LOAN00009173,2025-01-05,49814.68,BRANCH,PARTIAL
COL000011259,LOAN00009173,2026-07-18,38715.3,DIGITAL,SUCCESS
COL000011260,LOAN00009173,2025-06-26,25377.36,CALL_CENTER,SUCCESS
COL000011261,LOAN00009173,2024-07-14,18740.56,DIGITAL,SUCCESS
COL000011262,LOAN00009173,2024-03-29,24232.84,BRANCH,PARTIAL
COL000011263,LOAN00009173,2026-02-17,21324.48,BRANCH,SUCCESS
COL000011264,LOAN00009174,2024-06-12,22374.91,BRANCH,SUCCESS
COL000011265,LOAN00009174,2025-07-10,14164.8,FIELD_AGENT,FAILED
COL000011266,LOAN00009174,2025-03-25,19627.31,FIELD_AGENT,SUCCESS
COL000011267,LOAN00009176,2026-03-19,18225.04,CALL_CENTER,SUCCESS
COL000011268,LOAN00009176,2026-03-31,21079.96,CALL_CENTER,PARTIAL
COL000011269,LOAN00009176,2024-03-08,2954.9,CALL_CENTER,SUCCESS
COL000011270,LOAN00009176,2024-12-03,26023.6,CALL_CENTER,PARTIAL
COL000011271,LOAN00009176,2025-12-09,29612.89,FIELD_AGENT,SUCCESS
COL000011272,LOAN00009176,2024-04-22,49261.1,FIELD_AGENT,PARTIAL
COL000011273,LOAN00009178,2025-01-27,5452.09,FIELD_AGENT,PARTIAL
COL000011274,LOAN00009178,2025-03-08,5284.98,DIGITAL,PARTIAL
COL000011275,LOAN00009178,2025-05-17,37554.26,BRANCH,SUCCESS
COL000011276,LOAN00009178,2026-06-21,34362.96,FIELD_AGENT,SUCCESS
COL000011277,LOAN00009178,2025-02-24,39450.76,CALL_CENTER,SUCCESS
COL000011278,LOAN00009178,2025-11-04,4869.85,DIGITAL,PARTIAL
COL000011279,LOAN00009179,2025-07-15,34933.56,CALL_CENTER,SUCCESS
COL000011280,LOAN00009179,2025-10-14,32642.21,DIGITAL,SUCCESS
COL000011281,LOAN00009179,2026-05-06,5896.99,FIELD_AGENT,SUCCESS
COL000011282,LOAN00009179,2025-04-15,1147.27,DIGITAL,SUCCESS
COL000011283,LOAN00009183,2025-02-21,7506.71,FIELD_AGENT,SUCCESS
COL000011284,LOAN00009183,2026-06-28,27254.52,BRANCH,SUCCESS
COL000011285,LOAN00009187,2025-09-14,4152.95,BRANCH,SUCCESS
COL000011286,LOAN00009187,2024-04-23,28221.33,CALL_CENTER,SUCCESS
COL000011287,LOAN00009187,2024-09-30,4437.36,BRANCH,SUCCESS
COL000011288,LOAN00009187,2024-07-17,40150.05,DIGITAL,SUCCESS
COL000011289,LOAN00009188,2026-03-08,32306.48,CALL_CENTER,SUCCESS
COL000011290,LOAN00009188,2026-04-18,9298.21,DIGITAL,SUCCESS
COL000011291,LOAN00009188,2025-12-22,29996.03,DIGITAL,SUCCESS
COL000011292,LOAN00009188,2026-04-08,10555.67,DIGITAL,PARTIAL
COL000011293,LOAN00009188,2026-03-15,24228.12,CALL_CENTER,SUCCESS
COL000011294,LOAN00009188,2024-12-27,30376.61,CALL_CENTER,SUCCESS
COL000011295,LOAN00009190,2024-09-01,29943.64,FIELD_AGENT,SUCCESS
COL000011296,LOAN00009191,2024-06-05,37635.01,DIGITAL,SUCCESS
COL000011297,LOAN00009191,2025-01-21,9935.62,BRANCH,SUCCESS
COL000011298,LOAN00009191,2026-05-03,10114.66,FIELD_AGENT,SUCCESS
COL000011299,LOAN00009197,2026-03-17,43077.77,FIELD_AGENT,SUCCESS
COL000011300,LOAN00009197,2024-08-21,38500.88,FIELD_AGENT,SUCCESS
COL000011301,LOAN00009197,2025-03-08,12448.78,FIELD_AGENT,PARTIAL
COL000011302,LOAN00009197,2025-10-24,45306.73,FIELD_AGENT,SUCCESS
COL000011303,LOAN00009197,2025-01-21,18654.0,FIELD_AGENT,SUCCESS
COL000011304,LOAN00009200,2024-06-08,41854.73,FIELD_AGENT,SUCCESS
COL000011305,LOAN00009200,2026-03-11,48478.81,FIELD_AGENT,FAILED
COL000011306,LOAN00009200,2026-09-10,23895.01,CALL_CENTER,SUCCESS
COL000011307,LOAN00009200,2026-05-26,36523.4,CALL_CENTER,SUCCESS
COL000011308,LOAN00009200,2026-06-02,34250.45,FIELD_AGENT,SUCCESS
COL000011309,LOAN00009200,2025-05-29,7448.93,BRANCH,PARTIAL
COL000011310,LOAN00009206,2024-10-22,49486.78,CALL_CENTER,SUCCESS
COL000011311,LOAN00009206,2025-02-26,3036.28,DIGITAL,SUCCESS
COL000011312,LOAN00009206,2026-03-28,24573.46,DIGITAL,SUCCESS
COL000011313,LOAN00009209,2026-06-14,42310.1,DIGITAL,SUCCESS
COL000011314,LOAN00009213,2025-12-23,37186.53,FIELD_AGENT,FAILED
COL000011315,LOAN00009213,2025-01-28,17313.81,FIELD_AGENT,SUCCESS
COL000011316,LOAN00009214,2026-09-03,8123.63,CALL_CENTER,SUCCESS
COL000011317,LOAN00009214,2024-12-14,34874.8,DIGITAL,SUCCESS
COL000011318,LOAN00009214,2025-05-21,43540.86,CALL_CENTER,PARTIAL
COL000011319,LOAN00009214,2024-06-27,23203.02,FIELD_AGENT,PARTIAL
COL000011320,LOAN00009214,2025-10-01,35790.19,CALL_CENTER,SUCCESS
COL000011321,LOAN00009218,2026-05-05,27028.0,CALL_CENTER,PARTIAL
COL000011322,LOAN00009218,2026-01-07,25457.81,FIELD_AGENT,SUCCESS
COL000011323,LOAN00009218,2025-10-12,46996.9,CALL_CENTER,PARTIAL
COL000011324,LOAN00009218,2025-09-05,35321.25,DIGITAL,SUCCESS
COL000011325,LOAN00009218,2025-12-28,41589.12,CALL_CENTER,PARTIAL
COL000011326,LOAN00009218,2026-05-15,29984.89,FIELD_AGENT,FAILED
COL000011327,LOAN00009219,2026-01-13,29636.29,BRANCH,SUCCESS
COL000011328,LOAN00009219,2024-06-17,33697.4,FIELD_AGENT,SUCCESS
COL000011329,LOAN00009219,2024-03-20,29097.08,BRANCH,SUCCESS
COL000011330,LOAN00009224,2025-05-16,32244.25,DIGITAL,SUCCESS
COL000011331,LOAN00009224,2026-09-13,44762.52,CALL_CENTER,SUCCESS
COL000011332,LOAN00009227,2024-12-23,46249.41,FIELD_AGENT,SUCCESS
COL000011333,LOAN00009229,2026-05-26,1428.96,CALL_CENTER,SUCCESS
COL000011334,LOAN00009229,2025-07-20,30241.18,DIGITAL,SUCCESS
COL000011335,LOAN00009229,2026-08-31,8826.82,DIGITAL,SUCCESS
COL000011336,LOAN00009229,2024-08-19,14137.15,DIGITAL,PARTIAL
COL000011337,LOAN00009229,2025-04-24,20104.3,FIELD_AGENT,PARTIAL
COL000011338,LOAN00009230,2024-08-25,6363.29,BRANCH,PARTIAL
COL000011339,LOAN00009230,2024-06-19,22217.26,FIELD_AGENT,SUCCESS
COL000011340,LOAN00009230,2025-08-17,43518.83,BRANCH,SUCCESS
COL000011341,LOAN00009230,2024-08-01,3062.6,FIELD_AGENT,SUCCESS
COL000011342,LOAN00009231,2024-08-06,19138.94,DIGITAL,SUCCESS
COL000011343,LOAN00009231,2024-05-13,3728.79,FIELD_AGENT,SUCCESS
COL000011344,LOAN00009231,2025-02-03,31389.91,DIGITAL,SUCCESS
COL000011345,LOAN00009231,2026-01-05,22416.7,CALL_CENTER,SUCCESS
COL000011346,LOAN00009231,2025-10-13,41075.53,FIELD_AGENT,PARTIAL
COL000011347,LOAN00009232,2024-11-24,3189.61,DIGITAL,SUCCESS
COL000011348,LOAN00009232,2025-05-17,14657.2,CALL_CENTER,SUCCESS
COL000011349,LOAN00009237,2025-07-02,18145.52,BRANCH,SUCCESS
COL000011350,LOAN00009237,2025-06-09,12754.88,DIGITAL,FAILED
COL000011351,LOAN00009237,2024-04-24,40661.64,BRANCH,PARTIAL
COL000011352,LOAN00009239,2024-09-28,14011.15,BRANCH,SUCCESS
COL000011353,LOAN00009239,2024-06-13,6105.02,CALL_CENTER,SUCCESS
COL000011354,LOAN00009240,2026-01-19,10619.36,BRANCH,SUCCESS
COL000011355,LOAN00009240,2025-08-15,11399.55,DIGITAL,PARTIAL
COL000011356,LOAN00009240,2025-06-15,41754.45,BRANCH,SUCCESS
COL000011357,LOAN00009240,2026-03-19,25338.47,BRANCH,SUCCESS
COL000011358,LOAN00009244,2024-07-15,27779.25,CALL_CENTER,PARTIAL
COL000011359,LOAN00009244,2024-10-20,23777.08,FIELD_AGENT,FAILED
COL000011360,LOAN00009244,2025-04-26,30096.94,CALL_CENTER,PARTIAL
COL000011361,LOAN00009244,2025-04-11,28190.4,BRANCH,SUCCESS
COL000011362,LOAN00009244,2025-12-03,14229.53,DIGITAL,SUCCESS
COL000011363,LOAN00009245,2025-12-05,26750.32,CALL_CENTER,PARTIAL
COL000011364,LOAN00009245,2025-09-15,13411.27,CALL_CENTER,SUCCESS
COL000011365,LOAN00009245,2026-05-19,34315.53,FIELD_AGENT,SUCCESS
COL000011366,LOAN00009245,2025-08-28,25675.39,CALL_CENTER,SUCCESS
COL000011367,LOAN00009245,2024-05-23,37924.8,DIGITAL,SUCCESS
COL000011368,LOAN00009248,2025-12-17,37909.65,CALL_CENTER,SUCCESS
COL000011369,LOAN00009249,2026-07-23,22909.88,BRANCH,SUCCESS
COL000011370,LOAN00009249,2025-05-28,42518.95,DIGITAL,SUCCESS
COL000011371,LOAN00009249,2024-03-24,21296.04,CALL_CENTER,SUCCESS
COL000011372,LOAN00009251,2026-02-16,10711.11,CALL_CENTER,SUCCESS
COL000011373,LOAN00009251,2026-03-23,2917.3,FIELD_AGENT,SUCCESS
COL000011374,LOAN00009252,2024-05-28,9245.85,BRANCH,SUCCESS
COL000011375,LOAN00009252,2025-12-15,16666.84,BRANCH,SUCCESS
COL000011376,LOAN00009252,2025-05-04,31955.22,FIELD_AGENT,SUCCESS
COL000011377,LOAN00009258,2026-09-02,43126.27,CALL_CENTER,SUCCESS
COL000011378,LOAN00009258,2025-01-03,1897.97,DIGITAL,SUCCESS
COL000011379,LOAN00009258,2025-02-19,30399.62,BRANCH,SUCCESS
COL000011380,LOAN00009258,2025-06-06,34497.41,DIGITAL,PARTIAL
COL000011381,LOAN00009259,2024-11-12,48195.59,CALL_CENTER,SUCCESS
COL000011382,LOAN00009259,2025-12-04,4014.13,DIGITAL,SUCCESS
COL000011383,LOAN00009259,2025-10-27,30036.86,BRANCH,SUCCESS
COL000011384,LOAN00009260,2025-01-22,24300.35,BRANCH,FAILED
COL000011385,LOAN00009260,2024-05-06,11001.5,FIELD_AGENT,SUCCESS
COL000011386,LOAN00009260,2025-06-16,31480.58,FIELD_AGENT,SUCCESS
COL000011387,LOAN00009260,2025-11-29,41596.83,CALL_CENTER,PARTIAL
COL000011388,LOAN00009260,2024-06-14,5116.15,DIGITAL,SUCCESS
COL000011389,LOAN00009262,2025-02-24,17863.9,BRANCH,SUCCESS
COL000011390,LOAN00009263,2025-11-13,17402.39,CALL_CENTER,SUCCESS
COL000011391,LOAN00009263,2026-02-17,49095.25,DIGITAL,SUCCESS
COL000011392,LOAN00009263,2024-11-08,31342.73,DIGITAL,SUCCESS
COL000011393,LOAN00009263,2025-06-13,17542.55,CALL_CENTER,SUCCESS
COL000011394,LOAN00009263,2025-02-18,17678.03,BRANCH,SUCCESS
COL000011395,LOAN00009265,2024-10-23,31152.41,FIELD_AGENT,SUCCESS
COL000011396,LOAN00009265,2026-06-02,27955.02,BRANCH,PARTIAL
COL000011397,LOAN00009265,2026-06-25,13407.95,FIELD_AGENT,SUCCESS
COL000011398,LOAN00009265,2025-12-20,24385.88,DIGITAL,SUCCESS
COL000011399,LOAN00009265,2024-07-18,14314.13,FIELD_AGENT,SUCCESS
COL000011400,LOAN00009270,2024-04-29,48737.3,BRANCH,SUCCESS
COL000011401,LOAN00009270,2024-08-27,7550.34,FIELD_AGENT,SUCCESS
COL000011402,LOAN00009270,2024-06-26,9684.03,DIGITAL,SUCCESS
COL000011403,LOAN00009270,2024-09-20,46579.5,DIGITAL,SUCCESS
COL000011404,LOAN00009276,2024-09-01,36587.41,DIGITAL,SUCCESS
COL000011405,LOAN00009276,2024-04-09,4430.14,FIELD_AGENT,SUCCESS
COL000011406,LOAN00009276,2025-01-26,9795.56,CALL_CENTER,SUCCESS
COL000011407,LOAN00009276,2025-10-29,46585.16,DIGITAL,SUCCESS
COL000011408,LOAN00009276,2026-08-13,47409.55,CALL_CENTER,PARTIAL
COL000011409,LOAN00009276,2025-06-02,25652.07,DIGITAL,FAILED
COL000011410,LOAN00009279,2025-11-29,41153.78,FIELD_AGENT,SUCCESS
COL000011411,LOAN00009279,2024-04-06,20024.02,BRANCH,PARTIAL
COL000011412,LOAN00009279,2025-06-28,16347.04,BRANCH,PARTIAL
COL000011413,LOAN00009279,2024-07-17,47749.65,CALL_CENTER,SUCCESS
COL000011414,LOAN00009280,2024-07-21,8580.01,DIGITAL,SUCCESS
COL000011415,LOAN00009283,2025-03-05,17695.33,FIELD_AGENT,SUCCESS
COL000011416,LOAN00009284,2026-08-29,40746.74,DIGITAL,SUCCESS
COL000011417,LOAN00009284,2025-06-26,26177.96,FIELD_AGENT,SUCCESS
COL000011418,LOAN00009284,2025-06-13,36179.41,CALL_CENTER,PARTIAL
COL000011419,LOAN00009288,2025-05-24,35921.3,BRANCH,SUCCESS
COL000011420,LOAN00009288,2024-03-29,30916.32,DIGITAL,SUCCESS
COL000011421,LOAN00009288,2024-06-05,12387.71,CALL_CENTER,SUCCESS
COL000011422,LOAN00009290,2026-02-03,26831.77,DIGITAL,SUCCESS
COL000011423,LOAN00009290,2024-10-07,34125.36,BRANCH,SUCCESS
COL000011424,LOAN00009290,2026-04-14,34841.79,DIGITAL,SUCCESS
COL000011425,LOAN00009290,2024-09-20,14334.13,DIGITAL,SUCCESS
COL000011426,LOAN00009290,2024-03-04,44981.18,DIGITAL,SUCCESS
COL000011427,LOAN00009292,2024-12-21,49913.11,DIGITAL,SUCCESS
COL000011428,LOAN00009292,2025-05-03,33214.7,CALL_CENTER,PARTIAL
COL000011429,LOAN00009292,2025-08-23,24767.47,DIGITAL,SUCCESS
COL000011430,LOAN00009292,2025-11-24,19894.56,BRANCH,SUCCESS
COL000011431,LOAN00009292,2026-06-01,32349.3,CALL_CENTER,PARTIAL
COL000011432,LOAN00009292,2025-08-30,12900.44,DIGITAL,SUCCESS
COL000011433,LOAN00009299,2024-05-06,48132.69,FIELD_AGENT,PARTIAL
COL000011434,LOAN00009299,2025-03-02,27194.1,CALL_CENTER,SUCCESS
COL000011435,LOAN00009299,2026-09-08,33752.91,BRANCH,SUCCESS
COL000011436,LOAN00009305,2024-03-26,33501.93,FIELD_AGENT,SUCCESS
COL000011437,LOAN00009305,2025-12-19,15192.9,FIELD_AGENT,SUCCESS
COL000011438,LOAN00009305,2025-11-01,40913.11,FIELD_AGENT,SUCCESS
COL000011439,LOAN00009305,2026-01-27,43416.9,BRANCH,SUCCESS
COL000011440,LOAN00009307,2025-08-05,16335.86,FIELD_AGENT,SUCCESS
COL000011441,LOAN00009307,2025-06-12,45539.03,BRANCH,SUCCESS
COL000011442,LOAN00009309,2026-03-21,49382.29,DIGITAL,PARTIAL
COL000011443,LOAN00009309,2026-01-14,28652.01,DIGITAL,PARTIAL
COL000011444,LOAN00009309,2025-03-28,6970.05,FIELD_AGENT,SUCCESS
COL000011445,LOAN00009309,2024-06-15,10094.9,DIGITAL,FAILED
COL000011446,LOAN00009309,2026-04-14,47299.28,FIELD_AGENT,SUCCESS
COL000011447,LOAN00009309,2024-03-02,5704.23,FIELD_AGENT,SUCCESS
COL000011448,LOAN00009314,2024-09-07,47983.54,BRANCH,SUCCESS
COL000011449,LOAN00009314,2025-01-12,23849.62,FIELD_AGENT,SUCCESS
COL000011450,LOAN00009321,2024-12-28,44871.54,BRANCH,PARTIAL
COL000011451,LOAN00009325,2025-05-14,13291.82,DIGITAL,SUCCESS
COL000011452,LOAN00009325,2026-07-02,39624.74,CALL_CENTER,SUCCESS
COL000011453,LOAN00009325,2026-07-20,5685.89,FIELD_AGENT,SUCCESS
COL000011454,LOAN00009325,2024-07-11,10303.66,DIGITAL,SUCCESS
COL000011455,LOAN00009330,2024-09-07,14456.93,FIELD_AGENT,SUCCESS
COL000011456,LOAN00009330,2025-02-14,22412.45,BRANCH,SUCCESS
COL000011457,LOAN00009332,2025-10-20,27915.97,DIGITAL,SUCCESS
COL000011458,LOAN00009332,2024-07-03,20754.01,FIELD_AGENT,SUCCESS
COL000011459,LOAN00009332,2024-10-13,16659.34,CALL_CENTER,SUCCESS
COL000011460,LOAN00009334,2025-08-19,17110.09,BRANCH,SUCCESS
COL000011461,LOAN00009334,2026-05-03,2755.65,FIELD_AGENT,SUCCESS
COL000011462,LOAN00009334,2025-01-22,35519.14,DIGITAL,SUCCESS
COL000011463,LOAN00009334,2025-04-18,25802.83,FIELD_AGENT,SUCCESS
COL000011464,LOAN00009334,2024-10-28,12004.95,CALL_CENTER,SUCCESS
COL000011465,LOAN00009335,2026-05-10,30503.17,BRANCH,SUCCESS
COL000011466,LOAN00009335,2026-07-25,28169.19,DIGITAL,SUCCESS
COL000011467,LOAN00009336,2024-03-08,46527.1,DIGITAL,SUCCESS
COL000011468,LOAN00009336,2024-11-25,13482.26,BRANCH,SUCCESS
COL000011469,LOAN00009336,2026-04-22,40339.14,FIELD_AGENT,SUCCESS
COL000011470,LOAN00009336,2024-07-07,19028.8,FIELD_AGENT,PARTIAL
COL000011471,LOAN00009336,2025-05-04,33487.22,DIGITAL,SUCCESS
COL000011472,LOAN00009338,2024-09-14,45810.26,FIELD_AGENT,SUCCESS
COL000011473,LOAN00009338,2025-04-02,30021.4,CALL_CENTER,SUCCESS
COL000011474,LOAN00009338,2024-03-10,7357.98,BRANCH,SUCCESS
COL000011475,LOAN00009340,2025-03-15,17146.17,DIGITAL,PARTIAL
COL000011476,LOAN00009340,2024-09-01,28663.19,DIGITAL,SUCCESS
COL000011477,LOAN00009343,2026-01-29,45969.91,BRANCH,SUCCESS
COL000011478,LOAN00009343,2026-09-27,36686.38,DIGITAL,SUCCESS
COL000011479,LOAN00009343,2026-03-14,39921.9,BRANCH,SUCCESS
COL000011480,LOAN00009346,2026-06-26,43551.5,BRANCH,SUCCESS
COL000011481,LOAN00009346,2024-11-23,25810.27,BRANCH,FAILED
COL000011482,LOAN00009352,2024-06-08,31091.23,FIELD_AGENT,PARTIAL
COL000011483,LOAN00009352,2024-03-04,24273.71,DIGITAL,SUCCESS
COL000011484,LOAN00009352,2026-01-16,17719.29,BRANCH,PARTIAL
COL000011485,LOAN00009352,2025-07-18,42206.34,CALL_CENTER,SUCCESS
COL000011486,LOAN00009352,2025-01-17,35244.49,FIELD_AGENT,PARTIAL
COL000011487,LOAN00009352,2026-06-09,10873.76,BRANCH,PARTIAL
COL000011488,LOAN00009353,2025-05-29,18337.84,FIELD_AGENT,SUCCESS
COL000011489,LOAN00009353,2025-10-21,16096.3,CALL_CENTER,SUCCESS
COL000011490,LOAN00009355,2024-07-29,16821.1,BRANCH,PARTIAL
COL000011491,LOAN00009355,2024-12-10,33983.6,BRANCH,PARTIAL
COL000011492,LOAN00009355,2024-03-13,3279.27,BRANCH,SUCCESS
COL000011493,LOAN00009358,2026-09-23,8446.61,DIGITAL,PARTIAL
COL000011494,LOAN00009358,2024-06-21,32026.06,BRANCH,SUCCESS
COL000011495,LOAN00009358,2026-09-23,30540.25,CALL_CENTER,SUCCESS
COL000011496,LOAN00009363,2026-04-05,9631.24,FIELD_AGENT,SUCCESS
COL000011497,LOAN00009363,2026-01-17,39733.92,DIGITAL,SUCCESS
COL000011498,LOAN00009363,2024-08-24,14034.89,FIELD_AGENT,SUCCESS
COL000011499,LOAN00009363,2026-04-08,44551.51,BRANCH,SUCCESS
COL000011500,LOAN00009363,2024-12-15,12973.32,CALL_CENTER,SUCCESS
COL000011501,LOAN00009363,2024-03-31,25543.72,DIGITAL,PARTIAL
COL000011502,LOAN00009367,2024-04-26,29892.17,BRANCH,SUCCESS
COL000011503,LOAN00009367,2026-03-03,10550.18,CALL_CENTER,SUCCESS
COL000011504,LOAN00009367,2024-09-06,2435.95,FIELD_AGENT,SUCCESS
COL000011505,LOAN00009372,2026-02-06,17311.26,CALL_CENTER,SUCCESS
COL000011506,LOAN00009372,2025-10-15,11215.94,FIELD_AGENT,SUCCESS
COL000011507,LOAN00009375,2026-03-25,11604.38,CALL_CENTER,SUCCESS
COL000011508,LOAN00009375,2025-09-19,30690.27,BRANCH,SUCCESS
COL000011509,LOAN00009375,2025-02-18,36790.21,CALL_CENTER,SUCCESS
COL000011510,LOAN00009375,2024-06-15,6168.65,DIGITAL,SUCCESS
COL000011511,LOAN00009375,2024-09-22,41296.76,DIGITAL,PARTIAL
COL000011512,LOAN00009382,2024-12-09,21196.56,BRANCH,SUCCESS
COL000011513,LOAN00009382,2024-06-28,2733.06,CALL_CENTER,SUCCESS
COL000011514,LOAN00009382,2025-04-01,28647.23,DIGITAL,SUCCESS
COL000011515,LOAN00009382,2026-08-11,4844.09,DIGITAL,SUCCESS
COL000011516,LOAN00009382,2024-04-21,27847.65,CALL_CENTER,SUCCESS
COL000011517,LOAN00009388,2024-07-19,26758.96,BRANCH,SUCCESS
COL000011518,LOAN00009388,2025-07-17,42963.78,BRANCH,SUCCESS
COL000011519,LOAN00009388,2026-09-26,27766.8,BRANCH,PARTIAL
COL000011520,LOAN00009388,2024-05-19,4775.37,DIGITAL,SUCCESS
COL000011521,LOAN00009391,2025-08-28,46957.14,FIELD_AGENT,SUCCESS
COL000011522,LOAN00009391,2025-04-03,31530.04,FIELD_AGENT,PARTIAL
COL000011523,LOAN00009392,2026-06-12,39943.79,FIELD_AGENT,PARTIAL
COL000011524,LOAN00009392,2024-12-12,38235.1,DIGITAL,SUCCESS
COL000011525,LOAN00009392,2024-06-12,29647.91,BRANCH,SUCCESS
COL000011526,LOAN00009395,2025-05-31,39153.12,CALL_CENTER,PARTIAL
COL000011527,LOAN00009395,2025-09-16,1687.34,DIGITAL,PARTIAL
COL000011528,LOAN00009398,2026-07-12,34912.5,BRANCH,SUCCESS
COL000011529,LOAN00009398,2025-11-05,22917.01,FIELD_AGENT,SUCCESS
COL000011530,LOAN00009398,2025-09-16,47703.03,DIGITAL,PARTIAL
COL000011531,LOAN00009398,2024-04-18,35363.09,DIGITAL,SUCCESS
COL000011532,LOAN00009398,2026-03-09,45262.28,CALL_CENTER,SUCCESS
COL000011533,LOAN00009398,2026-03-01,30897.32,BRANCH,SUCCESS
COL000011534,LOAN00009399,2025-01-19,3117.11,CALL_CENTER,SUCCESS
COL000011535,LOAN00009399,2024-05-05,40329.59,BRANCH,SUCCESS
COL000011536,LOAN00009399,2024-06-27,43636.92,BRANCH,PARTIAL
COL000011537,LOAN00009401,2024-07-13,39117.33,BRANCH,SUCCESS
COL000011538,LOAN00009401,2025-04-23,19686.55,FIELD_AGENT,SUCCESS
COL000011539,LOAN00009406,2025-09-16,32916.94,DIGITAL,SUCCESS
COL000011540,LOAN00009407,2025-05-03,23182.12,DIGITAL,SUCCESS
COL000011541,LOAN00009407,2026-01-20,14219.56,BRANCH,SUCCESS
COL000011542,LOAN00009407,2026-06-11,39896.6,DIGITAL,SUCCESS
COL000011543,LOAN00009407,2025-04-12,26128.58,CALL_CENTER,SUCCESS
COL000011544,LOAN00009407,2024-10-27,9252.0,DIGITAL,PARTIAL
COL000011545,LOAN00009407,2025-07-13,25032.35,DIGITAL,SUCCESS
COL000011546,LOAN00009408,2024-07-19,42730.14,CALL_CENTER,SUCCESS
COL000011547,LOAN00009408,2026-05-22,6412.43,BRANCH,SUCCESS
COL000011548,LOAN00009408,2026-04-05,14774.96,CALL_CENTER,SUCCESS
COL000011549,LOAN00009408,2024-08-08,5240.55,BRANCH,FAILED
COL000011550,LOAN00009412,2025-07-06,6966.85,FIELD_AGENT,SUCCESS
COL000011551,LOAN00009412,2025-11-22,15533.93,BRANCH,SUCCESS
COL000011552,LOAN00009412,2026-03-07,6500.39,FIELD_AGENT,PARTIAL
COL000011553,LOAN00009412,2025-04-10,9923.5,CALL_CENTER,PARTIAL
COL000011554,LOAN00009412,2025-08-05,31008.12,CALL_CENTER,SUCCESS
COL000011555,LOAN00009413,2026-05-18,24136.45,DIGITAL,PARTIAL
COL000011556,LOAN00009413,2024-11-26,16779.23,CALL_CENTER,SUCCESS
COL000011557,LOAN00009413,2026-06-27,38093.68,DIGITAL,SUCCESS
COL000011558,LOAN00009414,2024-06-23,29555.59,DIGITAL,SUCCESS
COL000011559,LOAN00009415,2024-09-01,38483.54,DIGITAL,SUCCESS
COL000011560,LOAN00009415,2025-09-09,19496.09,BRANCH,PARTIAL
COL000011561,LOAN00009415,2026-09-19,16974.61,BRANCH,PARTIAL
COL000011562,LOAN00009415,2026-06-14,49170.17,BRANCH,SUCCESS
COL000011563,LOAN00009415,2025-04-28,3025.67,BRANCH,SUCCESS
COL000011564,LOAN00009415,2024-12-24,43265.67,CALL_CENTER,SUCCESS
COL000011565,LOAN00009421,2024-11-09,13493.92,DIGITAL,SUCCESS
COL000011566,LOAN00009422,2026-01-12,6876.39,FIELD_AGENT,PARTIAL
COL000011567,LOAN00009422,2026-09-23,1782.02,CALL_CENTER,PARTIAL
COL000011568,LOAN00009422,2024-08-08,30307.12,FIELD_AGENT,SUCCESS
COL000011569,LOAN00009422,2026-03-24,18912.88,DIGITAL,SUCCESS
COL000011570,LOAN00009427,2026-01-16,41749.93,BRANCH,SUCCESS
COL000011571,LOAN00009427,2024-11-25,42638.49,FIELD_AGENT,SUCCESS
COL000011572,LOAN00009427,2024-09-05,43441.83,CALL_CENTER,PARTIAL
COL000011573,LOAN00009427,2025-01-13,44279.26,DIGITAL,SUCCESS
COL000011574,LOAN00009427,2024-06-07,33057.75,CALL_CENTER,SUCCESS
COL000011575,LOAN00009429,2026-09-27,23862.42,CALL_CENTER,SUCCESS
COL000011576,LOAN00009431,2024-04-17,3745.54,CALL_CENTER,SUCCESS
COL000011577,LOAN00009431,2025-01-21,29229.46,FIELD_AGENT,SUCCESS
COL000011578,LOAN00009431,2026-04-03,34403.12,DIGITAL,SUCCESS
COL000011579,LOAN00009431,2025-06-15,38189.95,FIELD_AGENT,SUCCESS
COL000011580,LOAN00009431,2025-12-03,1776.87,FIELD_AGENT,SUCCESS
COL000011581,LOAN00009431,2025-07-25,38470.39,BRANCH,SUCCESS
COL000011582,LOAN00009435,2026-01-07,26320.2,DIGITAL,SUCCESS
COL000011583,LOAN00009435,2024-05-17,2707.22,FIELD_AGENT,SUCCESS
COL000011584,LOAN00009436,2025-08-05,40005.48,CALL_CENTER,PARTIAL
COL000011585,LOAN00009436,2024-10-02,37662.7,DIGITAL,SUCCESS
COL000011586,LOAN00009436,2024-11-07,9626.66,FIELD_AGENT,SUCCESS
COL000011587,LOAN00009436,2026-04-09,14031.51,BRANCH,PARTIAL
COL000011588,LOAN00009436,2024-04-20,45648.37,CALL_CENTER,SUCCESS
COL000011589,LOAN00009437,2025-06-27,27670.02,DIGITAL,SUCCESS
COL000011590,LOAN00009437,2025-02-27,13899.71,BRANCH,SUCCESS
COL000011591,LOAN00009437,2024-05-24,41629.55,DIGITAL,PARTIAL
COL000011592,LOAN00009437,2024-08-28,40870.02,CALL_CENTER,PARTIAL
COL000011593,LOAN00009437,2024-08-15,29340.43,BRANCH,FAILED
COL000011594,LOAN00009439,2025-03-26,3820.43,DIGITAL,SUCCESS
COL000011595,LOAN00009439,2024-05-21,22678.03,FIELD_AGENT,SUCCESS
COL000011596,LOAN00009442,2025-10-12,30385.53,CALL_CENTER,SUCCESS
COL000011597,LOAN00009443,2025-02-05,33268.15,CALL_CENTER,PARTIAL
COL000011598,LOAN00009443,2026-02-21,34721.61,BRANCH,PARTIAL
COL000011599,LOAN00009444,2026-06-04,22304.98,BRANCH,SUCCESS
COL000011600,LOAN00009444,2025-05-11,8618.62,BRANCH,SUCCESS
COL000011601,LOAN00009444,2025-07-24,18660.37,BRANCH,SUCCESS
COL000011602,LOAN00009444,2024-10-19,34089.44,FIELD_AGENT,SUCCESS
COL000011603,LOAN00009444,2026-07-27,26241.05,FIELD_AGENT,PARTIAL
COL000011604,LOAN00009446,2025-10-30,31859.59,DIGITAL,SUCCESS
COL000011605,LOAN00009446,2025-02-28,45354.16,FIELD_AGENT,SUCCESS
COL000011606,LOAN00009446,2024-11-15,11352.28,BRANCH,SUCCESS
COL000011607,LOAN00009446,2026-04-20,30827.92,DIGITAL,SUCCESS
COL000011608,LOAN00009446,2026-09-19,42585.7,CALL_CENTER,FAILED
COL000011609,LOAN00009450,2025-10-23,13144.83,CALL_CENTER,SUCCESS
COL000011610,LOAN00009452,2024-08-13,7602.21,FIELD_AGENT,SUCCESS
COL000011611,LOAN00009453,2024-07-28,13606.84,CALL_CENTER,SUCCESS
COL000011612,LOAN00009453,2024-08-06,47489.27,CALL_CENTER,FAILED
COL000011613,LOAN00009453,2024-12-07,27057.02,FIELD_AGENT,SUCCESS
COL000011614,LOAN00009453,2024-09-18,2013.11,FIELD_AGENT,PARTIAL
COL000011615,LOAN00009453,2025-05-25,48201.4,BRANCH,SUCCESS
COL000011616,LOAN00009453,2025-08-20,26062.23,CALL_CENTER,SUCCESS
COL000011617,LOAN00009454,2024-12-11,36013.78,CALL_CENTER,SUCCESS
COL000011618,LOAN00009454,2025-02-09,31565.33,DIGITAL,SUCCESS
COL000011619,LOAN00009454,2024-04-28,47637.82,CALL_CENTER,PARTIAL
COL000011620,LOAN00009455,2025-11-17,13995.7,BRANCH,SUCCESS
COL000011621,LOAN00009455,2024-09-11,18305.89,BRANCH,SUCCESS
COL000011622,LOAN00009455,2025-12-03,35006.28,CALL_CENTER,SUCCESS
COL000011623,LOAN00009455,2026-01-10,20652.15,CALL_CENTER,SUCCESS
COL000011624,LOAN00009455,2024-10-01,1404.19,DIGITAL,SUCCESS
COL000011625,LOAN00009455,2024-06-30,37964.0,BRANCH,SUCCESS
COL000011626,LOAN00009457,2025-12-30,47584.87,CALL_CENTER,PARTIAL
COL000011627,LOAN00009457,2026-09-27,5958.23,CALL_CENTER,SUCCESS
COL000011628,LOAN00009457,2025-08-29,21090.42,DIGITAL,SUCCESS
COL000011629,LOAN00009457,2025-05-27,7698.55,DIGITAL,SUCCESS
COL000011630,LOAN00009457,2024-09-03,29924.94,CALL_CENTER,SUCCESS
COL000011631,LOAN00009460,2024-03-17,45068.8,DIGITAL,SUCCESS
COL000011632,LOAN00009460,2024-03-18,8880.49,BRANCH,SUCCESS
COL000011633,LOAN00009460,2025-04-19,4521.64,FIELD_AGENT,SUCCESS
COL000011634,LOAN00009460,2025-06-03,11665.12,CALL_CENTER,SUCCESS
COL000011635,LOAN00009460,2024-10-10,44034.8,FIELD_AGENT,PARTIAL
COL000011636,LOAN00009470,2024-09-28,36172.94,BRANCH,PARTIAL
COL000011637,LOAN00009470,2024-03-31,32904.37,DIGITAL,SUCCESS
COL000011638,LOAN00009470,2024-07-02,11347.88,DIGITAL,PARTIAL
COL000011639,LOAN00009471,2025-01-12,36738.65,DIGITAL,SUCCESS
COL000011640,LOAN00009471,2025-03-11,7330.53,DIGITAL,SUCCESS
COL000011641,LOAN00009474,2026-05-28,23919.56,DIGITAL,PARTIAL
COL000011642,LOAN00009474,2024-05-31,10179.16,FIELD_AGENT,SUCCESS
COL000011643,LOAN00009474,2025-08-09,28537.84,CALL_CENTER,SUCCESS
COL000011644,LOAN00009476,2026-06-29,34512.98,CALL_CENTER,SUCCESS
COL000011645,LOAN00009476,2025-08-07,4802.82,CALL_CENTER,SUCCESS
COL000011646,LOAN00009476,2026-02-10,33409.97,BRANCH,SUCCESS
COL000011647,LOAN00009477,2026-08-26,34694.59,BRANCH,SUCCESS
COL000011648,LOAN00009477,2026-07-05,5640.67,FIELD_AGENT,SUCCESS
COL000011649,LOAN00009477,2026-03-30,47284.08,BRANCH,SUCCESS
COL000011650,LOAN00009477,2024-11-05,7540.71,FIELD_AGENT,SUCCESS
COL000011651,LOAN00009477,2024-03-16,6365.78,CALL_CENTER,SUCCESS
COL000011652,LOAN00009477,2024-05-27,23681.95,DIGITAL,SUCCESS
COL000011653,LOAN00009478,2025-08-13,39930.93,FIELD_AGENT,SUCCESS
COL000011654,LOAN00009478,2026-05-27,45383.72,DIGITAL,PARTIAL
COL000011655,LOAN00009478,2024-04-03,8628.04,BRANCH,FAILED
COL000011656,LOAN00009478,2026-01-10,28633.29,DIGITAL,SUCCESS
COL000011657,LOAN00009480,2025-02-01,36820.49,FIELD_AGENT,SUCCESS
COL000011658,LOAN00009480,2024-08-29,20770.45,BRANCH,SUCCESS
COL000011659,LOAN00009480,2025-05-21,12309.75,FIELD_AGENT,FAILED
COL000011660,LOAN00009485,2024-07-29,40753.67,CALL_CENTER,SUCCESS
COL000011661,LOAN00009485,2025-04-10,33415.89,DIGITAL,PARTIAL
COL000011662,LOAN00009485,2025-10-27,17858.6,FIELD_AGENT,PARTIAL
COL000011663,LOAN00009487,2025-10-03,4495.07,BRANCH,PARTIAL
COL000011664,LOAN00009487,2025-02-12,11253.76,CALL_CENTER,SUCCESS
COL000011665,LOAN00009487,2024-12-03,26528.69,FIELD_AGENT,SUCCESS
COL000011666,LOAN00009488,2026-06-13,6343.0,CALL_CENTER,SUCCESS
COL000011667,LOAN00009488,2025-02-14,7215.12,BRANCH,SUCCESS
COL000011668,LOAN00009488,2026-09-08,33096.83,DIGITAL,SUCCESS
COL000011669,LOAN00009488,2025-05-28,47850.0,FIELD_AGENT,PARTIAL
COL000011670,LOAN00009489,2025-06-14,25329.86,DIGITAL,SUCCESS
COL000011671,LOAN00009489,2024-11-24,1725.54,CALL_CENTER,SUCCESS
COL000011672,LOAN00009489,2026-06-14,15726.21,BRANCH,PARTIAL
COL000011673,LOAN00009489,2026-09-30,28905.1,FIELD_AGENT,SUCCESS
COL000011674,LOAN00009489,2024-11-24,13415.14,DIGITAL,SUCCESS
COL000011675,LOAN00009491,2025-01-25,7413.12,FIELD_AGENT,SUCCESS
COL000011676,LOAN00009491,2025-05-19,13768.63,BRANCH,SUCCESS
COL000011677,LOAN00009491,2026-06-19,24393.32,DIGITAL,SUCCESS
COL000011678,LOAN00009491,2024-06-24,1147.0,CALL_CENTER,SUCCESS
COL000011679,LOAN00009491,2026-02-17,44874.72,BRANCH,SUCCESS
COL000011680,LOAN00009491,2026-02-11,17150.74,DIGITAL,SUCCESS
COL000011681,LOAN00009496,2025-02-08,47733.64,CALL_CENTER,SUCCESS
COL000011682,LOAN00009496,2024-11-22,12073.33,DIGITAL,SUCCESS
COL000011683,LOAN00009496,2025-06-07,22631.88,FIELD_AGENT,PARTIAL
COL000011684,LOAN00009497,2026-05-16,11269.68,BRANCH,SUCCESS
COL000011685,LOAN00009497,2026-04-05,36979.71,CALL_CENTER,FAILED
COL000011686,LOAN00009497,2024-06-03,27848.77,CALL_CENTER,SUCCESS
COL000011687,LOAN00009497,2025-07-15,34830.08,CALL_CENTER,SUCCESS
COL000011688,LOAN00009497,2026-03-30,13701.92,FIELD_AGENT,SUCCESS
COL000011689,LOAN00009497,2024-03-15,9679.03,BRANCH,SUCCESS
COL000011690,LOAN00009498,2025-07-28,31793.79,FIELD_AGENT,SUCCESS
COL000011691,LOAN00009498,2024-12-31,45990.46,CALL_CENTER,SUCCESS
COL000011692,LOAN00009500,2026-07-23,47320.59,DIGITAL,SUCCESS
COL000011693,LOAN00009507,2025-11-10,35300.89,CALL_CENTER,SUCCESS
COL000011694,LOAN00009507,2025-02-15,42286.14,DIGITAL,SUCCESS
COL000011695,LOAN00009507,2024-04-15,1127.98,FIELD_AGENT,SUCCESS
COL000011696,LOAN00009507,2026-07-27,14934.32,CALL_CENTER,SUCCESS
COL000011697,LOAN00009507,2026-04-29,9832.38,DIGITAL,SUCCESS
COL000011698,LOAN00009507,2024-06-04,27131.9,DIGITAL,SUCCESS
COL000011699,LOAN00009509,2024-03-12,8057.3,BRANCH,PARTIAL
COL000011700,LOAN00009512,2025-08-20,46765.49,BRANCH,SUCCESS
COL000011701,LOAN00009512,2024-12-11,15866.21,CALL_CENTER,SUCCESS
COL000011702,LOAN00009512,2025-03-13,3386.71,BRANCH,SUCCESS
COL000011703,LOAN00009513,2024-09-13,19579.48,DIGITAL,SUCCESS
COL000011704,LOAN00009513,2025-05-10,19997.75,FIELD_AGENT,SUCCESS
COL000011705,LOAN00009513,2026-03-22,3329.26,BRANCH,SUCCESS
COL000011706,LOAN00009513,2024-10-03,8014.69,CALL_CENTER,SUCCESS
COL000011707,LOAN00009513,2025-11-08,44369.09,BRANCH,SUCCESS
COL000011708,LOAN00009521,2025-12-30,14653.58,BRANCH,SUCCESS
COL000011709,LOAN00009521,2026-03-06,15578.94,DIGITAL,SUCCESS
COL000011710,LOAN00009526,2024-05-20,46076.25,DIGITAL,SUCCESS
COL000011711,LOAN00009526,2025-03-16,19301.32,FIELD_AGENT,SUCCESS
COL000011712,LOAN00009532,2025-07-13,3765.48,BRANCH,SUCCESS
COL000011713,LOAN00009534,2026-08-13,27736.85,BRANCH,PARTIAL
COL000011714,LOAN00009534,2024-12-14,9029.12,BRANCH,SUCCESS
COL000011715,LOAN00009534,2026-01-09,30499.66,DIGITAL,PARTIAL
COL000011716,LOAN00009534,2026-08-11,13108.51,FIELD_AGENT,PARTIAL
COL000011717,LOAN00009538,2025-09-01,25742.31,BRANCH,SUCCESS
COL000011718,LOAN00009538,2025-06-20,17830.68,FIELD_AGENT,SUCCESS
COL000011719,LOAN00009538,2025-01-01,29819.93,FIELD_AGENT,SUCCESS
COL000011720,LOAN00009538,2025-04-22,15264.21,DIGITAL,SUCCESS
COL000011721,LOAN00009538,2025-01-24,40370.25,DIGITAL,SUCCESS
COL000011722,LOAN00009539,2024-06-28,2908.36,DIGITAL,SUCCESS
COL000011723,LOAN00009539,2024-06-06,12620.93,FIELD_AGENT,PARTIAL
COL000011724,LOAN00009539,2025-06-02,44642.44,FIELD_AGENT,SUCCESS
COL000011725,LOAN00009539,2026-06-18,1312.6,CALL_CENTER,SUCCESS
COL000011726,LOAN00009539,2025-07-05,4290.75,FIELD_AGENT,SUCCESS
COL000011727,LOAN00009543,2025-09-27,18846.54,DIGITAL,SUCCESS
COL000011728,LOAN00009543,2025-12-12,35218.48,DIGITAL,SUCCESS
COL000011729,LOAN00009543,2025-05-13,6397.63,BRANCH,SUCCESS
COL000011730,LOAN00009544,2026-08-01,19913.58,BRANCH,SUCCESS
COL000011731,LOAN00009544,2024-09-22,24714.93,CALL_CENTER,SUCCESS
COL000011732,LOAN00009544,2024-09-19,38386.26,CALL_CENTER,PARTIAL
COL000011733,LOAN00009549,2026-04-21,11066.69,BRANCH,SUCCESS
COL000011734,LOAN00009549,2025-08-08,5805.01,CALL_CENTER,SUCCESS
COL000011735,LOAN00009554,2024-04-01,46393.54,CALL_CENTER,SUCCESS
COL000011736,LOAN00009554,2026-07-16,17024.19,FIELD_AGENT,SUCCESS
COL000011737,LOAN00009554,2026-03-16,29384.6,DIGITAL,PARTIAL
COL000011738,LOAN00009555,2026-08-25,20473.77,BRANCH,SUCCESS
COL000011739,LOAN00009555,2025-04-18,49894.45,FIELD_AGENT,SUCCESS
COL000011740,LOAN00009560,2024-05-09,18265.78,FIELD_AGENT,SUCCESS
COL000011741,LOAN00009560,2025-01-18,29552.78,BRANCH,SUCCESS
COL000011742,LOAN00009560,2025-02-03,22450.92,FIELD_AGENT,SUCCESS
COL000011743,LOAN00009560,2025-08-19,32303.68,CALL_CENTER,FAILED
COL000011744,LOAN00009560,2026-02-15,24870.47,CALL_CENTER,SUCCESS
COL000011745,LOAN00009560,2025-10-18,15227.54,DIGITAL,SUCCESS
COL000011746,LOAN00009562,2025-12-08,38887.41,CALL_CENTER,SUCCESS
COL000011747,LOAN00009562,2024-11-18,5334.38,BRANCH,SUCCESS
COL000011748,LOAN00009572,2024-04-08,23501.11,BRANCH,SUCCESS
COL000011749,LOAN00009572,2025-08-11,34338.73,CALL_CENTER,SUCCESS
COL000011750,LOAN00009572,2025-08-24,29530.54,CALL_CENTER,PARTIAL
COL000011751,LOAN00009577,2026-07-02,26567.91,DIGITAL,SUCCESS
COL000011752,LOAN00009579,2024-03-04,29577.18,BRANCH,SUCCESS
COL000011753,LOAN00009579,2026-01-26,29913.69,BRANCH,SUCCESS
COL000011754,LOAN00009579,2024-09-24,32554.07,DIGITAL,SUCCESS
COL000011755,LOAN00009579,2025-12-18,13624.24,BRANCH,SUCCESS
COL000011756,LOAN00009579,2025-07-03,19290.43,BRANCH,SUCCESS
COL000011757,LOAN00009581,2025-04-02,14496.27,DIGITAL,PARTIAL
COL000011758,LOAN00009581,2025-01-23,4732.82,CALL_CENTER,PARTIAL
COL000011759,LOAN00009581,2025-01-19,10680.87,DIGITAL,SUCCESS
COL000011760,LOAN00009581,2025-11-28,25172.89,DIGITAL,SUCCESS
COL000011761,LOAN00009581,2024-07-14,24280.48,FIELD_AGENT,SUCCESS
COL000011762,LOAN00009584,2024-08-25,29594.6,BRANCH,PARTIAL
COL000011763,LOAN00009584,2025-02-14,28959.98,DIGITAL,SUCCESS
COL000011764,LOAN00009585,2025-01-07,33725.42,BRANCH,SUCCESS
COL000011765,LOAN00009585,2024-03-01,42921.03,CALL_CENTER,SUCCESS
COL000011766,LOAN00009585,2026-05-31,49096.58,BRANCH,SUCCESS
COL000011767,LOAN00009585,2024-03-02,48660.05,CALL_CENTER,SUCCESS
COL000011768,LOAN00009586,2025-01-08,12002.57,BRANCH,SUCCESS
COL000011769,LOAN00009586,2024-10-03,35826.4,CALL_CENTER,SUCCESS
COL000011770,LOAN00009597,2024-06-05,23325.45,BRANCH,PARTIAL
COL000011771,LOAN00009597,2024-04-09,24473.3,DIGITAL,SUCCESS
COL000011772,LOAN00009600,2024-07-21,45332.2,CALL_CENTER,SUCCESS
COL000011773,LOAN00009600,2026-01-22,43364.81,FIELD_AGENT,SUCCESS
COL000011774,LOAN00009600,2024-06-19,8876.9,CALL_CENTER,PARTIAL
COL000011775,LOAN00009600,2025-07-28,32343.94,FIELD_AGENT,SUCCESS
COL000011776,LOAN00009600,2024-10-07,16964.66,CALL_CENTER,SUCCESS
COL000011777,LOAN00009601,2025-02-18,41252.23,DIGITAL,SUCCESS
COL000011778,LOAN00009601,2025-01-07,3876.92,FIELD_AGENT,SUCCESS
COL000011779,LOAN00009601,2024-03-24,7095.05,CALL_CENTER,SUCCESS
COL000011780,LOAN00009601,2026-04-06,31931.69,FIELD_AGENT,SUCCESS
COL000011781,LOAN00009601,2025-10-09,40003.33,CALL_CENTER,SUCCESS
COL000011782,LOAN00009601,2025-01-02,13134.0,DIGITAL,SUCCESS
COL000011783,LOAN00009604,2025-12-22,44741.96,DIGITAL,SUCCESS
COL000011784,LOAN00009604,2024-12-15,18627.06,CALL_CENTER,PARTIAL
COL000011785,LOAN00009604,2025-12-02,11386.95,CALL_CENTER,SUCCESS
COL000011786,LOAN00009604,2026-08-31,18731.08,FIELD_AGENT,SUCCESS
COL000011787,LOAN00009604,2024-12-15,28947.71,DIGITAL,SUCCESS
COL000011788,LOAN00009606,2025-05-12,34356.83,DIGITAL,PARTIAL
COL000011789,LOAN00009606,2025-11-17,29465.19,BRANCH,PARTIAL
COL000011790,LOAN00009608,2024-09-30,5307.58,FIELD_AGENT,SUCCESS
COL000011791,LOAN00009608,2024-04-30,27077.83,BRANCH,SUCCESS
COL000011792,LOAN00009608,2025-11-21,11433.44,BRANCH,SUCCESS
COL000011793,LOAN00009608,2024-12-06,16255.14,FIELD_AGENT,PARTIAL
COL000011794,LOAN00009611,2025-05-27,42764.63,BRANCH,SUCCESS
COL000011795,LOAN00009611,2026-07-03,2042.7,CALL_CENTER,FAILED
COL000011796,LOAN00009611,2025-11-25,16638.91,CALL_CENTER,FAILED
COL000011797,LOAN00009612,2026-09-25,46891.84,CALL_CENTER,PARTIAL
COL000011798,LOAN00009612,2024-07-04,27132.64,DIGITAL,SUCCESS
COL000011799,LOAN00009612,2024-03-14,8709.18,BRANCH,SUCCESS
COL000011800,LOAN00009618,2024-06-08,2311.48,FIELD_AGENT,PARTIAL
COL000011801,LOAN00009618,2024-08-06,4089.59,FIELD_AGENT,SUCCESS
COL000011802,LOAN00009618,2026-03-18,8862.29,FIELD_AGENT,SUCCESS
COL000011803,LOAN00009620,2024-04-13,35011.04,DIGITAL,SUCCESS
COL000011804,LOAN00009620,2025-09-07,48532.14,DIGITAL,PARTIAL
COL000011805,LOAN00009620,2025-10-13,46326.49,CALL_CENTER,SUCCESS
COL000011806,LOAN00009630,2026-01-02,21680.83,FIELD_AGENT,SUCCESS
COL000011807,LOAN00009630,2024-12-09,8704.06,CALL_CENTER,PARTIAL
COL000011808,LOAN00009630,2026-07-05,12033.07,CALL_CENTER,SUCCESS
COL000011809,LOAN00009636,2026-01-28,19150.05,BRANCH,PARTIAL
COL000011810,LOAN00009636,2025-01-07,33041.77,DIGITAL,SUCCESS
COL000011811,LOAN00009640,2025-09-17,15172.44,CALL_CENTER,SUCCESS
COL000011812,LOAN00009640,2025-11-07,27542.73,BRANCH,SUCCESS
COL000011813,LOAN00009641,2026-06-11,48153.74,CALL_CENTER,PARTIAL
COL000011814,LOAN00009641,2025-06-30,7986.81,BRANCH,PARTIAL
COL000011815,LOAN00009641,2024-08-08,7491.05,DIGITAL,SUCCESS
COL000011816,LOAN00009641,2024-07-06,20816.44,FIELD_AGENT,SUCCESS
COL000011817,LOAN00009641,2026-03-30,10588.71,BRANCH,SUCCESS
COL000011818,LOAN00009642,2026-03-07,32607.56,FIELD_AGENT,FAILED
COL000011819,LOAN00009642,2025-04-09,21776.0,BRANCH,SUCCESS
COL000011820,LOAN00009642,2024-11-18,20918.68,FIELD_AGENT,SUCCESS
COL000011821,LOAN00009642,2024-03-30,27200.21,BRANCH,SUCCESS
COL000011822,LOAN00009642,2025-01-19,35365.55,CALL_CENTER,SUCCESS
COL000011823,LOAN00009643,2024-12-15,16241.46,BRANCH,SUCCESS
COL000011824,LOAN00009643,2026-06-16,8647.32,DIGITAL,SUCCESS
COL000011825,LOAN00009644,2025-04-19,7202.83,BRANCH,SUCCESS
COL000011826,LOAN00009644,2024-08-17,24690.78,DIGITAL,SUCCESS
COL000011827,LOAN00009644,2024-08-06,14848.36,BRANCH,SUCCESS
COL000011828,LOAN00009644,2024-09-25,6570.83,CALL_CENTER,PARTIAL
COL000011829,LOAN00009644,2025-08-20,32475.95,DIGITAL,SUCCESS
COL000011830,LOAN00009644,2026-08-18,23664.34,FIELD_AGENT,SUCCESS
COL000011831,LOAN00009646,2026-02-22,10551.05,FIELD_AGENT,SUCCESS
COL000011832,LOAN00009646,2024-08-29,16523.81,CALL_CENTER,SUCCESS
COL000011833,LOAN00009646,2024-08-23,44819.01,DIGITAL,SUCCESS
COL000011834,LOAN00009646,2026-03-15,3030.61,DIGITAL,SUCCESS
COL000011835,LOAN00009653,2024-03-31,15621.88,FIELD_AGENT,SUCCESS
COL000011836,LOAN00009653,2025-03-25,39389.46,BRANCH,SUCCESS
COL000011837,LOAN00009653,2025-10-02,16107.55,FIELD_AGENT,SUCCESS
COL000011838,LOAN00009653,2024-05-06,18203.91,DIGITAL,SUCCESS
COL000011839,LOAN00009653,2026-07-18,32609.0,BRANCH,SUCCESS
COL000011840,LOAN00009653,2024-06-10,42902.64,CALL_CENTER,SUCCESS
COL000011841,LOAN00009654,2024-03-03,13140.09,BRANCH,PARTIAL
COL000011842,LOAN00009654,2025-12-28,10797.51,DIGITAL,SUCCESS
COL000011843,LOAN00009654,2024-04-05,33799.37,FIELD_AGENT,SUCCESS
COL000011844,LOAN00009654,2026-05-16,2123.35,FIELD_AGENT,SUCCESS
COL000011845,LOAN00009654,2025-01-26,2081.37,CALL_CENTER,SUCCESS
COL000011846,LOAN00009654,2024-06-10,6595.47,DIGITAL,SUCCESS
COL000011847,LOAN00009658,2025-01-15,40339.63,CALL_CENTER,SUCCESS
COL000011848,LOAN00009658,2024-05-16,43432.12,CALL_CENTER,FAILED
COL000011849,LOAN00009658,2025-01-30,5935.54,FIELD_AGENT,PARTIAL
COL000011850,LOAN00009658,2024-06-24,2463.85,BRANCH,SUCCESS
COL000011851,LOAN00009661,2025-09-25,24264.66,DIGITAL,SUCCESS
COL000011852,LOAN00009661,2024-06-03,48320.06,FIELD_AGENT,PARTIAL
COL000011853,LOAN00009661,2025-08-14,22880.27,CALL_CENTER,SUCCESS
COL000011854,LOAN00009661,2025-09-26,25152.81,DIGITAL,SUCCESS
COL000011855,LOAN00009661,2024-03-03,45553.88,DIGITAL,SUCCESS
COL000011856,LOAN00009661,2025-10-29,22367.59,FIELD_AGENT,PARTIAL
COL000011857,LOAN00009662,2025-02-20,16635.65,FIELD_AGENT,SUCCESS
COL000011858,LOAN00009662,2024-05-26,16805.03,BRANCH,SUCCESS
COL000011859,LOAN00009662,2025-10-12,47437.65,BRANCH,SUCCESS
COL000011860,LOAN00009662,2024-12-14,26504.04,DIGITAL,SUCCESS
COL000011861,LOAN00009662,2026-09-12,3856.44,DIGITAL,SUCCESS
COL000011862,LOAN00009662,2024-07-09,3146.28,BRANCH,SUCCESS
COL000011863,LOAN00009663,2024-05-02,22936.7,FIELD_AGENT,SUCCESS
COL000011864,LOAN00009663,2024-08-06,17426.21,FIELD_AGENT,SUCCESS
COL000011865,LOAN00009663,2024-11-09,13418.72,FIELD_AGENT,PARTIAL
COL000011866,LOAN00009663,2026-09-08,44525.63,DIGITAL,SUCCESS
COL000011867,LOAN00009666,2025-08-22,34886.13,DIGITAL,SUCCESS
COL000011868,LOAN00009666,2025-08-27,48651.19,DIGITAL,SUCCESS
COL000011869,LOAN00009666,2025-05-16,9773.97,DIGITAL,SUCCESS
COL000011870,LOAN00009666,2024-12-23,49788.5,CALL_CENTER,PARTIAL
COL000011871,LOAN00009666,2026-05-08,25013.76,BRANCH,SUCCESS
COL000011872,LOAN00009673,2026-02-20,27010.77,FIELD_AGENT,PARTIAL
COL000011873,LOAN00009673,2025-12-30,26795.95,DIGITAL,SUCCESS
COL000011874,LOAN00009673,2024-06-15,38844.72,BRANCH,SUCCESS
COL000011875,LOAN00009673,2024-07-22,41734.82,CALL_CENTER,SUCCESS
COL000011876,LOAN00009673,2026-01-01,27253.41,FIELD_AGENT,SUCCESS
COL000011877,LOAN00009674,2025-01-11,3585.89,DIGITAL,SUCCESS
COL000011878,LOAN00009674,2025-12-15,19609.27,BRANCH,SUCCESS
COL000011879,LOAN00009674,2024-10-05,23949.47,CALL_CENTER,SUCCESS
COL000011880,LOAN00009674,2025-04-18,18997.85,DIGITAL,SUCCESS
COL000011881,LOAN00009676,2026-07-23,39228.88,DIGITAL,SUCCESS
COL000011882,LOAN00009676,2025-12-06,42606.55,CALL_CENTER,SUCCESS
COL000011883,LOAN00009676,2024-06-18,15363.6,DIGITAL,SUCCESS
COL000011884,LOAN00009681,2025-01-10,9963.57,BRANCH,SUCCESS
COL000011885,LOAN00009686,2024-11-15,28917.29,FIELD_AGENT,SUCCESS
COL000011886,LOAN00009686,2026-01-25,47078.62,DIGITAL,SUCCESS
COL000011887,LOAN00009686,2026-03-01,12445.62,DIGITAL,SUCCESS
COL000011888,LOAN00009686,2026-01-04,32732.8,CALL_CENTER,PARTIAL
COL000011889,LOAN00009690,2025-01-15,34973.38,DIGITAL,PARTIAL
COL000011890,LOAN00009690,2026-03-14,18900.77,FIELD_AGENT,PARTIAL
COL000011891,LOAN00009690,2024-11-12,18296.75,FIELD_AGENT,SUCCESS
COL000011892,LOAN00009690,2025-04-24,26441.73,CALL_CENTER,SUCCESS
COL000011893,LOAN00009690,2026-02-01,30205.98,BRANCH,FAILED
COL000011894,LOAN00009690,2025-04-01,44892.46,FIELD_AGENT,FAILED
COL000011895,LOAN00009693,2026-04-30,40321.95,BRANCH,SUCCESS
COL000011896,LOAN00009693,2025-08-23,13341.87,FIELD_AGENT,SUCCESS
COL000011897,LOAN00009693,2025-12-15,35541.62,CALL_CENTER,SUCCESS
COL000011898,LOAN00009693,2024-09-05,29599.05,CALL_CENTER,SUCCESS
COL000011899,LOAN00009693,2025-09-07,42895.77,FIELD_AGENT,SUCCESS
COL000011900,LOAN00009696,2025-04-18,23937.67,CALL_CENTER,SUCCESS
COL000011901,LOAN00009696,2025-10-06,12580.73,BRANCH,FAILED
COL000011902,LOAN00009702,2024-12-04,10419.42,BRANCH,SUCCESS
COL000011903,LOAN00009704,2026-09-08,28907.51,DIGITAL,SUCCESS
COL000011904,LOAN00009704,2026-09-18,46910.45,BRANCH,SUCCESS
COL000011905,LOAN00009704,2024-09-22,20999.56,DIGITAL,SUCCESS
COL000011906,LOAN00009704,2026-03-01,45273.43,BRANCH,SUCCESS
COL000011907,LOAN00009704,2026-02-01,1999.29,FIELD_AGENT,PARTIAL
COL000011908,LOAN00009705,2024-04-16,33832.09,BRANCH,PARTIAL
COL000011909,LOAN00009705,2026-03-11,21446.94,BRANCH,SUCCESS
COL000011910,LOAN00009705,2025-04-05,3397.2,FIELD_AGENT,SUCCESS
COL000011911,LOAN00009705,2025-10-11,44493.71,DIGITAL,SUCCESS
COL000011912,LOAN00009705,2024-12-21,1340.82,FIELD_AGENT,SUCCESS
COL000011913,LOAN00009705,2026-08-09,49591.56,DIGITAL,SUCCESS
COL000011914,LOAN00009707,2025-09-24,39940.92,DIGITAL,SUCCESS
COL000011915,LOAN00009707,2026-02-27,2182.72,BRANCH,SUCCESS
COL000011916,LOAN00009707,2026-07-24,14122.23,FIELD_AGENT,SUCCESS
COL000011917,LOAN00009707,2025-02-18,26707.67,FIELD_AGENT,SUCCESS
COL000011918,LOAN00009707,2025-07-01,25764.26,BRANCH,PARTIAL
COL000011919,LOAN00009715,2024-12-25,33260.16,DIGITAL,SUCCESS
COL000011920,LOAN00009717,2024-11-14,26562.16,BRANCH,SUCCESS
COL000011921,LOAN00009717,2026-03-29,19307.95,BRANCH,SUCCESS
COL000011922,LOAN00009717,2025-01-21,34093.77,CALL_CENTER,SUCCESS
COL000011923,LOAN00009717,2024-10-12,42189.26,BRANCH,SUCCESS
COL000011924,LOAN00009717,2025-06-30,14297.02,BRANCH,SUCCESS
COL000011925,LOAN00009717,2025-03-15,41504.1,BRANCH,PARTIAL
COL000011926,LOAN00009724,2025-04-16,17079.33,DIGITAL,SUCCESS
COL000011927,LOAN00009726,2025-01-07,7382.43,BRANCH,SUCCESS
COL000011928,LOAN00009726,2024-09-24,42179.27,BRANCH,SUCCESS
COL000011929,LOAN00009726,2025-02-21,7215.49,BRANCH,SUCCESS
COL000011930,LOAN00009726,2026-02-01,4706.24,BRANCH,SUCCESS
COL000011931,LOAN00009726,2025-03-20,43084.55,BRANCH,SUCCESS
COL000011932,LOAN00009726,2025-05-02,47482.08,CALL_CENTER,PARTIAL
COL000011933,LOAN00009730,2026-07-12,45875.11,FIELD_AGENT,PARTIAL
COL000011934,LOAN00009730,2025-07-08,34563.71,DIGITAL,PARTIAL
COL000011935,LOAN00009730,2025-03-10,36123.56,FIELD_AGENT,SUCCESS
COL000011936,LOAN00009730,2025-06-20,42279.59,BRANCH,PARTIAL
COL000011937,LOAN00009730,2024-07-02,2078.59,DIGITAL,SUCCESS
COL000011938,LOAN00009731,2025-07-21,2264.33,BRANCH,SUCCESS
COL000011939,LOAN00009731,2026-08-23,35385.9,CALL_CENTER,PARTIAL
COL000011940,LOAN00009738,2025-04-09,38231.85,CALL_CENTER,PARTIAL
COL000011941,LOAN00009738,2026-04-07,32911.52,DIGITAL,SUCCESS
COL000011942,LOAN00009738,2025-09-18,8918.76,DIGITAL,SUCCESS
COL000011943,LOAN00009739,2026-04-29,13173.79,FIELD_AGENT,SUCCESS
COL000011944,LOAN00009739,2026-04-16,10437.35,CALL_CENTER,SUCCESS
COL000011945,LOAN00009739,2024-12-25,13166.63,BRANCH,SUCCESS
COL000011946,LOAN00009740,2025-03-01,6920.83,BRANCH,SUCCESS
COL000011947,LOAN00009740,2025-05-02,47171.04,BRANCH,SUCCESS
COL000011948,LOAN00009740,2024-09-30,33327.93,FIELD_AGENT,SUCCESS
COL000011949,LOAN00009741,2024-07-25,10944.64,FIELD_AGENT,FAILED
COL000011950,LOAN00009741,2025-04-18,38558.46,CALL_CENTER,SUCCESS
COL000011951,LOAN00009745,2026-04-08,24811.39,CALL_CENTER,PARTIAL
COL000011952,LOAN00009756,2026-05-16,49843.5,DIGITAL,SUCCESS
COL000011953,LOAN00009756,2024-10-16,10093.67,DIGITAL,SUCCESS
COL000011954,LOAN00009756,2026-08-30,9204.37,BRANCH,SUCCESS
COL000011955,LOAN00009761,2026-09-14,2502.56,FIELD_AGENT,SUCCESS
COL000011956,LOAN00009761,2024-06-28,20842.94,BRANCH,SUCCESS
COL000011957,LOAN00009761,2024-12-23,47365.33,DIGITAL,SUCCESS
COL000011958,LOAN00009761,2025-05-05,3960.12,DIGITAL,SUCCESS
COL000011959,LOAN00009761,2024-12-28,1598.17,FIELD_AGENT,SUCCESS
COL000011960,LOAN00009762,2025-06-05,46169.73,CALL_CENTER,SUCCESS
COL000011961,LOAN00009763,2024-11-01,14996.7,CALL_CENTER,SUCCESS
COL000011962,LOAN00009768,2025-12-31,25126.87,FIELD_AGENT,SUCCESS
COL000011963,LOAN00009768,2024-05-10,33236.05,FIELD_AGENT,SUCCESS
COL000011964,LOAN00009769,2025-03-04,26169.48,FIELD_AGENT,SUCCESS
COL000011965,LOAN00009772,2024-08-28,40947.25,BRANCH,SUCCESS
COL000011966,LOAN00009772,2026-02-07,8170.73,FIELD_AGENT,PARTIAL
COL000011967,LOAN00009772,2026-01-28,24220.87,DIGITAL,SUCCESS
COL000011968,LOAN00009772,2024-12-09,12138.43,FIELD_AGENT,SUCCESS
COL000011969,LOAN00009774,2025-07-21,40490.21,BRANCH,SUCCESS
COL000011970,LOAN00009774,2024-04-02,42166.59,FIELD_AGENT,SUCCESS
COL000011971,LOAN00009774,2025-08-18,27083.41,DIGITAL,PARTIAL
COL000011972,LOAN00009774,2025-10-03,33241.48,CALL_CENTER,SUCCESS
COL000011973,LOAN00009774,2025-09-27,41134.6,CALL_CENTER,SUCCESS
COL000011974,LOAN00009774,2024-10-19,5728.99,CALL_CENTER,SUCCESS
COL000011975,LOAN00009778,2025-11-10,36695.95,FIELD_AGENT,SUCCESS
COL000011976,LOAN00009778,2024-08-16,16620.35,BRANCH,SUCCESS
COL000011977,LOAN00009778,2026-08-14,29388.83,FIELD_AGENT,SUCCESS
COL000011978,LOAN00009780,2026-01-26,31899.3,FIELD_AGENT,SUCCESS
COL000011979,LOAN00009780,2024-11-26,38094.95,DIGITAL,SUCCESS
COL000011980,LOAN00009780,2024-04-26,27971.27,BRANCH,SUCCESS
COL000011981,LOAN00009780,2025-09-30,12440.35,CALL_CENTER,SUCCESS
COL000011982,LOAN00009780,2026-02-03,10371.78,FIELD_AGENT,SUCCESS
COL000011983,LOAN00009781,2026-01-05,17560.33,CALL_CENTER,SUCCESS
COL000011984,LOAN00009784,2026-01-08,8763.19,CALL_CENTER,SUCCESS
COL000011985,LOAN00009784,2025-06-07,25785.02,DIGITAL,SUCCESS
COL000011986,LOAN00009790,2026-03-17,3283.37,CALL_CENTER,SUCCESS
COL000011987,LOAN00009790,2026-07-06,44713.42,BRANCH,SUCCESS
COL000011988,LOAN00009790,2026-05-19,5474.56,BRANCH,PARTIAL
COL000011989,LOAN00009790,2025-08-08,18713.39,FIELD_AGENT,PARTIAL
COL000011990,LOAN00009790,2024-10-31,19412.43,FIELD_AGENT,SUCCESS
COL000011991,LOAN00009790,2025-07-06,47745.1,BRANCH,SUCCESS
COL000011992,LOAN00009792,2024-12-21,33189.88,CALL_CENTER,SUCCESS
COL000011993,LOAN00009792,2026-05-09,31669.5,BRANCH,PARTIAL
COL000011994,LOAN00009792,2024-03-02,47436.07,CALL_CENTER,FAILED
COL000011995,LOAN00009792,2025-09-23,20288.92,CALL_CENTER,FAILED
COL000011996,LOAN00009793,2026-02-28,28445.81,CALL_CENTER,SUCCESS
COL000011997,LOAN00009793,2026-07-18,27997.41,FIELD_AGENT,PARTIAL
COL000011998,LOAN00009793,2026-07-13,3151.12,DIGITAL,SUCCESS
COL000011999,LOAN00009793,2025-10-02,2866.66,CALL_CENTER,SUCCESS
COL000012000,LOAN00009794,2025-04-29,14884.34,FIELD_AGENT,SUCCESS
COL000012001,LOAN00009799,2026-09-09,6035.78,FIELD_AGENT,SUCCESS
COL000012002,LOAN00009799,2024-08-05,42441.21,CALL_CENTER,SUCCESS
COL000012003,LOAN00009801,2024-04-17,10523.3,FIELD_AGENT,SUCCESS
COL000012004,LOAN00009801,2025-04-18,6499.78,DIGITAL,SUCCESS
COL000012005,LOAN00009801,2025-10-10,47839.32,BRANCH,SUCCESS
COL000012006,LOAN00009804,2024-08-02,3556.11,CALL_CENTER,SUCCESS
COL000012007,LOAN00009807,2025-07-10,46693.39,DIGITAL,SUCCESS
COL000012008,LOAN00009807,2024-05-12,24663.57,DIGITAL,SUCCESS
COL000012009,LOAN00009807,2024-11-14,49912.14,CALL_CENTER,SUCCESS
COL000012010,LOAN00009807,2025-07-29,26172.63,DIGITAL,PARTIAL
COL000012011,LOAN00009807,2025-04-01,6033.57,FIELD_AGENT,SUCCESS
COL000012012,LOAN00009809,2025-06-30,41916.74,BRANCH,SUCCESS
COL000012013,LOAN00009809,2026-09-13,3900.91,BRANCH,SUCCESS
COL000012014,LOAN00009809,2024-03-09,1092.2,DIGITAL,SUCCESS
COL000012015,LOAN00009809,2024-10-13,31020.32,CALL_CENTER,SUCCESS
COL000012016,LOAN00009810,2025-03-13,29823.04,BRANCH,SUCCESS
COL000012017,LOAN00009810,2024-09-15,29659.67,FIELD_AGENT,SUCCESS
COL000012018,LOAN00009810,2024-05-14,21751.66,CALL_CENTER,SUCCESS
COL000012019,LOAN00009810,2025-08-01,47019.49,BRANCH,SUCCESS
COL000012020,LOAN00009810,2024-08-13,20989.44,BRANCH,SUCCESS
COL000012021,LOAN00009812,2026-06-03,2357.31,CALL_CENTER,SUCCESS
COL000012022,LOAN00009812,2025-04-20,15200.84,BRANCH,SUCCESS
COL000012023,LOAN00009812,2025-08-06,30598.3,BRANCH,FAILED
COL000012024,LOAN00009812,2024-12-20,43787.41,BRANCH,SUCCESS
COL000012025,LOAN00009816,2024-07-12,3218.41,FIELD_AGENT,SUCCESS
COL000012026,LOAN00009816,2024-11-07,8167.02,BRANCH,SUCCESS
COL000012027,LOAN00009816,2026-03-16,17237.78,DIGITAL,SUCCESS
COL000012028,LOAN00009816,2025-03-11,16832.42,BRANCH,SUCCESS
COL000012029,LOAN00009816,2024-09-04,39712.12,BRANCH,SUCCESS
COL000012030,LOAN00009816,2026-07-23,10900.64,CALL_CENTER,SUCCESS
COL000012031,LOAN00009819,2025-05-18,9791.23,CALL_CENTER,PARTIAL
COL000012032,LOAN00009819,2024-10-14,9112.46,CALL_CENTER,SUCCESS
COL000012033,LOAN00009819,2026-08-29,14315.21,FIELD_AGENT,SUCCESS
COL000012034,LOAN00009819,2024-04-27,41204.32,CALL_CENTER,SUCCESS
COL000012035,LOAN00009820,2024-03-07,49950.61,BRANCH,SUCCESS
COL000012036,LOAN00009820,2025-11-04,10119.41,CALL_CENTER,PARTIAL
COL000012037,LOAN00009823,2025-06-07,2838.61,DIGITAL,PARTIAL
COL000012038,LOAN00009823,2025-10-20,48153.84,CALL_CENTER,SUCCESS
COL000012039,LOAN00009823,2026-05-08,42094.74,DIGITAL,SUCCESS
COL000012040,LOAN00009823,2026-07-07,47819.93,BRANCH,PARTIAL
COL000012041,LOAN00009823,2026-05-11,12046.07,CALL_CENTER,SUCCESS
COL000012042,LOAN00009823,2024-05-11,31939.78,BRANCH,SUCCESS
COL000012043,LOAN00009828,2024-09-23,23356.59,BRANCH,SUCCESS
COL000012044,LOAN00009828,2025-03-13,7023.54,BRANCH,PARTIAL
COL000012045,LOAN00009828,2024-09-24,17113.89,BRANCH,PARTIAL
COL000012046,LOAN00009834,2025-01-17,14610.8,BRANCH,PARTIAL
COL000012047,LOAN00009834,2025-07-11,2131.15,CALL_CENTER,SUCCESS
COL000012048,LOAN00009834,2025-01-03,6561.38,DIGITAL,FAILED
COL000012049,LOAN00009834,2026-03-06,9231.08,CALL_CENTER,SUCCESS
COL000012050,LOAN00009835,2025-01-22,39909.96,BRANCH,PARTIAL
COL000012051,LOAN00009835,2025-07-21,29968.9,DIGITAL,PARTIAL
COL000012052,LOAN00009835,2025-08-20,16251.4,DIGITAL,SUCCESS
COL000012053,LOAN00009835,2024-03-01,31113.84,DIGITAL,SUCCESS
COL000012054,LOAN00009835,2025-07-11,18512.89,DIGITAL,FAILED
COL000012055,LOAN00009837,2024-09-28,24967.59,FIELD_AGENT,PARTIAL
COL000012056,LOAN00009844,2025-06-26,43145.71,CALL_CENTER,SUCCESS
COL000012057,LOAN00009844,2025-04-04,3292.29,FIELD_AGENT,SUCCESS
COL000012058,LOAN00009848,2026-03-30,20713.16,CALL_CENTER,SUCCESS
COL000012059,LOAN00009848,2026-08-03,8288.51,DIGITAL,SUCCESS
COL000012060,LOAN00009848,2024-06-11,9630.15,CALL_CENTER,SUCCESS
COL000012061,LOAN00009848,2026-05-24,26590.23,DIGITAL,SUCCESS
COL000012062,LOAN00009848,2026-02-04,8845.55,BRANCH,SUCCESS
COL000012063,LOAN00009848,2026-08-25,30949.9,FIELD_AGENT,SUCCESS
COL000012064,LOAN00009852,2026-07-01,46027.72,BRANCH,PARTIAL
COL000012065,LOAN00009852,2024-12-08,34077.02,CALL_CENTER,SUCCESS
COL000012066,LOAN00009852,2025-06-15,33621.72,BRANCH,SUCCESS
COL000012067,LOAN00009852,2024-03-26,23942.12,BRANCH,SUCCESS
COL000012068,LOAN00009852,2026-05-19,8450.0,CALL_CENTER,SUCCESS
COL000012069,LOAN00009852,2024-12-10,41300.76,FIELD_AGENT,SUCCESS
COL000012070,LOAN00009853,2024-03-17,20315.39,BRANCH,SUCCESS
COL000012071,LOAN00009853,2026-05-22,27909.64,CALL_CENTER,SUCCESS
COL000012072,LOAN00009853,2024-08-14,34383.62,BRANCH,PARTIAL
COL000012073,LOAN00009853,2025-07-29,2859.96,BRANCH,SUCCESS
COL000012074,LOAN00009853,2026-09-05,5044.89,BRANCH,SUCCESS
COL000012075,LOAN00009854,2025-09-16,24297.37,DIGITAL,SUCCESS
COL000012076,LOAN00009854,2026-01-21,7565.0,DIGITAL,SUCCESS
COL000012077,LOAN00009854,2024-06-20,15284.56,DIGITAL,SUCCESS
COL000012078,LOAN00009857,2026-04-21,39850.29,FIELD_AGENT,SUCCESS
COL000012079,LOAN00009857,2024-11-12,5334.25,DIGITAL,SUCCESS
COL000012080,LOAN00009858,2025-02-07,47938.97,FIELD_AGENT,SUCCESS
COL000012081,LOAN00009858,2024-04-29,12958.0,CALL_CENTER,PARTIAL
COL000012082,LOAN00009859,2025-11-13,10746.64,DIGITAL,SUCCESS
COL000012083,LOAN00009859,2024-11-29,21269.62,CALL_CENTER,SUCCESS
COL000012084,LOAN00009859,2025-07-15,21536.71,CALL_CENTER,SUCCESS
COL000012085,LOAN00009859,2025-03-19,11655.09,FIELD_AGENT,SUCCESS
COL000012086,LOAN00009859,2025-08-11,49276.28,DIGITAL,SUCCESS
COL000012087,LOAN00009860,2024-10-17,38345.65,FIELD_AGENT,SUCCESS
COL000012088,LOAN00009860,2026-09-23,28373.18,FIELD_AGENT,SUCCESS
COL000012089,LOAN00009860,2025-09-07,1421.77,FIELD_AGENT,FAILED
COL000012090,LOAN00009860,2024-06-30,2349.7,DIGITAL,SUCCESS
COL000012091,LOAN00009860,2026-05-07,6856.48,CALL_CENTER,SUCCESS
COL000012092,LOAN00009862,2026-02-08,30190.26,BRANCH,SUCCESS
COL000012093,LOAN00009865,2024-12-31,8848.07,DIGITAL,SUCCESS
COL000012094,LOAN00009865,2025-11-09,8555.9,CALL_CENTER,SUCCESS
COL000012095,LOAN00009866,2025-08-05,40517.44,DIGITAL,SUCCESS
COL000012096,LOAN00009868,2025-10-09,9546.65,FIELD_AGENT,SUCCESS
COL000012097,LOAN00009870,2026-03-22,34770.63,BRANCH,SUCCESS
COL000012098,LOAN00009870,2025-11-20,39637.38,DIGITAL,SUCCESS
COL000012099,LOAN00009870,2025-03-08,17218.14,DIGITAL,SUCCESS
COL000012100,LOAN00009870,2025-12-14,28305.06,DIGITAL,SUCCESS
COL000012101,LOAN00009873,2026-07-20,40630.44,BRANCH,SUCCESS
COL000012102,LOAN00009880,2025-07-03,12775.43,DIGITAL,PARTIAL
COL000012103,LOAN00009880,2024-04-18,12640.04,DIGITAL,SUCCESS
COL000012104,LOAN00009880,2024-03-27,39859.68,FIELD_AGENT,SUCCESS
COL000012105,LOAN00009880,2026-09-02,24851.33,BRANCH,FAILED
COL000012106,LOAN00009881,2024-04-27,38881.72,FIELD_AGENT,SUCCESS
COL000012107,LOAN00009881,2025-07-10,10144.6,CALL_CENTER,SUCCESS
COL000012108,LOAN00009883,2026-03-09,10236.61,FIELD_AGENT,PARTIAL
COL000012109,LOAN00009885,2024-05-07,20849.24,BRANCH,SUCCESS
COL000012110,LOAN00009885,2026-09-06,32255.08,BRANCH,SUCCESS
COL000012111,LOAN00009885,2025-11-24,44505.83,FIELD_AGENT,SUCCESS
COL000012112,LOAN00009885,2025-12-25,36749.05,DIGITAL,SUCCESS
COL000012113,LOAN00009885,2025-11-14,12812.49,DIGITAL,SUCCESS
COL000012114,LOAN00009885,2025-09-10,38386.86,CALL_CENTER,SUCCESS
COL000012115,LOAN00009887,2025-09-22,12794.59,BRANCH,SUCCESS
COL000012116,LOAN00009887,2025-11-17,25267.72,FIELD_AGENT,PARTIAL
COL000012117,LOAN00009887,2024-10-09,33283.25,DIGITAL,SUCCESS
COL000012118,LOAN00009887,2025-12-08,2835.65,BRANCH,SUCCESS
COL000012119,LOAN00009887,2026-03-29,47250.9,CALL_CENTER,FAILED
COL000012120,LOAN00009887,2026-01-14,32093.51,BRANCH,SUCCESS
COL000012121,LOAN00009888,2024-11-09,45257.41,FIELD_AGENT,SUCCESS
COL000012122,LOAN00009888,2026-09-02,33385.94,FIELD_AGENT,SUCCESS
COL000012123,LOAN00009888,2024-04-29,32026.51,CALL_CENTER,PARTIAL
COL000012124,LOAN00009888,2024-09-06,46464.23,BRANCH,SUCCESS
COL000012125,LOAN00009888,2025-02-04,6457.88,DIGITAL,SUCCESS
COL000012126,LOAN00009889,2025-07-17,39710.08,FIELD_AGENT,SUCCESS
COL000012127,LOAN00009890,2026-03-16,35648.94,BRANCH,SUCCESS
COL000012128,LOAN00009890,2025-03-09,11002.76,DIGITAL,SUCCESS
COL000012129,LOAN00009890,2024-12-28,45266.83,CALL_CENTER,SUCCESS
COL000012130,LOAN00009890,2024-06-20,40732.96,FIELD_AGENT,SUCCESS
COL000012131,LOAN00009890,2025-11-01,44463.56,BRANCH,SUCCESS
COL000012132,LOAN00009891,2024-06-09,2094.94,FIELD_AGENT,SUCCESS
COL000012133,LOAN00009891,2025-09-20,40516.24,DIGITAL,SUCCESS
COL000012134,LOAN00009891,2025-08-10,32689.31,CALL_CENTER,SUCCESS
COL000012135,LOAN00009891,2026-01-30,28740.04,DIGITAL,SUCCESS
COL000012136,LOAN00009891,2025-05-09,17740.15,FIELD_AGENT,SUCCESS
COL000012137,LOAN00009891,2026-09-20,16773.61,DIGITAL,SUCCESS
COL000012138,LOAN00009893,2024-07-29,28383.14,CALL_CENTER,PARTIAL
COL000012139,LOAN00009893,2025-11-04,34476.42,DIGITAL,SUCCESS
COL000012140,LOAN00009893,2025-08-24,43276.1,DIGITAL,SUCCESS
COL000012141,LOAN00009893,2025-04-29,28366.45,BRANCH,SUCCESS
COL000012142,LOAN00009898,2025-10-26,15570.64,CALL_CENTER,PARTIAL
COL000012143,LOAN00009898,2024-11-08,30874.48,CALL_CENTER,SUCCESS
COL000012144,LOAN00009898,2025-12-15,2742.08,FIELD_AGENT,PARTIAL
COL000012145,LOAN00009898,2024-10-30,37092.28,FIELD_AGENT,SUCCESS
COL000012146,LOAN00009901,2026-05-01,5330.83,FIELD_AGENT,SUCCESS
COL000012147,LOAN00009902,2024-04-09,19182.62,BRANCH,SUCCESS
COL000012148,LOAN00009902,2025-01-10,45411.47,BRANCH,SUCCESS
COL000012149,LOAN00009906,2024-09-24,11769.11,CALL_CENTER,SUCCESS
COL000012150,LOAN00009906,2024-12-09,16013.08,DIGITAL,PARTIAL
COL000012151,LOAN00009906,2026-07-24,27070.47,CALL_CENTER,FAILED
COL000012152,LOAN00009908,2025-09-20,10123.42,DIGITAL,SUCCESS
COL000012153,LOAN00009908,2025-03-22,19374.73,DIGITAL,SUCCESS
COL000012154,LOAN00009908,2026-04-12,19753.72,BRANCH,SUCCESS
COL000012155,LOAN00009908,2024-03-07,4162.67,CALL_CENTER,SUCCESS
COL000012156,LOAN00009909,2024-09-16,40151.97,CALL_CENTER,SUCCESS
COL000012157,LOAN00009910,2025-01-02,37982.67,DIGITAL,SUCCESS
COL000012158,LOAN00009912,2024-12-23,28276.75,CALL_CENTER,SUCCESS
COL000012159,LOAN00009912,2025-04-09,5532.85,BRANCH,PARTIAL
COL000012160,LOAN00009912,2025-12-25,15216.85,BRANCH,SUCCESS
COL000012161,LOAN00009912,2026-06-18,42963.27,BRANCH,PARTIAL
COL000012162,LOAN00009912,2024-07-08,37083.88,CALL_CENTER,PARTIAL
COL000012163,LOAN00009912,2025-09-19,46267.41,CALL_CENTER,PARTIAL
COL000012164,LOAN00009913,2024-05-08,14907.01,BRANCH,PARTIAL
COL000012165,LOAN00009913,2025-04-27,4547.7,FIELD_AGENT,SUCCESS
COL000012166,LOAN00009913,2026-04-01,48773.5,BRANCH,SUCCESS
COL000012167,LOAN00009913,2024-08-21,1666.52,FIELD_AGENT,PARTIAL
COL000012168,LOAN00009913,2024-03-23,28737.59,CALL_CENTER,SUCCESS
COL000012169,LOAN00009915,2025-01-29,49007.07,CALL_CENTER,SUCCESS
COL000012170,LOAN00009915,2026-09-13,10105.88,CALL_CENTER,SUCCESS
COL000012171,LOAN00009916,2025-06-11,11019.49,CALL_CENTER,SUCCESS
COL000012172,LOAN00009917,2025-02-04,37921.07,DIGITAL,PARTIAL
COL000012173,LOAN00009917,2025-06-03,24665.57,BRANCH,SUCCESS
COL000012174,LOAN00009917,2026-08-14,1893.95,BRANCH,SUCCESS
COL000012175,LOAN00009917,2025-08-30,7205.06,FIELD_AGENT,FAILED
COL000012176,LOAN00009919,2026-04-24,48828.77,DIGITAL,PARTIAL
COL000012177,LOAN00009919,2025-09-16,37109.45,BRANCH,SUCCESS
COL000012178,LOAN00009921,2026-03-19,44602.39,FIELD_AGENT,SUCCESS
COL000012179,LOAN00009921,2026-08-14,25187.19,DIGITAL,PARTIAL
COL000012180,LOAN00009921,2025-08-20,31637.37,BRANCH,PARTIAL
COL000012181,LOAN00009921,2025-07-22,10493.16,CALL_CENTER,SUCCESS
COL000012182,LOAN00009921,2026-05-04,9444.85,CALL_CENTER,SUCCESS
COL000012183,LOAN00009921,2026-01-31,42480.88,DIGITAL,SUCCESS
COL000012184,LOAN00009922,2025-09-10,47001.36,CALL_CENTER,SUCCESS
COL000012185,LOAN00009922,2025-03-15,6901.01,DIGITAL,PARTIAL
COL000012186,LOAN00009922,2025-09-21,40991.68,BRANCH,SUCCESS
COL000012187,LOAN00009922,2026-07-21,39173.38,FIELD_AGENT,PARTIAL
COL000012188,LOAN00009922,2025-01-27,31026.83,BRANCH,SUCCESS
COL000012189,LOAN00009922,2026-06-21,4728.27,DIGITAL,SUCCESS
COL000012190,LOAN00009924,2026-03-22,2838.18,BRANCH,SUCCESS
COL000012191,LOAN00009924,2024-12-02,13292.64,DIGITAL,SUCCESS
COL000012192,LOAN00009924,2024-03-23,26171.9,FIELD_AGENT,SUCCESS
COL000012193,LOAN00009924,2025-06-06,9425.31,DIGITAL,SUCCESS
COL000012194,LOAN00009924,2025-07-18,21399.93,CALL_CENTER,PARTIAL
COL000012195,LOAN00009924,2025-07-02,43230.45,FIELD_AGENT,PARTIAL
COL000012196,LOAN00009926,2024-10-12,4970.97,FIELD_AGENT,SUCCESS
COL000012197,LOAN00009926,2026-07-29,1485.87,CALL_CENTER,PARTIAL
COL000012198,LOAN00009926,2026-06-22,32735.87,FIELD_AGENT,SUCCESS
COL000012199,LOAN00009926,2025-12-25,25103.72,CALL_CENTER,SUCCESS
COL000012200,LOAN00009926,2025-02-20,43090.49,DIGITAL,PARTIAL
COL000012201,LOAN00009926,2026-05-05,33769.12,CALL_CENTER,PARTIAL
COL000012202,LOAN00009927,2025-09-28,33246.9,DIGITAL,SUCCESS
COL000012203,LOAN00009941,2024-05-29,3293.91,FIELD_AGENT,SUCCESS
COL000012204,LOAN00009941,2025-08-29,10040.03,DIGITAL,SUCCESS
COL000012205,LOAN00009941,2024-12-30,8671.08,CALL_CENTER,SUCCESS
COL000012206,LOAN00009941,2026-01-29,12118.59,FIELD_AGENT,SUCCESS
COL000012207,LOAN00009941,2026-08-03,14800.3,DIGITAL,PARTIAL
COL000012208,LOAN00009941,2026-02-08,43105.78,CALL_CENTER,SUCCESS
COL000012209,LOAN00009943,2026-09-16,20232.1,BRANCH,SUCCESS
COL000012210,LOAN00009948,2026-03-22,42275.7,BRANCH,SUCCESS
COL000012211,LOAN00009948,2026-06-18,37329.62,DIGITAL,SUCCESS
COL000012212,LOAN00009948,2026-01-20,47807.41,CALL_CENTER,PARTIAL
COL000012213,LOAN00009948,2026-03-24,45808.56,CALL_CENTER,SUCCESS
COL000012214,LOAN00009948,2026-08-07,21632.33,CALL_CENTER,SUCCESS
COL000012215,LOAN00009948,2026-09-20,44890.84,DIGITAL,SUCCESS
COL000012216,LOAN00009951,2025-05-25,5487.17,CALL_CENTER,SUCCESS
COL000012217,LOAN00009951,2025-01-25,24481.78,DIGITAL,PARTIAL
COL000012218,LOAN00009951,2025-10-30,29224.31,BRANCH,SUCCESS
COL000012219,LOAN00009959,2025-03-01,48791.12,CALL_CENTER,PARTIAL
COL000012220,LOAN00009959,2024-12-21,1088.94,DIGITAL,SUCCESS
COL000012221,LOAN00009959,2025-10-16,14692.78,CALL_CENTER,SUCCESS
COL000012222,LOAN00009959,2026-03-08,15655.04,DIGITAL,SUCCESS
COL000012223,LOAN00009959,2026-01-03,40463.35,CALL_CENTER,SUCCESS
COL000012224,LOAN00009970,2024-08-01,43148.24,FIELD_AGENT,SUCCESS
COL000012225,LOAN00009970,2026-01-24,11910.5,FIELD_AGENT,SUCCESS
COL000012226,LOAN00009970,2025-04-17,36724.05,FIELD_AGENT,SUCCESS
COL000012227,LOAN00009970,2024-12-30,6788.34,FIELD_AGENT,PARTIAL
COL000012228,LOAN00009971,2026-03-23,7581.05,CALL_CENTER,SUCCESS
COL000012229,LOAN00009972,2024-07-17,14629.45,FIELD_AGENT,PARTIAL
COL000012230,LOAN00009972,2026-02-21,31228.45,FIELD_AGENT,SUCCESS
COL000012231,LOAN00009972,2024-05-21,39149.73,DIGITAL,PARTIAL
COL000012232,LOAN00009972,2025-12-09,28761.51,DIGITAL,SUCCESS
COL000012233,LOAN00009973,2025-08-05,43676.71,BRANCH,SUCCESS
COL000012234,LOAN00009973,2026-07-25,36773.03,DIGITAL,SUCCESS
COL000012235,LOAN00009976,2024-10-22,6725.47,DIGITAL,FAILED
COL000012236,LOAN00009976,2024-08-19,15282.0,DIGITAL,FAILED
COL000012237,LOAN00009978,2026-09-12,24675.9,CALL_CENTER,PARTIAL
COL000012238,LOAN00009978,2024-08-03,13752.04,DIGITAL,SUCCESS
COL000012239,LOAN00009978,2025-07-20,49846.02,CALL_CENTER,SUCCESS
COL000012240,LOAN00009978,2024-10-26,37627.67,DIGITAL,SUCCESS
COL000012241,LOAN00009983,2026-02-18,44853.93,FIELD_AGENT,SUCCESS
COL000012242,LOAN00009983,2024-03-22,42940.08,BRANCH,SUCCESS
COL000012243,LOAN00009983,2024-07-12,46480.19,FIELD_AGENT,SUCCESS
COL000012244,LOAN00009983,2026-06-12,13448.77,CALL_CENTER,SUCCESS
COL000012245,LOAN00009985,2026-01-09,22799.58,BRANCH,SUCCESS
COL000012246,LOAN00009985,2026-06-28,47150.77,FIELD_AGENT,SUCCESS
COL000012247,LOAN00009985,2026-08-28,43305.55,DIGITAL,SUCCESS
COL000012248,LOAN00009985,2024-10-30,4558.46,DIGITAL,SUCCESS
COL000012249,LOAN00009985,2026-02-09,6422.53,FIELD_AGENT,SUCCESS
COL000012250,LOAN00009989,2024-09-20,41133.34,BRANCH,SUCCESS
COL000012251,LOAN00009992,2025-04-19,16037.81,CALL_CENTER,SUCCESS
COL000012252,LOAN00009992,2025-07-08,44974.84,BRANCH,SUCCESS
COL000012253,LOAN00009992,2026-04-17,33157.5,CALL_CENTER,SUCCESS
COL000012254,LOAN00009992,2025-12-24,7308.1,CALL_CENTER,PARTIAL
COL000012255,LOAN00009992,2024-03-29,16476.45,DIGITAL,SUCCESS
COL000012256,LOAN00009992,2024-06-30,1897.06,FIELD_AGENT,SUCCESS
COL000012257,LOAN00009998,2026-09-01,36476.23,DIGITAL,PARTIAL
COL000012258,LOAN00009998,2024-09-29,5169.02,CALL_CENTER,SUCCESS
COL000012259,LOAN00009999,2024-10-24,10934.29,DIGITAL,SUCCESS
COL000012260,LOAN00009999,2025-01-12,26083.16,CALL_CENTER,FAILED
