application_id,customer_id,branch_id,application_date,loan_type,requested_amount,tenure_months,application_status,risk_grade
APP00000001,CUST007814,BR0044,2024-12-31,PERSONAL,923496.69,18,PENDING,C
APP00000002,CUST005700,BR0036,2025-09-13,PERSONAL,1276482.08,24,REJECTED,D
APP00000003,CUST006611,BR0042,2024-12-18,VEHICLE,321014.35,48,PENDING,C
APP00000004,CUST003672,BR0046,2024-09-10,CONSUMER_DURABLE,1144308.39,36,APPROVED,A
APP00000005,CUST000769,BR0011,2026-07-09,BUSINESS,826286.58,60,APPROVED,E
APP00000006,CUST009637,BR0048,2025-03-25,CONSUMER_DURABLE,1510926.05,48,PENDING,A
APP00000007,CUST004641,BR0028,2025-06-13,CONSUMER_DURABLE,1723633.31,60,APPROVED,B
APP00000008,CUST007647,BR0030,2024-12-11,BUSINESS,1878238.64,24,REJECTED,C
APP00000009,CUST000655,BR0035,2025-10-10,VEHICLE,1519456.72,48,REJECTED,A
APP00000010,CUST003407,BR0026,2026-03-30,VEHICLE,1129720.18,48,REJECTED,C
APP00000011,CUST004626,BR0020,2026-06-27,BUSINESS,990993.88,18,PENDING,A
APP00000012,CUST009462,BR0011,2026-09-12,CONSUMER_DURABLE,1068159.93,48,APPROVED,B
APP00000013,CUST001480,BR0007,2025-12-31,BUSINESS,1142259.83,48,REJECTED,B
APP00000014,CUST003374,BR0039,2025-10-11,VEHICLE,1694691.87,24,PENDING,E
APP00000015,CUST006335,BR0046,2024-12-21,PERSONAL,1650984.91,48,REJECTED,B
APP00000016,CUST005231,BR0026,2026-07-06,VEHICLE,167263.48,48,APPROVED,A
APP00000017,CUST000581,BR0003,2024-08-31,PERSONAL,99458.16,36,REJECTED,A
APP00000018,CUST002849,BR0028,2025-10-29,PERSONAL,67650.66,48,APPROVED,A
APP00000019,CUST003661,BR0005,2024-05-22,PERSONAL,920029.65,60,APPROVED,E
APP00000020,CUST010000,BR0044,2026-02-19,BUSINESS,1625030.41,60,REJECTED,D
APP00000021,CUST004176,BR0025,2026-08-30,VEHICLE,1960347.41,36,PENDING,C
APP00000022,CUST000577,BR0032,2025-01-29,VEHICLE,1841907.18,36,APPROVED,A
APP00000023,CUST008369,BR0026,2026-06-07,VEHICLE,547836.75,60,REJECTED,C
APP00000024,CUST004966,BR0031,2024-01-13,CONSUMER_DURABLE,1800430.98,60,PENDING,E
APP00000025,CUST000884,BR0024,2024-11-14,PERSONAL,911958.32,18,PENDING,E
APP00000026,CUST000144,BR0007,2024-03-23,CONSUMER_DURABLE,1438341.77,18,APPROVED,C
APP00000027,CUST008222,BR0033,2025-04-25,VEHICLE,212256.38,24,APPROVED,B
APP00000028,CUST004073,BR0007,2025-01-14,VEHICLE,461028.65,24,APPROVED,C
APP00000029,CUST003221,BR0049,2024-07-04,VEHICLE,117310.26,60,APPROVED,B
APP00000030,CUST008150,BR0048,2024-11-15,VEHICLE,1208815.57,48,APPROVED,A
APP00000031,CUST001586,BR0006,2024-05-13,BUSINESS,1517576.96,12,PENDING,B
APP00000032,CUST003644,BR0017,2025-12-21,BUSINESS,816580.0,36,PENDING,E
APP00000033,CUST005985,BR0011,2026-02-21,CONSUMER_DURABLE,1122067.05,48,APPROVED,E
APP00000034,CUST002566,BR0026,2026-04-27,PERSONAL,1628353.9,24,REJECTED,B
APP00000035,CUST003890,BR0035,2024-07-03,PERSONAL,1203858.93,48,APPROVED,C
APP00000036,CUST009469,BR0045,2026-09-08,PERSONAL,1211785.26,60,APPROVED,D
APP00000037,CUST000060,BR0042,2024-01-18,PERSONAL,1915905.57,24,APPROVED,E
APP00000038,CUST007626,BR0029,2024-01-09,CONSUMER_DURABLE,631615.5,24,APPROVED,C
APP00000039,CUST007752,BR0041,2026-01-22,VEHICLE,218623.07,36,APPROVED,E
APP00000040,CUST009272,BR0008,2024-10-17,BUSINESS,763730.11,24,PENDING,C
APP00000041,CUST002622,BR0002,2024-05-16,BUSINESS,573482.37,24,APPROVED,E
APP00000042,CUST005614,BR0038,2026-04-24,BUSINESS,331238.15,24,APPROVED,E
APP00000043,CUST003055,BR0050,2024-10-20,VEHICLE,1404327.78,60,APPROVED,C
APP00000044,CUST002511,BR0043,2025-10-13,BUSINESS,1087557.22,60,REJECTED,B
APP00000045,CUST002886,BR0041,2025-09-06,PERSONAL,415932.19,36,APPROVED,D
APP00000046,CUST008097,BR0009,2024-06-08,BUSINESS,538454.84,24,PENDING,B
APP00000047,CUST003083,BR0012,2025-04-20,BUSINESS,675554.9,48,APPROVED,A
APP00000048,CUST005360,BR0001,2025-03-23,CONSUMER_DURABLE,779957.69,60,REJECTED,B
APP00000049,CUST005710,BR0032,2026-09-10,VEHICLE,581712.63,48,APPROVED,C
APP00000050,CUST009259,BR0033,2025-04-25,CONSUMER_DURABLE,566442.52,12,APPROVED,D
APP00000051,CUST009389,BR0028,2024-09-19,CONSUMER_DURABLE,1246991.78,12,PENDING,C
APP00000052,CUST004521,BR0043,2024-05-20,VEHICLE,1704700.94,36,APPROVED,A
APP00000053,CUST004763,BR0005,2024-12-11,BUSINESS,178448.27,12,REJECTED,A
APP00000054,CUST007225,BR0032,2026-08-24,BUSINESS,966219.1,48,PENDING,A
APP00000055,CUST002502,BR0016,2026-04-20,BUSINESS,1670570.03,60,PENDING,D
APP00000056,CUST006270,BR0011,2025-02-07,PERSONAL,1783885.6,12,APPROVED,E
APP00000057,CUST007067,BR0016,2026-02-23,VEHICLE,505060.36,18,REJECTED,B
APP00000058,CUST007187,BR0034,2025-03-20,VEHICLE,121848.14,36,APPROVED,A
APP00000059,CUST003454,BR0050,2025-11-16,PERSONAL,1364972.84,36,PENDING,E
APP00000060,CUST000832,BR0016,2024-09-11,VEHICLE,500208.72,36,REJECTED,E
APP00000061,CUST005511,BR0035,2025-02-15,BUSINESS,1804621.12,48,APPROVED,D
APP00000062,CUST000601,BR0021,2025-07-16,PERSONAL,469472.8,12,PENDING,A
APP00000063,CUST004765,BR0027,2024-02-11,PERSONAL,120888.79,48,REJECTED,E
APP00000064,CUST007759,BR0011,2024-09-30,BUSINESS,172927.15,12,APPROVED,B
APP00000065,CUST009383,BR0031,2026-01-06,VEHICLE,71753.75,18,APPROVED,A
APP00000066,CUST006056,BR0007,2026-03-15,CONSUMER_DURABLE,1528714.6,12,REJECTED,D
APP00000067,CUST009566,BR0045,2026-06-05,PERSONAL,68388.68,60,PENDING,C
APP00000068,CUST003885,BR0047,2024-05-31,CONSUMER_DURABLE,1687808.51,12,REJECTED,B
APP00000069,CUST004286,BR0015,2026-07-08,VEHICLE,1285850.39,24,REJECTED,B
APP00000070,CUST009405,BR0022,2024-04-17,BUSINESS,518642.54,24,APPROVED,A
APP00000071,CUST002893,BR0020,2024-01-31,CONSUMER_DURABLE,660881.97,60,PENDING,A
APP00000072,CUST006505,BR0027,2026-09-19,BUSINESS,1397962.33,60,APPROVED,A
APP00000073,CUST001629,BR0015,2025-10-16,PERSONAL,1264158.35,18,PENDING,D
APP00000074,CUST004825,BR0004,2026-02-26,PERSONAL,1235278.37,24,APPROVED,B
APP00000075,CUST008323,BR0023,2024-05-13,VEHICLE,122329.06,18,APPROVED,A
APP00000076,CUST000095,BR0025,2026-06-27,VEHICLE,502005.09,24,APPROVED,C
APP00000077,CUST007203,BR0035,2024-05-22,CONSUMER_DURABLE,1004368.5,24,REJECTED,D
APP00000078,CUST003290,BR0047,2025-10-11,BUSINESS,876523.06,24,APPROVED,D
APP00000079,CUST007878,BR0048,2025-10-30,BUSINESS,1257147.62,48,APPROVED,C
APP00000080,CUST001480,BR0040,2025-09-07,PERSONAL,927411.1,18,PENDING,D
APP00000081,CUST006645,BR0001,2025-03-14,VEHICLE,769535.43,18,PENDING,D
APP00000082,CUST002622,BR0019,2024-11-22,CONSUMER_DURABLE,1639303.41,24,APPROVED,C
APP00000083,CUST003442,BR0040,2025-01-19,CONSUMER_DURABLE,1810341.58,48,PENDING,A
APP00000084,CUST005015,BR0033,2025-09-03,BUSINESS,60088.74,12,REJECTED,A
APP00000085,CUST004815,BR0050,2025-08-15,CONSUMER_DURABLE,1816749.95,36,APPROVED,D
APP00000086,CUST008897,BR0048,2025-12-20,BUSINESS,667371.9,12,APPROVED,B
APP00000087,CUST004680,BR0040,2026-01-16,VEHICLE,1438655.87,60,PENDING,D
APP00000088,CUST006041,BR0021,2025-12-15,PERSONAL,1300663.89,60,APPROVED,A
APP00000089,CUST003269,BR0034,2026-03-04,VEHICLE,1255525.35,36,APPROVED,D
APP00000090,CUST007745,BR0015,2026-02-04,CONSUMER_DURABLE,1521660.9,36,APPROVED,A
APP00000091,CUST009598,BR0027,2026-07-22,VEHICLE,386122.96,12,REJECTED,B
APP00000092,CUST001687,BR0007,2025-11-09,VEHICLE,1822467.01,18,REJECTED,A
APP00000093,CUST004486,BR0017,2024-10-04,BUSINESS,50858.32,36,APPROVED,A
APP00000094,CUST001196,BR0048,2024-05-06,VEHICLE,672776.41,36,PENDING,D
APP00000095,CUST009405,BR0050,2025-12-23,BUSINESS,851081.96,12,APPROVED,E
APP00000096,CUST003132,BR0046,2024-12-25,VEHICLE,135175.33,48,APPROVED,D
APP00000097,CUST003552,BR0014,2025-08-16,BUSINESS,1203171.31,24,PENDING,D
APP00000098,CUST008254,BR0039,2026-02-07,CONSUMER_DURABLE,1573968.68,36,PENDING,A
APP00000099,CUST002757,BR0029,2026-05-01,CONSUMER_DURABLE,752602.88,24,APPROVED,C
APP00000100,CUST001771,BR0001,2024-03-02,CONSUMER_DURABLE,1227841.93,12,REJECTED,A
APP00000101,CUST008388,BR0005,2026-03-28,VEHICLE,855322.8,18,APPROVED,D
APP00000102,CUST006321,BR0028,2024-03-30,PERSONAL,1700185.01,12,APPROVED,A
APP00000103,CUST007390,BR0018,2025-01-09,PERSONAL,1363685.15,60,APPROVED,C
APP00000104,CUST007319,BR0030,2024-08-14,PERSONAL,162425.33,12,APPROVED,D
APP00000105,CUST000840,BR0001,2024-08-24,PERSONAL,1511700.65,48,REJECTED,E
APP00000106,CUST007758,BR0015,2025-05-09,PERSONAL,808400.8,18,REJECTED,C
APP00000107,CUST006020,BR0023,2024-04-28,BUSINESS,1831754.97,18,APPROVED,B
APP00000108,CUST002183,BR0027,2025-03-18,BUSINESS,133385.16,48,APPROVED,A
APP00000109,CUST007839,BR0041,2026-05-01,PERSONAL,1638764.08,60,REJECTED,D
APP00000110,CUST009323,BR0048,2024-10-29,PERSONAL,597934.2,36,REJECTED,D
APP00000111,CUST001943,BR0017,2025-10-07,VEHICLE,739460.38,18,APPROVED,A
APP00000112,CUST004565,BR0046,2024-12-18,PERSONAL,665874.03,18,REJECTED,B
APP00000113,CUST006422,BR0022,2025-03-20,BUSINESS,1456022.07,36,PENDING,C
APP00000114,CUST004337,BR0050,2024-08-22,PERSONAL,342578.12,48,APPROVED,A
APP00000115,CUST007527,BR0047,2026-07-05,BUSINESS,698290.27,36,APPROVED,E
APP00000116,CUST005442,BR0005,2024-06-17,PERSONAL,778193.66,12,REJECTED,E
APP00000117,CUST003241,BR0050,2024-11-15,BUSINESS,1298203.15,36,PENDING,E
APP00000118,CUST002161,BR0022,2024-11-09,PERSONAL,486022.07,60,APPROVED,A
APP00000119,CUST004652,BR0044,2025-03-14,PERSONAL,1895187.55,36,APPROVED,E
APP00000120,CUST004667,BR0014,2026-09-04,VEHICLE,1251000.8,24,PENDING,E
APP00000121,CUST004241,BR0029,2025-02-23,BUSINESS,54556.02,24,PENDING,D
APP00000122,CUST008123,BR0017,2026-03-31,BUSINESS,1321596.23,18,APPROVED,B
APP00000123,CUST008196,BR0027,2025-05-06,VEHICLE,438942.3,18,PENDING,E
APP00000124,CUST004455,BR0047,2026-09-15,VEHICLE,1285347.67,36,REJECTED,A
APP00000125,CUST005132,BR0041,2024-04-02,CONSUMER_DURABLE,1424961.36,12,PENDING,C
APP00000126,CUST007884,BR0042,2026-05-22,VEHICLE,354987.43,48,APPROVED,D
APP00000127,CUST001802,BR0013,2025-06-17,PERSONAL,651612.27,12,APPROVED,B
APP00000128,CUST008951,BR0031,2025-11-03,VEHICLE,1390116.49,60,APPROVED,B
APP00000129,CUST006692,BR0012,2025-05-10,BUSINESS,810157.55,48,REJECTED,B
APP00000130,CUST002100,BR0047,2026-05-05,BUSINESS,296675.32,18,APPROVED,D
APP00000131,CUST007522,BR0017,2025-12-22,BUSINESS,1608371.99,60,APPROVED,E
APP00000132,CUST002183,BR0028,2025-11-24,PERSONAL,994285.78,48,APPROVED,D
APP00000133,CUST003573,BR0005,2026-02-23,PERSONAL,902101.43,12,APPROVED,C
APP00000134,CUST000235,BR0049,2024-07-13,CONSUMER_DURABLE,156132.05,36,APPROVED,E
APP00000135,CUST002310,BR0031,2025-06-13,PERSONAL,731917.23,60,PENDING,C
APP00000136,CUST008589,BR0018,2025-08-20,CONSUMER_DURABLE,746230.57,24,APPROVED,E
APP00000137,CUST001136,BR0003,2025-11-04,VEHICLE,261387.84,48,APPROVED,E
APP00000138,CUST009455,BR0026,2024-08-19,BUSINESS,775092.56,18,APPROVED,B
APP00000139,CUST003950,BR0022,2025-06-13,CONSUMER_DURABLE,393224.34,48,REJECTED,A
APP00000140,CUST003833,BR0035,2024-12-01,PERSONAL,1783613.56,24,PENDING,A
APP00000141,CUST001738,BR0004,2024-03-21,CONSUMER_DURABLE,1340153.78,18,APPROVED,A
APP00000142,CUST000786,BR0020,2025-11-27,VEHICLE,253265.61,48,APPROVED,E
APP00000143,CUST006345,BR0045,2026-01-31,PERSONAL,1006135.34,18,APPROVED,B
APP00000144,CUST006028,BR0027,2025-12-13,CONSUMER_DURABLE,190292.86,24,APPROVED,A
APP00000145,CUST006296,BR0009,2024-04-25,BUSINESS,1549114.96,18,REJECTED,E
APP00000146,CUST009706,BR0043,2025-06-14,VEHICLE,1704884.05,60,REJECTED,B
APP00000147,CUST001733,BR0032,2026-04-26,PERSONAL,1331781.48,24,APPROVED,B
APP00000148,CUST003232,BR0008,2024-07-06,BUSINESS,225809.68,24,APPROVED,D
APP00000149,CUST007855,BR0025,2024-12-31,BUSINESS,1628782.2,18,REJECTED,B
APP00000150,CUST002537,BR0018,2024-06-17,BUSINESS,1730114.37,24,PENDING,C
APP00000151,CUST009355,BR0021,2025-04-28,CONSUMER_DURABLE,387567.73,48,APPROVED,E
APP00000152,CUST008908,BR0040,2025-03-07,PERSONAL,1066967.0,36,REJECTED,B
APP00000153,CUST008502,BR0036,2025-11-19,VEHICLE,1057916.0,36,APPROVED,B
APP00000154,CUST006995,BR0009,2024-10-02,BUSINESS,1108960.75,18,APPROVED,C
APP00000155,CUST003710,BR0006,2025-03-18,CONSUMER_DURABLE,305192.85,48,APPROVED,E
APP00000156,CUST008455,BR0034,2024-11-02,CONSUMER_DURABLE,221542.65,12,PENDING,B
APP00000157,CUST003006,BR0027,2026-03-30,BUSINESS,1237473.87,48,REJECTED,A
APP00000158,CUST006811,BR0028,2025-10-01,BUSINESS,314711.99,12,REJECTED,C
APP00000159,CUST006227,BR0043,2024-06-04,CONSUMER_DURABLE,1932387.96,24,APPROVED,B
APP00000160,CUST009088,BR0017,2024-04-28,CONSUMER_DURABLE,373389.28,48,REJECTED,A
APP00000161,CUST005567,BR0024,2025-10-07,VEHICLE,1132256.49,48,REJECTED,D
APP00000162,CUST009383,BR0042,2025-04-07,BUSINESS,1662299.64,18,REJECTED,D
APP00000163,CUST003584,BR0025,2026-09-24,BUSINESS,1160240.45,18,PENDING,D
APP00000164,CUST007061,BR0005,2024-05-05,VEHICLE,248531.31,36,PENDING,A
APP00000165,CUST005397,BR0048,2026-07-07,CONSUMER_DURABLE,763493.51,60,APPROVED,C
APP00000166,CUST008272,BR0031,2024-02-28,CONSUMER_DURABLE,1971946.68,48,REJECTED,A
APP00000167,CUST001993,BR0001,2025-03-23,CONSUMER_DURABLE,1472943.86,36,REJECTED,C
APP00000168,CUST004498,BR0003,2025-01-01,CONSUMER_DURABLE,136325.66,18,APPROVED,A
APP00000169,CUST008577,BR0029,2024-07-30,VEHICLE,1791463.74,24,PENDING,C
APP00000170,CUST009133,BR0041,2024-03-04,PERSONAL,732815.59,60,APPROVED,E
APP00000171,CUST000249,BR0023,2025-11-19,VEHICLE,574811.76,24,APPROVED,B
APP00000172,CUST002486,BR0019,2025-12-28,PERSONAL,1712200.26,18,APPROVED,D
APP00000173,CUST000168,BR0045,2024-08-19,PERSONAL,1130339.67,60,REJECTED,C
APP00000174,CUST003037,BR0015,2026-09-05,BUSINESS,1534056.1,48,APPROVED,D
APP00000175,CUST006762,BR0049,2024-08-30,BUSINESS,1283217.59,12,PENDING,B
APP00000176,CUST006510,BR0022,2024-10-26,CONSUMER_DURABLE,909820.52,36,APPROVED,A
APP00000177,CUST001381,BR0042,2024-02-03,BUSINESS,1757764.55,48,APPROVED,A
APP00000178,CUST006924,BR0050,2026-04-15,VEHICLE,741965.15,36,REJECTED,A
APP00000179,CUST004196,BR0026,2024-01-21,PERSONAL,1998270.54,24,APPROVED,A
APP00000180,CUST000207,BR0040,2026-02-12,BUSINESS,1691265.34,60,REJECTED,A
APP00000181,CUST003952,BR0042,2026-01-06,BUSINESS,647160.63,48,APPROVED,E
APP00000182,CUST005975,BR0047,2026-03-30,BUSINESS,56287.28,36,PENDING,C
APP00000183,CUST005874,BR0002,2024-07-15,BUSINESS,582751.75,48,APPROVED,C
APP00000184,CUST003663,BR0047,2024-02-24,BUSINESS,1583504.82,60,APPROVED,B
APP00000185,CUST005325,BR0024,2024-04-23,VEHICLE,1747905.61,36,REJECTED,A
APP00000186,CUST000422,BR0036,2025-09-03,VEHICLE,1133918.0,36,REJECTED,C
APP00000187,CUST008970,BR0041,2026-03-07,CONSUMER_DURABLE,1876670.66,12,PENDING,D
APP00000188,CUST006957,BR0050,2024-10-09,VEHICLE,108761.97,36,APPROVED,E
APP00000189,CUST007953,BR0021,2024-02-11,VEHICLE,979344.53,48,PENDING,B
APP00000190,CUST006379,BR0011,2026-02-20,PERSONAL,1122080.79,48,APPROVED,D
APP00000191,CUST007508,BR0017,2024-12-06,BUSINESS,1671523.08,24,APPROVED,A
APP00000192,CUST006871,BR0025,2024-04-17,CONSUMER_DURABLE,519563.45,24,PENDING,C
APP00000193,CUST002920,BR0012,2026-04-05,PERSONAL,1181064.29,12,REJECTED,B
APP00000194,CUST001608,BR0023,2026-06-13,PERSONAL,1364410.08,36,APPROVED,D
APP00000195,CUST001767,BR0041,2026-02-01,PERSONAL,349860.21,12,APPROVED,B
APP00000196,CUST004662,BR0039,2024-07-01,BUSINESS,129237.21,60,PENDING,A
APP00000197,CUST008993,BR0015,2026-04-30,PERSONAL,500041.54,48,PENDING,B
APP00000198,CUST008990,BR0038,2025-07-27,PERSONAL,1709237.97,48,APPROVED,B
APP00000199,CUST008919,BR0017,2026-05-23,PERSONAL,1650272.65,36,APPROVED,D
APP00000200,CUST009938,BR0014,2026-09-16,PERSONAL,1375097.02,18,REJECTED,A
APP00000201,CUST009658,BR0007,2024-03-01,PERSONAL,1377585.67,18,APPROVED,C
APP00000202,CUST009628,BR0045,2024-04-09,CONSUMER_DURABLE,487901.65,60,REJECTED,C
APP00000203,CUST003457,BR0048,2026-09-03,BUSINESS,407055.86,12,APPROVED,C
APP00000204,CUST006049,BR0035,2025-12-14,PERSONAL,188096.05,48,APPROVED,A
APP00000205,CUST000714,BR0015,2024-02-25,BUSINESS,340698.18,36,APPROVED,B
APP00000206,CUST004136,BR0017,2026-01-17,PERSONAL,1093006.59,24,REJECTED,A
APP00000207,CUST004924,BR0014,2025-06-06,PERSONAL,1018543.27,24,REJECTED,C
APP00000208,CUST000589,BR0022,2026-02-20,BUSINESS,1354329.9,24,PENDING,C
APP00000209,CUST004347,BR0021,2024-05-27,CONSUMER_DURABLE,606421.85,24,APPROVED,D
APP00000210,CUST002697,BR0049,2025-12-24,VEHICLE,227632.49,60,APPROVED,C
APP00000211,CUST001768,BR0040,2024-04-10,CONSUMER_DURABLE,346718.7,48,REJECTED,C
APP00000212,CUST008816,BR0015,2025-01-15,CONSUMER_DURABLE,1523706.97,18,APPROVED,C
APP00000213,CUST009067,BR0050,2026-05-01,PERSONAL,1074545.54,12,APPROVED,D
APP00000214,CUST002122,BR0015,2026-08-19,VEHICLE,455432.2,48,PENDING,A
APP00000215,CUST009721,BR0048,2024-09-06,PERSONAL,67472.13,12,PENDING,E
APP00000216,CUST000144,BR0025,2026-05-18,BUSINESS,919025.07,48,REJECTED,E
APP00000217,CUST000586,BR0002,2026-01-25,PERSONAL,1494775.79,36,REJECTED,C
APP00000218,CUST001160,BR0047,2024-04-02,CONSUMER_DURABLE,131062.01,36,APPROVED,B
APP00000219,CUST000387,BR0046,2025-07-08,BUSINESS,835704.38,36,APPROVED,E
APP00000220,CUST008412,BR0005,2025-08-24,CONSUMER_DURABLE,1047227.27,18,REJECTED,E
APP00000221,CUST004497,BR0013,2024-10-09,PERSONAL,1936429.77,36,REJECTED,A
APP00000222,CUST004022,BR0028,2024-01-17,VEHICLE,1219917.15,48,APPROVED,A
APP00000223,CUST005709,BR0044,2024-05-03,VEHICLE,957968.18,48,APPROVED,A
APP00000224,CUST009591,BR0050,2026-09-02,BUSINESS,1581855.51,36,REJECTED,B
APP00000225,CUST004981,BR0041,2026-04-28,VEHICLE,881604.11,18,APPROVED,C
APP00000226,CUST003501,BR0004,2024-11-09,PERSONAL,800729.25,18,APPROVED,C
APP00000227,CUST002373,BR0037,2025-01-14,CONSUMER_DURABLE,1205443.61,12,APPROVED,B
APP00000228,CUST006042,BR0011,2024-10-19,PERSONAL,766849.3,24,PENDING,E
APP00000229,CUST009416,BR0022,2026-04-16,PERSONAL,1410999.8,24,APPROVED,A
APP00000230,CUST002681,BR0002,2025-06-21,VEHICLE,1053471.54,18,APPROVED,A
APP00000231,CUST006725,BR0013,2024-09-30,CONSUMER_DURABLE,80248.51,12,PENDING,C
APP00000232,CUST004116,BR0008,2025-06-20,VEHICLE,1361200.3,60,REJECTED,B
APP00000233,CUST003468,BR0041,2025-03-04,VEHICLE,1980750.83,36,PENDING,A
APP00000234,CUST009307,BR0031,2024-08-10,PERSONAL,267455.78,60,APPROVED,A
APP00000235,CUST001565,BR0003,2026-04-15,BUSINESS,1360086.39,48,APPROVED,C
APP00000236,CUST006748,BR0031,2025-09-09,BUSINESS,1033515.29,36,REJECTED,E
APP00000237,CUST000972,BR0032,2025-09-25,CONSUMER_DURABLE,280737.19,24,APPROVED,C
APP00000238,CUST003047,BR0042,2024-04-11,PERSONAL,864334.43,18,APPROVED,C
APP00000239,CUST000963,BR0008,2025-03-17,CONSUMER_DURABLE,533799.58,12,APPROVED,E
APP00000240,CUST003420,BR0015,2026-02-28,CONSUMER_DURABLE,428042.22,12,PENDING,E
APP00000241,CUST008951,BR0019,2024-09-25,VEHICLE,774733.51,36,REJECTED,C
APP00000242,CUST008628,BR0022,2024-07-24,PERSONAL,1723801.44,24,APPROVED,D
APP00000243,CUST006132,BR0040,2026-02-10,PERSONAL,1609774.94,60,PENDING,C
APP00000244,CUST009195,BR0041,2025-11-26,CONSUMER_DURABLE,1295699.74,24,PENDING,C
APP00000245,CUST000303,BR0004,2024-04-27,BUSINESS,1807125.64,48,APPROVED,B
APP00000246,CUST004088,BR0032,2024-02-21,BUSINESS,958498.72,18,PENDING,B
APP00000247,CUST001804,BR0025,2026-04-25,VEHICLE,181771.85,36,PENDING,D
APP00000248,CUST001431,BR0023,2025-04-18,BUSINESS,1994002.36,18,REJECTED,C
APP00000249,CUST001770,BR0015,2025-01-25,BUSINESS,1584661.78,18,APPROVED,A
APP00000250,CUST006295,BR0040,2025-11-29,BUSINESS,1511916.58,18,PENDING,D
APP00000251,CUST002668,BR0020,2025-10-11,VEHICLE,614859.63,36,APPROVED,A
APP00000252,CUST005072,BR0040,2024-06-24,CONSUMER_DURABLE,1167569.12,12,APPROVED,D
APP00000253,CUST008182,BR0020,2026-06-20,VEHICLE,1039068.5,12,PENDING,D
APP00000254,CUST009308,BR0003,2024-10-05,CONSUMER_DURABLE,517908.01,60,PENDING,C
APP00000255,CUST003401,BR0004,2024-09-20,BUSINESS,1472273.29,36,PENDING,E
APP00000256,CUST008163,BR0030,2025-10-23,PERSONAL,1770201.52,24,PENDING,D
APP00000257,CUST000746,BR0027,2025-05-14,PERSONAL,84376.38,60,APPROVED,B
APP00000258,CUST009008,BR0002,2024-01-23,VEHICLE,634299.19,12,APPROVED,A
APP00000259,CUST000250,BR0040,2025-06-02,VEHICLE,1469975.73,24,APPROVED,B
APP00000260,CUST005120,BR0015,2025-02-13,BUSINESS,1834864.3,48,REJECTED,D
APP00000261,CUST000201,BR0012,2025-07-29,PERSONAL,1303577.53,18,APPROVED,D
APP00000262,CUST005434,BR0037,2026-01-13,BUSINESS,879319.38,60,PENDING,A
APP00000263,CUST004565,BR0046,2025-11-17,CONSUMER_DURABLE,1049707.2,60,REJECTED,D
APP00000264,CUST004398,BR0037,2026-09-22,BUSINESS,707165.8,48,APPROVED,C
APP00000265,CUST000778,BR0035,2026-03-09,VEHICLE,1732654.82,60,PENDING,D
APP00000266,CUST008488,BR0003,2025-11-07,VEHICLE,372331.45,36,APPROVED,C
APP00000267,CUST005645,BR0035,2025-04-10,CONSUMER_DURABLE,921276.64,48,PENDING,B
APP00000268,CUST005549,BR0027,2025-08-19,VEHICLE,1624219.34,60,PENDING,C
APP00000269,CUST006778,BR0035,2025-11-07,CONSUMER_DURABLE,528485.76,60,REJECTED,A
APP00000270,CUST005952,BR0021,2024-08-03,CONSUMER_DURABLE,401886.08,24,APPROVED,E
APP00000271,CUST003924,BR0043,2024-03-16,VEHICLE,644929.22,12,APPROVED,D
APP00000272,CUST000742,BR0031,2025-11-13,VEHICLE,1305313.77,36,APPROVED,C
APP00000273,CUST000784,BR0025,2024-03-16,VEHICLE,1314431.08,12,PENDING,C
APP00000274,CUST009776,BR0003,2024-02-22,VEHICLE,1905231.21,48,APPROVED,D
APP00000275,CUST003235,BR0013,2025-07-08,VEHICLE,1804239.09,60,APPROVED,C
APP00000276,CUST000794,BR0019,2025-05-19,BUSINESS,1490371.61,12,PENDING,A
APP00000277,CUST002525,BR0015,2025-02-21,BUSINESS,368069.71,48,APPROVED,E
APP00000278,CUST003182,BR0015,2026-05-23,BUSINESS,1010225.93,60,PENDING,C
APP00000279,CUST004806,BR0024,2026-05-01,VEHICLE,736764.95,60,PENDING,C
APP00000280,CUST002810,BR0015,2025-05-22,CONSUMER_DURABLE,405236.35,24,APPROVED,E
APP00000281,CUST003568,BR0018,2026-09-21,BUSINESS,456915.23,18,REJECTED,A
APP00000282,CUST009470,BR0018,2025-02-03,CONSUMER_DURABLE,1071366.43,36,APPROVED,B
APP00000283,CUST005739,BR0002,2024-09-06,BUSINESS,572354.67,18,PENDING,D
APP00000284,CUST005805,BR0034,2026-09-22,PERSONAL,1239405.31,18,APPROVED,A
APP00000285,CUST009903,BR0025,2025-03-18,CONSUMER_DURABLE,1784541.03,18,APPROVED,D
APP00000286,CUST002789,BR0021,2025-11-26,CONSUMER_DURABLE,1908146.0,24,PENDING,E
APP00000287,CUST008768,BR0017,2024-08-03,BUSINESS,942155.51,48,REJECTED,A
APP00000288,CUST008982,BR0004,2025-06-05,CONSUMER_DURABLE,174699.74,24,PENDING,B
APP00000289,CUST006808,BR0042,2025-12-14,BUSINESS,1653721.92,18,REJECTED,D
APP00000290,CUST001306,BR0021,2025-08-19,CONSUMER_DURABLE,675485.64,18,APPROVED,A
APP00000291,CUST005785,BR0006,2024-01-03,CONSUMER_DURABLE,762198.68,60,PENDING,D
APP00000292,CUST004019,BR0034,2026-06-15,VEHICLE,376527.86,24,REJECTED,E
APP00000293,CUST009742,BR0043,2026-01-01,VEHICLE,459961.81,12,APPROVED,E
APP00000294,CUST004033,BR0008,2026-06-30,BUSINESS,397704.56,12,APPROVED,C
APP00000295,CUST001375,BR0028,2026-03-19,CONSUMER_DURABLE,1284675.91,18,APPROVED,C
APP00000296,CUST003819,BR0005,2025-08-06,BUSINESS,785381.67,60,PENDING,C
APP00000297,CUST008471,BR0005,2025-03-05,BUSINESS,1386548.69,24,PENDING,B
APP00000298,CUST004409,BR0048,2026-06-27,VEHICLE,1419233.15,12,REJECTED,B
APP00000299,CUST005433,BR0028,2024-01-15,VEHICLE,541639.89,12,REJECTED,D
APP00000300,CUST002979,BR0023,2026-06-13,BUSINESS,1515388.3,12,APPROVED,E
APP00000301,CUST000438,BR0044,2026-09-14,BUSINESS,1601785.09,18,APPROVED,C
APP00000302,CUST005236,BR0014,2024-10-09,PERSONAL,1317105.41,48,REJECTED,D
APP00000303,CUST007437,BR0019,2025-06-22,PERSONAL,1864384.27,12,APPROVED,C
APP00000304,CUST005218,BR0030,2025-01-12,VEHICLE,482556.51,24,APPROVED,C
APP00000305,CUST007456,BR0018,2026-03-03,CONSUMER_DURABLE,82337.76,36,APPROVED,E
APP00000306,CUST003126,BR0006,2024-07-08,BUSINESS,896945.13,60,REJECTED,B
APP00000307,CUST000056,BR0032,2026-01-08,VEHICLE,1494987.88,18,REJECTED,C
APP00000308,CUST002395,BR0005,2024-11-17,CONSUMER_DURABLE,1906729.69,60,APPROVED,A
APP00000309,CUST004238,BR0036,2025-07-17,CONSUMER_DURABLE,1278757.63,24,REJECTED,E
APP00000310,CUST006801,BR0033,2024-09-23,PERSONAL,418270.56,48,APPROVED,E
APP00000311,CUST008962,BR0036,2025-04-21,BUSINESS,800833.77,48,APPROVED,E
APP00000312,CUST005137,BR0050,2026-03-24,CONSUMER_DURABLE,1224696.93,18,APPROVED,B
APP00000313,CUST008723,BR0041,2026-02-21,VEHICLE,718519.32,48,PENDING,D
APP00000314,CUST007877,BR0050,2024-12-02,CONSUMER_DURABLE,1940379.76,36,APPROVED,A
APP00000315,CUST006060,BR0041,2026-04-05,BUSINESS,293307.55,12,REJECTED,D
APP00000316,CUST006246,BR0036,2024-11-24,PERSONAL,1215796.98,60,APPROVED,D
APP00000317,CUST006517,BR0046,2025-01-04,PERSONAL,780090.16,18,APPROVED,B
APP00000318,CUST005385,BR0003,2025-06-03,VEHICLE,1523958.53,48,PENDING,A
APP00000319,CUST007116,BR0031,2026-08-21,BUSINESS,654849.08,36,REJECTED,A
APP00000320,CUST002010,BR0016,2025-01-10,VEHICLE,1763797.45,60,PENDING,A
APP00000321,CUST000357,BR0042,2025-01-24,VEHICLE,218723.27,18,APPROVED,B
APP00000322,CUST004672,BR0021,2024-02-01,CONSUMER_DURABLE,794328.5,24,PENDING,C
APP00000323,CUST004310,BR0037,2026-02-23,PERSONAL,1712628.76,48,REJECTED,A
APP00000324,CUST007492,BR0031,2024-10-03,VEHICLE,606559.57,18,APPROVED,E
APP00000325,CUST008068,BR0004,2026-06-20,VEHICLE,84849.18,18,REJECTED,E
APP00000326,CUST003330,BR0011,2024-08-16,BUSINESS,1733494.56,48,PENDING,B
APP00000327,CUST004343,BR0006,2025-01-09,VEHICLE,247559.08,48,PENDING,D
APP00000328,CUST005114,BR0007,2025-10-19,CONSUMER_DURABLE,1722605.93,24,REJECTED,E
APP00000329,CUST005769,BR0048,2025-09-25,PERSONAL,1583010.28,12,APPROVED,E
APP00000330,CUST004098,BR0022,2026-03-30,CONSUMER_DURABLE,1066234.56,24,PENDING,A
APP00000331,CUST007047,BR0011,2026-08-04,BUSINESS,1704859.47,24,APPROVED,E
APP00000332,CUST008353,BR0040,2026-03-02,VEHICLE,1469945.77,60,APPROVED,C
APP00000333,CUST004676,BR0037,2026-01-31,PERSONAL,1652897.29,48,REJECTED,E
APP00000334,CUST001846,BR0010,2024-08-06,CONSUMER_DURABLE,937057.32,48,PENDING,E
APP00000335,CUST006317,BR0002,2024-01-28,CONSUMER_DURABLE,1457598.04,60,PENDING,E
APP00000336,CUST000542,BR0019,2025-08-09,PERSONAL,476391.94,18,PENDING,B
APP00000337,CUST001682,BR0012,2026-03-26,BUSINESS,1906116.7,12,PENDING,D
APP00000338,CUST006963,BR0039,2025-06-27,VEHICLE,1356854.16,36,APPROVED,B
APP00000339,CUST009447,BR0002,2026-07-05,BUSINESS,1718693.48,12,REJECTED,C
APP00000340,CUST002512,BR0018,2024-02-13,PERSONAL,1737078.09,48,APPROVED,D
APP00000341,CUST003150,BR0006,2025-01-11,BUSINESS,340961.5,18,REJECTED,E
APP00000342,CUST008710,BR0030,2024-02-22,CONSUMER_DURABLE,680737.8,36,APPROVED,B
APP00000343,CUST004257,BR0018,2026-01-10,BUSINESS,342327.3,48,APPROVED,C
APP00000344,CUST008456,BR0008,2025-07-19,BUSINESS,626616.47,12,REJECTED,A
APP00000345,CUST000771,BR0046,2025-09-25,BUSINESS,230438.03,36,REJECTED,A
APP00000346,CUST005213,BR0009,2026-02-27,VEHICLE,698302.65,24,APPROVED,A
APP00000347,CUST007425,BR0015,2025-04-02,VEHICLE,153891.12,48,APPROVED,B
APP00000348,CUST005831,BR0029,2024-09-28,CONSUMER_DURABLE,1876515.03,60,REJECTED,C
APP00000349,CUST008596,BR0003,2025-03-17,VEHICLE,1744537.9,24,REJECTED,D
APP00000350,CUST008401,BR0003,2024-06-15,VEHICLE,617187.01,36,APPROVED,B
APP00000351,CUST006736,BR0042,2025-03-24,VEHICLE,1534499.96,36,APPROVED,A
APP00000352,CUST008241,BR0035,2026-02-17,PERSONAL,1668428.71,48,APPROVED,C
APP00000353,CUST005172,BR0040,2024-01-14,CONSUMER_DURABLE,75222.9,60,APPROVED,C
APP00000354,CUST009034,BR0045,2024-03-24,BUSINESS,1162119.53,24,APPROVED,A
APP00000355,CUST001936,BR0026,2026-02-08,BUSINESS,1152077.89,36,REJECTED,E
APP00000356,CUST004598,BR0042,2025-07-12,CONSUMER_DURABLE,1902972.31,12,PENDING,C
APP00000357,CUST009435,BR0025,2024-11-26,BUSINESS,778116.59,12,APPROVED,A
APP00000358,CUST008303,BR0002,2025-05-15,VEHICLE,767387.42,12,REJECTED,B
APP00000359,CUST004536,BR0034,2024-10-17,VEHICLE,1186171.88,60,APPROVED,C
APP00000360,CUST009201,BR0038,2025-05-23,VEHICLE,1658657.5,12,APPROVED,E
APP00000361,CUST000451,BR0030,2024-04-26,CONSUMER_DURABLE,115482.28,48,APPROVED,B
APP00000362,CUST008438,BR0003,2026-04-23,PERSONAL,486183.28,18,APPROVED,D
APP00000363,CUST008538,BR0001,2025-09-15,PERSONAL,220113.41,48,APPROVED,C
APP00000364,CUST008381,BR0036,2024-07-12,CONSUMER_DURABLE,1002201.39,18,REJECTED,D
APP00000365,CUST008145,BR0005,2025-10-01,BUSINESS,1229530.23,60,REJECTED,C
APP00000366,CUST006669,BR0036,2024-07-06,PERSONAL,1469070.83,12,PENDING,E
APP00000367,CUST000855,BR0035,2025-07-08,BUSINESS,1776822.5,12,APPROVED,E
APP00000368,CUST008106,BR0021,2024-08-01,BUSINESS,1688816.66,36,PENDING,B
APP00000369,CUST003203,BR0044,2024-11-19,BUSINESS,805235.73,48,REJECTED,B
APP00000370,CUST008850,BR0014,2025-03-27,CONSUMER_DURABLE,1207977.14,60,REJECTED,D
APP00000371,CUST004712,BR0003,2026-02-14,BUSINESS,923330.66,18,PENDING,D
APP00000372,CUST000085,BR0010,2025-07-26,BUSINESS,766819.11,18,APPROVED,A
APP00000373,CUST002081,BR0017,2026-04-05,CONSUMER_DURABLE,176519.85,12,APPROVED,B
APP00000374,CUST005566,BR0036,2024-01-08,BUSINESS,1717060.01,48,REJECTED,E
APP00000375,CUST005890,BR0048,2024-04-26,PERSONAL,55753.27,24,PENDING,D
APP00000376,CUST002190,BR0045,2025-06-15,CONSUMER_DURABLE,1093279.11,12,REJECTED,D
APP00000377,CUST007575,BR0044,2026-02-27,CONSUMER_DURABLE,1460654.71,18,APPROVED,D
APP00000378,CUST002750,BR0014,2025-08-22,VEHICLE,870009.53,60,PENDING,B
APP00000379,CUST004137,BR0017,2024-09-20,VEHICLE,1041550.71,36,PENDING,C
APP00000380,CUST004276,BR0012,2024-03-26,BUSINESS,1214900.07,12,REJECTED,D
APP00000381,CUST009907,BR0017,2026-04-20,CONSUMER_DURABLE,1356882.18,36,REJECTED,C
APP00000382,CUST001611,BR0023,2026-04-28,PERSONAL,1410168.26,36,REJECTED,E
APP00000383,CUST005310,BR0013,2024-05-27,CONSUMER_DURABLE,1938066.58,36,APPROVED,C
APP00000384,CUST002832,BR0036,2025-04-26,PERSONAL,886173.13,60,REJECTED,C
APP00000385,CUST004198,BR0011,2025-10-27,BUSINESS,1216272.27,36,PENDING,B
APP00000386,CUST005430,BR0032,2025-06-13,BUSINESS,798215.43,12,APPROVED,E
APP00000387,CUST004260,BR0021,2026-06-11,PERSONAL,1434330.23,18,APPROVED,B
APP00000388,CUST009889,BR0043,2025-09-23,PERSONAL,507703.03,18,PENDING,B
APP00000389,CUST000430,BR0039,2025-01-08,CONSUMER_DURABLE,1752144.82,24,APPROVED,C
APP00000390,CUST008158,BR0024,2025-10-11,VEHICLE,274558.07,48,PENDING,C
APP00000391,CUST002240,BR0005,2024-02-18,CONSUMER_DURABLE,1342071.86,36,REJECTED,D
APP00000392,CUST007660,BR0028,2024-08-27,CONSUMER_DURABLE,1670973.41,12,PENDING,D
APP00000393,CUST000272,BR0028,2025-12-19,BUSINESS,310577.27,60,APPROVED,B
APP00000394,CUST003007,BR0042,2026-06-04,BUSINESS,1581255.76,48,REJECTED,B
APP00000395,CUST003785,BR0036,2024-10-08,PERSONAL,783827.78,24,PENDING,E
APP00000396,CUST009039,BR0042,2024-11-10,CONSUMER_DURABLE,1287116.66,12,APPROVED,E
APP00000397,CUST001001,BR0031,2025-02-22,PERSONAL,1884935.6,12,APPROVED,A
APP00000398,CUST003825,BR0021,2025-02-02,PERSONAL,563119.94,60,REJECTED,E
APP00000399,CUST002739,BR0013,2026-08-12,CONSUMER_DURABLE,279297.54,60,PENDING,D
APP00000400,CUST007956,BR0017,2025-04-03,CONSUMER_DURABLE,456586.72,18,APPROVED,C
APP00000401,CUST001537,BR0007,2025-05-08,PERSONAL,335521.27,36,APPROVED,E
APP00000402,CUST004092,BR0022,2026-01-19,BUSINESS,1162392.76,18,APPROVED,E
APP00000403,CUST006509,BR0036,2026-05-16,CONSUMER_DURABLE,175970.86,60,PENDING,C
APP00000404,CUST000938,BR0012,2026-04-08,BUSINESS,1036044.63,48,APPROVED,B
APP00000405,CUST000612,BR0026,2025-11-17,PERSONAL,1370156.39,24,APPROVED,E
APP00000406,CUST003453,BR0030,2026-01-20,CONSUMER_DURABLE,1728406.2,18,APPROVED,B
APP00000407,CUST005705,BR0025,2024-12-31,BUSINESS,208651.21,24,APPROVED,E
APP00000408,CUST002326,BR0032,2025-10-20,BUSINESS,1571894.22,24,APPROVED,A
APP00000409,CUST006908,BR0032,2024-12-30,BUSINESS,1059705.44,48,APPROVED,C
APP00000410,CUST006232,BR0010,2026-08-28,BUSINESS,1401579.8,12,REJECTED,A
APP00000411,CUST009562,BR0050,2026-06-10,PERSONAL,183536.02,36,APPROVED,B
APP00000412,CUST008236,BR0008,2024-06-29,BUSINESS,1190719.42,24,APPROVED,C
APP00000413,CUST000818,BR0018,2025-10-04,VEHICLE,635636.77,18,PENDING,B
APP00000414,CUST000376,BR0018,2025-05-20,PERSONAL,1452937.05,24,APPROVED,E
APP00000415,CUST000732,BR0017,2026-05-18,BUSINESS,1503601.23,48,REJECTED,B
APP00000416,CUST004869,BR0015,2026-05-15,VEHICLE,155096.29,36,PENDING,D
APP00000417,CUST000664,BR0018,2024-12-13,VEHICLE,1517286.3,18,PENDING,E
APP00000418,CUST002207,BR0014,2026-07-18,VEHICLE,1541991.57,12,REJECTED,A
APP00000419,CUST002993,BR0023,2026-05-13,PERSONAL,343280.05,48,REJECTED,D
APP00000420,CUST009000,BR0013,2026-07-08,PERSONAL,1598332.62,24,APPROVED,D
APP00000421,CUST008735,BR0040,2024-11-13,PERSONAL,1197434.39,36,PENDING,E
APP00000422,CUST001920,BR0039,2025-07-01,CONSUMER_DURABLE,590589.38,48,PENDING,C
APP00000423,CUST007078,BR0028,2024-11-16,VEHICLE,759464.07,18,REJECTED,D
APP00000424,CUST001635,BR0011,2024-05-05,VEHICLE,1992393.45,60,PENDING,A
APP00000425,CUST001928,BR0007,2025-08-07,VEHICLE,1310255.57,18,REJECTED,D
APP00000426,CUST003898,BR0032,2025-11-03,VEHICLE,1214020.38,18,REJECTED,A
APP00000427,CUST001216,BR0039,2024-06-26,VEHICLE,976547.85,12,PENDING,D
APP00000428,CUST000218,BR0015,2024-05-02,PERSONAL,686905.08,18,PENDING,A
APP00000429,CUST008670,BR0003,2026-09-18,VEHICLE,90402.63,24,APPROVED,B
APP00000430,CUST007493,BR0044,2026-06-29,CONSUMER_DURABLE,704769.99,12,APPROVED,E
APP00000431,CUST004518,BR0029,2026-01-23,BUSINESS,528901.93,12,REJECTED,B
APP00000432,CUST001320,BR0026,2025-03-20,BUSINESS,1389025.39,60,REJECTED,C
APP00000433,CUST000185,BR0041,2025-04-22,BUSINESS,414399.2,12,PENDING,E
APP00000434,CUST008171,BR0034,2026-01-13,VEHICLE,103431.2,24,PENDING,C
APP00000435,CUST002808,BR0022,2025-05-23,BUSINESS,1858852.37,48,APPROVED,D
APP00000436,CUST004650,BR0039,2025-11-27,VEHICLE,1132834.82,48,PENDING,D
APP00000437,CUST009141,BR0005,2024-01-09,CONSUMER_DURABLE,1326301.95,12,APPROVED,D
APP00000438,CUST002691,BR0007,2025-07-26,VEHICLE,1530802.87,60,REJECTED,B
APP00000439,CUST005500,BR0049,2024-08-21,VEHICLE,274953.38,48,APPROVED,A
APP00000440,CUST008907,BR0036,2025-02-22,BUSINESS,1963308.91,48,REJECTED,B
APP00000441,CUST002858,BR0006,2026-04-24,BUSINESS,956751.75,48,APPROVED,C
APP00000442,CUST004166,BR0037,2024-11-09,PERSONAL,58359.29,36,REJECTED,E
APP00000443,CUST007688,BR0047,2026-08-17,CONSUMER_DURABLE,1347621.53,60,PENDING,E
APP00000444,CUST008620,BR0031,2025-08-10,CONSUMER_DURABLE,1626961.17,48,PENDING,A
APP00000445,CUST009659,BR0040,2026-01-30,VEHICLE,765107.07,60,APPROVED,D
APP00000446,CUST006952,BR0009,2025-09-08,VEHICLE,212557.75,60,PENDING,A
APP00000447,CUST008029,BR0029,2026-09-06,VEHICLE,1587542.35,18,APPROVED,E
APP00000448,CUST007039,BR0028,2025-08-17,BUSINESS,259420.16,18,APPROVED,B
APP00000449,CUST001840,BR0023,2026-05-25,PERSONAL,691843.28,36,APPROVED,A
APP00000450,CUST005114,BR0013,2024-02-01,BUSINESS,1233018.19,12,PENDING,A
APP00000451,CUST005946,BR0002,2025-01-05,PERSONAL,531668.37,12,APPROVED,E
APP00000452,CUST006565,BR0003,2024-10-23,PERSONAL,86824.95,12,APPROVED,B
APP00000453,CUST002328,BR0035,2026-02-11,VEHICLE,333040.59,48,APPROVED,A
APP00000454,CUST006628,BR0021,2024-12-25,CONSUMER_DURABLE,636268.04,24,REJECTED,E
APP00000455,CUST001128,BR0039,2025-04-08,VEHICLE,1746118.16,48,PENDING,A
APP00000456,CUST002388,BR0019,2024-06-19,VEHICLE,1309067.97,18,PENDING,A
APP00000457,CUST006550,BR0029,2024-08-30,VEHICLE,823699.52,36,APPROVED,C
APP00000458,CUST003188,BR0034,2026-02-24,BUSINESS,546332.18,18,REJECTED,E
APP00000459,CUST000277,BR0041,2024-11-26,BUSINESS,1453309.88,12,APPROVED,B
APP00000460,CUST003340,BR0029,2024-04-03,BUSINESS,521836.95,36,REJECTED,B
APP00000461,CUST009953,BR0045,2024-11-01,BUSINESS,1323577.48,24,APPROVED,E
APP00000462,CUST001778,BR0047,2024-11-25,PERSONAL,1571385.77,24,PENDING,B
APP00000463,CUST006252,BR0024,2024-07-14,PERSONAL,1165686.72,18,PENDING,D
APP00000464,CUST005563,BR0010,2025-11-16,PERSONAL,516999.63,24,PENDING,A
APP00000465,CUST002324,BR0033,2024-01-11,BUSINESS,1276777.09,18,APPROVED,B
APP00000466,CUST002207,BR0011,2025-01-13,BUSINESS,876033.56,60,APPROVED,A
APP00000467,CUST001669,BR0004,2024-04-25,BUSINESS,1380816.06,24,PENDING,E
APP00000468,CUST003899,BR0028,2026-09-19,BUSINESS,1730341.36,36,REJECTED,E
APP00000469,CUST002310,BR0044,2025-02-16,VEHICLE,472057.96,48,PENDING,A
APP00000470,CUST009139,BR0048,2025-05-30,PERSONAL,1034203.17,60,PENDING,B
APP00000471,CUST005761,BR0050,2025-09-06,PERSONAL,327920.82,24,PENDING,A
APP00000472,CUST004548,BR0047,2024-07-15,PERSONAL,1298911.66,24,APPROVED,B
APP00000473,CUST001198,BR0019,2024-02-26,PERSONAL,1450624.96,48,APPROVED,A
APP00000474,CUST004327,BR0006,2026-05-29,CONSUMER_DURABLE,251471.14,60,APPROVED,E
APP00000475,CUST001495,BR0021,2024-10-18,PERSONAL,370756.95,18,REJECTED,E
APP00000476,CUST001000,BR0027,2024-09-14,VEHICLE,71088.92,60,PENDING,B
APP00000477,CUST003415,BR0043,2024-06-23,PERSONAL,1371366.03,60,APPROVED,D
APP00000478,CUST008404,BR0014,2025-08-23,CONSUMER_DURABLE,1752199.42,12,PENDING,B
APP00000479,CUST004405,BR0037,2024-12-06,VEHICLE,1096272.8,12,APPROVED,A
APP00000480,CUST003989,BR0028,2024-03-30,PERSONAL,1664666.29,60,REJECTED,A
APP00000481,CUST006597,BR0020,2025-03-30,BUSINESS,791450.69,60,PENDING,A
APP00000482,CUST003181,BR0040,2026-09-30,CONSUMER_DURABLE,190623.97,12,PENDING,D
APP00000483,CUST004308,BR0030,2024-08-19,BUSINESS,112809.89,18,PENDING,A
APP00000484,CUST008602,BR0017,2024-02-06,CONSUMER_DURABLE,234455.39,60,REJECTED,C
APP00000485,CUST007122,BR0050,2026-05-21,PERSONAL,1654661.94,48,APPROVED,A
APP00000486,CUST008273,BR0019,2025-02-14,BUSINESS,63725.59,18,APPROVED,D
APP00000487,CUST007987,BR0048,2024-07-02,CONSUMER_DURABLE,1608068.93,12,REJECTED,D
APP00000488,CUST008948,BR0018,2025-09-20,VEHICLE,1373416.04,12,REJECTED,D
APP00000489,CUST006625,BR0034,2026-01-03,BUSINESS,1534644.3,18,APPROVED,C
APP00000490,CUST008952,BR0027,2025-11-02,VEHICLE,1384334.58,12,REJECTED,C
APP00000491,CUST005452,BR0045,2026-09-24,PERSONAL,1403917.0,24,APPROVED,E
APP00000492,CUST004394,BR0015,2024-04-25,VEHICLE,1563705.48,48,REJECTED,C
APP00000493,CUST003773,BR0008,2024-08-20,PERSONAL,1883066.29,24,APPROVED,E
APP00000494,CUST005090,BR0029,2024-06-25,VEHICLE,1172299.21,12,PENDING,D
APP00000495,CUST003026,BR0033,2026-09-27,VEHICLE,1970798.34,18,REJECTED,C
APP00000496,CUST002986,BR0014,2024-09-02,PERSONAL,1317513.1,18,APPROVED,D
APP00000497,CUST007917,BR0014,2024-10-10,VEHICLE,285292.75,36,PENDING,E
APP00000498,CUST007460,BR0037,2026-06-17,CONSUMER_DURABLE,149725.34,48,REJECTED,C
APP00000499,CUST002714,BR0009,2024-01-31,BUSINESS,1167639.06,36,REJECTED,C
APP00000500,CUST005124,BR0020,2024-06-14,CONSUMER_DURABLE,1460836.64,12,REJECTED,E
APP00000501,CUST001807,BR0027,2026-07-02,VEHICLE,1454032.45,12,APPROVED,E
APP00000502,CUST003744,BR0012,2026-07-06,PERSONAL,744868.41,24,PENDING,B
APP00000503,CUST007073,BR0029,2026-03-30,CONSUMER_DURABLE,1348031.47,48,PENDING,E
APP00000504,CUST009000,BR0030,2025-02-16,PERSONAL,715182.45,12,APPROVED,D
APP00000505,CUST009279,BR0032,2026-06-02,VEHICLE,1026010.4,18,REJECTED,D
APP00000506,CUST003267,BR0023,2025-07-23,BUSINESS,1420005.64,48,APPROVED,B
APP00000507,CUST001174,BR0004,2025-09-28,BUSINESS,1913287.16,36,REJECTED,D
APP00000508,CUST006365,BR0035,2024-01-12,PERSONAL,1019510.42,18,APPROVED,D
APP00000509,CUST008302,BR0035,2026-01-03,BUSINESS,210035.97,24,APPROVED,E
APP00000510,CUST006428,BR0022,2026-04-07,CONSUMER_DURABLE,1342496.69,48,APPROVED,D
APP00000511,CUST009989,BR0008,2026-02-23,CONSUMER_DURABLE,1797427.98,18,APPROVED,C
APP00000512,CUST000419,BR0017,2024-05-05,BUSINESS,530551.18,24,APPROVED,B
APP00000513,CUST007698,BR0003,2024-07-04,CONSUMER_DURABLE,1823294.23,48,APPROVED,A
APP00000514,CUST000281,BR0022,2025-07-17,VEHICLE,148239.15,18,REJECTED,D
APP00000515,CUST004782,BR0019,2026-07-11,PERSONAL,1080027.72,24,PENDING,E
APP00000516,CUST005617,BR0044,2025-10-14,PERSONAL,1785392.53,60,APPROVED,C
APP00000517,CUST001156,BR0024,2026-02-13,PERSONAL,1654464.35,24,PENDING,C
APP00000518,CUST007459,BR0009,2024-03-20,PERSONAL,1126609.63,18,REJECTED,B
APP00000519,CUST005434,BR0040,2025-04-23,PERSONAL,427934.62,36,REJECTED,A
APP00000520,CUST001148,BR0027,2026-05-18,CONSUMER_DURABLE,57300.83,36,REJECTED,A
APP00000521,CUST003715,BR0008,2025-11-22,PERSONAL,779293.6,48,REJECTED,B
APP00000522,CUST002927,BR0024,2025-12-17,PERSONAL,1038733.65,24,APPROVED,C
APP00000523,CUST002295,BR0025,2026-04-06,CONSUMER_DURABLE,325067.69,48,PENDING,D
APP00000524,CUST009185,BR0009,2026-01-23,BUSINESS,1518444.85,24,PENDING,C
APP00000525,CUST006174,BR0040,2024-07-07,BUSINESS,1251679.49,36,APPROVED,C
APP00000526,CUST006764,BR0042,2024-11-29,BUSINESS,164650.36,24,APPROVED,D
APP00000527,CUST002300,BR0005,2026-07-08,VEHICLE,160781.87,12,PENDING,E
APP00000528,CUST005023,BR0018,2024-09-03,CONSUMER_DURABLE,268040.87,12,APPROVED,A
APP00000529,CUST005247,BR0015,2025-09-19,PERSONAL,345048.78,24,APPROVED,E
APP00000530,CUST000711,BR0026,2024-07-23,CONSUMER_DURABLE,816095.02,12,REJECTED,E
APP00000531,CUST006811,BR0039,2026-07-07,PERSONAL,1997417.69,24,APPROVED,B
APP00000532,CUST002628,BR0040,2024-08-04,PERSONAL,1761157.79,18,PENDING,A
APP00000533,CUST009145,BR0044,2024-09-05,BUSINESS,1125946.01,18,APPROVED,E
APP00000534,CUST006230,BR0048,2024-09-04,CONSUMER_DURABLE,168424.48,12,APPROVED,D
APP00000535,CUST008145,BR0047,2025-10-02,CONSUMER_DURABLE,85911.34,48,REJECTED,A
APP00000536,CUST004532,BR0050,2024-05-11,VEHICLE,554841.08,48,APPROVED,A
APP00000537,CUST005054,BR0018,2025-11-28,CONSUMER_DURABLE,1088378.49,60,APPROVED,C
APP00000538,CUST000318,BR0006,2026-06-19,PERSONAL,1334445.21,48,REJECTED,E
APP00000539,CUST008352,BR0001,2025-11-24,PERSONAL,1292734.29,24,REJECTED,B
APP00000540,CUST004143,BR0050,2025-04-25,BUSINESS,1397449.41,36,REJECTED,A
APP00000541,CUST003521,BR0039,2025-03-23,PERSONAL,236681.78,12,APPROVED,B
APP00000542,CUST001475,BR0002,2025-05-12,PERSONAL,1491180.45,18,APPROVED,C
APP00000543,CUST007552,BR0009,2026-06-23,CONSUMER_DURABLE,1399561.05,18,APPROVED,C
APP00000544,CUST006592,BR0015,2026-04-22,BUSINESS,1078733.67,12,REJECTED,E
APP00000545,CUST008259,BR0028,2026-08-11,VEHICLE,663451.47,18,REJECTED,A
APP00000546,CUST001675,BR0017,2025-03-22,CONSUMER_DURABLE,904081.61,18,REJECTED,B
APP00000547,CUST006822,BR0049,2026-09-11,CONSUMER_DURABLE,1387587.13,36,PENDING,A
APP00000548,CUST007268,BR0041,2024-02-10,VEHICLE,1883571.27,36,REJECTED,E
APP00000549,CUST001266,BR0006,2024-01-21,CONSUMER_DURABLE,1391520.52,24,APPROVED,C
APP00000550,CUST001744,BR0049,2025-12-30,CONSUMER_DURABLE,982469.95,12,APPROVED,A
APP00000551,CUST003901,BR0044,2025-05-20,CONSUMER_DURABLE,698073.38,36,REJECTED,E
APP00000552,CUST007060,BR0043,2025-10-01,BUSINESS,1198019.31,60,REJECTED,D
APP00000553,CUST007859,BR0045,2026-04-18,VEHICLE,1853449.87,60,REJECTED,B
APP00000554,CUST002843,BR0007,2025-08-16,CONSUMER_DURABLE,876600.75,24,REJECTED,E
APP00000555,CUST000877,BR0030,2024-03-29,PERSONAL,846191.91,24,PENDING,A
APP00000556,CUST000649,BR0010,2024-10-11,CONSUMER_DURABLE,348524.35,48,REJECTED,D
APP00000557,CUST006213,BR0033,2026-06-19,PERSONAL,751703.35,12,REJECTED,D
APP00000558,CUST002455,BR0021,2025-11-05,BUSINESS,1900550.23,36,PENDING,D
APP00000559,CUST001949,BR0011,2025-03-19,BUSINESS,487975.45,24,APPROVED,A
APP00000560,CUST000520,BR0012,2024-08-26,CONSUMER_DURABLE,1661788.3,36,PENDING,B
APP00000561,CUST007111,BR0002,2025-01-12,PERSONAL,916877.24,18,PENDING,C
APP00000562,CUST004534,BR0022,2025-09-15,VEHICLE,524450.24,24,PENDING,E
APP00000563,CUST008840,BR0024,2024-03-23,VEHICLE,630090.99,12,APPROVED,C
APP00000564,CUST005679,BR0039,2024-11-20,CONSUMER_DURABLE,1969731.88,18,APPROVED,A
APP00000565,CUST008536,BR0015,2026-05-02,PERSONAL,1776272.12,60,REJECTED,B
APP00000566,CUST006128,BR0025,2024-02-08,VEHICLE,751575.97,60,APPROVED,D
APP00000567,CUST003340,BR0016,2025-09-26,PERSONAL,1028505.57,24,PENDING,A
APP00000568,CUST007070,BR0005,2025-11-26,BUSINESS,1304531.97,24,REJECTED,C
APP00000569,CUST008405,BR0031,2024-11-15,VEHICLE,1199425.24,12,APPROVED,A
APP00000570,CUST008279,BR0045,2025-09-11,PERSONAL,555098.3,60,PENDING,C
APP00000571,CUST006604,BR0025,2024-10-10,VEHICLE,645502.39,24,APPROVED,E
APP00000572,CUST002783,BR0031,2024-11-26,BUSINESS,1392605.32,18,APPROVED,D
APP00000573,CUST001821,BR0020,2025-10-06,PERSONAL,922979.38,36,APPROVED,C
APP00000574,CUST007553,BR0018,2025-08-23,CONSUMER_DURABLE,1494006.12,36,APPROVED,B
APP00000575,CUST007113,BR0026,2024-03-25,PERSONAL,946797.97,12,REJECTED,D
APP00000576,CUST000246,BR0011,2026-05-15,CONSUMER_DURABLE,1238487.55,60,REJECTED,A
APP00000577,CUST004174,BR0038,2025-06-21,CONSUMER_DURABLE,189497.16,12,PENDING,B
APP00000578,CUST004376,BR0029,2025-11-27,PERSONAL,548808.5,36,REJECTED,B
APP00000579,CUST004493,BR0025,2024-03-24,VEHICLE,538270.38,12,APPROVED,A
APP00000580,CUST002289,BR0004,2024-06-07,BUSINESS,748316.32,24,APPROVED,D
APP00000581,CUST002878,BR0026,2025-05-03,VEHICLE,187648.75,18,APPROVED,C
APP00000582,CUST000704,BR0017,2025-04-11,VEHICLE,231708.12,36,REJECTED,C
APP00000583,CUST006956,BR0004,2024-05-28,CONSUMER_DURABLE,1600787.09,12,REJECTED,A
APP00000584,CUST006571,BR0010,2024-01-26,CONSUMER_DURABLE,1275154.21,12,PENDING,E
APP00000585,CUST006239,BR0017,2025-07-19,CONSUMER_DURABLE,238498.42,24,APPROVED,E
APP00000586,CUST007134,BR0027,2026-02-26,PERSONAL,1495403.5,12,PENDING,D
APP00000587,CUST008793,BR0001,2025-11-20,PERSONAL,107225.75,12,APPROVED,B
APP00000588,CUST000644,BR0013,2024-10-24,PERSONAL,397383.42,36,REJECTED,A
APP00000589,CUST000972,BR0046,2025-07-26,PERSONAL,1190873.32,60,APPROVED,E
APP00000590,CUST000844,BR0008,2025-11-17,BUSINESS,647540.12,12,REJECTED,D
APP00000591,CUST002781,BR0027,2025-08-01,BUSINESS,1201973.26,12,PENDING,C
APP00000592,CUST003362,BR0039,2026-08-03,BUSINESS,1946131.25,36,PENDING,E
APP00000593,CUST000150,BR0037,2024-09-30,PERSONAL,707210.8,36,APPROVED,A
APP00000594,CUST009458,BR0024,2026-05-05,PERSONAL,528598.27,36,APPROVED,D
APP00000595,CUST002958,BR0043,2024-06-10,BUSINESS,1116932.08,12,APPROVED,E
APP00000596,CUST002183,BR0038,2026-02-10,BUSINESS,1788292.73,60,PENDING,B
APP00000597,CUST008053,BR0027,2024-11-25,PERSONAL,1972527.75,12,REJECTED,A
APP00000598,CUST002634,BR0003,2026-03-28,PERSONAL,1482315.25,60,APPROVED,A
APP00000599,CUST000392,BR0025,2025-11-15,BUSINESS,370003.26,36,PENDING,D
APP00000600,CUST007519,BR0028,2026-09-28,VEHICLE,1169903.2,12,PENDING,A
APP00000601,CUST000468,BR0019,2025-11-25,VEHICLE,543103.72,12,APPROVED,D
APP00000602,CUST002151,BR0033,2025-02-12,BUSINESS,1022806.01,48,APPROVED,B
APP00000603,CUST001405,BR0031,2025-12-29,CONSUMER_DURABLE,208049.85,60,APPROVED,C
APP00000604,CUST007218,BR0047,2026-05-11,VEHICLE,644992.84,24,APPROVED,C
APP00000605,CUST007107,BR0018,2024-05-15,CONSUMER_DURABLE,626150.92,18,PENDING,E
APP00000606,CUST004446,BR0023,2025-09-05,PERSONAL,728226.03,60,APPROVED,D
APP00000607,CUST001412,BR0016,2024-04-14,BUSINESS,1451006.64,48,PENDING,A
APP00000608,CUST009367,BR0022,2024-12-07,PERSONAL,565744.93,18,APPROVED,A
APP00000609,CUST001892,BR0050,2026-01-15,VEHICLE,1011337.52,12,APPROVED,B
APP00000610,CUST007655,BR0026,2025-03-11,BUSINESS,1819597.73,60,PENDING,E
APP00000611,CUST005889,BR0016,2024-01-15,CONSUMER_DURABLE,1986221.67,24,REJECTED,A
APP00000612,CUST001563,BR0045,2024-10-07,VEHICLE,832304.94,60,REJECTED,C
APP00000613,CUST007036,BR0037,2024-01-13,VEHICLE,584464.19,36,PENDING,D
APP00000614,CUST004573,BR0041,2024-12-29,PERSONAL,295633.41,48,PENDING,A
APP00000615,CUST008296,BR0037,2024-08-20,VEHICLE,293506.07,24,PENDING,B
APP00000616,CUST003945,BR0022,2024-06-17,BUSINESS,1073656.31,60,APPROVED,D
APP00000617,CUST001567,BR0040,2025-11-23,CONSUMER_DURABLE,493422.34,24,APPROVED,E
APP00000618,CUST001035,BR0034,2024-12-08,PERSONAL,809561.55,36,APPROVED,A
APP00000619,CUST002449,BR0020,2024-08-22,PERSONAL,1286850.21,12,REJECTED,E
APP00000620,CUST007661,BR0042,2024-07-11,VEHICLE,572969.39,48,APPROVED,A
APP00000621,CUST009987,BR0006,2024-11-24,BUSINESS,1864523.98,48,PENDING,E
APP00000622,CUST009753,BR0019,2024-12-31,CONSUMER_DURABLE,1883133.2,48,PENDING,B
APP00000623,CUST006636,BR0002,2025-05-15,PERSONAL,1059804.89,60,APPROVED,E
APP00000624,CUST007252,BR0022,2024-05-18,BUSINESS,176525.13,18,APPROVED,E
APP00000625,CUST000287,BR0037,2026-01-03,CONSUMER_DURABLE,271463.4,36,APPROVED,E
APP00000626,CUST008920,BR0018,2025-09-10,BUSINESS,1849297.32,18,REJECTED,B
APP00000627,CUST005263,BR0036,2024-10-30,CONSUMER_DURABLE,1344407.98,18,PENDING,D
APP00000628,CUST009463,BR0006,2024-08-05,BUSINESS,744918.49,12,REJECTED,E
APP00000629,CUST004024,BR0010,2025-01-30,PERSONAL,819632.36,36,REJECTED,C
APP00000630,CUST006699,BR0035,2026-06-01,CONSUMER_DURABLE,1517983.25,48,REJECTED,D
APP00000631,CUST009006,BR0024,2025-03-28,CONSUMER_DURABLE,956549.48,60,PENDING,B
APP00000632,CUST004359,BR0003,2024-12-27,VEHICLE,1521911.77,48,APPROVED,E
APP00000633,CUST007670,BR0004,2026-01-26,BUSINESS,1293666.99,48,APPROVED,B
APP00000634,CUST002491,BR0030,2024-08-04,BUSINESS,1187140.64,24,PENDING,A
APP00000635,CUST005031,BR0043,2025-01-01,BUSINESS,1758135.79,60,REJECTED,A
APP00000636,CUST001797,BR0004,2025-08-11,CONSUMER_DURABLE,1443612.42,60,REJECTED,D
APP00000637,CUST009362,BR0039,2025-11-17,PERSONAL,1931571.3,36,APPROVED,D
APP00000638,CUST000308,BR0045,2026-02-24,CONSUMER_DURABLE,1512407.68,24,APPROVED,C
APP00000639,CUST008223,BR0029,2024-12-20,PERSONAL,91233.95,18,APPROVED,E
APP00000640,CUST006746,BR0021,2026-07-06,BUSINESS,1158528.05,24,APPROVED,A
APP00000641,CUST006283,BR0033,2024-11-30,PERSONAL,1775828.93,36,APPROVED,C
APP00000642,CUST008060,BR0032,2024-06-08,PERSONAL,1069958.15,36,APPROVED,E
APP00000643,CUST008849,BR0016,2025-02-23,PERSONAL,893453.45,24,PENDING,E
APP00000644,CUST003680,BR0039,2025-07-13,VEHICLE,188921.8,12,APPROVED,E
APP00000645,CUST009455,BR0022,2025-06-16,VEHICLE,590227.97,60,PENDING,E
APP00000646,CUST001098,BR0048,2024-02-04,VEHICLE,157554.55,12,PENDING,C
APP00000647,CUST003951,BR0031,2026-06-02,PERSONAL,1920751.37,24,APPROVED,B
APP00000648,CUST007736,BR0026,2025-08-31,PERSONAL,1475119.91,36,APPROVED,D
APP00000649,CUST004493,BR0018,2024-08-15,VEHICLE,1638588.61,18,PENDING,E
APP00000650,CUST008551,BR0022,2024-12-31,CONSUMER_DURABLE,547718.88,48,APPROVED,D
APP00000651,CUST002366,BR0032,2026-08-19,CONSUMER_DURABLE,1481633.43,18,APPROVED,B
APP00000652,CUST003306,BR0028,2024-02-16,VEHICLE,250147.43,24,APPROVED,E
APP00000653,CUST007374,BR0024,2024-12-19,PERSONAL,1019205.96,48,APPROVED,A
APP00000654,CUST005141,BR0005,2025-11-19,CONSUMER_DURABLE,1903213.57,36,APPROVED,E
APP00000655,CUST009029,BR0036,2026-07-22,CONSUMER_DURABLE,540615.21,24,REJECTED,B
APP00000656,CUST003544,BR0008,2026-08-13,PERSONAL,180124.51,12,PENDING,B
APP00000657,CUST001590,BR0040,2024-04-12,CONSUMER_DURABLE,732801.21,36,APPROVED,B
APP00000658,CUST006586,BR0031,2024-01-17,BUSINESS,1929423.76,60,PENDING,E
APP00000659,CUST009183,BR0029,2026-06-11,CONSUMER_DURABLE,463596.14,24,PENDING,C
APP00000660,CUST004114,BR0030,2026-03-29,VEHICLE,307693.06,12,APPROVED,A
APP00000661,CUST008539,BR0022,2026-08-18,VEHICLE,1120153.89,48,PENDING,A
APP00000662,CUST005888,BR0028,2025-05-12,CONSUMER_DURABLE,1052978.5,18,APPROVED,B
APP00000663,CUST004222,BR0029,2026-07-17,VEHICLE,1614943.66,18,APPROVED,A
APP00000664,CUST002223,BR0011,2025-03-25,PERSONAL,1049155.17,12,APPROVED,E
APP00000665,CUST009209,BR0033,2026-03-17,CONSUMER_DURABLE,1834311.64,12,APPROVED,C
APP00000666,CUST004519,BR0020,2025-06-17,PERSONAL,1790157.12,36,PENDING,B
APP00000667,CUST008209,BR0045,2024-08-19,BUSINESS,730364.47,36,REJECTED,B
APP00000668,CUST005170,BR0038,2025-02-18,BUSINESS,1428173.99,60,APPROVED,E
APP00000669,CUST009413,BR0001,2024-12-22,PERSONAL,672949.5,36,PENDING,D
APP00000670,CUST007976,BR0025,2025-01-11,CONSUMER_DURABLE,575326.51,36,APPROVED,A
APP00000671,CUST009289,BR0014,2024-01-29,VEHICLE,962373.12,12,APPROVED,D
APP00000672,CUST003664,BR0040,2024-05-21,BUSINESS,1219402.52,48,REJECTED,A
APP00000673,CUST003830,BR0007,2024-08-22,VEHICLE,1065600.29,36,PENDING,C
APP00000674,CUST002734,BR0036,2026-09-08,BUSINESS,383650.02,48,REJECTED,A
APP00000675,CUST007193,BR0041,2025-05-21,BUSINESS,885583.64,36,REJECTED,E
APP00000676,CUST008473,BR0045,2024-09-15,CONSUMER_DURABLE,1195930.57,12,APPROVED,D
APP00000677,CUST005394,BR0017,2026-04-19,CONSUMER_DURABLE,508885.02,48,APPROVED,C
APP00000678,CUST002691,BR0017,2024-12-01,CONSUMER_DURABLE,1538512.45,24,APPROVED,D
APP00000679,CUST000747,BR0025,2025-10-19,BUSINESS,1174850.53,18,PENDING,D
APP00000680,CUST001395,BR0025,2024-12-24,BUSINESS,529795.42,60,APPROVED,D
APP00000681,CUST007154,BR0017,2024-06-28,CONSUMER_DURABLE,1394731.37,24,APPROVED,E
APP00000682,CUST007678,BR0028,2024-05-22,PERSONAL,1973686.0,60,APPROVED,D
APP00000683,CUST006802,BR0016,2026-08-08,BUSINESS,52991.52,36,APPROVED,C
APP00000684,CUST009472,BR0049,2024-04-17,CONSUMER_DURABLE,1032295.01,36,PENDING,D
APP00000685,CUST003496,BR0020,2024-07-04,VEHICLE,445023.69,18,APPROVED,C
APP00000686,CUST007156,BR0011,2025-05-13,VEHICLE,965470.81,12,APPROVED,E
APP00000687,CUST002513,BR0001,2026-09-20,CONSUMER_DURABLE,55366.58,24,REJECTED,A
APP00000688,CUST009895,BR0028,2026-03-07,VEHICLE,1900403.29,60,APPROVED,A
APP00000689,CUST001294,BR0014,2024-10-17,VEHICLE,871980.34,60,REJECTED,A
APP00000690,CUST002228,BR0035,2026-08-09,CONSUMER_DURABLE,1129287.24,18,REJECTED,E
APP00000691,CUST001157,BR0042,2025-08-11,BUSINESS,980431.2,24,PENDING,B
APP00000692,CUST009967,BR0031,2024-01-29,PERSONAL,431264.98,60,REJECTED,B
APP00000693,CUST009317,BR0030,2026-08-01,PERSONAL,1211960.97,24,APPROVED,A
APP00000694,CUST007602,BR0031,2024-06-03,CONSUMER_DURABLE,516147.66,48,APPROVED,B
APP00000695,CUST009540,BR0046,2025-05-01,CONSUMER_DURABLE,1722532.48,12,APPROVED,B
APP00000696,CUST001538,BR0034,2026-02-26,VEHICLE,493712.52,24,REJECTED,B
APP00000697,CUST007370,BR0033,2026-08-31,VEHICLE,1137525.67,12,PENDING,C
APP00000698,CUST005830,BR0015,2025-04-25,CONSUMER_DURABLE,898462.69,24,APPROVED,E
APP00000699,CUST000898,BR0006,2026-09-11,VEHICLE,1004446.33,18,REJECTED,E
APP00000700,CUST008184,BR0006,2024-04-11,CONSUMER_DURABLE,1762184.24,12,REJECTED,B
APP00000701,CUST002784,BR0047,2025-04-03,BUSINESS,633869.68,12,REJECTED,E
APP00000702,CUST007400,BR0021,2025-02-23,BUSINESS,1904987.52,24,APPROVED,A
APP00000703,CUST006705,BR0025,2025-03-28,PERSONAL,404127.57,48,REJECTED,C
APP00000704,CUST003840,BR0020,2025-06-04,BUSINESS,1726351.68,18,APPROVED,E
APP00000705,CUST009010,BR0041,2025-11-09,CONSUMER_DURABLE,1782583.51,48,PENDING,E
APP00000706,CUST004213,BR0045,2025-11-25,VEHICLE,1073221.0,18,APPROVED,C
APP00000707,CUST002569,BR0043,2025-11-01,PERSONAL,219771.75,60,APPROVED,D
APP00000708,CUST002593,BR0038,2026-07-05,VEHICLE,1113832.09,18,PENDING,D
APP00000709,CUST007999,BR0035,2026-01-17,CONSUMER_DURABLE,443746.99,18,REJECTED,A
APP00000710,CUST003777,BR0023,2026-09-20,CONSUMER_DURABLE,553027.86,18,REJECTED,A
APP00000711,CUST003114,BR0038,2025-03-27,CONSUMER_DURABLE,491663.18,24,APPROVED,D
APP00000712,CUST004757,BR0007,2025-08-31,CONSUMER_DURABLE,838440.58,12,APPROVED,D
APP00000713,CUST007788,BR0019,2025-02-24,VEHICLE,522844.11,60,APPROVED,B
APP00000714,CUST004800,BR0038,2024-10-04,CONSUMER_DURABLE,952591.05,12,APPROVED,D
APP00000715,CUST006192,BR0036,2024-01-10,CONSUMER_DURABLE,964647.0,24,APPROVED,B
APP00000716,CUST008766,BR0014,2024-10-25,VEHICLE,1551515.61,12,PENDING,E
APP00000717,CUST000497,BR0016,2024-11-20,BUSINESS,786990.8,60,APPROVED,D
APP00000718,CUST007376,BR0012,2024-02-22,PERSONAL,895936.37,12,APPROVED,B
APP00000719,CUST001687,BR0036,2025-09-20,PERSONAL,465301.41,18,PENDING,B
APP00000720,CUST001044,BR0001,2024-03-27,VEHICLE,1974621.28,48,APPROVED,E
APP00000721,CUST006689,BR0011,2025-09-08,CONSUMER_DURABLE,1288998.17,18,APPROVED,B
APP00000722,CUST001921,BR0037,2024-04-17,VEHICLE,397768.74,36,PENDING,C
APP00000723,CUST006125,BR0023,2024-08-15,VEHICLE,970921.3,18,REJECTED,D
APP00000724,CUST009777,BR0049,2026-01-17,CONSUMER_DURABLE,1360481.46,60,APPROVED,C
APP00000725,CUST006528,BR0035,2025-12-26,VEHICLE,1248021.03,48,REJECTED,B
APP00000726,CUST001864,BR0050,2025-12-11,BUSINESS,1751430.61,48,REJECTED,E
APP00000727,CUST009469,BR0013,2025-07-14,CONSUMER_DURABLE,1197754.42,48,APPROVED,A
APP00000728,CUST004009,BR0036,2025-01-12,BUSINESS,936845.86,18,REJECTED,E
APP00000729,CUST004127,BR0009,2024-04-30,PERSONAL,1623048.19,60,REJECTED,E
APP00000730,CUST005669,BR0025,2024-05-02,CONSUMER_DURABLE,1762477.48,48,APPROVED,C
APP00000731,CUST009155,BR0048,2024-04-11,PERSONAL,353479.74,12,APPROVED,E
APP00000732,CUST001317,BR0035,2024-03-27,BUSINESS,119683.25,60,APPROVED,E
APP00000733,CUST004400,BR0036,2026-08-03,VEHICLE,178911.59,12,APPROVED,A
APP00000734,CUST008011,BR0043,2024-01-26,BUSINESS,1385608.99,36,APPROVED,D
APP00000735,CUST007866,BR0016,2026-04-23,VEHICLE,1166116.57,60,PENDING,A
APP00000736,CUST004585,BR0003,2025-08-30,CONSUMER_DURABLE,190403.94,48,REJECTED,B
APP00000737,CUST002947,BR0012,2026-05-27,PERSONAL,436768.59,24,REJECTED,C
APP00000738,CUST000628,BR0035,2026-04-17,PERSONAL,537272.34,18,PENDING,D
APP00000739,CUST007163,BR0048,2024-09-09,PERSONAL,1678647.59,60,REJECTED,A
APP00000740,CUST004075,BR0027,2026-04-05,CONSUMER_DURABLE,761168.69,60,APPROVED,A
APP00000741,CUST007094,BR0031,2025-09-05,PERSONAL,1632508.81,18,REJECTED,B
APP00000742,CUST004652,BR0047,2025-02-08,VEHICLE,1340430.41,48,REJECTED,D
APP00000743,CUST006374,BR0008,2026-08-03,VEHICLE,654292.62,36,APPROVED,E
APP00000744,CUST003335,BR0029,2025-06-01,BUSINESS,1387039.39,24,APPROVED,C
APP00000745,CUST007961,BR0043,2026-06-08,CONSUMER_DURABLE,1852174.6,36,APPROVED,B
APP00000746,CUST000920,BR0033,2026-04-23,VEHICLE,1108928.88,24,APPROVED,E
APP00000747,CUST009146,BR0037,2024-10-10,CONSUMER_DURABLE,1179667.87,48,REJECTED,D
APP00000748,CUST002012,BR0014,2026-07-29,CONSUMER_DURABLE,1325359.28,36,REJECTED,B
APP00000749,CUST006754,BR0036,2024-04-26,VEHICLE,1055663.99,60,APPROVED,D
APP00000750,CUST003557,BR0043,2024-03-18,PERSONAL,670173.18,60,APPROVED,C
APP00000751,CUST006776,BR0012,2025-05-25,VEHICLE,187988.92,18,APPROVED,C
APP00000752,CUST002400,BR0040,2025-11-30,VEHICLE,798633.37,36,PENDING,E
APP00000753,CUST006790,BR0021,2026-04-18,PERSONAL,1923551.84,12,APPROVED,E
APP00000754,CUST005525,BR0002,2025-04-06,CONSUMER_DURABLE,417574.8,48,REJECTED,C
APP00000755,CUST009997,BR0047,2025-05-19,CONSUMER_DURABLE,1273932.28,24,APPROVED,D
APP00000756,CUST009249,BR0048,2024-04-08,CONSUMER_DURABLE,180750.43,48,APPROVED,B
APP00000757,CUST000930,BR0019,2026-09-05,CONSUMER_DURABLE,647751.6,24,PENDING,B
APP00000758,CUST007698,BR0017,2024-03-10,VEHICLE,1863983.35,48,PENDING,C
APP00000759,CUST006852,BR0026,2025-09-20,VEHICLE,642592.78,36,REJECTED,E
APP00000760,CUST000964,BR0023,2025-12-05,CONSUMER_DURABLE,662790.61,12,PENDING,B
APP00000761,CUST005077,BR0036,2025-10-27,CONSUMER_DURABLE,439741.66,60,APPROVED,B
APP00000762,CUST004480,BR0013,2024-08-14,PERSONAL,417774.63,12,APPROVED,D
APP00000763,CUST000373,BR0031,2025-01-26,VEHICLE,800355.53,12,PENDING,C
APP00000764,CUST000463,BR0014,2026-07-01,CONSUMER_DURABLE,1104548.78,12,PENDING,E
APP00000765,CUST007373,BR0011,2024-06-10,BUSINESS,1373478.04,18,APPROVED,A
APP00000766,CUST002066,BR0007,2024-02-07,CONSUMER_DURABLE,408262.52,36,REJECTED,B
APP00000767,CUST008025,BR0012,2024-11-26,PERSONAL,827971.0,60,PENDING,C
APP00000768,CUST007553,BR0032,2026-08-28,PERSONAL,837403.55,24,APPROVED,C
APP00000769,CUST004539,BR0016,2026-03-29,BUSINESS,902677.74,48,REJECTED,E
APP00000770,CUST000254,BR0021,2026-07-30,CONSUMER_DURABLE,172257.36,48,APPROVED,E
APP00000771,CUST008172,BR0034,2026-08-05,PERSONAL,1681450.84,36,APPROVED,E
APP00000772,CUST007919,BR0026,2024-07-16,VEHICLE,1243356.83,60,APPROVED,B
APP00000773,CUST007294,BR0013,2024-05-16,VEHICLE,731402.45,24,APPROVED,B
APP00000774,CUST005260,BR0050,2026-07-27,BUSINESS,624885.27,18,APPROVED,C
APP00000775,CUST000181,BR0034,2025-12-06,CONSUMER_DURABLE,525197.4,48,APPROVED,A
APP00000776,CUST007119,BR0036,2026-02-08,VEHICLE,1919193.04,36,APPROVED,D
APP00000777,CUST000033,BR0033,2025-02-22,BUSINESS,1853179.91,60,APPROVED,A
APP00000778,CUST003593,BR0028,2024-02-19,PERSONAL,1893302.27,12,APPROVED,A
APP00000779,CUST007789,BR0018,2025-10-13,VEHICLE,1613630.56,24,REJECTED,E
APP00000780,CUST009727,BR0039,2025-07-17,PERSONAL,793500.12,60,APPROVED,C
APP00000781,CUST008208,BR0046,2024-10-26,VEHICLE,1905739.87,18,REJECTED,A
APP00000782,CUST004794,BR0005,2024-05-07,BUSINESS,1624694.15,24,PENDING,C
APP00000783,CUST007827,BR0028,2024-04-13,PERSONAL,1127882.55,18,APPROVED,C
APP00000784,CUST007022,BR0037,2024-02-21,PERSONAL,784093.54,48,REJECTED,C
APP00000785,CUST004113,BR0023,2025-11-03,CONSUMER_DURABLE,1507794.01,18,APPROVED,C
APP00000786,CUST002506,BR0021,2026-07-24,VEHICLE,870746.88,24,APPROVED,D
APP00000787,CUST008420,BR0007,2025-12-08,PERSONAL,1870821.72,60,PENDING,B
APP00000788,CUST005584,BR0003,2025-03-14,CONSUMER_DURABLE,1118449.76,18,PENDING,A
APP00000789,CUST002758,BR0027,2024-11-20,PERSONAL,1758832.62,36,APPROVED,C
APP00000790,CUST003388,BR0031,2024-07-15,VEHICLE,460390.68,24,APPROVED,E
APP00000791,CUST000907,BR0002,2024-01-03,BUSINESS,1011662.0,36,REJECTED,C
APP00000792,CUST009865,BR0011,2026-07-04,CONSUMER_DURABLE,1032015.01,48,PENDING,B
APP00000793,CUST000674,BR0047,2025-08-07,PERSONAL,1167992.13,24,APPROVED,B
APP00000794,CUST003600,BR0025,2024-07-12,PERSONAL,546916.33,24,PENDING,A
APP00000795,CUST005939,BR0012,2024-07-05,BUSINESS,779221.9,24,APPROVED,E
APP00000796,CUST006421,BR0032,2024-11-18,CONSUMER_DURABLE,1012365.78,12,PENDING,C
APP00000797,CUST008197,BR0004,2026-03-04,BUSINESS,367989.29,60,APPROVED,A
APP00000798,CUST000305,BR0041,2026-02-24,PERSONAL,1816065.24,18,APPROVED,E
APP00000799,CUST002822,BR0014,2026-03-04,BUSINESS,1077725.21,18,PENDING,B
APP00000800,CUST008926,BR0029,2025-07-19,VEHICLE,218499.99,24,APPROVED,C
APP00000801,CUST004576,BR0037,2026-02-27,BUSINESS,1906973.64,36,PENDING,D
APP00000802,CUST004531,BR0024,2025-04-23,PERSONAL,1339813.88,18,PENDING,E
APP00000803,CUST001956,BR0020,2026-07-05,PERSONAL,551763.4,24,REJECTED,A
APP00000804,CUST002492,BR0032,2024-08-15,VEHICLE,609466.33,24,APPROVED,C
APP00000805,CUST006272,BR0045,2024-07-11,BUSINESS,473514.32,60,REJECTED,D
APP00000806,CUST006806,BR0012,2024-08-06,CONSUMER_DURABLE,325412.25,48,APPROVED,E
APP00000807,CUST006169,BR0042,2024-02-28,CONSUMER_DURABLE,289060.73,24,PENDING,E
APP00000808,CUST006268,BR0027,2025-09-06,BUSINESS,529796.6,36,REJECTED,A
APP00000809,CUST003754,BR0038,2024-11-01,CONSUMER_DURABLE,1851136.3,48,REJECTED,B
APP00000810,CUST004453,BR0040,2025-01-30,CONSUMER_DURABLE,946440.41,48,PENDING,B
APP00000811,CUST007480,BR0005,2025-11-12,BUSINESS,407614.84,60,PENDING,B
APP00000812,CUST003648,BR0004,2025-10-29,PERSONAL,1615537.38,36,APPROVED,D
APP00000813,CUST007211,BR0010,2026-09-15,CONSUMER_DURABLE,221291.02,60,APPROVED,C
APP00000814,CUST006551,BR0038,2026-03-22,BUSINESS,1670870.44,36,APPROVED,B
APP00000815,CUST007098,BR0032,2024-08-17,CONSUMER_DURABLE,701361.99,36,APPROVED,B
APP00000816,CUST001948,BR0044,2024-09-15,PERSONAL,977348.65,48,APPROVED,A
APP00000817,CUST006983,BR0033,2024-09-12,VEHICLE,900613.09,12,APPROVED,A
APP00000818,CUST002748,BR0015,2024-01-24,PERSONAL,1757761.07,36,APPROVED,B
APP00000819,CUST000272,BR0033,2025-07-12,BUSINESS,1144401.07,12,PENDING,C
APP00000820,CUST006453,BR0043,2026-05-21,VEHICLE,498977.31,24,APPROVED,D
APP00000821,CUST008651,BR0024,2025-12-20,VEHICLE,132172.79,18,REJECTED,A
APP00000822,CUST008827,BR0028,2026-03-18,BUSINESS,1009183.83,18,PENDING,C
APP00000823,CUST000056,BR0013,2024-01-25,CONSUMER_DURABLE,1008931.96,12,APPROVED,E
APP00000824,CUST007410,BR0022,2026-09-06,BUSINESS,669159.53,24,APPROVED,C
APP00000825,CUST008011,BR0025,2026-03-02,CONSUMER_DURABLE,476776.92,12,REJECTED,D
APP00000826,CUST005723,BR0009,2025-08-17,BUSINESS,1793915.16,18,PENDING,B
APP00000827,CUST006073,BR0039,2024-02-22,BUSINESS,441544.67,24,APPROVED,A
APP00000828,CUST007606,BR0023,2025-03-31,CONSUMER_DURABLE,1763417.82,36,APPROVED,B
APP00000829,CUST000028,BR0015,2024-01-18,CONSUMER_DURABLE,1320651.34,12,REJECTED,D
APP00000830,CUST007203,BR0032,2024-07-17,PERSONAL,1599572.8,48,REJECTED,B
APP00000831,CUST002344,BR0018,2025-05-20,VEHICLE,171112.17,48,APPROVED,E
APP00000832,CUST000382,BR0046,2024-12-17,BUSINESS,622934.56,18,APPROVED,B
APP00000833,CUST009191,BR0047,2024-12-31,VEHICLE,1205596.87,18,APPROVED,A
APP00000834,CUST003009,BR0020,2024-04-08,VEHICLE,839217.9,60,APPROVED,B
APP00000835,CUST005458,BR0020,2024-07-04,BUSINESS,1296089.41,60,REJECTED,E
APP00000836,CUST005138,BR0033,2026-09-16,PERSONAL,1658989.23,12,APPROVED,B
APP00000837,CUST006388,BR0018,2024-11-01,CONSUMER_DURABLE,470482.11,48,REJECTED,D
APP00000838,CUST000509,BR0040,2026-07-03,CONSUMER_DURABLE,1326891.34,48,PENDING,C
APP00000839,CUST003469,BR0007,2024-06-27,BUSINESS,778895.74,18,PENDING,E
APP00000840,CUST009861,BR0049,2024-07-22,CONSUMER_DURABLE,819328.05,24,REJECTED,E
APP00000841,CUST000084,BR0008,2025-10-07,PERSONAL,493517.1,12,PENDING,C
APP00000842,CUST008238,BR0032,2024-01-30,BUSINESS,232650.42,48,PENDING,D
APP00000843,CUST008934,BR0025,2026-09-22,VEHICLE,1588111.56,36,APPROVED,E
APP00000844,CUST000442,BR0025,2024-12-17,CONSUMER_DURABLE,498635.61,60,APPROVED,C
APP00000845,CUST003915,BR0021,2026-07-15,CONSUMER_DURABLE,442059.8,60,APPROVED,C
APP00000846,CUST001340,BR0006,2024-12-16,BUSINESS,1611950.47,24,APPROVED,C
APP00000847,CUST007902,BR0029,2025-09-03,VEHICLE,1295602.65,48,REJECTED,B
APP00000848,CUST000415,BR0037,2026-04-22,VEHICLE,367585.71,36,REJECTED,E
APP00000849,CUST002134,BR0048,2026-08-20,VEHICLE,1800885.28,48,APPROVED,C
APP00000850,CUST004672,BR0050,2025-09-02,VEHICLE,409504.05,48,REJECTED,C
APP00000851,CUST007380,BR0039,2024-04-26,PERSONAL,693207.09,60,APPROVED,D
APP00000852,CUST009195,BR0049,2024-11-18,PERSONAL,1933176.91,18,APPROVED,B
APP00000853,CUST009374,BR0024,2025-10-12,VEHICLE,1590568.4,60,PENDING,C
APP00000854,CUST006767,BR0004,2024-01-14,BUSINESS,894378.73,12,REJECTED,A
APP00000855,CUST000766,BR0018,2026-05-07,CONSUMER_DURABLE,1037603.34,36,REJECTED,D
APP00000856,CUST001052,BR0044,2024-09-26,CONSUMER_DURABLE,1798347.37,24,PENDING,B
APP00000857,CUST008256,BR0038,2025-02-09,VEHICLE,52085.0,12,APPROVED,A
APP00000858,CUST009652,BR0028,2025-04-06,VEHICLE,1278300.38,36,APPROVED,B
APP00000859,CUST006225,BR0014,2025-05-06,CONSUMER_DURABLE,408734.79,18,APPROVED,A
APP00000860,CUST004792,BR0002,2025-06-17,BUSINESS,105585.86,36,APPROVED,E
APP00000861,CUST005617,BR0006,2025-04-11,CONSUMER_DURABLE,1903794.83,24,APPROVED,D
APP00000862,CUST001273,BR0002,2026-08-22,VEHICLE,994743.12,36,REJECTED,B
APP00000863,CUST003602,BR0041,2025-08-27,CONSUMER_DURABLE,226884.32,18,APPROVED,A
APP00000864,CUST007873,BR0036,2026-01-18,VEHICLE,1568698.12,18,PENDING,D
APP00000865,CUST009909,BR0027,2025-12-18,PERSONAL,1730199.76,60,APPROVED,D
APP00000866,CUST009402,BR0024,2025-08-05,CONSUMER_DURABLE,82074.91,18,APPROVED,A
APP00000867,CUST004432,BR0008,2025-07-17,PERSONAL,1366144.58,24,APPROVED,E
APP00000868,CUST007706,BR0045,2025-09-28,PERSONAL,233013.92,60,REJECTED,A
APP00000869,CUST004002,BR0040,2026-06-05,CONSUMER_DURABLE,1887245.42,60,APPROVED,B
APP00000870,CUST004555,BR0012,2025-11-11,PERSONAL,1851542.53,24,REJECTED,B
APP00000871,CUST008895,BR0003,2024-01-19,CONSUMER_DURABLE,301837.36,60,APPROVED,B
APP00000872,CUST006904,BR0023,2025-12-13,CONSUMER_DURABLE,1558180.79,48,APPROVED,C
APP00000873,CUST007091,BR0036,2024-12-11,CONSUMER_DURABLE,1466544.88,48,APPROVED,B
APP00000874,CUST006994,BR0004,2024-09-14,VEHICLE,262530.04,18,REJECTED,C
APP00000875,CUST000595,BR0007,2024-09-17,CONSUMER_DURABLE,243990.12,18,PENDING,A
APP00000876,CUST003849,BR0048,2026-01-04,PERSONAL,696975.63,36,APPROVED,D
APP00000877,CUST001158,BR0029,2026-08-26,CONSUMER_DURABLE,1576442.71,60,APPROVED,C
APP00000878,CUST003375,BR0034,2025-11-02,PERSONAL,1156976.52,60,REJECTED,E
APP00000879,CUST004773,BR0042,2026-05-24,CONSUMER_DURABLE,1216565.51,18,APPROVED,C
APP00000880,CUST000131,BR0021,2025-07-26,PERSONAL,1858343.64,36,APPROVED,D
APP00000881,CUST005816,BR0026,2024-03-22,PERSONAL,1051939.36,36,REJECTED,A
APP00000882,CUST007846,BR0045,2024-09-22,PERSONAL,1533503.2,12,REJECTED,C
APP00000883,CUST003245,BR0040,2024-01-30,PERSONAL,741806.69,48,PENDING,B
APP00000884,CUST006554,BR0019,2026-07-06,VEHICLE,1592095.41,60,APPROVED,D
APP00000885,CUST000766,BR0048,2024-04-26,VEHICLE,1520567.27,48,REJECTED,A
APP00000886,CUST005800,BR0003,2026-04-15,CONSUMER_DURABLE,1859805.25,36,APPROVED,A
APP00000887,CUST009959,BR0007,2026-01-20,CONSUMER_DURABLE,754364.71,24,APPROVED,E
APP00000888,CUST008616,BR0004,2026-03-16,BUSINESS,62773.16,24,APPROVED,A
APP00000889,CUST008590,BR0021,2026-09-29,PERSONAL,1919104.94,12,APPROVED,D
APP00000890,CUST002390,BR0028,2024-12-09,VEHICLE,453135.91,24,PENDING,C
APP00000891,CUST003984,BR0028,2025-08-03,BUSINESS,1304176.85,12,PENDING,C
APP00000892,CUST004614,BR0010,2026-05-21,BUSINESS,726361.35,18,REJECTED,E
APP00000893,CUST003995,BR0046,2026-01-26,VEHICLE,1567222.32,24,APPROVED,C
APP00000894,CUST006414,BR0033,2025-07-18,PERSONAL,1527693.32,60,PENDING,B
APP00000895,CUST009047,BR0022,2025-03-19,PERSONAL,105425.56,18,REJECTED,A
APP00000896,CUST001937,BR0036,2026-06-30,PERSONAL,1846230.23,24,APPROVED,A
APP00000897,CUST006070,BR0008,2025-12-13,PERSONAL,1163253.65,18,APPROVED,C
APP00000898,CUST005188,BR0001,2024-11-14,PERSONAL,230751.13,24,APPROVED,B
APP00000899,CUST008635,BR0010,2024-11-16,BUSINESS,959117.31,36,APPROVED,B
APP00000900,CUST009218,BR0036,2025-10-14,PERSONAL,1947406.11,60,APPROVED,E
APP00000901,CUST006032,BR0027,2024-01-29,BUSINESS,1861143.16,18,REJECTED,D
APP00000902,CUST002411,BR0022,2024-11-29,PERSONAL,1410845.5,18,PENDING,D
APP00000903,CUST006695,BR0006,2026-03-03,PERSONAL,150746.05,60,PENDING,B
APP00000904,CUST004507,BR0024,2026-05-27,BUSINESS,1798055.42,18,APPROVED,B
APP00000905,CUST002220,BR0007,2026-05-29,BUSINESS,770766.6,60,APPROVED,A
APP00000906,CUST004546,BR0043,2024-09-24,PERSONAL,573297.61,60,PENDING,E
APP00000907,CUST004300,BR0032,2026-06-22,CONSUMER_DURABLE,684238.66,36,APPROVED,D
APP00000908,CUST001920,BR0019,2024-06-28,VEHICLE,1308605.42,48,APPROVED,D
APP00000909,CUST001739,BR0001,2025-01-28,CONSUMER_DURABLE,841598.39,36,REJECTED,C
APP00000910,CUST008492,BR0016,2026-04-12,PERSONAL,205815.11,48,APPROVED,B
APP00000911,CUST003151,BR0018,2026-08-01,VEHICLE,1650756.97,18,PENDING,C
APP00000912,CUST005479,BR0006,2025-11-19,PERSONAL,1113350.43,36,REJECTED,E
APP00000913,CUST008573,BR0041,2024-03-29,CONSUMER_DURABLE,1494831.31,36,APPROVED,E
APP00000914,CUST000779,BR0031,2025-09-07,BUSINESS,1679118.97,36,PENDING,A
APP00000915,CUST003700,BR0004,2024-07-25,PERSONAL,1469934.87,24,PENDING,B
APP00000916,CUST002895,BR0006,2024-07-13,BUSINESS,76335.69,36,REJECTED,D
APP00000917,CUST002184,BR0044,2024-01-26,BUSINESS,1089370.35,36,APPROVED,A
APP00000918,CUST002626,BR0048,2026-09-06,PERSONAL,511770.5,18,APPROVED,C
APP00000919,CUST007653,BR0043,2024-03-30,BUSINESS,257704.91,24,APPROVED,B
APP00000920,CUST007853,BR0009,2025-01-11,PERSONAL,455808.17,18,PENDING,B
APP00000921,CUST009435,BR0040,2025-04-06,BUSINESS,613537.65,48,APPROVED,B
APP00000922,CUST008300,BR0022,2025-04-30,VEHICLE,286013.55,24,PENDING,B
APP00000923,CUST003655,BR0018,2024-02-08,BUSINESS,424786.11,48,APPROVED,B
APP00000924,CUST006897,BR0022,2025-09-13,VEHICLE,897900.55,36,REJECTED,A
APP00000925,CUST009274,BR0016,2026-04-30,CONSUMER_DURABLE,441476.11,12,APPROVED,A
APP00000926,CUST006763,BR0013,2025-07-19,PERSONAL,974962.19,18,APPROVED,A
APP00000927,CUST001432,BR0001,2025-10-07,VEHICLE,1737995.46,18,APPROVED,A
APP00000928,CUST001351,BR0005,2026-08-31,PERSONAL,1750478.1,48,PENDING,C
APP00000929,CUST007775,BR0010,2026-09-13,BUSINESS,898784.6,24,PENDING,E
APP00000930,CUST004855,BR0032,2025-12-18,PERSONAL,531134.58,12,PENDING,B
APP00000931,CUST000312,BR0027,2024-04-18,PERSONAL,403588.38,18,REJECTED,E
APP00000932,CUST007030,BR0041,2024-01-02,CONSUMER_DURABLE,1270158.3,60,APPROVED,D
APP00000933,CUST004533,BR0045,2025-07-20,VEHICLE,274469.82,18,APPROVED,D
APP00000934,CUST008324,BR0005,2024-06-26,BUSINESS,1477938.63,36,APPROVED,A
APP00000935,CUST001000,BR0009,2024-12-17,VEHICLE,1003356.74,36,APPROVED,B
APP00000936,CUST002304,BR0025,2026-05-03,PERSONAL,1374215.76,60,APPROVED,C
APP00000937,CUST002839,BR0017,2024-11-16,CONSUMER_DURABLE,581082.5,24,REJECTED,E
APP00000938,CUST003002,BR0015,2024-03-05,VEHICLE,1756481.02,48,REJECTED,B
APP00000939,CUST009177,BR0030,2026-04-27,VEHICLE,497691.68,12,PENDING,D
APP00000940,CUST003332,BR0030,2026-05-24,BUSINESS,465639.91,36,REJECTED,D
APP00000941,CUST004550,BR0025,2024-10-31,PERSONAL,343294.79,12,REJECTED,C
APP00000942,CUST005034,BR0045,2024-03-23,VEHICLE,273230.14,24,APPROVED,E
APP00000943,CUST003473,BR0022,2026-02-15,BUSINESS,817618.11,12,APPROVED,D
APP00000944,CUST000211,BR0041,2024-05-01,BUSINESS,146590.42,18,PENDING,D
APP00000945,CUST006997,BR0038,2025-12-29,PERSONAL,315875.9,24,PENDING,E
APP00000946,CUST001725,BR0002,2024-01-11,VEHICLE,432537.32,36,PENDING,C
APP00000947,CUST009993,BR0001,2025-02-08,VEHICLE,115936.94,12,PENDING,D
APP00000948,CUST009421,BR0022,2024-03-28,BUSINESS,442792.64,12,PENDING,C
APP00000949,CUST008245,BR0024,2024-11-20,CONSUMER_DURABLE,1652628.48,36,REJECTED,C
APP00000950,CUST004510,BR0036,2024-05-04,CONSUMER_DURABLE,1933867.74,60,PENDING,A
APP00000951,CUST008047,BR0011,2026-02-03,PERSONAL,741654.88,36,APPROVED,E
APP00000952,CUST007011,BR0012,2025-04-11,BUSINESS,579185.95,48,APPROVED,A
APP00000953,CUST004801,BR0004,2025-11-17,CONSUMER_DURABLE,1493596.07,24,PENDING,A
APP00000954,CUST000182,BR0010,2025-04-28,PERSONAL,574705.51,18,PENDING,C
APP00000955,CUST001669,BR0007,2025-04-27,CONSUMER_DURABLE,1319584.61,24,REJECTED,A
APP00000956,CUST002010,BR0016,2025-01-24,PERSONAL,850052.66,12,PENDING,C
APP00000957,CUST009239,BR0040,2024-04-29,PERSONAL,1606267.92,12,APPROVED,A
APP00000958,CUST001077,BR0010,2026-01-31,VEHICLE,1315903.82,12,APPROVED,C
APP00000959,CUST006685,BR0012,2024-02-02,VEHICLE,1849371.74,48,APPROVED,C
APP00000960,CUST006625,BR0009,2026-09-19,PERSONAL,631498.39,60,REJECTED,A
APP00000961,CUST000933,BR0022,2024-10-08,PERSONAL,476591.21,12,PENDING,C
APP00000962,CUST008622,BR0046,2025-04-20,PERSONAL,345106.01,24,APPROVED,A
APP00000963,CUST002135,BR0010,2025-11-10,VEHICLE,1765241.96,36,APPROVED,B
APP00000964,CUST002484,BR0002,2025-09-05,PERSONAL,1539438.02,24,PENDING,D
APP00000965,CUST001947,BR0009,2025-09-25,CONSUMER_DURABLE,1664869.24,12,APPROVED,C
APP00000966,CUST006456,BR0037,2026-08-10,CONSUMER_DURABLE,246957.13,60,PENDING,A
APP00000967,CUST006807,BR0009,2025-03-03,CONSUMER_DURABLE,1800303.41,18,APPROVED,C
APP00000968,CUST005809,BR0042,2025-01-29,CONSUMER_DURABLE,1483637.31,60,PENDING,C
APP00000969,CUST000582,BR0011,2026-07-30,CONSUMER_DURABLE,288977.3,60,REJECTED,E
APP00000970,CUST006835,BR0007,2025-07-19,CONSUMER_DURABLE,189451.36,18,REJECTED,D
APP00000971,CUST001121,BR0032,2025-02-15,PERSONAL,1336735.34,36,PENDING,D
APP00000972,CUST004831,BR0017,2026-09-30,BUSINESS,1843190.56,36,APPROVED,D
APP00000973,CUST009106,BR0028,2025-11-06,VEHICLE,840611.61,60,APPROVED,A
APP00000974,CUST007842,BR0039,2025-09-27,CONSUMER_DURABLE,430264.41,12,APPROVED,D
APP00000975,CUST009783,BR0012,2025-10-19,VEHICLE,1430130.48,48,APPROVED,C
APP00000976,CUST000292,BR0043,2024-07-05,BUSINESS,1034100.22,18,PENDING,B
APP00000977,CUST008706,BR0002,2025-06-12,CONSUMER_DURABLE,1237257.09,36,APPROVED,B
APP00000978,CUST001868,BR0001,2025-11-24,CONSUMER_DURABLE,514519.75,36,REJECTED,B
APP00000979,CUST004814,BR0020,2026-03-11,VEHICLE,1632246.95,36,REJECTED,E
APP00000980,CUST000037,BR0031,2025-05-29,BUSINESS,160714.44,18,PENDING,E
APP00000981,CUST003593,BR0003,2026-04-29,BUSINESS,957319.32,36,REJECTED,B
APP00000982,CUST008999,BR0036,2025-04-04,VEHICLE,455057.62,60,PENDING,B
APP00000983,CUST002683,BR0019,2025-12-26,CONSUMER_DURABLE,594694.07,18,PENDING,B
APP00000984,CUST002797,BR0015,2024-04-12,VEHICLE,1794492.96,24,APPROVED,A
APP00000985,CUST005481,BR0005,2024-06-15,BUSINESS,1918077.77,36,APPROVED,C
APP00000986,CUST000331,BR0020,2025-09-14,BUSINESS,432290.7,60,REJECTED,A
APP00000987,CUST003850,BR0049,2024-12-26,VEHICLE,906189.93,18,APPROVED,A
APP00000988,CUST003275,BR0027,2025-10-07,PERSONAL,488380.47,18,PENDING,B
APP00000989,CUST009425,BR0035,2024-08-28,BUSINESS,1842459.91,60,APPROVED,C
APP00000990,CUST008922,BR0006,2024-06-02,PERSONAL,53636.06,48,REJECTED,C
APP00000991,CUST001443,BR0015,2025-01-15,VEHICLE,855899.06,18,APPROVED,A
APP00000992,CUST008984,BR0023,2024-02-13,PERSONAL,112136.56,48,APPROVED,E
APP00000993,CUST007999,BR0026,2024-12-09,CONSUMER_DURABLE,1210462.9,12,APPROVED,C
APP00000994,CUST000615,BR0013,2024-04-13,CONSUMER_DURABLE,1502094.44,12,APPROVED,D
APP00000995,CUST000108,BR0035,2026-09-03,CONSUMER_DURABLE,1866595.42,60,APPROVED,B
APP00000996,CUST003836,BR0033,2024-12-06,BUSINESS,628524.97,36,PENDING,E
APP00000997,CUST004269,BR0030,2026-09-29,CONSUMER_DURABLE,987691.93,12,PENDING,B
APP00000998,CUST004588,BR0017,2025-04-23,PERSONAL,1189126.77,24,REJECTED,B
APP00000999,CUST008104,BR0017,2024-02-23,CONSUMER_DURABLE,842032.95,24,REJECTED,C
APP00001000,CUST001920,BR0004,2026-07-10,CONSUMER_DURABLE,287487.19,18,APPROVED,E
APP00001001,CUST005113,BR0049,2024-03-11,VEHICLE,326481.78,12,APPROVED,E
APP00001002,CUST008091,BR0044,2025-03-19,CONSUMER_DURABLE,454729.32,48,REJECTED,B
APP00001003,CUST009577,BR0047,2024-03-08,BUSINESS,1741219.67,12,APPROVED,B
APP00001004,CUST003976,BR0038,2024-04-21,VEHICLE,633515.53,24,APPROVED,C
APP00001005,CUST000555,BR0048,2026-04-18,CONSUMER_DURABLE,1892457.96,24,APPROVED,C
APP00001006,CUST000685,BR0011,2025-09-26,VEHICLE,815822.01,36,PENDING,B
APP00001007,CUST001730,BR0028,2025-04-08,BUSINESS,104615.12,18,PENDING,C
APP00001008,CUST004675,BR0016,2024-03-11,CONSUMER_DURABLE,1399939.41,24,APPROVED,B
APP00001009,CUST009513,BR0030,2026-07-26,VEHICLE,1050782.05,12,PENDING,A
APP00001010,CUST005566,BR0048,2024-06-25,BUSINESS,739827.87,60,APPROVED,A
APP00001011,CUST005840,BR0050,2025-06-25,CONSUMER_DURABLE,133232.72,48,APPROVED,C
APP00001012,CUST009047,BR0045,2024-04-18,VEHICLE,1988458.51,48,APPROVED,E
APP00001013,CUST008419,BR0005,2025-10-05,PERSONAL,1475393.77,48,PENDING,A
APP00001014,CUST004968,BR0018,2025-10-07,PERSONAL,725035.52,48,APPROVED,E
APP00001015,CUST005384,BR0004,2026-05-25,PERSONAL,1070223.49,24,PENDING,E
APP00001016,CUST006801,BR0018,2025-10-21,BUSINESS,462920.98,60,PENDING,A
APP00001017,CUST005204,BR0038,2025-04-26,BUSINESS,1601177.1,18,APPROVED,B
APP00001018,CUST004885,BR0014,2026-03-25,BUSINESS,188279.95,60,APPROVED,C
APP00001019,CUST001681,BR0018,2026-08-13,CONSUMER_DURABLE,1490027.18,24,APPROVED,B
APP00001020,CUST002738,BR0038,2024-09-25,VEHICLE,165400.09,18,APPROVED,A
APP00001021,CUST004958,BR0034,2025-03-24,VEHICLE,1076088.11,24,APPROVED,E
APP00001022,CUST004623,BR0013,2025-12-07,BUSINESS,1137775.47,36,APPROVED,A
APP00001023,CUST003910,BR0041,2024-05-04,BUSINESS,205597.07,60,APPROVED,D
APP00001024,CUST001918,BR0041,2025-03-31,PERSONAL,1149800.99,48,PENDING,C
APP00001025,CUST009450,BR0034,2024-12-26,BUSINESS,187184.01,36,APPROVED,B
APP00001026,CUST003176,BR0019,2025-10-24,VEHICLE,700287.54,18,PENDING,A
APP00001027,CUST007194,BR0021,2025-10-20,BUSINESS,865387.41,12,PENDING,B
APP00001028,CUST004230,BR0011,2025-02-14,VEHICLE,1489601.0,60,PENDING,A
APP00001029,CUST009351,BR0019,2026-04-08,VEHICLE,563640.3,24,APPROVED,A
APP00001030,CUST005844,BR0034,2026-02-16,BUSINESS,938132.26,60,APPROVED,E
APP00001031,CUST005622,BR0019,2026-04-27,PERSONAL,1387994.02,18,REJECTED,C
APP00001032,CUST007995,BR0034,2025-07-22,BUSINESS,461661.59,12,REJECTED,A
APP00001033,CUST007610,BR0041,2026-03-30,VEHICLE,685511.69,24,APPROVED,B
APP00001034,CUST004192,BR0020,2026-09-18,BUSINESS,1242917.38,48,REJECTED,D
APP00001035,CUST009730,BR0030,2025-07-14,CONSUMER_DURABLE,1292374.89,12,APPROVED,E
APP00001036,CUST006644,BR0001,2024-02-26,VEHICLE,546923.01,60,APPROVED,B
APP00001037,CUST006044,BR0025,2024-05-13,BUSINESS,1861049.32,36,PENDING,D
APP00001038,CUST005281,BR0005,2025-02-09,CONSUMER_DURABLE,1449445.33,36,APPROVED,A
APP00001039,CUST003984,BR0005,2025-05-22,VEHICLE,275066.19,12,PENDING,B
APP00001040,CUST004972,BR0047,2026-02-06,BUSINESS,381826.55,36,PENDING,A
APP00001041,CUST007257,BR0028,2024-02-11,PERSONAL,1937038.22,12,REJECTED,A
APP00001042,CUST008740,BR0047,2026-03-24,VEHICLE,1552731.29,48,APPROVED,D
APP00001043,CUST006476,BR0044,2025-02-20,CONSUMER_DURABLE,821963.5,18,PENDING,A
APP00001044,CUST008317,BR0040,2026-09-15,BUSINESS,1402502.06,48,APPROVED,D
APP00001045,CUST001943,BR0003,2024-07-31,BUSINESS,1276379.72,48,REJECTED,C
APP00001046,CUST003414,BR0032,2025-05-23,CONSUMER_DURABLE,1917523.21,24,APPROVED,D
APP00001047,CUST005073,BR0001,2024-09-15,CONSUMER_DURABLE,212493.55,24,APPROVED,E
APP00001048,CUST001843,BR0009,2025-12-13,PERSONAL,532724.28,60,REJECTED,E
APP00001049,CUST008765,BR0032,2026-09-19,PERSONAL,1605946.93,18,APPROVED,A
APP00001050,CUST008878,BR0002,2025-12-26,BUSINESS,1945121.78,36,APPROVED,A
APP00001051,CUST009496,BR0033,2026-06-20,CONSUMER_DURABLE,685049.76,36,APPROVED,B
APP00001052,CUST004446,BR0042,2026-07-17,BUSINESS,1193696.62,60,REJECTED,A
APP00001053,CUST007907,BR0007,2026-03-04,CONSUMER_DURABLE,689361.99,18,REJECTED,D
APP00001054,CUST006989,BR0039,2024-08-26,BUSINESS,81734.24,12,APPROVED,C
APP00001055,CUST003032,BR0038,2024-12-14,CONSUMER_DURABLE,1612050.45,24,APPROVED,D
APP00001056,CUST002626,BR0019,2026-03-18,BUSINESS,1115012.67,12,APPROVED,C
APP00001057,CUST007519,BR0025,2024-03-17,BUSINESS,623215.81,12,APPROVED,B
APP00001058,CUST008206,BR0050,2025-06-09,PERSONAL,229773.35,18,REJECTED,A
APP00001059,CUST008758,BR0044,2024-06-26,BUSINESS,748212.72,48,APPROVED,D
APP00001060,CUST007582,BR0031,2026-06-03,VEHICLE,358114.08,18,APPROVED,E
APP00001061,CUST000201,BR0026,2025-08-02,BUSINESS,1480411.93,24,APPROVED,B
APP00001062,CUST003674,BR0007,2024-01-21,PERSONAL,389345.29,60,REJECTED,A
APP00001063,CUST002055,BR0036,2024-08-12,VEHICLE,976648.29,12,PENDING,E
APP00001064,CUST000972,BR0003,2024-08-02,PERSONAL,356786.77,24,APPROVED,D
APP00001065,CUST009275,BR0046,2024-08-06,PERSONAL,819586.24,18,APPROVED,C
APP00001066,CUST001393,BR0033,2024-01-20,PERSONAL,1943627.81,24,PENDING,E
APP00001067,CUST005071,BR0048,2026-08-27,PERSONAL,1956934.74,18,APPROVED,C
APP00001068,CUST008303,BR0036,2024-06-07,PERSONAL,1445388.89,18,APPROVED,B
APP00001069,CUST004224,BR0014,2025-06-25,CONSUMER_DURABLE,1584304.0,12,PENDING,D
APP00001070,CUST009940,BR0014,2024-04-22,BUSINESS,110929.54,36,REJECTED,E
APP00001071,CUST001328,BR0039,2024-05-30,VEHICLE,465711.04,18,PENDING,C
APP00001072,CUST005824,BR0044,2025-09-01,VEHICLE,731500.71,12,PENDING,B
APP00001073,CUST009690,BR0020,2024-05-15,PERSONAL,571648.61,36,PENDING,B
APP00001074,CUST003832,BR0001,2026-04-12,PERSONAL,1585687.42,18,APPROVED,C
APP00001075,CUST002019,BR0018,2024-09-28,BUSINESS,306538.59,36,REJECTED,D
APP00001076,CUST001172,BR0002,2024-04-30,VEHICLE,929349.21,18,PENDING,E
APP00001077,CUST006750,BR0017,2024-12-03,PERSONAL,830207.63,48,REJECTED,A
APP00001078,CUST006056,BR0044,2024-04-28,PERSONAL,1765326.92,48,PENDING,A
APP00001079,CUST001407,BR0015,2025-10-13,PERSONAL,774738.59,12,APPROVED,D
APP00001080,CUST002655,BR0048,2026-04-02,CONSUMER_DURABLE,382232.61,48,PENDING,C
APP00001081,CUST001195,BR0011,2025-05-07,VEHICLE,1781716.91,18,APPROVED,C
APP00001082,CUST002970,BR0015,2024-06-18,VEHICLE,1403938.94,12,PENDING,A
APP00001083,CUST001495,BR0046,2024-07-05,CONSUMER_DURABLE,1120712.69,18,APPROVED,B
APP00001084,CUST003290,BR0018,2024-05-11,VEHICLE,931546.83,60,APPROVED,D
APP00001085,CUST002430,BR0049,2024-05-19,VEHICLE,1813843.26,48,APPROVED,D
APP00001086,CUST000921,BR0002,2025-01-30,CONSUMER_DURABLE,329894.02,24,APPROVED,E
APP00001087,CUST007896,BR0041,2024-06-21,BUSINESS,314808.92,36,APPROVED,C
APP00001088,CUST006976,BR0011,2025-11-05,PERSONAL,975573.76,18,APPROVED,D
APP00001089,CUST007864,BR0022,2025-06-25,CONSUMER_DURABLE,286875.77,18,PENDING,C
APP00001090,CUST004090,BR0044,2025-08-16,VEHICLE,561552.72,48,PENDING,A
APP00001091,CUST003291,BR0009,2025-06-18,BUSINESS,1478294.15,24,REJECTED,D
APP00001092,CUST005897,BR0028,2024-12-15,BUSINESS,1105252.37,18,PENDING,D
APP00001093,CUST009587,BR0009,2026-07-17,PERSONAL,1111884.12,60,REJECTED,C
APP00001094,CUST006599,BR0007,2025-12-07,VEHICLE,1428303.41,12,PENDING,C
APP00001095,CUST007852,BR0037,2024-03-06,VEHICLE,876936.9,60,APPROVED,D
APP00001096,CUST001018,BR0006,2025-10-14,VEHICLE,1572486.51,18,REJECTED,B
APP00001097,CUST000493,BR0001,2026-08-26,BUSINESS,1303653.1,36,REJECTED,B
APP00001098,CUST002592,BR0050,2025-09-13,CONSUMER_DURABLE,1059103.85,48,APPROVED,D
APP00001099,CUST005153,BR0015,2024-12-29,BUSINESS,1044859.68,36,APPROVED,D
APP00001100,CUST009090,BR0009,2024-03-05,VEHICLE,495851.56,24,APPROVED,D
APP00001101,CUST007102,BR0013,2026-03-18,PERSONAL,1050840.25,48,APPROVED,C
APP00001102,CUST001997,BR0013,2024-10-31,BUSINESS,1649161.28,36,APPROVED,E
APP00001103,CUST001668,BR0032,2025-04-29,BUSINESS,1375684.88,18,REJECTED,B
APP00001104,CUST003606,BR0031,2024-10-17,CONSUMER_DURABLE,1820249.87,48,REJECTED,C
APP00001105,CUST005944,BR0050,2024-08-16,PERSONAL,1188234.33,18,PENDING,D
APP00001106,CUST001674,BR0044,2024-09-03,PERSONAL,1655666.16,60,REJECTED,D
APP00001107,CUST003900,BR0017,2025-04-08,BUSINESS,1948549.05,60,APPROVED,E
APP00001108,CUST002514,BR0036,2026-01-12,VEHICLE,699665.75,48,PENDING,E
APP00001109,CUST005996,BR0020,2024-12-26,BUSINESS,668577.92,24,APPROVED,C
APP00001110,CUST008976,BR0049,2025-05-12,PERSONAL,1577871.13,48,APPROVED,D
APP00001111,CUST000650,BR0050,2025-02-13,CONSUMER_DURABLE,1641437.78,48,APPROVED,C
APP00001112,CUST004277,BR0039,2026-09-20,VEHICLE,1886406.77,18,APPROVED,A
APP00001113,CUST009095,BR0009,2024-01-08,BUSINESS,1769473.01,48,APPROVED,C
APP00001114,CUST006528,BR0035,2026-06-19,BUSINESS,1657349.24,48,REJECTED,A
APP00001115,CUST004227,BR0013,2026-06-05,BUSINESS,1013480.03,24,PENDING,E
APP00001116,CUST007947,BR0037,2025-05-11,VEHICLE,869826.3,36,APPROVED,C
APP00001117,CUST005302,BR0034,2024-07-17,PERSONAL,1384462.53,12,APPROVED,D
APP00001118,CUST001805,BR0018,2025-05-09,VEHICLE,908632.38,18,APPROVED,E
APP00001119,CUST005896,BR0018,2026-08-29,VEHICLE,675532.92,18,PENDING,B
APP00001120,CUST002441,BR0040,2025-03-16,CONSUMER_DURABLE,959477.97,12,PENDING,B
APP00001121,CUST007853,BR0042,2025-12-08,VEHICLE,1516854.01,18,REJECTED,C
APP00001122,CUST004311,BR0037,2026-08-29,PERSONAL,550731.33,12,REJECTED,C
APP00001123,CUST008305,BR0048,2026-01-12,CONSUMER_DURABLE,361809.39,48,APPROVED,B
APP00001124,CUST006372,BR0032,2025-03-29,BUSINESS,523301.39,60,APPROVED,C
APP00001125,CUST006166,BR0029,2024-03-14,CONSUMER_DURABLE,1327781.79,12,PENDING,C
APP00001126,CUST005296,BR0011,2026-09-24,CONSUMER_DURABLE,459547.6,18,APPROVED,A
APP00001127,CUST003684,BR0014,2024-10-27,VEHICLE,1463369.34,48,REJECTED,D
APP00001128,CUST004732,BR0023,2025-08-04,BUSINESS,551509.57,12,APPROVED,C
APP00001129,CUST000489,BR0007,2025-04-03,CONSUMER_DURABLE,1653544.32,36,PENDING,C
APP00001130,CUST002273,BR0003,2024-01-06,VEHICLE,649426.11,48,REJECTED,A
APP00001131,CUST001827,BR0021,2024-05-10,VEHICLE,835553.73,24,APPROVED,E
APP00001132,CUST004104,BR0007,2024-01-19,CONSUMER_DURABLE,1643690.27,18,REJECTED,A
APP00001133,CUST003582,BR0002,2024-12-07,BUSINESS,883242.34,48,PENDING,E
APP00001134,CUST007235,BR0019,2025-10-20,CONSUMER_DURABLE,891976.56,24,APPROVED,E
APP00001135,CUST003952,BR0047,2024-05-30,CONSUMER_DURABLE,420657.52,36,APPROVED,A
APP00001136,CUST001828,BR0041,2024-06-09,VEHICLE,1303622.36,48,APPROVED,E
APP00001137,CUST000092,BR0049,2025-12-14,BUSINESS,264675.06,48,APPROVED,D
APP00001138,CUST006784,BR0048,2025-09-21,CONSUMER_DURABLE,58808.67,36,APPROVED,B
APP00001139,CUST009449,BR0023,2025-02-06,CONSUMER_DURABLE,692785.17,24,APPROVED,A
APP00001140,CUST009571,BR0032,2025-12-22,BUSINESS,533208.15,18,PENDING,A
APP00001141,CUST004212,BR0008,2025-10-06,CONSUMER_DURABLE,389072.02,18,APPROVED,A
APP00001142,CUST004940,BR0033,2025-03-05,CONSUMER_DURABLE,1554786.94,18,REJECTED,B
APP00001143,CUST007931,BR0041,2025-07-21,VEHICLE,1080903.56,12,REJECTED,E
APP00001144,CUST006563,BR0012,2024-09-01,BUSINESS,1984067.3,12,APPROVED,A
APP00001145,CUST006220,BR0017,2025-12-26,CONSUMER_DURABLE,1578075.95,60,PENDING,A
APP00001146,CUST004090,BR0018,2026-05-29,VEHICLE,1228306.31,48,PENDING,B
APP00001147,CUST004946,BR0035,2024-05-15,VEHICLE,408286.57,24,APPROVED,B
APP00001148,CUST002659,BR0045,2026-05-31,CONSUMER_DURABLE,1535970.09,12,REJECTED,B
APP00001149,CUST003400,BR0047,2024-12-21,CONSUMER_DURABLE,1061847.79,24,APPROVED,E
APP00001150,CUST001003,BR0012,2026-03-22,PERSONAL,767549.13,24,APPROVED,C
APP00001151,CUST008441,BR0009,2025-05-21,PERSONAL,597397.42,24,APPROVED,E
APP00001152,CUST006784,BR0045,2025-08-23,PERSONAL,729091.18,18,APPROVED,C
APP00001153,CUST000508,BR0002,2024-11-08,BUSINESS,761997.89,24,APPROVED,D
APP00001154,CUST005131,BR0018,2025-02-03,PERSONAL,836603.11,48,APPROVED,D
APP00001155,CUST008243,BR0036,2025-06-04,VEHICLE,535487.6,60,REJECTED,E
APP00001156,CUST000151,BR0037,2025-03-19,CONSUMER_DURABLE,518584.11,48,REJECTED,D
APP00001157,CUST007757,BR0024,2024-11-24,PERSONAL,1329103.82,36,PENDING,C
APP00001158,CUST007944,BR0033,2025-08-17,PERSONAL,494707.03,18,APPROVED,A
APP00001159,CUST007849,BR0020,2025-03-21,VEHICLE,1968455.06,36,APPROVED,A
APP00001160,CUST000904,BR0022,2026-06-03,PERSONAL,861791.35,60,APPROVED,C
APP00001161,CUST008205,BR0045,2025-05-03,CONSUMER_DURABLE,800031.84,18,APPROVED,D
APP00001162,CUST001211,BR0043,2025-09-15,CONSUMER_DURABLE,1780832.8,60,APPROVED,C
APP00001163,CUST004076,BR0032,2025-03-07,CONSUMER_DURABLE,1959790.46,60,REJECTED,A
APP00001164,CUST005244,BR0008,2024-01-11,CONSUMER_DURABLE,224215.5,18,REJECTED,B
APP00001165,CUST001014,BR0026,2026-08-10,PERSONAL,659908.48,48,APPROVED,C
APP00001166,CUST002042,BR0045,2026-08-23,VEHICLE,174658.04,24,REJECTED,A
APP00001167,CUST004429,BR0022,2026-04-20,CONSUMER_DURABLE,1411787.68,24,PENDING,A
APP00001168,CUST005651,BR0027,2026-02-23,PERSONAL,985104.25,36,PENDING,A
APP00001169,CUST001963,BR0033,2025-07-06,VEHICLE,1310426.85,18,APPROVED,C
APP00001170,CUST002006,BR0012,2025-01-18,VEHICLE,366505.96,12,PENDING,A
APP00001171,CUST009457,BR0017,2025-11-29,PERSONAL,921639.4,18,PENDING,A
APP00001172,CUST004694,BR0042,2024-09-18,VEHICLE,1758547.86,24,APPROVED,B
APP00001173,CUST000681,BR0039,2024-06-22,PERSONAL,1413248.48,60,APPROVED,E
APP00001174,CUST004036,BR0046,2024-09-23,CONSUMER_DURABLE,416601.97,60,REJECTED,C
APP00001175,CUST007236,BR0044,2026-03-10,CONSUMER_DURABLE,1503722.62,24,APPROVED,D
APP00001176,CUST002941,BR0039,2025-12-26,BUSINESS,1821729.24,12,APPROVED,C
APP00001177,CUST002877,BR0007,2026-02-01,PERSONAL,1909176.37,12,PENDING,E
APP00001178,CUST007210,BR0046,2026-09-16,VEHICLE,1727008.02,36,PENDING,C
APP00001179,CUST004461,BR0001,2026-01-31,PERSONAL,133585.3,24,APPROVED,E
APP00001180,CUST006467,BR0050,2024-12-04,VEHICLE,844459.03,48,REJECTED,A
APP00001181,CUST009027,BR0048,2026-01-24,CONSUMER_DURABLE,1933690.72,12,REJECTED,B
APP00001182,CUST000653,BR0003,2025-09-29,PERSONAL,1882085.23,24,REJECTED,E
APP00001183,CUST001515,BR0016,2025-02-26,BUSINESS,865347.3,24,PENDING,C
APP00001184,CUST006711,BR0026,2025-02-09,VEHICLE,436600.82,60,APPROVED,B
APP00001185,CUST005437,BR0017,2024-08-07,CONSUMER_DURABLE,455263.21,36,PENDING,D
APP00001186,CUST009996,BR0033,2025-04-17,BUSINESS,1987284.09,60,REJECTED,D
APP00001187,CUST004300,BR0026,2024-01-24,CONSUMER_DURABLE,411436.89,24,APPROVED,A
APP00001188,CUST004402,BR0035,2026-08-16,VEHICLE,1531156.27,12,APPROVED,D
APP00001189,CUST004697,BR0023,2024-11-07,CONSUMER_DURABLE,1224146.49,36,APPROVED,D
APP00001190,CUST004809,BR0035,2025-08-08,CONSUMER_DURABLE,439043.25,60,APPROVED,A
APP00001191,CUST003028,BR0014,2026-02-17,PERSONAL,1662894.26,48,REJECTED,D
APP00001192,CUST006359,BR0011,2025-02-11,CONSUMER_DURABLE,1210039.42,24,APPROVED,D
APP00001193,CUST000337,BR0027,2024-10-14,CONSUMER_DURABLE,1314260.97,12,PENDING,D
APP00001194,CUST005697,BR0047,2026-05-22,CONSUMER_DURABLE,1332063.95,60,APPROVED,B
APP00001195,CUST005758,BR0008,2025-10-17,PERSONAL,1861688.94,18,PENDING,D
APP00001196,CUST002836,BR0049,2025-05-22,PERSONAL,1981936.46,24,APPROVED,D
APP00001197,CUST009085,BR0020,2024-03-04,CONSUMER_DURABLE,1370840.23,24,PENDING,B
APP00001198,CUST006949,BR0016,2025-01-02,CONSUMER_DURABLE,203623.5,48,APPROVED,D
APP00001199,CUST002347,BR0042,2025-07-07,VEHICLE,1565149.18,12,APPROVED,D
APP00001200,CUST005205,BR0008,2024-04-21,CONSUMER_DURABLE,1033572.18,12,APPROVED,A
APP00001201,CUST004252,BR0006,2026-09-30,VEHICLE,1309783.85,36,REJECTED,E
APP00001202,CUST002413,BR0028,2024-05-05,VEHICLE,880405.72,12,REJECTED,A
APP00001203,CUST007199,BR0038,2025-07-14,VEHICLE,1332984.41,12,PENDING,B
APP00001204,CUST004035,BR0007,2024-12-02,PERSONAL,850806.11,36,APPROVED,D
APP00001205,CUST004453,BR0011,2024-01-12,CONSUMER_DURABLE,209806.75,12,APPROVED,B
APP00001206,CUST008481,BR0030,2026-06-25,PERSONAL,1562275.71,36,APPROVED,E
APP00001207,CUST003827,BR0038,2025-04-14,PERSONAL,1451042.09,24,APPROVED,C
APP00001208,CUST008222,BR0029,2024-04-07,VEHICLE,650880.69,60,APPROVED,E
APP00001209,CUST003189,BR0037,2025-04-23,BUSINESS,1328594.94,60,APPROVED,B
APP00001210,CUST004714,BR0040,2026-02-12,BUSINESS,725909.25,18,REJECTED,D
APP00001211,CUST007114,BR0045,2026-05-09,BUSINESS,60150.44,12,PENDING,C
APP00001212,CUST004553,BR0039,2024-04-10,BUSINESS,356533.7,18,APPROVED,C
APP00001213,CUST007566,BR0006,2026-06-16,PERSONAL,716005.83,24,APPROVED,D
APP00001214,CUST003407,BR0043,2024-06-30,PERSONAL,1313592.29,24,REJECTED,A
APP00001215,CUST009692,BR0036,2025-05-04,BUSINESS,1571557.79,48,APPROVED,D
APP00001216,CUST001873,BR0039,2025-09-15,PERSONAL,1827337.91,24,APPROVED,D
APP00001217,CUST009399,BR0036,2026-01-22,PERSONAL,609205.2,48,PENDING,A
APP00001218,CUST000184,BR0027,2025-08-24,BUSINESS,1433645.74,36,APPROVED,C
APP00001219,CUST001257,BR0020,2025-02-08,BUSINESS,1539944.29,48,APPROVED,D
APP00001220,CUST006436,BR0016,2024-03-18,CONSUMER_DURABLE,981560.54,60,APPROVED,E
APP00001221,CUST001419,BR0015,2024-01-29,CONSUMER_DURABLE,290053.25,12,APPROVED,D
APP00001222,CUST008287,BR0016,2026-06-21,BUSINESS,363098.52,60,APPROVED,E
APP00001223,CUST007143,BR0028,2026-06-03,PERSONAL,140187.87,60,PENDING,C
APP00001224,CUST009589,BR0041,2025-09-09,BUSINESS,1736645.4,18,APPROVED,A
APP00001225,CUST000471,BR0010,2026-09-02,PERSONAL,452595.01,36,REJECTED,A
APP00001226,CUST007875,BR0020,2024-05-05,VEHICLE,1045423.96,36,PENDING,B
APP00001227,CUST002019,BR0034,2025-05-08,CONSUMER_DURABLE,1098506.99,12,APPROVED,A
APP00001228,CUST003542,BR0012,2026-04-21,CONSUMER_DURABLE,1674801.6,60,REJECTED,E
APP00001229,CUST003043,BR0005,2024-02-03,CONSUMER_DURABLE,361179.23,12,APPROVED,D
APP00001230,CUST002413,BR0019,2024-01-21,VEHICLE,1378603.22,12,APPROVED,D
APP00001231,CUST002661,BR0019,2026-08-15,CONSUMER_DURABLE,1649146.78,18,REJECTED,E
APP00001232,CUST005197,BR0033,2024-02-26,CONSUMER_DURABLE,1235535.8,24,APPROVED,A
APP00001233,CUST002314,BR0004,2025-10-17,VEHICLE,456102.57,60,REJECTED,C
APP00001234,CUST001930,BR0015,2025-08-02,VEHICLE,1049971.54,12,APPROVED,D
APP00001235,CUST009306,BR0032,2026-02-14,PERSONAL,421737.88,24,APPROVED,C
APP00001236,CUST008133,BR0021,2024-04-25,BUSINESS,1442024.79,12,REJECTED,C
APP00001237,CUST004976,BR0050,2024-12-07,VEHICLE,1008783.02,12,APPROVED,D
APP00001238,CUST007762,BR0030,2026-07-25,VEHICLE,466026.09,36,PENDING,C
APP00001239,CUST005640,BR0027,2026-07-28,VEHICLE,230683.0,36,APPROVED,B
APP00001240,CUST007640,BR0006,2025-02-08,BUSINESS,86139.64,18,REJECTED,E
APP00001241,CUST007441,BR0041,2026-01-29,VEHICLE,726470.05,12,APPROVED,A
APP00001242,CUST007614,BR0005,2024-04-06,CONSUMER_DURABLE,1487303.22,12,PENDING,C
APP00001243,CUST001640,BR0036,2025-03-25,CONSUMER_DURABLE,1563531.57,12,REJECTED,E
APP00001244,CUST007171,BR0047,2024-07-27,PERSONAL,603041.33,36,APPROVED,A
APP00001245,CUST000812,BR0017,2025-03-30,BUSINESS,1000335.19,24,APPROVED,A
APP00001246,CUST005120,BR0042,2024-08-29,PERSONAL,1337683.05,12,PENDING,A
APP00001247,CUST001783,BR0003,2025-02-05,BUSINESS,1031796.29,48,REJECTED,B
APP00001248,CUST007350,BR0030,2025-11-14,VEHICLE,1114951.46,48,PENDING,C
APP00001249,CUST008218,BR0041,2026-06-26,BUSINESS,1623598.38,12,APPROVED,B
APP00001250,CUST004367,BR0019,2025-09-15,BUSINESS,1873735.02,60,PENDING,A
APP00001251,CUST009675,BR0014,2024-10-14,CONSUMER_DURABLE,1964091.1,24,REJECTED,E
APP00001252,CUST004635,BR0045,2026-01-05,CONSUMER_DURABLE,1210070.89,48,APPROVED,D
APP00001253,CUST003994,BR0025,2026-08-04,CONSUMER_DURABLE,386517.26,24,PENDING,A
APP00001254,CUST004370,BR0011,2025-04-07,CONSUMER_DURABLE,1800808.23,12,APPROVED,B
APP00001255,CUST007574,BR0033,2024-03-12,CONSUMER_DURABLE,278012.12,12,PENDING,E
APP00001256,CUST008815,BR0041,2025-07-25,PERSONAL,1650575.06,18,APPROVED,A
APP00001257,CUST007263,BR0033,2025-01-17,BUSINESS,875705.76,24,PENDING,B
APP00001258,CUST000599,BR0002,2025-04-06,PERSONAL,1281467.52,18,APPROVED,E
APP00001259,CUST001148,BR0015,2024-09-09,VEHICLE,602507.86,18,REJECTED,C
APP00001260,CUST009274,BR0028,2024-01-05,PERSONAL,1460970.02,18,REJECTED,E
APP00001261,CUST005995,BR0050,2025-11-22,VEHICLE,811818.67,12,APPROVED,E
APP00001262,CUST008791,BR0032,2026-04-10,CONSUMER_DURABLE,1652786.85,36,REJECTED,E
APP00001263,CUST006768,BR0029,2024-03-25,BUSINESS,1532046.81,36,APPROVED,B
APP00001264,CUST005999,BR0003,2025-12-10,VEHICLE,1841557.14,12,APPROVED,E
APP00001265,CUST001743,BR0006,2024-04-27,CONSUMER_DURABLE,1473357.89,18,PENDING,D
APP00001266,CUST005390,BR0019,2025-03-05,VEHICLE,1138543.56,12,PENDING,A
APP00001267,CUST006319,BR0043,2024-07-29,VEHICLE,1432256.84,60,APPROVED,E
APP00001268,CUST006778,BR0032,2025-03-31,BUSINESS,1387273.13,36,APPROVED,E
APP00001269,CUST008829,BR0023,2026-06-25,BUSINESS,80932.89,60,APPROVED,C
APP00001270,CUST009395,BR0046,2025-08-24,PERSONAL,1132923.5,60,APPROVED,D
APP00001271,CUST002598,BR0006,2025-01-07,VEHICLE,1850516.58,18,APPROVED,B
APP00001272,CUST001648,BR0020,2026-08-17,PERSONAL,1476489.42,12,REJECTED,D
APP00001273,CUST008872,BR0029,2024-04-20,BUSINESS,1544810.05,36,APPROVED,B
APP00001274,CUST003056,BR0001,2026-06-08,CONSUMER_DURABLE,887103.4,36,APPROVED,C
APP00001275,CUST006021,BR0044,2025-01-15,CONSUMER_DURABLE,713119.29,24,PENDING,D
APP00001276,CUST006288,BR0024,2026-04-18,BUSINESS,120972.36,36,APPROVED,C
APP00001277,CUST007580,BR0009,2024-08-10,CONSUMER_DURABLE,1296291.09,36,REJECTED,E
APP00001278,CUST003970,BR0001,2025-09-19,VEHICLE,1149848.49,36,PENDING,D
APP00001279,CUST001321,BR0045,2024-11-02,CONSUMER_DURABLE,358359.34,24,APPROVED,A
APP00001280,CUST008398,BR0011,2025-11-02,VEHICLE,382951.65,48,REJECTED,C
APP00001281,CUST008758,BR0008,2025-08-31,BUSINESS,1363913.8,18,PENDING,D
APP00001282,CUST001840,BR0005,2026-06-02,VEHICLE,196798.57,12,PENDING,D
APP00001283,CUST007903,BR0033,2026-08-29,VEHICLE,514138.55,24,REJECTED,A
APP00001284,CUST003604,BR0023,2024-07-22,VEHICLE,944729.63,48,APPROVED,B
APP00001285,CUST005749,BR0006,2025-11-12,BUSINESS,135987.09,48,APPROVED,E
APP00001286,CUST007773,BR0036,2026-09-23,CONSUMER_DURABLE,1045362.57,12,REJECTED,C
APP00001287,CUST004047,BR0043,2025-05-28,BUSINESS,399175.49,18,PENDING,D
APP00001288,CUST004111,BR0042,2025-04-18,PERSONAL,1293164.34,48,PENDING,B
APP00001289,CUST006907,BR0030,2025-08-13,BUSINESS,475451.93,48,REJECTED,E
APP00001290,CUST005609,BR0047,2025-01-25,BUSINESS,339691.6,18,APPROVED,C
APP00001291,CUST004789,BR0038,2026-06-11,PERSONAL,1089375.95,12,PENDING,B
APP00001292,CUST002250,BR0024,2025-06-12,PERSONAL,1714900.56,60,PENDING,B
APP00001293,CUST007841,BR0033,2024-04-22,CONSUMER_DURABLE,1787823.46,18,APPROVED,D
APP00001294,CUST004834,BR0037,2024-12-11,CONSUMER_DURABLE,1220295.4,60,APPROVED,D
APP00001295,CUST005189,BR0031,2026-05-14,BUSINESS,1412104.62,12,APPROVED,D
APP00001296,CUST007014,BR0009,2024-06-02,PERSONAL,1575487.37,60,APPROVED,B
APP00001297,CUST006589,BR0002,2025-02-16,CONSUMER_DURABLE,121889.14,36,REJECTED,E
APP00001298,CUST004606,BR0047,2026-09-02,BUSINESS,566422.87,18,REJECTED,B
APP00001299,CUST004038,BR0041,2026-04-21,CONSUMER_DURABLE,1181184.77,48,APPROVED,C
APP00001300,CUST004038,BR0003,2026-08-04,PERSONAL,898858.34,24,PENDING,E
APP00001301,CUST007343,BR0010,2024-08-03,PERSONAL,943766.54,24,REJECTED,C
APP00001302,CUST009948,BR0033,2024-07-23,PERSONAL,1391284.92,24,APPROVED,B
APP00001303,CUST002963,BR0002,2025-02-14,VEHICLE,1841087.66,36,APPROVED,D
APP00001304,CUST008797,BR0006,2024-12-21,VEHICLE,202339.25,12,PENDING,E
APP00001305,CUST007687,BR0031,2024-12-07,VEHICLE,1757144.89,60,REJECTED,D
APP00001306,CUST004609,BR0026,2026-05-29,BUSINESS,216648.68,24,PENDING,C
APP00001307,CUST008845,BR0001,2025-05-27,CONSUMER_DURABLE,796671.13,12,PENDING,C
APP00001308,CUST008672,BR0041,2026-02-10,BUSINESS,1241115.73,18,REJECTED,B
APP00001309,CUST006681,BR0008,2026-04-04,PERSONAL,530003.48,36,REJECTED,E
APP00001310,CUST007382,BR0007,2025-02-03,BUSINESS,631856.38,36,APPROVED,B
APP00001311,CUST000924,BR0003,2026-03-22,BUSINESS,455174.83,12,PENDING,C
APP00001312,CUST000186,BR0045,2024-02-22,CONSUMER_DURABLE,1649242.13,60,PENDING,C
APP00001313,CUST008420,BR0037,2024-03-08,BUSINESS,1149686.51,36,REJECTED,A
APP00001314,CUST009246,BR0001,2026-01-01,PERSONAL,982327.99,48,APPROVED,E
APP00001315,CUST003078,BR0030,2025-08-19,CONSUMER_DURABLE,1030978.06,36,APPROVED,E
APP00001316,CUST004247,BR0031,2024-02-26,CONSUMER_DURABLE,1158480.91,36,APPROVED,A
APP00001317,CUST004857,BR0010,2026-04-04,BUSINESS,1360147.43,36,PENDING,E
APP00001318,CUST006125,BR0038,2025-12-14,BUSINESS,502262.88,24,APPROVED,A
APP00001319,CUST007656,BR0050,2024-10-15,BUSINESS,487820.59,18,APPROVED,A
APP00001320,CUST009026,BR0008,2026-01-14,BUSINESS,110851.21,12,REJECTED,A
APP00001321,CUST009104,BR0026,2025-12-25,BUSINESS,414393.13,18,REJECTED,E
APP00001322,CUST006999,BR0002,2024-12-18,VEHICLE,1403499.08,60,PENDING,B
APP00001323,CUST004922,BR0033,2025-09-30,CONSUMER_DURABLE,1991913.47,24,APPROVED,E
APP00001324,CUST004740,BR0034,2026-04-27,CONSUMER_DURABLE,270702.27,36,APPROVED,C
APP00001325,CUST002586,BR0049,2025-03-04,CONSUMER_DURABLE,338940.82,18,PENDING,A
APP00001326,CUST004770,BR0002,2025-06-06,VEHICLE,1699200.2,60,PENDING,D
APP00001327,CUST003979,BR0044,2024-04-04,VEHICLE,1187021.69,12,REJECTED,C
APP00001328,CUST004852,BR0002,2024-03-12,BUSINESS,74766.29,24,APPROVED,C
APP00001329,CUST000961,BR0014,2024-02-13,PERSONAL,1465930.8,60,REJECTED,D
APP00001330,CUST004132,BR0045,2024-04-12,CONSUMER_DURABLE,1705753.29,12,APPROVED,C
APP00001331,CUST008852,BR0003,2025-09-04,BUSINESS,1927570.29,60,REJECTED,D
APP00001332,CUST007729,BR0041,2024-06-16,CONSUMER_DURABLE,1080742.21,12,APPROVED,A
APP00001333,CUST004744,BR0005,2024-09-16,BUSINESS,1413497.44,36,REJECTED,E
APP00001334,CUST000973,BR0027,2024-09-25,CONSUMER_DURABLE,440959.98,60,APPROVED,A
APP00001335,CUST004687,BR0047,2025-12-10,PERSONAL,236392.35,12,REJECTED,E
APP00001336,CUST005807,BR0014,2025-09-28,VEHICLE,175653.17,60,REJECTED,C
APP00001337,CUST007201,BR0006,2025-11-27,CONSUMER_DURABLE,1321957.52,60,REJECTED,B
APP00001338,CUST006745,BR0022,2024-11-30,VEHICLE,317083.93,18,PENDING,B
APP00001339,CUST003193,BR0030,2025-09-06,PERSONAL,1084962.96,18,REJECTED,A
APP00001340,CUST002148,BR0047,2025-11-13,VEHICLE,884360.57,24,APPROVED,E
APP00001341,CUST002785,BR0026,2024-10-19,PERSONAL,535755.93,12,APPROVED,B
APP00001342,CUST004189,BR0014,2024-01-16,BUSINESS,1176877.3,60,PENDING,E
APP00001343,CUST005126,BR0028,2026-08-19,BUSINESS,1277054.37,60,APPROVED,B
APP00001344,CUST002144,BR0012,2026-01-13,PERSONAL,1778069.93,36,APPROVED,A
APP00001345,CUST008884,BR0050,2024-09-16,VEHICLE,737024.88,24,APPROVED,E
APP00001346,CUST004625,BR0050,2025-05-29,PERSONAL,1696524.06,24,APPROVED,D
APP00001347,CUST001031,BR0038,2024-05-13,VEHICLE,1521741.69,12,REJECTED,B
APP00001348,CUST006509,BR0020,2025-06-15,BUSINESS,1399345.31,60,PENDING,C
APP00001349,CUST001093,BR0030,2026-05-30,VEHICLE,205818.17,24,APPROVED,A
APP00001350,CUST008312,BR0041,2025-06-23,CONSUMER_DURABLE,1100948.85,24,PENDING,A
APP00001351,CUST009070,BR0033,2024-11-14,BUSINESS,406921.15,18,REJECTED,C
APP00001352,CUST002359,BR0020,2026-09-09,VEHICLE,1976530.21,36,APPROVED,A
APP00001353,CUST008001,BR0004,2025-07-18,VEHICLE,1102487.68,48,PENDING,A
APP00001354,CUST000628,BR0018,2025-12-05,PERSONAL,1109635.94,24,APPROVED,B
APP00001355,CUST001874,BR0048,2025-05-02,BUSINESS,952035.89,12,REJECTED,D
APP00001356,CUST006056,BR0018,2025-01-25,PERSONAL,1017265.56,60,APPROVED,B
APP00001357,CUST001724,BR0041,2026-06-25,BUSINESS,1559050.89,36,PENDING,A
APP00001358,CUST001841,BR0004,2024-06-04,VEHICLE,742116.56,24,REJECTED,D
APP00001359,CUST004574,BR0035,2024-10-31,PERSONAL,489051.32,60,APPROVED,D
APP00001360,CUST009890,BR0029,2025-10-20,PERSONAL,993309.22,60,APPROVED,B
APP00001361,CUST008823,BR0050,2025-01-12,CONSUMER_DURABLE,583052.68,18,PENDING,A
APP00001362,CUST005371,BR0029,2026-05-15,PERSONAL,265600.26,60,APPROVED,E
APP00001363,CUST004817,BR0015,2026-04-20,CONSUMER_DURABLE,841487.86,24,APPROVED,A
APP00001364,CUST002078,BR0043,2024-05-08,CONSUMER_DURABLE,645821.25,18,APPROVED,E
APP00001365,CUST008648,BR0031,2024-10-21,PERSONAL,829521.57,12,REJECTED,B
APP00001366,CUST008158,BR0016,2026-02-07,PERSONAL,1105878.93,24,REJECTED,D
APP00001367,CUST009234,BR0022,2026-02-16,BUSINESS,773582.38,60,APPROVED,D
APP00001368,CUST005903,BR0011,2025-02-12,PERSONAL,1718327.8,18,APPROVED,A
APP00001369,CUST007205,BR0039,2025-05-29,VEHICLE,1760979.66,36,APPROVED,A
APP00001370,CUST007559,BR0010,2024-05-30,PERSONAL,939933.49,24,APPROVED,C
APP00001371,CUST002851,BR0001,2026-03-14,VEHICLE,1944896.29,18,REJECTED,E
APP00001372,CUST006205,BR0003,2025-05-15,PERSONAL,1671447.17,48,REJECTED,A
APP00001373,CUST009643,BR0020,2025-10-16,PERSONAL,375750.24,12,APPROVED,A
APP00001374,CUST005155,BR0021,2024-08-01,VEHICLE,265239.18,12,REJECTED,B
APP00001375,CUST009308,BR0003,2025-06-15,VEHICLE,141903.83,18,APPROVED,B
APP00001376,CUST007214,BR0050,2025-12-05,CONSUMER_DURABLE,1227669.85,24,REJECTED,B
APP00001377,CUST001515,BR0012,2024-01-07,VEHICLE,492504.87,36,APPROVED,D
APP00001378,CUST000771,BR0015,2025-01-08,BUSINESS,1053984.11,36,APPROVED,E
APP00001379,CUST009717,BR0016,2024-05-04,CONSUMER_DURABLE,1604785.42,12,PENDING,D
APP00001380,CUST000475,BR0005,2024-11-22,PERSONAL,94274.87,24,APPROVED,E
APP00001381,CUST005951,BR0046,2024-07-04,CONSUMER_DURABLE,1192253.93,24,APPROVED,B
APP00001382,CUST002211,BR0045,2025-11-27,CONSUMER_DURABLE,99377.57,18,APPROVED,D
APP00001383,CUST009575,BR0036,2026-06-28,VEHICLE,125708.44,18,APPROVED,B
APP00001384,CUST001695,BR0008,2024-02-19,VEHICLE,1043428.74,36,APPROVED,B
APP00001385,CUST009375,BR0024,2025-02-02,BUSINESS,1391360.59,18,REJECTED,E
APP00001386,CUST007990,BR0010,2025-08-16,VEHICLE,1384467.68,18,APPROVED,D
APP00001387,CUST008309,BR0038,2026-05-27,VEHICLE,1263917.16,60,REJECTED,D
APP00001388,CUST009570,BR0049,2025-06-13,CONSUMER_DURABLE,604513.45,60,APPROVED,C
APP00001389,CUST009781,BR0017,2025-09-11,CONSUMER_DURABLE,596320.99,36,APPROVED,B
APP00001390,CUST007503,BR0050,2026-05-10,CONSUMER_DURABLE,1896711.56,12,APPROVED,D
APP00001391,CUST005011,BR0016,2024-09-26,VEHICLE,1555364.71,36,APPROVED,C
APP00001392,CUST008766,BR0038,2024-01-02,CONSUMER_DURABLE,1387571.53,18,APPROVED,A
APP00001393,CUST002412,BR0010,2025-05-28,CONSUMER_DURABLE,1137628.68,24,APPROVED,B
APP00001394,CUST000090,BR0042,2024-09-17,VEHICLE,770381.02,18,REJECTED,C
APP00001395,CUST003138,BR0050,2024-03-06,VEHICLE,283424.74,36,APPROVED,E
APP00001396,CUST000986,BR0030,2025-08-21,VEHICLE,1183025.44,36,APPROVED,D
APP00001397,CUST008924,BR0043,2026-08-14,VEHICLE,1119267.29,12,APPROVED,D
APP00001398,CUST006448,BR0012,2024-12-06,CONSUMER_DURABLE,399629.58,12,REJECTED,E
APP00001399,CUST002957,BR0025,2026-08-03,PERSONAL,1728134.3,24,APPROVED,C
APP00001400,CUST001055,BR0039,2024-10-22,CONSUMER_DURABLE,1392378.48,24,PENDING,E
APP00001401,CUST003498,BR0026,2024-07-29,VEHICLE,536648.94,12,APPROVED,B
APP00001402,CUST003931,BR0035,2024-06-27,BUSINESS,791040.3,12,APPROVED,D
APP00001403,CUST003988,BR0050,2026-09-13,VEHICLE,1727929.23,48,APPROVED,A
APP00001404,CUST001874,BR0021,2026-09-29,BUSINESS,1395980.52,36,PENDING,C
APP00001405,CUST002738,BR0002,2026-05-13,PERSONAL,1450673.98,48,PENDING,A
APP00001406,CUST003912,BR0042,2024-05-27,PERSONAL,644422.86,60,PENDING,C
APP00001407,CUST004202,BR0019,2025-09-12,CONSUMER_DURABLE,1207335.85,60,PENDING,C
APP00001408,CUST002721,BR0011,2025-04-29,VEHICLE,161078.62,18,APPROVED,C
APP00001409,CUST001457,BR0010,2024-03-08,BUSINESS,1848706.77,24,REJECTED,D
APP00001410,CUST006830,BR0019,2024-10-10,BUSINESS,977478.6,36,APPROVED,A
APP00001411,CUST000058,BR0036,2024-01-23,BUSINESS,84716.92,60,APPROVED,C
APP00001412,CUST005829,BR0035,2025-10-01,BUSINESS,589880.62,48,REJECTED,B
APP00001413,CUST003494,BR0006,2024-11-29,VEHICLE,1363338.92,18,REJECTED,B
APP00001414,CUST009022,BR0017,2025-08-30,CONSUMER_DURABLE,460144.96,36,PENDING,D
APP00001415,CUST001053,BR0027,2026-02-25,PERSONAL,197959.43,12,PENDING,E
APP00001416,CUST005089,BR0044,2026-01-12,BUSINESS,1917493.12,48,REJECTED,C
APP00001417,CUST009609,BR0006,2025-01-03,CONSUMER_DURABLE,1249322.37,24,PENDING,A
APP00001418,CUST009324,BR0021,2026-06-28,CONSUMER_DURABLE,410322.27,60,PENDING,E
APP00001419,CUST009934,BR0018,2026-09-20,PERSONAL,1560121.49,60,PENDING,D
APP00001420,CUST008021,BR0044,2025-02-18,BUSINESS,592442.0,48,REJECTED,B
APP00001421,CUST008317,BR0003,2024-11-26,VEHICLE,1699411.95,24,APPROVED,B
APP00001422,CUST006160,BR0022,2025-10-25,VEHICLE,974743.96,48,APPROVED,C
APP00001423,CUST000210,BR0050,2025-10-09,BUSINESS,148071.94,12,APPROVED,E
APP00001424,CUST000866,BR0032,2025-04-02,CONSUMER_DURABLE,740371.77,48,APPROVED,E
APP00001425,CUST000863,BR0042,2025-04-15,VEHICLE,1024599.83,24,PENDING,D
APP00001426,CUST004889,BR0010,2025-06-13,PERSONAL,1453780.85,24,PENDING,E
APP00001427,CUST001738,BR0022,2024-02-02,VEHICLE,57352.93,12,APPROVED,D
APP00001428,CUST001355,BR0047,2026-05-20,VEHICLE,1090764.74,36,APPROVED,A
APP00001429,CUST000328,BR0010,2025-05-16,VEHICLE,1461981.46,36,APPROVED,D
APP00001430,CUST009726,BR0015,2024-12-16,BUSINESS,1803632.06,60,APPROVED,C
APP00001431,CUST003932,BR0030,2024-06-06,BUSINESS,1213150.7,24,REJECTED,A
APP00001432,CUST009715,BR0009,2024-05-17,VEHICLE,1544260.92,60,REJECTED,A
APP00001433,CUST002866,BR0031,2026-08-03,BUSINESS,1477069.35,48,REJECTED,A
APP00001434,CUST006763,BR0046,2026-01-28,PERSONAL,815051.9,48,APPROVED,D
APP00001435,CUST000723,BR0015,2025-09-25,VEHICLE,1588901.6,36,PENDING,D
APP00001436,CUST007508,BR0007,2024-06-27,VEHICLE,427705.97,18,APPROVED,B
APP00001437,CUST000596,BR0014,2025-10-14,PERSONAL,960137.05,24,APPROVED,C
APP00001438,CUST007806,BR0004,2024-05-17,CONSUMER_DURABLE,1693161.51,12,PENDING,E
APP00001439,CUST000608,BR0012,2025-09-22,PERSONAL,948711.82,12,APPROVED,A
APP00001440,CUST006542,BR0002,2026-09-16,BUSINESS,1592049.97,48,APPROVED,A
APP00001441,CUST009206,BR0042,2026-02-21,VEHICLE,1904345.2,36,REJECTED,A
APP00001442,CUST000594,BR0015,2026-09-17,PERSONAL,756325.93,48,APPROVED,C
APP00001443,CUST003371,BR0018,2026-08-10,CONSUMER_DURABLE,245812.28,60,APPROVED,B
APP00001444,CUST005165,BR0042,2024-04-21,VEHICLE,1200206.01,60,APPROVED,D
APP00001445,CUST004257,BR0025,2025-07-15,PERSONAL,874097.0,12,APPROVED,D
APP00001446,CUST008502,BR0033,2026-06-20,VEHICLE,916182.4,12,REJECTED,D
APP00001447,CUST001509,BR0018,2024-01-22,CONSUMER_DURABLE,1229875.78,24,PENDING,A
APP00001448,CUST001814,BR0010,2024-09-10,BUSINESS,238911.9,18,REJECTED,E
APP00001449,CUST005397,BR0032,2026-03-29,VEHICLE,655513.98,24,APPROVED,D
APP00001450,CUST006363,BR0042,2026-07-02,VEHICLE,1861487.7,60,APPROVED,A
APP00001451,CUST000920,BR0035,2025-01-13,BUSINESS,890865.0,24,APPROVED,D
APP00001452,CUST006484,BR0023,2024-10-30,BUSINESS,183926.35,36,PENDING,C
APP00001453,CUST008812,BR0009,2024-08-25,PERSONAL,882778.22,48,PENDING,C
APP00001454,CUST007534,BR0003,2026-04-17,VEHICLE,885822.36,12,PENDING,E
APP00001455,CUST000728,BR0017,2025-05-01,BUSINESS,438040.35,48,REJECTED,D
APP00001456,CUST009181,BR0004,2025-01-05,BUSINESS,1515676.8,60,PENDING,B
APP00001457,CUST005520,BR0046,2026-09-05,BUSINESS,1576748.72,24,APPROVED,A
APP00001458,CUST005127,BR0013,2025-11-03,CONSUMER_DURABLE,522043.37,36,PENDING,B
APP00001459,CUST006138,BR0014,2026-02-02,VEHICLE,1444646.29,48,APPROVED,C
APP00001460,CUST007127,BR0040,2025-03-11,BUSINESS,201104.43,36,PENDING,B
APP00001461,CUST009648,BR0002,2026-01-17,CONSUMER_DURABLE,1197782.47,60,REJECTED,B
APP00001462,CUST008652,BR0013,2025-05-13,BUSINESS,130937.68,18,REJECTED,C
APP00001463,CUST002827,BR0049,2026-03-17,BUSINESS,1424817.86,60,APPROVED,B
APP00001464,CUST005895,BR0014,2026-08-25,VEHICLE,569242.36,24,REJECTED,D
APP00001465,CUST006711,BR0033,2025-06-29,VEHICLE,458977.24,12,PENDING,D
APP00001466,CUST000632,BR0032,2025-05-05,VEHICLE,1066998.93,36,PENDING,B
APP00001467,CUST007605,BR0033,2025-06-30,CONSUMER_DURABLE,1447661.95,48,PENDING,D
APP00001468,CUST001732,BR0039,2026-07-25,CONSUMER_DURABLE,1905919.97,60,APPROVED,B
APP00001469,CUST000195,BR0039,2025-10-30,VEHICLE,502239.53,18,PENDING,D
APP00001470,CUST007760,BR0012,2024-06-14,CONSUMER_DURABLE,1372880.61,36,APPROVED,B
APP00001471,CUST002617,BR0014,2026-05-19,VEHICLE,1704088.96,60,APPROVED,D
APP00001472,CUST005527,BR0044,2026-01-20,CONSUMER_DURABLE,1081794.78,48,APPROVED,E
APP00001473,CUST005808,BR0021,2026-06-12,CONSUMER_DURABLE,918968.27,24,PENDING,D
APP00001474,CUST009896,BR0027,2024-04-13,PERSONAL,251296.4,48,APPROVED,A
APP00001475,CUST000401,BR0040,2025-10-23,VEHICLE,1461366.01,12,APPROVED,C
APP00001476,CUST005846,BR0003,2026-08-02,PERSONAL,650135.67,36,PENDING,A
APP00001477,CUST008555,BR0037,2024-08-22,CONSUMER_DURABLE,1393232.53,36,APPROVED,B
APP00001478,CUST002697,BR0029,2026-06-09,PERSONAL,138442.96,18,PENDING,A
APP00001479,CUST007091,BR0028,2025-08-07,BUSINESS,468919.84,24,APPROVED,B
APP00001480,CUST005568,BR0004,2026-01-04,CONSUMER_DURABLE,1333484.1,36,APPROVED,A
APP00001481,CUST001491,BR0024,2026-04-03,BUSINESS,279497.81,36,APPROVED,D
APP00001482,CUST002931,BR0035,2026-07-24,CONSUMER_DURABLE,684474.92,18,APPROVED,E
APP00001483,CUST008434,BR0015,2026-08-08,CONSUMER_DURABLE,869629.03,24,APPROVED,D
APP00001484,CUST006134,BR0002,2026-04-06,CONSUMER_DURABLE,1450573.67,36,REJECTED,D
APP00001485,CUST007877,BR0016,2025-07-04,BUSINESS,943329.65,12,PENDING,A
APP00001486,CUST004660,BR0023,2024-06-23,VEHICLE,654359.31,24,APPROVED,A
APP00001487,CUST009353,BR0002,2025-10-05,BUSINESS,1753642.99,48,APPROVED,C
APP00001488,CUST000691,BR0004,2026-07-09,BUSINESS,1474384.95,24,APPROVED,E
APP00001489,CUST001861,BR0030,2025-03-09,VEHICLE,719721.26,48,APPROVED,D
APP00001490,CUST000518,BR0004,2026-03-15,CONSUMER_DURABLE,661554.24,36,APPROVED,B
APP00001491,CUST003690,BR0032,2025-09-09,VEHICLE,83235.21,18,APPROVED,D
APP00001492,CUST006452,BR0038,2025-02-23,CONSUMER_DURABLE,353475.44,12,APPROVED,D
APP00001493,CUST004430,BR0016,2025-11-21,BUSINESS,352534.22,18,APPROVED,E
APP00001494,CUST006982,BR0015,2025-08-23,PERSONAL,837540.98,60,APPROVED,E
APP00001495,CUST008335,BR0048,2025-05-31,CONSUMER_DURABLE,87164.52,18,PENDING,D
APP00001496,CUST008237,BR0013,2025-04-08,VEHICLE,1782062.46,24,PENDING,D
APP00001497,CUST009361,BR0007,2024-10-17,VEHICLE,661456.35,24,REJECTED,B
APP00001498,CUST005316,BR0042,2026-03-17,BUSINESS,723842.47,48,APPROVED,E
APP00001499,CUST005606,BR0044,2024-08-30,VEHICLE,1710235.9,48,PENDING,D
APP00001500,CUST005286,BR0041,2026-06-29,CONSUMER_DURABLE,778025.36,18,REJECTED,A
APP00001501,CUST009078,BR0015,2024-09-27,PERSONAL,742961.16,60,REJECTED,E
APP00001502,CUST003439,BR0038,2024-07-14,CONSUMER_DURABLE,833331.17,24,REJECTED,B
APP00001503,CUST007226,BR0047,2025-06-08,VEHICLE,1837164.77,48,APPROVED,C
APP00001504,CUST009336,BR0023,2024-01-17,CONSUMER_DURABLE,1498302.24,36,APPROVED,D
APP00001505,CUST008254,BR0050,2026-05-08,BUSINESS,614330.58,24,APPROVED,E
APP00001506,CUST000698,BR0024,2025-05-03,BUSINESS,1317031.37,60,REJECTED,B
APP00001507,CUST005402,BR0012,2024-10-17,CONSUMER_DURABLE,1627057.33,18,PENDING,E
APP00001508,CUST006280,BR0006,2025-09-05,PERSONAL,1665161.41,18,APPROVED,C
APP00001509,CUST000749,BR0034,2026-03-06,VEHICLE,484731.43,12,REJECTED,B
APP00001510,CUST005710,BR0034,2026-02-22,BUSINESS,1410356.72,18,PENDING,E
APP00001511,CUST003150,BR0022,2024-05-04,PERSONAL,1256227.15,60,APPROVED,C
APP00001512,CUST009236,BR0013,2025-04-01,BUSINESS,832858.61,48,REJECTED,D
APP00001513,CUST008843,BR0023,2024-09-03,PERSONAL,1638150.39,48,APPROVED,C
APP00001514,CUST005812,BR0042,2025-03-12,BUSINESS,1491476.01,18,APPROVED,D
APP00001515,CUST007432,BR0035,2024-07-02,VEHICLE,1927182.97,36,APPROVED,B
APP00001516,CUST001293,BR0018,2024-09-05,BUSINESS,305834.95,24,APPROVED,C
APP00001517,CUST003688,BR0047,2025-09-14,CONSUMER_DURABLE,1725483.96,36,REJECTED,E
APP00001518,CUST004114,BR0040,2024-01-28,PERSONAL,1764396.62,12,PENDING,A
APP00001519,CUST003182,BR0010,2026-01-19,VEHICLE,1238404.55,36,APPROVED,A
APP00001520,CUST005054,BR0021,2025-01-24,CONSUMER_DURABLE,354358.27,18,APPROVED,C
APP00001521,CUST001678,BR0041,2025-01-25,BUSINESS,1505473.09,60,REJECTED,B
APP00001522,CUST000010,BR0006,2025-09-20,VEHICLE,1100797.94,24,REJECTED,A
APP00001523,CUST005006,BR0029,2025-12-26,CONSUMER_DURABLE,1433670.55,24,APPROVED,C
APP00001524,CUST002771,BR0046,2024-11-16,CONSUMER_DURABLE,798486.05,48,REJECTED,B
APP00001525,CUST005884,BR0015,2026-02-26,PERSONAL,395794.55,12,PENDING,D
APP00001526,CUST003191,BR0035,2026-06-04,PERSONAL,643400.74,36,PENDING,D
APP00001527,CUST007755,BR0035,2025-10-26,VEHICLE,1236474.89,12,APPROVED,E
APP00001528,CUST004610,BR0048,2024-10-13,PERSONAL,492803.81,48,APPROVED,A
APP00001529,CUST000834,BR0013,2025-10-02,BUSINESS,1247997.81,18,APPROVED,C
APP00001530,CUST005468,BR0039,2024-02-26,CONSUMER_DURABLE,181167.44,48,PENDING,B
APP00001531,CUST002065,BR0014,2025-10-16,BUSINESS,1325103.92,60,APPROVED,B
APP00001532,CUST003619,BR0027,2025-05-07,VEHICLE,384631.72,60,APPROVED,D
APP00001533,CUST006848,BR0049,2024-03-24,VEHICLE,799444.96,60,APPROVED,A
APP00001534,CUST008721,BR0012,2025-10-31,BUSINESS,1169864.8,60,APPROVED,B
APP00001535,CUST009010,BR0048,2026-06-18,VEHICLE,361431.38,24,PENDING,C
APP00001536,CUST004824,BR0020,2024-12-09,CONSUMER_DURABLE,1181393.6,24,APPROVED,C
APP00001537,CUST004105,BR0005,2024-03-02,VEHICLE,372811.41,36,PENDING,E
APP00001538,CUST008998,BR0030,2026-05-22,CONSUMER_DURABLE,1711179.79,60,PENDING,A
APP00001539,CUST002041,BR0016,2024-01-03,PERSONAL,1626286.45,24,REJECTED,C
APP00001540,CUST001882,BR0004,2024-11-10,CONSUMER_DURABLE,1085669.73,12,PENDING,B
APP00001541,CUST007490,BR0026,2025-02-09,PERSONAL,1473201.43,24,REJECTED,E
APP00001542,CUST009721,BR0004,2025-02-03,BUSINESS,1181534.54,36,APPROVED,A
APP00001543,CUST001035,BR0014,2026-06-25,PERSONAL,167199.18,60,PENDING,A
APP00001544,CUST007059,BR0049,2026-09-12,BUSINESS,489009.67,12,REJECTED,D
APP00001545,CUST009191,BR0028,2026-02-14,CONSUMER_DURABLE,633500.77,48,REJECTED,D
APP00001546,CUST005427,BR0034,2025-02-04,VEHICLE,1673730.93,12,PENDING,C
APP00001547,CUST004642,BR0044,2026-03-17,PERSONAL,1298413.97,24,PENDING,A
APP00001548,CUST002474,BR0010,2024-10-27,BUSINESS,1132887.59,18,PENDING,D
APP00001549,CUST002017,BR0016,2024-01-14,BUSINESS,1840465.46,36,PENDING,A
APP00001550,CUST008878,BR0042,2026-02-04,PERSONAL,274051.36,60,REJECTED,A
APP00001551,CUST003430,BR0013,2024-10-27,PERSONAL,380814.5,60,APPROVED,C
APP00001552,CUST000827,BR0044,2026-05-03,VEHICLE,533290.29,60,PENDING,D
APP00001553,CUST004189,BR0047,2026-03-23,CONSUMER_DURABLE,1772699.16,24,PENDING,D
APP00001554,CUST003886,BR0048,2025-06-14,CONSUMER_DURABLE,1461716.05,12,APPROVED,B
APP00001555,CUST002062,BR0003,2025-01-19,CONSUMER_DURABLE,1794442.58,12,PENDING,D
APP00001556,CUST001858,BR0044,2024-05-15,VEHICLE,1932491.46,48,APPROVED,C
APP00001557,CUST004658,BR0009,2024-10-13,PERSONAL,793525.01,12,PENDING,B
APP00001558,CUST009776,BR0046,2025-09-27,BUSINESS,712442.56,24,REJECTED,D
APP00001559,CUST005690,BR0026,2025-06-26,VEHICLE,626666.02,48,APPROVED,B
APP00001560,CUST007323,BR0031,2026-06-08,VEHICLE,553845.36,48,REJECTED,B
APP00001561,CUST003277,BR0014,2024-07-18,CONSUMER_DURABLE,333496.49,24,APPROVED,A
APP00001562,CUST000327,BR0007,2026-08-31,PERSONAL,1174406.6,18,PENDING,D
APP00001563,CUST001374,BR0041,2025-11-08,BUSINESS,955752.76,18,APPROVED,B
APP00001564,CUST001002,BR0043,2025-02-13,VEHICLE,1292057.2,48,REJECTED,B
APP00001565,CUST004602,BR0007,2024-01-08,VEHICLE,1595442.2,60,REJECTED,C
APP00001566,CUST005726,BR0045,2026-01-08,BUSINESS,158782.79,24,REJECTED,B
APP00001567,CUST000926,BR0044,2026-03-27,CONSUMER_DURABLE,1343280.96,60,APPROVED,A
APP00001568,CUST000488,BR0012,2024-05-17,PERSONAL,156508.13,36,PENDING,B
APP00001569,CUST007857,BR0043,2025-11-06,CONSUMER_DURABLE,689297.77,24,APPROVED,C
APP00001570,CUST005013,BR0047,2026-05-24,CONSUMER_DURABLE,1539936.69,18,APPROVED,B
APP00001571,CUST006552,BR0039,2025-09-07,BUSINESS,974173.48,24,APPROVED,E
APP00001572,CUST000721,BR0042,2024-07-02,PERSONAL,1455519.75,60,APPROVED,A
APP00001573,CUST002135,BR0034,2026-05-29,PERSONAL,363769.17,18,APPROVED,D
APP00001574,CUST004492,BR0046,2024-01-08,PERSONAL,1464787.68,36,PENDING,B
APP00001575,CUST008418,BR0040,2026-03-04,VEHICLE,912638.75,60,APPROVED,A
APP00001576,CUST008835,BR0006,2026-03-26,BUSINESS,1884529.08,24,APPROVED,D
APP00001577,CUST009090,BR0050,2025-03-11,PERSONAL,1586566.98,18,APPROVED,E
APP00001578,CUST005356,BR0033,2025-12-23,BUSINESS,89946.47,12,APPROVED,D
APP00001579,CUST006979,BR0047,2025-08-12,VEHICLE,1862472.2,60,APPROVED,D
APP00001580,CUST002586,BR0049,2025-04-15,PERSONAL,1810297.01,60,APPROVED,E
APP00001581,CUST005939,BR0010,2024-12-15,BUSINESS,850754.24,12,PENDING,C
APP00001582,CUST007143,BR0037,2025-01-21,VEHICLE,1712401.74,18,REJECTED,A
APP00001583,CUST003901,BR0017,2025-09-27,VEHICLE,1901163.54,24,REJECTED,E
APP00001584,CUST005813,BR0037,2025-01-14,VEHICLE,1145855.23,48,APPROVED,A
APP00001585,CUST007042,BR0047,2025-05-16,VEHICLE,303875.35,60,APPROVED,C
APP00001586,CUST000509,BR0012,2026-03-25,CONSUMER_DURABLE,1198762.65,24,PENDING,B
APP00001587,CUST006962,BR0016,2026-03-27,CONSUMER_DURABLE,660468.67,48,REJECTED,B
APP00001588,CUST002190,BR0018,2026-02-09,CONSUMER_DURABLE,799590.95,48,PENDING,D
APP00001589,CUST006241,BR0045,2026-02-16,PERSONAL,1743773.64,36,APPROVED,D
APP00001590,CUST003713,BR0027,2026-02-24,CONSUMER_DURABLE,707271.28,12,APPROVED,C
APP00001591,CUST007050,BR0049,2026-06-28,CONSUMER_DURABLE,1513851.56,60,APPROVED,E
APP00001592,CUST001270,BR0009,2025-08-18,VEHICLE,83170.83,18,APPROVED,A
APP00001593,CUST003792,BR0003,2026-06-18,PERSONAL,1979223.2,12,REJECTED,C
APP00001594,CUST000721,BR0003,2024-04-29,CONSUMER_DURABLE,1282544.15,48,APPROVED,B
APP00001595,CUST005330,BR0050,2026-05-27,CONSUMER_DURABLE,857386.1,24,APPROVED,E
APP00001596,CUST007839,BR0017,2024-06-04,BUSINESS,1439468.54,48,APPROVED,D
APP00001597,CUST004599,BR0041,2026-02-20,PERSONAL,816315.4,24,APPROVED,D
APP00001598,CUST009767,BR0036,2026-02-15,BUSINESS,510940.03,24,REJECTED,E
APP00001599,CUST007921,BR0039,2024-12-29,VEHICLE,1365137.74,18,APPROVED,C
APP00001600,CUST007703,BR0005,2024-04-04,BUSINESS,901408.68,60,PENDING,D
APP00001601,CUST002367,BR0001,2025-07-13,PERSONAL,942989.89,48,REJECTED,E
APP00001602,CUST003228,BR0021,2026-09-28,BUSINESS,427030.83,48,APPROVED,A
APP00001603,CUST006472,BR0028,2026-07-10,CONSUMER_DURABLE,218272.09,48,APPROVED,D
APP00001604,CUST004522,BR0008,2024-08-15,VEHICLE,1747388.63,12,PENDING,B
APP00001605,CUST005244,BR0035,2026-09-10,CONSUMER_DURABLE,1931496.7,48,APPROVED,A
APP00001606,CUST002337,BR0040,2024-12-02,PERSONAL,1908984.34,12,APPROVED,E
APP00001607,CUST009755,BR0036,2026-04-13,PERSONAL,757978.53,18,APPROVED,C
APP00001608,CUST002188,BR0024,2026-01-10,CONSUMER_DURABLE,1761197.26,24,APPROVED,E
APP00001609,CUST002994,BR0010,2026-06-26,PERSONAL,661833.86,24,PENDING,A
APP00001610,CUST001430,BR0039,2026-03-24,CONSUMER_DURABLE,1076976.42,24,APPROVED,D
APP00001611,CUST003182,BR0022,2025-12-04,CONSUMER_DURABLE,399300.28,18,PENDING,A
APP00001612,CUST000527,BR0001,2024-07-05,CONSUMER_DURABLE,1709628.74,18,APPROVED,C
APP00001613,CUST004923,BR0048,2024-06-10,BUSINESS,1538389.29,12,APPROVED,A
APP00001614,CUST001431,BR0003,2026-04-13,PERSONAL,1555171.0,24,APPROVED,D
APP00001615,CUST000797,BR0043,2026-02-04,CONSUMER_DURABLE,1367161.03,60,APPROVED,D
APP00001616,CUST002103,BR0046,2025-09-09,VEHICLE,1818090.83,48,APPROVED,B
APP00001617,CUST002147,BR0042,2025-08-16,VEHICLE,1529016.68,24,PENDING,A
APP00001618,CUST002818,BR0011,2024-01-25,CONSUMER_DURABLE,154178.78,18,APPROVED,E
APP00001619,CUST008006,BR0005,2025-05-04,BUSINESS,1424977.14,36,APPROVED,E
APP00001620,CUST003535,BR0029,2025-09-10,CONSUMER_DURABLE,1015434.79,36,PENDING,B
APP00001621,CUST007447,BR0026,2024-08-29,CONSUMER_DURABLE,439675.58,18,REJECTED,C
APP00001622,CUST007618,BR0010,2026-02-20,BUSINESS,109628.34,48,APPROVED,C
APP00001623,CUST001631,BR0001,2026-09-04,BUSINESS,860723.62,60,PENDING,A
APP00001624,CUST005402,BR0024,2025-01-13,VEHICLE,666218.35,12,APPROVED,C
APP00001625,CUST009354,BR0011,2026-06-14,PERSONAL,947225.52,36,PENDING,E
APP00001626,CUST008525,BR0045,2025-06-18,CONSUMER_DURABLE,1040590.61,18,PENDING,C
APP00001627,CUST009146,BR0019,2025-11-22,CONSUMER_DURABLE,1563435.88,60,APPROVED,B
APP00001628,CUST004978,BR0018,2025-09-04,CONSUMER_DURABLE,1618015.26,18,APPROVED,D
APP00001629,CUST008922,BR0031,2025-01-31,PERSONAL,1556437.86,60,PENDING,A
APP00001630,CUST005749,BR0031,2024-01-31,PERSONAL,168831.48,12,APPROVED,C
APP00001631,CUST003263,BR0020,2024-05-26,CONSUMER_DURABLE,868723.41,18,APPROVED,B
APP00001632,CUST001916,BR0033,2025-10-17,BUSINESS,269008.62,18,APPROVED,D
APP00001633,CUST004334,BR0050,2024-05-30,PERSONAL,1661917.35,12,APPROVED,E
APP00001634,CUST008830,BR0029,2025-11-19,CONSUMER_DURABLE,1602259.86,36,APPROVED,E
APP00001635,CUST000065,BR0040,2025-08-31,BUSINESS,929971.24,48,APPROVED,A
APP00001636,CUST001629,BR0001,2024-08-31,BUSINESS,533904.63,12,REJECTED,E
APP00001637,CUST004227,BR0031,2025-02-23,CONSUMER_DURABLE,1638882.32,60,APPROVED,E
APP00001638,CUST007898,BR0008,2026-05-25,CONSUMER_DURABLE,619033.09,48,APPROVED,E
APP00001639,CUST008074,BR0019,2024-05-25,VEHICLE,527329.39,24,APPROVED,B
APP00001640,CUST009324,BR0008,2024-07-17,VEHICLE,1322291.81,12,APPROVED,B
APP00001641,CUST009481,BR0011,2025-12-26,PERSONAL,629503.33,36,PENDING,B
APP00001642,CUST003513,BR0006,2024-02-12,CONSUMER_DURABLE,93651.74,48,PENDING,B
APP00001643,CUST001456,BR0024,2025-08-19,BUSINESS,1525291.22,12,REJECTED,E
APP00001644,CUST007128,BR0046,2025-12-03,PERSONAL,1322849.98,48,REJECTED,D
APP00001645,CUST003944,BR0037,2026-02-19,VEHICLE,1633752.27,48,PENDING,C
APP00001646,CUST001755,BR0026,2024-02-05,BUSINESS,1669948.69,48,PENDING,E
APP00001647,CUST001857,BR0011,2025-09-19,PERSONAL,885682.32,60,APPROVED,E
APP00001648,CUST002956,BR0008,2024-04-11,VEHICLE,737618.29,48,APPROVED,D
APP00001649,CUST001728,BR0013,2025-02-18,BUSINESS,1004197.57,24,REJECTED,E
APP00001650,CUST002796,BR0045,2026-03-11,VEHICLE,1243538.12,24,PENDING,E
APP00001651,CUST003183,BR0022,2024-01-10,PERSONAL,845442.48,48,APPROVED,E
APP00001652,CUST003957,BR0013,2026-09-20,CONSUMER_DURABLE,247886.27,48,APPROVED,D
APP00001653,CUST002959,BR0028,2025-03-09,CONSUMER_DURABLE,186941.71,18,REJECTED,D
APP00001654,CUST002511,BR0025,2026-06-14,CONSUMER_DURABLE,1507759.17,36,APPROVED,D
APP00001655,CUST006043,BR0030,2026-03-13,BUSINESS,1604870.86,24,APPROVED,B
APP00001656,CUST008239,BR0042,2024-05-13,BUSINESS,139949.95,60,APPROVED,A
APP00001657,CUST000525,BR0006,2026-07-21,VEHICLE,421402.38,36,APPROVED,B
APP00001658,CUST006886,BR0026,2025-08-09,PERSONAL,1741544.64,12,REJECTED,D
APP00001659,CUST002776,BR0025,2024-12-14,VEHICLE,1892417.77,60,APPROVED,B
APP00001660,CUST007136,BR0023,2025-11-30,VEHICLE,1484535.67,18,REJECTED,B
APP00001661,CUST005449,BR0028,2026-09-16,BUSINESS,1428509.73,12,PENDING,C
APP00001662,CUST008831,BR0025,2024-03-19,BUSINESS,1666798.69,24,APPROVED,C
APP00001663,CUST009172,BR0042,2025-12-04,PERSONAL,648919.13,48,APPROVED,E
APP00001664,CUST008675,BR0041,2024-05-26,BUSINESS,450742.26,36,PENDING,C
APP00001665,CUST009095,BR0003,2024-02-14,CONSUMER_DURABLE,853985.77,18,PENDING,D
APP00001666,CUST001407,BR0045,2024-06-07,PERSONAL,70540.19,12,PENDING,C
APP00001667,CUST004010,BR0046,2024-05-09,PERSONAL,158427.68,36,APPROVED,A
APP00001668,CUST007260,BR0007,2025-02-12,BUSINESS,771050.54,24,APPROVED,A
APP00001669,CUST002929,BR0049,2026-08-31,BUSINESS,187886.88,18,REJECTED,A
APP00001670,CUST008040,BR0024,2024-01-31,VEHICLE,1955875.32,18,PENDING,E
APP00001671,CUST003668,BR0043,2024-04-16,PERSONAL,808541.61,24,APPROVED,B
APP00001672,CUST005983,BR0047,2025-12-25,VEHICLE,1148436.29,60,APPROVED,A
APP00001673,CUST009514,BR0004,2024-08-18,VEHICLE,1703405.68,12,APPROVED,D
APP00001674,CUST002701,BR0044,2026-02-16,PERSONAL,309019.87,48,PENDING,E
APP00001675,CUST005271,BR0019,2025-10-23,VEHICLE,982889.81,18,APPROVED,E
APP00001676,CUST004910,BR0021,2024-12-16,CONSUMER_DURABLE,543252.94,36,APPROVED,E
APP00001677,CUST009294,BR0002,2026-02-20,BUSINESS,1537459.67,60,APPROVED,A
APP00001678,CUST006974,BR0036,2024-05-28,PERSONAL,941430.4,48,REJECTED,B
APP00001679,CUST007381,BR0022,2024-09-11,VEHICLE,1498869.78,36,APPROVED,B
APP00001680,CUST004900,BR0008,2026-07-21,VEHICLE,1424745.28,12,APPROVED,B
APP00001681,CUST009279,BR0030,2025-11-08,BUSINESS,1627402.23,12,APPROVED,A
APP00001682,CUST004752,BR0024,2024-08-30,PERSONAL,226257.38,48,PENDING,C
APP00001683,CUST007715,BR0036,2025-10-15,CONSUMER_DURABLE,1597310.71,60,PENDING,C
APP00001684,CUST003262,BR0040,2024-04-17,VEHICLE,411125.94,36,APPROVED,C
APP00001685,CUST006003,BR0022,2024-02-26,VEHICLE,660944.66,12,APPROVED,C
APP00001686,CUST005712,BR0005,2024-05-31,PERSONAL,1321242.49,24,PENDING,A
APP00001687,CUST009941,BR0022,2024-06-25,CONSUMER_DURABLE,457723.66,60,APPROVED,D
APP00001688,CUST004471,BR0012,2024-05-21,BUSINESS,1146425.94,18,PENDING,B
APP00001689,CUST005594,BR0002,2024-06-08,VEHICLE,1377306.02,60,REJECTED,C
APP00001690,CUST007861,BR0001,2025-10-07,CONSUMER_DURABLE,1826400.16,24,PENDING,D
APP00001691,CUST005356,BR0009,2025-06-21,CONSUMER_DURABLE,1131729.35,60,REJECTED,B
APP00001692,CUST002595,BR0018,2025-05-05,CONSUMER_DURABLE,226984.47,12,REJECTED,B
APP00001693,CUST004314,BR0015,2025-06-07,VEHICLE,513914.14,12,PENDING,E
APP00001694,CUST009312,BR0031,2025-11-22,BUSINESS,625505.31,24,PENDING,E
APP00001695,CUST007498,BR0008,2025-04-04,BUSINESS,1231676.53,48,REJECTED,C
APP00001696,CUST002593,BR0040,2026-09-09,PERSONAL,926775.35,36,PENDING,C
APP00001697,CUST003358,BR0012,2024-03-06,CONSUMER_DURABLE,1297779.02,48,APPROVED,A
APP00001698,CUST008096,BR0031,2025-10-25,CONSUMER_DURABLE,1507341.78,60,REJECTED,E
APP00001699,CUST006463,BR0020,2026-01-18,CONSUMER_DURABLE,1490436.78,48,REJECTED,E
APP00001700,CUST002321,BR0005,2025-11-20,BUSINESS,1014994.85,48,REJECTED,D
APP00001701,CUST000963,BR0047,2024-09-14,PERSONAL,1172660.02,48,APPROVED,D
APP00001702,CUST004514,BR0041,2024-08-02,CONSUMER_DURABLE,1252979.32,12,APPROVED,C
APP00001703,CUST008456,BR0021,2026-03-07,BUSINESS,1759637.94,18,REJECTED,A
APP00001704,CUST006750,BR0008,2024-05-27,BUSINESS,1777043.72,12,APPROVED,D
APP00001705,CUST009951,BR0046,2025-01-13,BUSINESS,1842780.49,48,APPROVED,C
APP00001706,CUST003163,BR0031,2024-02-15,VEHICLE,609926.93,12,APPROVED,C
APP00001707,CUST002765,BR0033,2026-07-18,VEHICLE,760912.73,36,APPROVED,B
APP00001708,CUST000971,BR0004,2026-07-24,VEHICLE,1921205.5,36,REJECTED,A
APP00001709,CUST008176,BR0012,2026-04-17,CONSUMER_DURABLE,1769863.11,12,REJECTED,D
APP00001710,CUST007538,BR0036,2024-01-30,CONSUMER_DURABLE,73728.0,60,APPROVED,A
APP00001711,CUST005836,BR0036,2024-04-21,VEHICLE,1281700.44,36,APPROVED,C
APP00001712,CUST007309,BR0037,2025-12-22,VEHICLE,299455.83,60,APPROVED,B
APP00001713,CUST004602,BR0010,2025-03-13,VEHICLE,1845832.03,18,APPROVED,D
APP00001714,CUST001171,BR0034,2024-10-12,CONSUMER_DURABLE,900915.53,12,PENDING,E
APP00001715,CUST003922,BR0032,2024-04-14,VEHICLE,250328.9,18,REJECTED,B
APP00001716,CUST008846,BR0018,2024-04-27,VEHICLE,907148.03,12,APPROVED,D
APP00001717,CUST003176,BR0036,2026-09-30,PERSONAL,1543225.42,12,APPROVED,C
APP00001718,CUST009645,BR0044,2026-04-18,CONSUMER_DURABLE,470544.53,36,APPROVED,B
APP00001719,CUST008146,BR0004,2024-01-30,VEHICLE,279323.43,12,APPROVED,C
APP00001720,CUST008995,BR0002,2025-08-20,VEHICLE,1996991.61,60,APPROVED,D
APP00001721,CUST006672,BR0049,2024-11-16,CONSUMER_DURABLE,1694179.59,12,REJECTED,B
APP00001722,CUST008926,BR0023,2024-01-13,VEHICLE,1089569.78,60,REJECTED,B
APP00001723,CUST007121,BR0031,2026-07-05,PERSONAL,939210.07,24,APPROVED,C
APP00001724,CUST007780,BR0015,2025-06-13,VEHICLE,760681.69,60,APPROVED,C
APP00001725,CUST001096,BR0034,2025-10-18,PERSONAL,1597819.65,24,PENDING,A
APP00001726,CUST008425,BR0035,2024-08-22,PERSONAL,1912818.38,18,APPROVED,A
APP00001727,CUST001733,BR0006,2026-03-10,VEHICLE,952727.99,36,APPROVED,C
APP00001728,CUST004747,BR0004,2025-11-17,BUSINESS,1283299.94,36,PENDING,A
APP00001729,CUST006226,BR0048,2024-07-09,PERSONAL,775899.73,24,PENDING,C
APP00001730,CUST007823,BR0039,2026-02-19,CONSUMER_DURABLE,1813637.72,36,APPROVED,E
APP00001731,CUST005195,BR0031,2025-10-08,BUSINESS,521643.52,36,PENDING,B
APP00001732,CUST005868,BR0004,2024-06-24,BUSINESS,1536774.56,12,APPROVED,E
APP00001733,CUST005591,BR0016,2025-06-10,PERSONAL,1324333.91,24,APPROVED,E
APP00001734,CUST003289,BR0006,2026-04-19,PERSONAL,577249.54,12,APPROVED,E
APP00001735,CUST005655,BR0030,2025-06-26,VEHICLE,1453260.05,24,APPROVED,E
APP00001736,CUST009900,BR0031,2025-02-19,BUSINESS,1404838.1,12,REJECTED,E
APP00001737,CUST002685,BR0030,2025-12-11,VEHICLE,224732.01,24,APPROVED,B
APP00001738,CUST009671,BR0041,2025-03-19,PERSONAL,291101.4,36,APPROVED,A
APP00001739,CUST008855,BR0030,2024-09-17,PERSONAL,1752472.81,60,REJECTED,E
APP00001740,CUST002530,BR0047,2024-06-21,PERSONAL,930222.82,24,REJECTED,D
APP00001741,CUST002089,BR0003,2024-05-14,VEHICLE,1192231.71,48,REJECTED,C
APP00001742,CUST001570,BR0013,2025-10-09,PERSONAL,1893912.84,48,REJECTED,E
APP00001743,CUST005065,BR0049,2026-06-24,CONSUMER_DURABLE,1769639.0,60,APPROVED,D
APP00001744,CUST001073,BR0046,2025-05-22,VEHICLE,1609537.16,60,APPROVED,A
APP00001745,CUST005840,BR0026,2026-01-08,PERSONAL,1982319.19,18,REJECTED,D
APP00001746,CUST006625,BR0022,2025-09-16,BUSINESS,733134.2,36,APPROVED,A
APP00001747,CUST000713,BR0042,2024-11-18,VEHICLE,1988753.05,36,APPROVED,A
APP00001748,CUST006860,BR0038,2026-04-19,CONSUMER_DURABLE,251755.81,48,PENDING,B
APP00001749,CUST004699,BR0015,2024-11-27,CONSUMER_DURABLE,1715269.1,60,APPROVED,A
APP00001750,CUST002049,BR0048,2026-09-09,VEHICLE,658267.04,36,APPROVED,C
APP00001751,CUST007700,BR0047,2024-05-18,PERSONAL,1604206.85,18,APPROVED,B
APP00001752,CUST009283,BR0046,2024-08-09,CONSUMER_DURABLE,310640.37,48,APPROVED,E
APP00001753,CUST008040,BR0026,2024-09-12,VEHICLE,1736768.31,60,APPROVED,A
APP00001754,CUST008597,BR0048,2024-03-30,BUSINESS,1884812.45,12,APPROVED,A
APP00001755,CUST006763,BR0037,2026-08-30,BUSINESS,1112717.8,36,APPROVED,A
APP00001756,CUST004178,BR0033,2024-10-20,CONSUMER_DURABLE,519197.3,36,APPROVED,D
APP00001757,CUST007791,BR0006,2024-09-17,VEHICLE,735275.88,36,APPROVED,B
APP00001758,CUST000840,BR0032,2024-05-09,CONSUMER_DURABLE,1325900.63,12,APPROVED,C
APP00001759,CUST007102,BR0037,2026-06-02,CONSUMER_DURABLE,801380.66,60,REJECTED,D
APP00001760,CUST009930,BR0023,2025-02-04,PERSONAL,552693.01,18,PENDING,D
APP00001761,CUST001012,BR0021,2024-08-22,VEHICLE,1500990.3,18,APPROVED,B
APP00001762,CUST003612,BR0047,2024-01-05,PERSONAL,1216897.28,48,APPROVED,E
APP00001763,CUST006629,BR0008,2026-07-24,BUSINESS,997276.5,24,APPROVED,C
APP00001764,CUST002079,BR0036,2025-06-24,PERSONAL,1814099.7,60,APPROVED,E
APP00001765,CUST005053,BR0026,2026-04-21,VEHICLE,1191153.35,60,APPROVED,A
APP00001766,CUST001824,BR0004,2026-06-15,CONSUMER_DURABLE,295406.14,60,PENDING,A
APP00001767,CUST001306,BR0027,2024-10-19,CONSUMER_DURABLE,1122002.63,48,APPROVED,B
APP00001768,CUST007981,BR0015,2026-02-28,VEHICLE,110672.07,18,REJECTED,B
APP00001769,CUST005434,BR0015,2025-09-21,CONSUMER_DURABLE,665415.93,60,REJECTED,A
APP00001770,CUST002848,BR0045,2025-04-23,CONSUMER_DURABLE,1654638.44,24,PENDING,A
APP00001771,CUST008093,BR0018,2024-03-16,CONSUMER_DURABLE,1094637.78,48,APPROVED,A
APP00001772,CUST003766,BR0019,2026-09-22,CONSUMER_DURABLE,1148514.8,24,APPROVED,E
APP00001773,CUST009086,BR0022,2025-01-11,VEHICLE,1080875.4,18,APPROVED,D
APP00001774,CUST005612,BR0041,2024-02-27,PERSONAL,1697622.84,48,REJECTED,D
APP00001775,CUST001281,BR0017,2025-07-26,PERSONAL,1956772.13,12,APPROVED,E
APP00001776,CUST004482,BR0013,2024-10-23,VEHICLE,1085486.56,60,PENDING,A
APP00001777,CUST003826,BR0049,2024-09-15,BUSINESS,521490.14,12,REJECTED,E
APP00001778,CUST003477,BR0042,2026-05-04,CONSUMER_DURABLE,1022865.15,18,REJECTED,E
APP00001779,CUST004292,BR0028,2024-11-08,BUSINESS,982218.65,18,PENDING,B
APP00001780,CUST001969,BR0049,2025-10-16,VEHICLE,1837540.62,48,PENDING,E
APP00001781,CUST006619,BR0001,2024-05-27,PERSONAL,651269.49,24,REJECTED,E
APP00001782,CUST004075,BR0049,2024-02-23,PERSONAL,1357294.74,12,PENDING,C
APP00001783,CUST007165,BR0015,2024-05-07,VEHICLE,174924.44,18,APPROVED,B
APP00001784,CUST001323,BR0001,2025-12-23,PERSONAL,1310846.03,48,APPROVED,E
APP00001785,CUST005149,BR0008,2024-05-23,BUSINESS,1379185.06,48,APPROVED,E
APP00001786,CUST002916,BR0041,2026-09-17,PERSONAL,1068830.47,48,APPROVED,A
APP00001787,CUST000470,BR0038,2024-03-09,VEHICLE,1555361.14,24,APPROVED,A
APP00001788,CUST001695,BR0010,2026-05-26,PERSONAL,1401685.42,36,APPROVED,D
APP00001789,CUST000212,BR0001,2024-09-01,PERSONAL,1583139.37,48,REJECTED,A
APP00001790,CUST003146,BR0011,2025-01-07,PERSONAL,1656385.77,18,APPROVED,B
APP00001791,CUST004226,BR0026,2024-12-10,BUSINESS,760740.85,60,APPROVED,B
APP00001792,CUST004626,BR0015,2026-01-21,CONSUMER_DURABLE,114750.12,12,APPROVED,A
APP00001793,CUST004016,BR0029,2026-04-23,BUSINESS,130498.99,36,APPROVED,A
APP00001794,CUST004847,BR0041,2026-05-16,BUSINESS,290184.11,36,PENDING,C
APP00001795,CUST009749,BR0031,2025-07-22,BUSINESS,642646.86,60,APPROVED,D
APP00001796,CUST006290,BR0008,2024-02-06,VEHICLE,758809.48,48,REJECTED,C
APP00001797,CUST006101,BR0011,2025-06-29,CONSUMER_DURABLE,1678316.16,60,APPROVED,C
APP00001798,CUST008564,BR0034,2024-03-15,VEHICLE,630930.46,12,REJECTED,D
APP00001799,CUST009717,BR0007,2025-09-19,VEHICLE,1201556.5,18,PENDING,E
APP00001800,CUST004395,BR0032,2025-12-17,PERSONAL,805424.51,36,APPROVED,A
APP00001801,CUST000625,BR0003,2025-04-07,BUSINESS,199603.33,48,APPROVED,A
APP00001802,CUST008803,BR0004,2024-10-02,VEHICLE,1181479.53,48,PENDING,E
APP00001803,CUST002575,BR0041,2025-05-16,PERSONAL,919432.19,48,APPROVED,C
APP00001804,CUST003557,BR0008,2026-06-23,CONSUMER_DURABLE,768169.74,18,APPROVED,B
APP00001805,CUST006079,BR0043,2024-06-06,CONSUMER_DURABLE,1407063.62,18,REJECTED,E
APP00001806,CUST007058,BR0039,2025-01-25,CONSUMER_DURABLE,1829771.27,60,REJECTED,D
APP00001807,CUST003205,BR0049,2024-11-14,CONSUMER_DURABLE,328302.81,18,APPROVED,D
APP00001808,CUST008658,BR0011,2024-10-22,PERSONAL,1188761.76,24,APPROVED,B
APP00001809,CUST002243,BR0036,2026-03-12,BUSINESS,114011.26,18,REJECTED,B
APP00001810,CUST003988,BR0024,2026-04-20,PERSONAL,459553.64,18,PENDING,C
APP00001811,CUST006678,BR0018,2024-04-01,PERSONAL,799150.97,18,APPROVED,A
APP00001812,CUST009741,BR0011,2025-04-07,PERSONAL,1021365.67,60,PENDING,E
APP00001813,CUST009772,BR0006,2024-02-14,PERSONAL,1141707.31,36,APPROVED,E
APP00001814,CUST002946,BR0017,2026-03-12,VEHICLE,1178168.91,48,APPROVED,D
APP00001815,CUST003295,BR0047,2026-03-31,CONSUMER_DURABLE,1003914.5,18,APPROVED,B
APP00001816,CUST002994,BR0041,2024-12-08,PERSONAL,291005.94,36,APPROVED,B
APP00001817,CUST001517,BR0029,2026-03-31,BUSINESS,496332.8,12,PENDING,A
APP00001818,CUST009321,BR0039,2026-05-30,PERSONAL,1685482.24,36,REJECTED,A
APP00001819,CUST007697,BR0047,2026-05-06,BUSINESS,713898.59,48,APPROVED,E
APP00001820,CUST009970,BR0031,2024-11-03,PERSONAL,1783615.0,24,APPROVED,D
APP00001821,CUST003717,BR0002,2024-12-16,BUSINESS,1189308.26,12,REJECTED,B
APP00001822,CUST006734,BR0004,2025-10-10,VEHICLE,251914.56,12,APPROVED,E
APP00001823,CUST009609,BR0024,2025-10-31,CONSUMER_DURABLE,1730273.63,24,APPROVED,A
APP00001824,CUST001227,BR0027,2025-04-08,PERSONAL,1918392.03,36,APPROVED,E
APP00001825,CUST005552,BR0026,2025-10-10,VEHICLE,487740.54,48,APPROVED,B
APP00001826,CUST007691,BR0049,2025-11-29,CONSUMER_DURABLE,1107333.04,12,APPROVED,D
APP00001827,CUST009167,BR0033,2025-12-13,CONSUMER_DURABLE,1800173.54,60,PENDING,C
APP00001828,CUST008811,BR0023,2025-01-24,PERSONAL,480182.97,36,APPROVED,D
APP00001829,CUST002887,BR0036,2025-03-28,VEHICLE,625125.91,24,PENDING,D
APP00001830,CUST002152,BR0006,2025-08-01,VEHICLE,1557559.06,12,APPROVED,A
APP00001831,CUST008082,BR0033,2026-08-19,BUSINESS,1198921.71,12,APPROVED,B
APP00001832,CUST006629,BR0043,2024-01-12,VEHICLE,670860.66,18,REJECTED,E
APP00001833,CUST004742,BR0002,2024-12-24,PERSONAL,547738.89,12,APPROVED,D
APP00001834,CUST006133,BR0004,2025-01-21,BUSINESS,1550811.58,18,APPROVED,D
APP00001835,CUST009921,BR0025,2024-04-06,VEHICLE,775925.02,48,APPROVED,D
APP00001836,CUST001401,BR0045,2026-08-17,VEHICLE,363654.16,24,APPROVED,A
APP00001837,CUST001496,BR0046,2026-02-27,CONSUMER_DURABLE,1081393.69,36,APPROVED,E
APP00001838,CUST005058,BR0039,2026-05-21,BUSINESS,1598549.29,60,APPROVED,D
APP00001839,CUST008354,BR0047,2024-02-22,BUSINESS,93625.87,12,APPROVED,B
APP00001840,CUST008025,BR0029,2024-06-21,CONSUMER_DURABLE,1942449.39,18,REJECTED,C
APP00001841,CUST003770,BR0003,2024-01-10,BUSINESS,1011393.59,18,APPROVED,E
APP00001842,CUST004628,BR0045,2026-07-31,PERSONAL,791874.78,60,REJECTED,C
APP00001843,CUST003197,BR0015,2026-05-06,BUSINESS,1121342.51,24,APPROVED,C
APP00001844,CUST007059,BR0029,2026-01-27,PERSONAL,1606237.7,48,REJECTED,C
APP00001845,CUST000194,BR0018,2024-08-30,CONSUMER_DURABLE,1630885.66,36,APPROVED,B
APP00001846,CUST005369,BR0026,2026-05-27,PERSONAL,242234.13,60,REJECTED,D
APP00001847,CUST004745,BR0035,2026-04-14,BUSINESS,1735915.1,18,APPROVED,E
APP00001848,CUST002097,BR0020,2025-12-13,CONSUMER_DURABLE,1597532.75,36,APPROVED,A
APP00001849,CUST007489,BR0033,2025-07-28,PERSONAL,501343.74,24,REJECTED,B
APP00001850,CUST002228,BR0006,2025-06-30,PERSONAL,1654102.27,36,REJECTED,A
APP00001851,CUST005689,BR0003,2026-07-05,CONSUMER_DURABLE,1244498.51,36,PENDING,C
APP00001852,CUST007598,BR0028,2025-08-05,PERSONAL,1673850.55,18,APPROVED,A
APP00001853,CUST003685,BR0022,2025-06-04,VEHICLE,614964.11,18,APPROVED,D
APP00001854,CUST009792,BR0027,2024-04-09,BUSINESS,1728410.15,60,APPROVED,C
APP00001855,CUST004187,BR0024,2026-08-16,CONSUMER_DURABLE,323876.83,12,APPROVED,D
APP00001856,CUST002094,BR0010,2025-03-26,CONSUMER_DURABLE,960099.14,18,PENDING,E
APP00001857,CUST000739,BR0043,2024-12-11,BUSINESS,191538.96,18,APPROVED,A
APP00001858,CUST007200,BR0038,2026-01-28,BUSINESS,1505458.07,18,APPROVED,E
APP00001859,CUST003957,BR0044,2025-02-21,VEHICLE,848157.96,12,REJECTED,A
APP00001860,CUST007958,BR0015,2024-03-09,BUSINESS,579890.01,12,APPROVED,A
APP00001861,CUST004778,BR0029,2024-11-01,CONSUMER_DURABLE,536247.99,24,APPROVED,C
APP00001862,CUST006612,BR0041,2025-10-27,CONSUMER_DURABLE,422508.5,18,APPROVED,D
APP00001863,CUST000322,BR0014,2026-08-01,PERSONAL,1059473.7,12,PENDING,B
APP00001864,CUST006450,BR0042,2025-11-10,BUSINESS,243609.32,18,APPROVED,B
APP00001865,CUST007532,BR0018,2024-09-28,CONSUMER_DURABLE,1297700.43,12,APPROVED,C
APP00001866,CUST008583,BR0012,2026-09-22,PERSONAL,1508771.48,48,APPROVED,E
APP00001867,CUST007219,BR0040,2024-02-05,PERSONAL,576136.28,18,PENDING,B
APP00001868,CUST005949,BR0029,2024-10-02,PERSONAL,71392.28,60,APPROVED,B
APP00001869,CUST002557,BR0028,2024-08-19,VEHICLE,1597398.52,12,APPROVED,A
APP00001870,CUST009871,BR0050,2026-08-08,VEHICLE,1200939.99,60,APPROVED,E
APP00001871,CUST002341,BR0036,2025-06-09,VEHICLE,122072.38,24,REJECTED,A
APP00001872,CUST008904,BR0023,2026-09-16,CONSUMER_DURABLE,1246262.51,48,PENDING,C
APP00001873,CUST004351,BR0025,2024-07-09,CONSUMER_DURABLE,191201.11,18,APPROVED,A
APP00001874,CUST007125,BR0034,2024-07-04,PERSONAL,1918359.18,48,APPROVED,D
APP00001875,CUST002913,BR0007,2025-04-28,VEHICLE,1453959.67,12,APPROVED,D
APP00001876,CUST001144,BR0016,2024-10-20,CONSUMER_DURABLE,300127.28,24,APPROVED,E
APP00001877,CUST004524,BR0019,2024-08-13,CONSUMER_DURABLE,892647.86,18,APPROVED,C
APP00001878,CUST001738,BR0001,2026-02-08,VEHICLE,831879.87,48,APPROVED,B
APP00001879,CUST004064,BR0003,2025-10-12,CONSUMER_DURABLE,1524916.13,60,REJECTED,A
APP00001880,CUST000291,BR0036,2025-04-21,VEHICLE,1447161.84,18,REJECTED,A
APP00001881,CUST007788,BR0035,2025-12-22,PERSONAL,1484180.57,24,APPROVED,A
APP00001882,CUST002863,BR0045,2024-06-03,VEHICLE,1650553.59,48,APPROVED,E
APP00001883,CUST009080,BR0009,2026-03-07,CONSUMER_DURABLE,1918453.58,60,APPROVED,C
APP00001884,CUST008578,BR0010,2025-03-15,VEHICLE,596533.27,60,PENDING,B
APP00001885,CUST009831,BR0041,2026-08-28,CONSUMER_DURABLE,967300.04,12,REJECTED,D
APP00001886,CUST005395,BR0008,2024-03-04,PERSONAL,1765225.53,12,APPROVED,B
APP00001887,CUST005123,BR0028,2025-04-26,VEHICLE,219540.37,18,REJECTED,A
APP00001888,CUST009431,BR0015,2025-12-24,VEHICLE,1703016.17,18,PENDING,C
APP00001889,CUST006631,BR0006,2025-04-06,PERSONAL,1334702.22,48,PENDING,E
APP00001890,CUST006182,BR0032,2024-05-14,CONSUMER_DURABLE,918792.56,24,APPROVED,B
APP00001891,CUST005276,BR0026,2024-06-07,BUSINESS,1716372.21,48,PENDING,E
APP00001892,CUST001161,BR0039,2025-09-12,VEHICLE,744789.9,36,APPROVED,C
APP00001893,CUST006760,BR0043,2024-09-06,CONSUMER_DURABLE,1625711.9,12,APPROVED,C
APP00001894,CUST001937,BR0011,2024-07-18,PERSONAL,1508722.53,48,PENDING,B
APP00001895,CUST006974,BR0047,2024-07-26,VEHICLE,883836.34,60,APPROVED,E
APP00001896,CUST004518,BR0032,2025-04-17,CONSUMER_DURABLE,507586.61,60,PENDING,B
APP00001897,CUST003398,BR0019,2024-07-01,BUSINESS,1762187.34,18,PENDING,D
APP00001898,CUST000003,BR0026,2024-09-21,CONSUMER_DURABLE,1474106.76,18,APPROVED,C
APP00001899,CUST005827,BR0050,2025-04-16,VEHICLE,1134383.5,24,APPROVED,D
APP00001900,CUST009671,BR0045,2024-07-15,CONSUMER_DURABLE,698134.78,48,REJECTED,C
APP00001901,CUST000659,BR0024,2026-02-21,VEHICLE,1376845.71,12,PENDING,B
APP00001902,CUST004041,BR0032,2024-03-02,CONSUMER_DURABLE,1313233.85,36,APPROVED,A
APP00001903,CUST004506,BR0009,2025-07-27,BUSINESS,1869714.09,36,PENDING,B
APP00001904,CUST002452,BR0008,2025-12-31,CONSUMER_DURABLE,339695.98,48,APPROVED,B
APP00001905,CUST000481,BR0035,2025-06-29,PERSONAL,1804061.52,18,REJECTED,C
APP00001906,CUST009085,BR0036,2025-04-02,PERSONAL,564514.86,18,APPROVED,E
APP00001907,CUST002754,BR0015,2026-01-21,CONSUMER_DURABLE,559957.86,36,PENDING,A
APP00001908,CUST004639,BR0045,2025-01-12,BUSINESS,701901.28,18,REJECTED,B
APP00001909,CUST005988,BR0029,2026-03-30,BUSINESS,936007.88,60,APPROVED,C
APP00001910,CUST004562,BR0008,2025-01-03,CONSUMER_DURABLE,53244.63,24,REJECTED,A
APP00001911,CUST003604,BR0020,2024-12-25,VEHICLE,125975.73,60,REJECTED,B
APP00001912,CUST003919,BR0045,2026-09-06,BUSINESS,1971135.73,36,PENDING,C
APP00001913,CUST007487,BR0050,2026-06-03,VEHICLE,880431.39,60,APPROVED,C
APP00001914,CUST006762,BR0011,2025-02-10,BUSINESS,1099031.87,48,PENDING,B
APP00001915,CUST005406,BR0026,2025-11-05,PERSONAL,1042793.9,12,REJECTED,D
APP00001916,CUST009078,BR0033,2024-02-20,PERSONAL,645426.75,48,APPROVED,C
APP00001917,CUST001314,BR0039,2025-09-04,CONSUMER_DURABLE,1692406.22,36,PENDING,C
APP00001918,CUST004377,BR0016,2024-05-12,PERSONAL,966832.69,24,APPROVED,C
APP00001919,CUST004690,BR0048,2025-06-28,CONSUMER_DURABLE,1807913.1,60,REJECTED,E
APP00001920,CUST009203,BR0022,2024-09-19,BUSINESS,161570.88,36,APPROVED,C
APP00001921,CUST004806,BR0028,2026-05-06,BUSINESS,1684174.28,48,REJECTED,C
APP00001922,CUST009669,BR0039,2024-06-03,BUSINESS,1117510.07,24,APPROVED,A
APP00001923,CUST007130,BR0006,2026-09-09,BUSINESS,1341278.61,24,APPROVED,B
APP00001924,CUST006611,BR0025,2025-05-01,PERSONAL,1358192.03,48,APPROVED,A
APP00001925,CUST007193,BR0037,2024-03-15,PERSONAL,1608398.06,48,REJECTED,E
APP00001926,CUST002213,BR0020,2024-04-20,CONSUMER_DURABLE,1154073.75,36,REJECTED,B
APP00001927,CUST002964,BR0023,2025-01-27,CONSUMER_DURABLE,372796.94,24,APPROVED,B
APP00001928,CUST000053,BR0045,2025-01-08,VEHICLE,1813098.65,24,APPROVED,B
APP00001929,CUST002881,BR0032,2024-01-12,CONSUMER_DURABLE,1664149.08,24,REJECTED,D
APP00001930,CUST006505,BR0010,2024-06-18,VEHICLE,129315.46,48,PENDING,A
APP00001931,CUST005487,BR0034,2026-08-31,VEHICLE,695748.3,36,APPROVED,B
APP00001932,CUST003081,BR0013,2025-08-31,BUSINESS,1219941.99,36,REJECTED,B
APP00001933,CUST003545,BR0024,2026-02-15,CONSUMER_DURABLE,1180261.26,24,APPROVED,A
APP00001934,CUST005013,BR0039,2024-03-29,CONSUMER_DURABLE,154674.72,36,REJECTED,D
APP00001935,CUST004600,BR0003,2025-09-24,VEHICLE,806712.18,60,APPROVED,B
APP00001936,CUST004979,BR0010,2024-02-03,PERSONAL,219887.63,36,APPROVED,B
APP00001937,CUST005223,BR0049,2025-02-03,VEHICLE,474027.43,24,APPROVED,D
APP00001938,CUST003391,BR0033,2025-02-25,VEHICLE,876598.89,24,PENDING,C
APP00001939,CUST007768,BR0003,2026-02-24,CONSUMER_DURABLE,855644.22,36,APPROVED,B
APP00001940,CUST001407,BR0003,2024-02-14,BUSINESS,282702.4,12,APPROVED,D
APP00001941,CUST007480,BR0028,2026-02-23,PERSONAL,445978.27,36,PENDING,B
APP00001942,CUST009537,BR0015,2025-10-13,VEHICLE,1375805.74,60,REJECTED,E
APP00001943,CUST007045,BR0022,2025-01-04,PERSONAL,1589395.09,18,REJECTED,E
APP00001944,CUST005366,BR0046,2024-12-09,PERSONAL,1792057.58,36,APPROVED,C
APP00001945,CUST003682,BR0001,2025-12-05,CONSUMER_DURABLE,911381.83,36,APPROVED,E
APP00001946,CUST004820,BR0005,2024-03-19,PERSONAL,1757634.4,36,APPROVED,C
APP00001947,CUST002406,BR0038,2024-10-07,CONSUMER_DURABLE,1546083.14,12,APPROVED,D
APP00001948,CUST001869,BR0015,2025-08-04,VEHICLE,1111125.69,18,APPROVED,E
APP00001949,CUST005922,BR0033,2024-05-19,BUSINESS,1176225.67,48,APPROVED,E
APP00001950,CUST001928,BR0011,2024-05-24,PERSONAL,887181.8,12,APPROVED,B
APP00001951,CUST003367,BR0050,2024-06-17,BUSINESS,1331274.73,48,REJECTED,D
APP00001952,CUST000034,BR0045,2024-01-05,CONSUMER_DURABLE,1130086.2,24,APPROVED,E
APP00001953,CUST001734,BR0021,2026-01-05,CONSUMER_DURABLE,1460508.22,24,APPROVED,C
APP00001954,CUST001414,BR0007,2025-09-25,PERSONAL,687077.51,36,APPROVED,A
APP00001955,CUST002812,BR0026,2025-09-08,VEHICLE,316715.48,18,PENDING,D
APP00001956,CUST008960,BR0031,2025-11-17,VEHICLE,1184336.81,36,APPROVED,A
APP00001957,CUST007865,BR0033,2025-03-23,PERSONAL,1121240.57,48,APPROVED,B
APP00001958,CUST000908,BR0047,2024-02-19,BUSINESS,334249.0,18,APPROVED,C
APP00001959,CUST001195,BR0048,2024-06-13,BUSINESS,1626145.83,36,APPROVED,D
APP00001960,CUST004150,BR0031,2026-08-13,CONSUMER_DURABLE,1683155.18,36,PENDING,A
APP00001961,CUST008364,BR0020,2026-01-10,PERSONAL,1508421.94,36,APPROVED,E
APP00001962,CUST008080,BR0043,2026-09-19,VEHICLE,947611.0,12,PENDING,A
APP00001963,CUST008025,BR0017,2024-05-01,VEHICLE,760449.73,60,APPROVED,D
APP00001964,CUST000086,BR0002,2026-09-28,CONSUMER_DURABLE,1041768.74,18,APPROVED,C
APP00001965,CUST000114,BR0044,2026-08-19,CONSUMER_DURABLE,1815914.66,12,PENDING,B
APP00001966,CUST008682,BR0016,2024-10-07,CONSUMER_DURABLE,709709.81,48,APPROVED,A
APP00001967,CUST002425,BR0040,2024-04-04,BUSINESS,1630356.88,36,APPROVED,D
APP00001968,CUST000248,BR0035,2025-07-23,CONSUMER_DURABLE,158484.19,36,APPROVED,D
APP00001969,CUST002190,BR0012,2024-08-01,CONSUMER_DURABLE,121683.36,48,REJECTED,B
APP00001970,CUST000666,BR0041,2026-07-02,PERSONAL,1511073.49,60,REJECTED,E
APP00001971,CUST000829,BR0042,2024-02-16,PERSONAL,1460007.19,48,PENDING,A
APP00001972,CUST000977,BR0039,2024-04-27,VEHICLE,1284124.25,60,PENDING,D
APP00001973,CUST001194,BR0035,2024-04-29,VEHICLE,1070772.16,60,APPROVED,A
APP00001974,CUST000249,BR0045,2024-07-29,PERSONAL,1167767.55,48,APPROVED,A
APP00001975,CUST003965,BR0021,2025-05-08,BUSINESS,274030.87,18,APPROVED,C
APP00001976,CUST008142,BR0029,2024-01-01,CONSUMER_DURABLE,491222.5,12,APPROVED,E
APP00001977,CUST002999,BR0036,2026-06-29,CONSUMER_DURABLE,1280299.1,18,APPROVED,B
APP00001978,CUST001808,BR0047,2024-02-11,VEHICLE,1768549.37,36,APPROVED,A
APP00001979,CUST009824,BR0035,2024-10-17,PERSONAL,1027764.25,18,APPROVED,E
APP00001980,CUST004019,BR0026,2026-02-27,BUSINESS,1345603.13,48,REJECTED,D
APP00001981,CUST009689,BR0013,2024-10-08,BUSINESS,1645861.98,36,REJECTED,E
APP00001982,CUST006870,BR0043,2024-04-20,VEHICLE,1599849.23,48,APPROVED,E
APP00001983,CUST003294,BR0006,2025-08-16,VEHICLE,883965.61,18,APPROVED,B
APP00001984,CUST005554,BR0039,2026-09-04,BUSINESS,1382747.68,60,APPROVED,B
APP00001985,CUST003743,BR0028,2024-04-09,CONSUMER_DURABLE,818583.25,18,APPROVED,B
APP00001986,CUST009253,BR0029,2025-11-21,PERSONAL,1549283.38,24,PENDING,A
APP00001987,CUST005541,BR0027,2025-12-21,BUSINESS,438487.35,12,APPROVED,B
APP00001988,CUST004846,BR0005,2024-12-04,CONSUMER_DURABLE,980900.33,24,APPROVED,A
APP00001989,CUST004199,BR0044,2026-05-21,BUSINESS,290681.29,36,APPROVED,A
APP00001990,CUST007371,BR0049,2025-05-20,PERSONAL,370966.01,18,APPROVED,B
APP00001991,CUST007199,BR0024,2025-10-07,PERSONAL,1732263.92,60,APPROVED,C
APP00001992,CUST004806,BR0033,2025-05-26,VEHICLE,1900826.29,36,APPROVED,B
APP00001993,CUST007501,BR0031,2025-10-21,PERSONAL,1301010.36,24,REJECTED,E
APP00001994,CUST000590,BR0004,2025-11-28,BUSINESS,438988.88,36,PENDING,A
APP00001995,CUST003732,BR0003,2026-01-22,PERSONAL,1720775.31,36,PENDING,B
APP00001996,CUST000405,BR0046,2025-05-30,PERSONAL,1259551.0,24,APPROVED,D
APP00001997,CUST001597,BR0025,2025-04-20,VEHICLE,1422622.48,36,APPROVED,B
APP00001998,CUST006330,BR0004,2025-07-31,BUSINESS,1282784.78,48,APPROVED,C
APP00001999,CUST009903,BR0012,2024-08-06,PERSONAL,1939702.42,36,REJECTED,D
APP00002000,CUST007422,BR0014,2024-07-23,PERSONAL,811420.3,12,REJECTED,D
APP00002001,CUST006838,BR0008,2026-04-16,VEHICLE,520988.96,48,APPROVED,D
APP00002002,CUST002449,BR0034,2025-09-04,PERSONAL,1445211.35,48,APPROVED,D
APP00002003,CUST008835,BR0047,2025-09-27,BUSINESS,415264.3,24,APPROVED,C
APP00002004,CUST004129,BR0024,2026-01-27,VEHICLE,1419786.29,18,REJECTED,A
APP00002005,CUST006256,BR0005,2025-01-31,CONSUMER_DURABLE,1530785.23,48,PENDING,B
APP00002006,CUST003851,BR0037,2025-01-02,PERSONAL,993356.52,24,REJECTED,A
APP00002007,CUST008705,BR0018,2025-06-25,PERSONAL,508485.66,60,PENDING,D
APP00002008,CUST003328,BR0014,2024-09-13,BUSINESS,1728927.63,36,APPROVED,D
APP00002009,CUST009158,BR0041,2025-08-27,VEHICLE,819424.13,24,REJECTED,B
APP00002010,CUST008041,BR0038,2025-05-12,PERSONAL,1381479.0,60,APPROVED,B
APP00002011,CUST000497,BR0044,2024-07-26,PERSONAL,486270.7,18,APPROVED,A
APP00002012,CUST004024,BR0014,2025-04-08,VEHICLE,1460110.17,18,PENDING,A
APP00002013,CUST009626,BR0005,2026-03-27,VEHICLE,1690581.91,60,APPROVED,A
APP00002014,CUST007051,BR0039,2026-09-18,PERSONAL,1450887.45,18,APPROVED,E
APP00002015,CUST008767,BR0035,2024-08-31,VEHICLE,723148.84,12,APPROVED,A
APP00002016,CUST009040,BR0050,2025-11-11,BUSINESS,350492.96,36,PENDING,D
APP00002017,CUST003855,BR0033,2024-05-19,BUSINESS,443247.95,12,PENDING,D
APP00002018,CUST006971,BR0001,2024-04-10,VEHICLE,377548.88,36,REJECTED,B
APP00002019,CUST001744,BR0006,2026-09-30,BUSINESS,1210383.56,12,PENDING,A
APP00002020,CUST004403,BR0025,2025-04-22,VEHICLE,390002.19,18,PENDING,D
APP00002021,CUST000328,BR0024,2026-08-24,VEHICLE,1905362.59,60,APPROVED,A
APP00002022,CUST005504,BR0008,2025-10-20,BUSINESS,231157.76,18,REJECTED,E
APP00002023,CUST001016,BR0030,2026-01-04,VEHICLE,1083815.64,18,REJECTED,C
APP00002024,CUST001326,BR0020,2025-01-30,PERSONAL,1471929.23,36,APPROVED,C
APP00002025,CUST003904,BR0013,2026-01-10,CONSUMER_DURABLE,1803431.95,18,APPROVED,A
APP00002026,CUST007460,BR0012,2024-12-06,VEHICLE,446669.19,36,APPROVED,E
APP00002027,CUST001020,BR0010,2026-08-04,VEHICLE,1605294.41,18,APPROVED,B
APP00002028,CUST004553,BR0035,2024-09-26,CONSUMER_DURABLE,86933.16,36,APPROVED,B
APP00002029,CUST000026,BR0001,2025-07-01,CONSUMER_DURABLE,1988292.31,48,PENDING,C
APP00002030,CUST009628,BR0041,2026-09-16,VEHICLE,1019623.5,18,REJECTED,B
APP00002031,CUST008615,BR0044,2025-09-14,PERSONAL,1025031.04,60,PENDING,A
APP00002032,CUST009901,BR0007,2026-06-07,BUSINESS,559394.11,12,PENDING,E
APP00002033,CUST002256,BR0041,2026-01-15,BUSINESS,798649.06,18,APPROVED,E
APP00002034,CUST003316,BR0001,2025-01-15,CONSUMER_DURABLE,991760.56,24,APPROVED,C
APP00002035,CUST007511,BR0012,2026-02-17,CONSUMER_DURABLE,1388005.65,48,APPROVED,C
APP00002036,CUST004210,BR0011,2024-06-04,PERSONAL,1260760.1,36,REJECTED,E
APP00002037,CUST001548,BR0038,2025-12-19,PERSONAL,427747.04,12,PENDING,A
APP00002038,CUST008460,BR0047,2024-02-13,VEHICLE,1749151.67,24,APPROVED,D
APP00002039,CUST004284,BR0024,2024-09-19,CONSUMER_DURABLE,1722221.43,18,APPROVED,E
APP00002040,CUST009706,BR0005,2026-05-25,CONSUMER_DURABLE,103255.81,36,APPROVED,A
APP00002041,CUST000231,BR0012,2026-08-27,BUSINESS,1329718.17,12,PENDING,B
APP00002042,CUST005213,BR0013,2025-04-27,CONSUMER_DURABLE,1834666.88,60,APPROVED,B
APP00002043,CUST005063,BR0049,2025-09-17,VEHICLE,112020.62,48,REJECTED,C
APP00002044,CUST005571,BR0020,2024-12-26,BUSINESS,74504.82,12,APPROVED,A
APP00002045,CUST008063,BR0024,2024-10-10,VEHICLE,1098382.36,36,APPROVED,E
APP00002046,CUST008275,BR0043,2024-07-20,CONSUMER_DURABLE,1118546.6,18,APPROVED,E
APP00002047,CUST008859,BR0002,2024-01-22,VEHICLE,909711.88,48,APPROVED,B
APP00002048,CUST004010,BR0050,2025-07-25,VEHICLE,977308.5,18,APPROVED,D
APP00002049,CUST009280,BR0003,2026-08-04,VEHICLE,1408399.28,18,APPROVED,B
APP00002050,CUST005563,BR0044,2026-09-07,VEHICLE,1280140.02,12,REJECTED,E
APP00002051,CUST001129,BR0003,2024-01-23,PERSONAL,613409.88,24,APPROVED,B
APP00002052,CUST000394,BR0043,2025-11-18,CONSUMER_DURABLE,1676292.76,12,PENDING,C
APP00002053,CUST002460,BR0029,2025-05-05,VEHICLE,779072.95,24,PENDING,B
APP00002054,CUST001243,BR0019,2026-07-26,PERSONAL,402203.3,36,APPROVED,B
APP00002055,CUST002316,BR0037,2025-11-26,BUSINESS,1344627.49,36,APPROVED,E
APP00002056,CUST006172,BR0022,2024-12-08,PERSONAL,381881.93,36,PENDING,D
APP00002057,CUST001883,BR0048,2025-10-26,CONSUMER_DURABLE,1035950.51,48,APPROVED,E
APP00002058,CUST004726,BR0045,2026-04-08,PERSONAL,966812.74,18,PENDING,C
APP00002059,CUST006031,BR0023,2024-03-23,PERSONAL,605508.39,18,APPROVED,B
APP00002060,CUST003921,BR0011,2026-02-27,VEHICLE,1257985.72,60,APPROVED,D
APP00002061,CUST001153,BR0004,2025-04-04,VEHICLE,160348.63,24,REJECTED,C
APP00002062,CUST004936,BR0007,2026-08-30,VEHICLE,1185012.22,12,PENDING,A
APP00002063,CUST004443,BR0028,2024-10-03,VEHICLE,225457.48,18,PENDING,C
APP00002064,CUST002291,BR0017,2024-12-25,VEHICLE,301050.14,36,APPROVED,D
APP00002065,CUST003598,BR0017,2024-07-21,VEHICLE,393281.42,60,APPROVED,B
APP00002066,CUST002066,BR0003,2026-04-16,VEHICLE,1246551.99,60,PENDING,D
APP00002067,CUST007343,BR0011,2024-12-01,BUSINESS,1955391.53,60,REJECTED,E
APP00002068,CUST001727,BR0029,2026-04-22,VEHICLE,316344.17,12,APPROVED,C
APP00002069,CUST001751,BR0018,2024-12-30,CONSUMER_DURABLE,294646.58,36,REJECTED,D
APP00002070,CUST004247,BR0002,2025-09-23,CONSUMER_DURABLE,1589527.67,36,PENDING,B
APP00002071,CUST007171,BR0042,2025-04-14,BUSINESS,1270868.28,24,APPROVED,C
APP00002072,CUST006359,BR0036,2024-05-10,PERSONAL,911039.7,18,REJECTED,A
APP00002073,CUST000184,BR0017,2024-08-04,BUSINESS,1578879.26,60,PENDING,E
APP00002074,CUST004241,BR0023,2025-02-25,CONSUMER_DURABLE,90228.01,60,APPROVED,C
APP00002075,CUST002210,BR0029,2024-09-21,CONSUMER_DURABLE,226787.92,60,APPROVED,D
APP00002076,CUST000443,BR0033,2025-07-28,PERSONAL,558162.59,60,APPROVED,C
APP00002077,CUST005960,BR0004,2025-02-19,CONSUMER_DURABLE,496107.3,36,APPROVED,B
APP00002078,CUST005015,BR0046,2026-06-09,VEHICLE,77600.95,36,PENDING,D
APP00002079,CUST001844,BR0017,2025-06-16,VEHICLE,112141.24,60,PENDING,C
APP00002080,CUST007852,BR0028,2024-07-02,BUSINESS,1850084.94,36,PENDING,D
APP00002081,CUST003254,BR0036,2026-06-02,PERSONAL,1336036.3,24,APPROVED,D
APP00002082,CUST004698,BR0012,2025-05-20,PERSONAL,848928.19,24,PENDING,A
APP00002083,CUST003185,BR0041,2024-06-14,BUSINESS,621606.05,48,APPROVED,D
APP00002084,CUST008857,BR0024,2025-11-18,CONSUMER_DURABLE,1054275.89,12,PENDING,C
APP00002085,CUST008935,BR0011,2025-05-22,CONSUMER_DURABLE,1397165.57,48,APPROVED,A
APP00002086,CUST001172,BR0019,2025-09-28,VEHICLE,1792929.1,12,APPROVED,B
APP00002087,CUST005590,BR0041,2024-01-04,CONSUMER_DURABLE,1080036.31,60,REJECTED,D
APP00002088,CUST005848,BR0007,2026-03-24,BUSINESS,200772.43,36,APPROVED,C
APP00002089,CUST002517,BR0024,2024-12-01,BUSINESS,430780.73,60,REJECTED,A
APP00002090,CUST007998,BR0049,2024-01-07,BUSINESS,402075.32,48,PENDING,B
APP00002091,CUST000286,BR0006,2026-08-13,BUSINESS,1455943.27,48,APPROVED,A
APP00002092,CUST002343,BR0019,2025-10-14,VEHICLE,1342690.11,18,APPROVED,E
APP00002093,CUST004043,BR0005,2025-12-20,CONSUMER_DURABLE,472388.64,60,APPROVED,B
APP00002094,CUST002093,BR0010,2026-03-19,CONSUMER_DURABLE,1043230.87,48,APPROVED,B
APP00002095,CUST009901,BR0011,2024-08-20,PERSONAL,1884465.14,18,APPROVED,E
APP00002096,CUST001335,BR0001,2026-03-30,VEHICLE,879329.82,60,REJECTED,C
APP00002097,CUST002050,BR0005,2024-11-07,CONSUMER_DURABLE,1016490.85,36,APPROVED,D
APP00002098,CUST004215,BR0031,2024-05-31,BUSINESS,1940792.17,48,APPROVED,E
APP00002099,CUST004193,BR0012,2025-01-19,BUSINESS,158891.02,48,PENDING,E
APP00002100,CUST001338,BR0029,2024-11-03,VEHICLE,1846786.32,36,REJECTED,B
APP00002101,CUST005350,BR0025,2026-01-06,VEHICLE,1816446.02,18,APPROVED,B
APP00002102,CUST001119,BR0002,2025-03-07,VEHICLE,1659525.66,18,APPROVED,E
APP00002103,CUST009955,BR0041,2026-03-24,CONSUMER_DURABLE,812723.52,18,APPROVED,D
APP00002104,CUST003804,BR0043,2024-11-03,CONSUMER_DURABLE,1416518.9,12,APPROVED,D
APP00002105,CUST003834,BR0050,2024-12-24,VEHICLE,1015061.15,36,PENDING,C
APP00002106,CUST003012,BR0028,2024-10-07,VEHICLE,1161220.7,60,PENDING,A
APP00002107,CUST003682,BR0009,2025-09-08,CONSUMER_DURABLE,708987.79,60,APPROVED,B
APP00002108,CUST005563,BR0032,2024-08-03,CONSUMER_DURABLE,1677714.7,12,REJECTED,A
APP00002109,CUST008771,BR0020,2026-09-09,BUSINESS,141642.72,48,REJECTED,C
APP00002110,CUST003396,BR0023,2024-03-31,PERSONAL,1135777.4,60,APPROVED,E
APP00002111,CUST005738,BR0036,2026-03-18,BUSINESS,245250.3,60,APPROVED,D
APP00002112,CUST005778,BR0003,2024-02-14,PERSONAL,702275.58,60,REJECTED,E
APP00002113,CUST009914,BR0011,2025-10-05,CONSUMER_DURABLE,899275.1,12,REJECTED,D
APP00002114,CUST002825,BR0023,2025-08-05,VEHICLE,1326845.38,60,REJECTED,D
APP00002115,CUST006851,BR0027,2024-08-08,CONSUMER_DURABLE,387832.2,18,APPROVED,C
APP00002116,CUST008194,BR0003,2025-10-21,VEHICLE,921429.15,36,REJECTED,A
APP00002117,CUST007916,BR0033,2024-08-27,BUSINESS,1821220.33,24,APPROVED,E
APP00002118,CUST003439,BR0018,2026-02-04,VEHICLE,51520.09,36,APPROVED,B
APP00002119,CUST005474,BR0045,2025-07-26,BUSINESS,1400271.7,60,REJECTED,B
APP00002120,CUST001198,BR0050,2026-08-02,VEHICLE,1002111.3,24,APPROVED,A
APP00002121,CUST002076,BR0043,2026-05-15,VEHICLE,1048676.82,60,APPROVED,E
APP00002122,CUST009035,BR0041,2026-02-10,BUSINESS,512719.22,48,APPROVED,B
APP00002123,CUST001500,BR0050,2026-08-13,VEHICLE,324777.1,18,APPROVED,E
APP00002124,CUST001125,BR0002,2025-10-10,CONSUMER_DURABLE,757393.84,60,PENDING,E
APP00002125,CUST006503,BR0010,2025-06-25,BUSINESS,1939201.11,48,APPROVED,C
APP00002126,CUST008619,BR0038,2026-06-20,CONSUMER_DURABLE,1132516.72,48,REJECTED,B
APP00002127,CUST001526,BR0032,2025-12-16,VEHICLE,870493.51,60,APPROVED,E
APP00002128,CUST002573,BR0007,2024-08-03,BUSINESS,1237739.99,18,APPROVED,B
APP00002129,CUST001987,BR0001,2025-04-15,BUSINESS,845926.14,60,REJECTED,D
APP00002130,CUST001665,BR0029,2025-12-29,PERSONAL,1100543.82,18,APPROVED,B
APP00002131,CUST008119,BR0014,2025-07-14,VEHICLE,1327227.05,60,PENDING,C
APP00002132,CUST001372,BR0016,2025-08-01,CONSUMER_DURABLE,497793.22,12,PENDING,D
APP00002133,CUST000122,BR0025,2025-03-31,BUSINESS,887122.54,24,APPROVED,C
APP00002134,CUST008355,BR0021,2025-07-12,BUSINESS,765558.32,18,APPROVED,A
APP00002135,CUST002584,BR0040,2026-04-27,BUSINESS,589317.04,24,REJECTED,A
APP00002136,CUST000972,BR0028,2024-06-12,PERSONAL,1293004.17,60,PENDING,C
APP00002137,CUST008747,BR0034,2026-09-10,PERSONAL,1208768.77,48,PENDING,A
APP00002138,CUST008036,BR0026,2026-03-01,PERSONAL,1471895.78,60,REJECTED,D
APP00002139,CUST005838,BR0004,2024-04-24,CONSUMER_DURABLE,528472.54,60,REJECTED,D
APP00002140,CUST004082,BR0005,2025-09-18,CONSUMER_DURABLE,1534420.01,48,REJECTED,D
APP00002141,CUST000266,BR0036,2024-04-15,BUSINESS,1383534.9,24,APPROVED,E
APP00002142,CUST002223,BR0043,2024-08-11,CONSUMER_DURABLE,1440710.3,18,REJECTED,B
APP00002143,CUST006186,BR0014,2025-12-12,BUSINESS,1416645.01,18,REJECTED,D
APP00002144,CUST005604,BR0035,2026-03-08,VEHICLE,1586161.09,60,APPROVED,D
APP00002145,CUST003453,BR0003,2025-08-30,PERSONAL,196078.75,48,APPROVED,B
APP00002146,CUST004948,BR0028,2025-07-09,PERSONAL,150134.07,18,PENDING,E
APP00002147,CUST001501,BR0024,2024-12-14,BUSINESS,1645143.68,36,APPROVED,B
APP00002148,CUST007135,BR0032,2025-02-09,PERSONAL,709660.5,48,APPROVED,E
APP00002149,CUST003984,BR0016,2024-04-01,PERSONAL,581859.69,24,PENDING,C
APP00002150,CUST006386,BR0021,2025-09-26,PERSONAL,1943101.84,18,APPROVED,D
APP00002151,CUST003171,BR0033,2026-05-20,PERSONAL,397331.13,48,PENDING,A
APP00002152,CUST004602,BR0038,2025-07-02,PERSONAL,1189108.5,24,REJECTED,C
APP00002153,CUST005801,BR0032,2026-03-28,BUSINESS,1548990.72,48,REJECTED,D
APP00002154,CUST003944,BR0036,2026-03-21,PERSONAL,1341663.67,18,REJECTED,C
APP00002155,CUST004277,BR0018,2024-01-20,CONSUMER_DURABLE,1261602.65,12,PENDING,D
APP00002156,CUST005724,BR0024,2026-03-28,BUSINESS,788129.52,36,PENDING,E
APP00002157,CUST004146,BR0009,2024-02-01,BUSINESS,1160078.93,12,APPROVED,E
APP00002158,CUST006069,BR0037,2024-10-24,BUSINESS,540357.18,12,REJECTED,D
APP00002159,CUST006105,BR0024,2025-11-27,BUSINESS,1544247.94,48,PENDING,A
APP00002160,CUST008055,BR0007,2025-07-05,VEHICLE,495570.89,60,APPROVED,B
APP00002161,CUST000331,BR0003,2025-05-18,PERSONAL,1488820.38,24,APPROVED,D
APP00002162,CUST007284,BR0043,2025-07-10,CONSUMER_DURABLE,1570427.85,18,APPROVED,D
APP00002163,CUST008692,BR0042,2024-12-28,BUSINESS,160609.12,18,PENDING,D
APP00002164,CUST002140,BR0015,2026-06-10,BUSINESS,1043400.8,48,APPROVED,B
APP00002165,CUST006264,BR0043,2024-06-08,PERSONAL,1144963.88,48,APPROVED,C
APP00002166,CUST000450,BR0042,2025-05-02,CONSUMER_DURABLE,1102280.84,24,APPROVED,E
APP00002167,CUST006396,BR0042,2024-08-29,CONSUMER_DURABLE,652284.1,48,REJECTED,C
APP00002168,CUST007002,BR0031,2024-04-24,CONSUMER_DURABLE,86460.31,48,APPROVED,D
APP00002169,CUST004519,BR0031,2026-04-14,VEHICLE,1703797.63,60,APPROVED,B
APP00002170,CUST001325,BR0049,2024-08-12,PERSONAL,1822843.36,24,REJECTED,A
APP00002171,CUST009278,BR0004,2024-06-16,VEHICLE,1525639.9,12,PENDING,C
APP00002172,CUST000063,BR0017,2025-12-07,PERSONAL,1661587.74,48,REJECTED,B
APP00002173,CUST007033,BR0004,2024-09-14,PERSONAL,1086149.95,48,PENDING,C
APP00002174,CUST003845,BR0016,2026-05-20,CONSUMER_DURABLE,722995.21,48,PENDING,C
APP00002175,CUST003979,BR0011,2024-06-17,BUSINESS,1598065.37,12,APPROVED,D
APP00002176,CUST009486,BR0014,2025-01-20,VEHICLE,706518.24,24,PENDING,A
APP00002177,CUST004853,BR0004,2025-06-19,PERSONAL,844539.01,48,APPROVED,E
APP00002178,CUST002739,BR0016,2025-06-28,VEHICLE,1624488.41,36,PENDING,C
APP00002179,CUST006607,BR0011,2024-03-21,VEHICLE,1257371.09,48,REJECTED,C
APP00002180,CUST005335,BR0004,2025-05-01,BUSINESS,1339919.34,48,APPROVED,B
APP00002181,CUST006638,BR0024,2025-09-13,PERSONAL,987191.33,36,APPROVED,B
APP00002182,CUST001585,BR0020,2024-08-05,PERSONAL,60144.41,18,APPROVED,A
APP00002183,CUST006293,BR0041,2025-01-30,CONSUMER_DURABLE,1405422.25,60,APPROVED,E
APP00002184,CUST001763,BR0009,2025-04-01,CONSUMER_DURABLE,720419.6,24,APPROVED,A
APP00002185,CUST008530,BR0034,2024-06-25,BUSINESS,267777.52,12,APPROVED,D
APP00002186,CUST009903,BR0037,2025-06-02,CONSUMER_DURABLE,1202065.98,60,REJECTED,C
APP00002187,CUST005015,BR0028,2024-10-25,VEHICLE,1015017.87,18,APPROVED,D
APP00002188,CUST008021,BR0019,2025-05-20,BUSINESS,367493.28,36,REJECTED,C
APP00002189,CUST001364,BR0020,2026-03-20,CONSUMER_DURABLE,1436624.67,18,REJECTED,C
APP00002190,CUST006476,BR0023,2025-05-30,PERSONAL,1037734.5,36,APPROVED,A
APP00002191,CUST006412,BR0041,2025-12-30,PERSONAL,419688.42,24,APPROVED,D
APP00002192,CUST005048,BR0010,2026-07-01,BUSINESS,1245884.39,24,REJECTED,B
APP00002193,CUST003207,BR0038,2025-05-01,BUSINESS,1711482.96,60,APPROVED,E
APP00002194,CUST008190,BR0029,2026-05-23,PERSONAL,1401080.31,36,APPROVED,E
APP00002195,CUST004473,BR0050,2026-06-29,VEHICLE,624670.15,24,APPROVED,D
APP00002196,CUST009395,BR0043,2026-02-13,VEHICLE,1159726.85,48,PENDING,D
APP00002197,CUST002181,BR0037,2024-03-05,BUSINESS,554940.29,36,PENDING,D
APP00002198,CUST002459,BR0030,2025-04-22,VEHICLE,1640377.34,36,REJECTED,A
APP00002199,CUST009474,BR0014,2026-04-26,VEHICLE,365712.69,24,APPROVED,D
APP00002200,CUST008286,BR0007,2026-03-17,VEHICLE,331471.98,24,APPROVED,A
APP00002201,CUST009173,BR0044,2025-11-06,VEHICLE,327210.53,24,APPROVED,D
APP00002202,CUST005527,BR0025,2026-04-06,VEHICLE,1078850.77,12,PENDING,D
APP00002203,CUST004641,BR0032,2024-11-01,BUSINESS,875032.69,48,REJECTED,E
APP00002204,CUST003441,BR0004,2024-02-19,CONSUMER_DURABLE,1598154.71,48,REJECTED,E
APP00002205,CUST009183,BR0047,2026-03-16,CONSUMER_DURABLE,1630501.01,18,APPROVED,A
APP00002206,CUST001634,BR0034,2024-10-26,BUSINESS,1833558.05,60,APPROVED,B
APP00002207,CUST003714,BR0028,2024-11-29,BUSINESS,1839695.04,12,APPROVED,C
APP00002208,CUST004089,BR0017,2024-04-30,VEHICLE,110986.73,12,PENDING,D
APP00002209,CUST002796,BR0022,2024-02-16,CONSUMER_DURABLE,1945675.67,18,APPROVED,A
APP00002210,CUST008574,BR0013,2025-03-21,BUSINESS,1815178.82,60,REJECTED,D
APP00002211,CUST002395,BR0014,2026-06-04,CONSUMER_DURABLE,147097.07,36,APPROVED,B
APP00002212,CUST003343,BR0028,2025-08-04,VEHICLE,1894729.27,60,REJECTED,E
APP00002213,CUST005090,BR0029,2025-12-08,VEHICLE,1103220.61,60,PENDING,C
APP00002214,CUST000045,BR0008,2025-10-27,BUSINESS,133295.67,24,APPROVED,C
APP00002215,CUST004407,BR0024,2026-09-16,VEHICLE,755878.47,18,PENDING,B
APP00002216,CUST002737,BR0036,2024-01-30,VEHICLE,935730.79,12,REJECTED,A
APP00002217,CUST000165,BR0021,2026-01-13,CONSUMER_DURABLE,366880.11,24,APPROVED,E
APP00002218,CUST000688,BR0050,2025-04-23,BUSINESS,513986.08,60,APPROVED,D
APP00002219,CUST005194,BR0042,2025-01-26,VEHICLE,1929147.86,12,APPROVED,E
APP00002220,CUST002506,BR0048,2024-01-01,PERSONAL,694846.7,60,APPROVED,C
APP00002221,CUST001348,BR0009,2025-12-05,PERSONAL,711978.56,36,REJECTED,E
APP00002222,CUST009192,BR0011,2025-12-12,PERSONAL,652607.05,60,REJECTED,A
APP00002223,CUST003072,BR0038,2024-09-28,VEHICLE,1835530.38,36,PENDING,E
APP00002224,CUST001821,BR0038,2026-04-28,CONSUMER_DURABLE,377910.83,36,REJECTED,A
APP00002225,CUST005426,BR0042,2025-11-21,VEHICLE,1052667.24,36,REJECTED,C
APP00002226,CUST000728,BR0043,2026-09-25,VEHICLE,1970180.33,24,APPROVED,D
APP00002227,CUST001863,BR0033,2024-11-15,CONSUMER_DURABLE,1276204.33,12,PENDING,B
APP00002228,CUST007300,BR0010,2026-04-26,CONSUMER_DURABLE,652975.29,24,APPROVED,A
APP00002229,CUST002878,BR0043,2026-09-21,PERSONAL,896843.15,12,PENDING,A
APP00002230,CUST007099,BR0022,2024-12-17,BUSINESS,1849961.41,60,PENDING,E
APP00002231,CUST004487,BR0010,2026-01-09,VEHICLE,194873.18,12,APPROVED,C
APP00002232,CUST001046,BR0001,2024-11-27,CONSUMER_DURABLE,100262.19,48,APPROVED,B
APP00002233,CUST003580,BR0041,2026-07-27,CONSUMER_DURABLE,411506.68,60,REJECTED,C
APP00002234,CUST002125,BR0029,2026-05-19,CONSUMER_DURABLE,182782.79,36,REJECTED,A
APP00002235,CUST008481,BR0032,2024-05-16,PERSONAL,1762931.93,12,APPROVED,E
APP00002236,CUST003181,BR0019,2025-12-25,BUSINESS,1395519.72,60,APPROVED,E
APP00002237,CUST009449,BR0040,2024-06-03,VEHICLE,441222.84,24,APPROVED,D
APP00002238,CUST004299,BR0016,2025-06-16,CONSUMER_DURABLE,220041.19,12,APPROVED,B
APP00002239,CUST002958,BR0021,2025-02-23,BUSINESS,1058729.41,60,APPROVED,D
APP00002240,CUST008697,BR0018,2024-08-09,CONSUMER_DURABLE,1869027.03,60,PENDING,C
APP00002241,CUST000606,BR0026,2025-11-01,PERSONAL,295820.15,24,REJECTED,A
APP00002242,CUST000004,BR0023,2024-12-13,PERSONAL,961279.22,36,REJECTED,D
APP00002243,CUST005459,BR0010,2026-04-08,BUSINESS,265583.9,36,REJECTED,D
APP00002244,CUST001062,BR0034,2024-06-03,VEHICLE,377073.61,60,APPROVED,A
APP00002245,CUST007941,BR0015,2024-07-14,CONSUMER_DURABLE,1019763.16,60,APPROVED,B
APP00002246,CUST009817,BR0005,2024-05-19,VEHICLE,1510704.94,18,REJECTED,D
APP00002247,CUST002570,BR0031,2024-05-01,PERSONAL,1649878.35,12,APPROVED,D
APP00002248,CUST001612,BR0045,2025-05-21,PERSONAL,945272.9,36,REJECTED,B
APP00002249,CUST007030,BR0036,2025-03-29,PERSONAL,308438.57,48,PENDING,D
APP00002250,CUST007926,BR0039,2025-05-08,CONSUMER_DURABLE,966869.09,12,REJECTED,D
APP00002251,CUST008110,BR0021,2025-12-15,VEHICLE,1295105.95,24,APPROVED,D
APP00002252,CUST004741,BR0022,2024-01-04,VEHICLE,802522.26,60,REJECTED,B
APP00002253,CUST002992,BR0019,2024-07-26,BUSINESS,674466.48,12,APPROVED,D
APP00002254,CUST003110,BR0031,2025-10-27,PERSONAL,1767266.65,18,REJECTED,C
APP00002255,CUST008215,BR0013,2026-09-15,VEHICLE,1827612.91,24,APPROVED,B
APP00002256,CUST006971,BR0029,2025-08-09,PERSONAL,1908569.58,18,APPROVED,A
APP00002257,CUST002967,BR0029,2024-06-01,VEHICLE,1164248.3,12,REJECTED,D
APP00002258,CUST002425,BR0029,2025-02-20,PERSONAL,375850.09,12,REJECTED,B
APP00002259,CUST000325,BR0026,2026-01-25,CONSUMER_DURABLE,1932872.67,18,APPROVED,D
APP00002260,CUST007467,BR0035,2024-03-05,CONSUMER_DURABLE,1803991.09,18,APPROVED,C
APP00002261,CUST005934,BR0049,2026-04-15,PERSONAL,1028558.96,48,APPROVED,D
APP00002262,CUST008872,BR0027,2025-05-06,CONSUMER_DURABLE,1007010.04,60,APPROVED,B
APP00002263,CUST005814,BR0026,2024-06-19,VEHICLE,1402277.86,48,APPROVED,B
APP00002264,CUST007944,BR0005,2025-10-29,PERSONAL,817005.33,18,REJECTED,E
APP00002265,CUST002670,BR0021,2025-07-21,VEHICLE,1591682.75,48,APPROVED,E
APP00002266,CUST000499,BR0032,2024-08-26,VEHICLE,141704.1,48,APPROVED,D
APP00002267,CUST001323,BR0017,2025-06-27,BUSINESS,1505981.8,36,PENDING,A
APP00002268,CUST006988,BR0006,2026-04-06,VEHICLE,579241.92,12,REJECTED,D
APP00002269,CUST008237,BR0030,2025-01-21,PERSONAL,1246830.73,36,REJECTED,B
APP00002270,CUST003377,BR0043,2024-01-06,CONSUMER_DURABLE,1821154.93,24,PENDING,B
APP00002271,CUST009289,BR0025,2024-01-14,CONSUMER_DURABLE,1176913.36,18,REJECTED,C
APP00002272,CUST002987,BR0005,2024-11-15,VEHICLE,1501799.09,36,REJECTED,A
APP00002273,CUST002535,BR0021,2025-09-15,PERSONAL,133784.87,36,APPROVED,A
APP00002274,CUST009765,BR0041,2025-05-25,VEHICLE,1044915.6,24,APPROVED,D
APP00002275,CUST003772,BR0025,2024-05-30,PERSONAL,711609.97,60,APPROVED,C
APP00002276,CUST003154,BR0033,2024-02-12,PERSONAL,616867.7,60,APPROVED,D
APP00002277,CUST005661,BR0041,2025-05-25,PERSONAL,1206888.11,60,PENDING,A
APP00002278,CUST007328,BR0027,2025-12-25,CONSUMER_DURABLE,119007.8,18,APPROVED,B
APP00002279,CUST002199,BR0019,2026-03-19,CONSUMER_DURABLE,1020728.24,36,REJECTED,E
APP00002280,CUST001329,BR0030,2025-08-16,BUSINESS,1026636.93,48,REJECTED,C
APP00002281,CUST005635,BR0041,2024-10-20,CONSUMER_DURABLE,1424542.78,18,REJECTED,B
APP00002282,CUST001475,BR0020,2024-03-18,PERSONAL,1939875.95,24,PENDING,E
APP00002283,CUST009145,BR0029,2026-04-04,BUSINESS,1173946.77,48,PENDING,D
APP00002284,CUST002265,BR0041,2024-07-27,CONSUMER_DURABLE,1079271.52,12,REJECTED,A
APP00002285,CUST001653,BR0006,2024-12-18,PERSONAL,1053534.42,24,APPROVED,D
APP00002286,CUST003401,BR0021,2026-03-10,PERSONAL,1283533.34,36,PENDING,E
APP00002287,CUST007174,BR0034,2026-01-07,CONSUMER_DURABLE,1047350.37,48,REJECTED,B
APP00002288,CUST005705,BR0021,2024-12-10,CONSUMER_DURABLE,90475.14,60,REJECTED,E
APP00002289,CUST003834,BR0013,2025-09-10,VEHICLE,68376.77,18,PENDING,D
APP00002290,CUST006844,BR0002,2025-04-01,VEHICLE,894664.57,48,APPROVED,E
APP00002291,CUST005014,BR0002,2026-08-03,VEHICLE,836178.93,60,APPROVED,C
APP00002292,CUST006646,BR0043,2026-06-10,PERSONAL,846046.06,36,APPROVED,A
APP00002293,CUST009058,BR0013,2025-11-30,PERSONAL,1836604.02,60,APPROVED,E
APP00002294,CUST006645,BR0032,2024-03-06,BUSINESS,738461.65,36,APPROVED,B
APP00002295,CUST006834,BR0007,2025-09-18,BUSINESS,204162.49,60,APPROVED,B
APP00002296,CUST007102,BR0013,2024-09-15,VEHICLE,1969445.07,24,APPROVED,D
APP00002297,CUST000845,BR0048,2025-12-22,CONSUMER_DURABLE,352295.73,24,APPROVED,B
APP00002298,CUST006573,BR0045,2026-09-11,BUSINESS,510398.36,18,APPROVED,E
APP00002299,CUST000242,BR0044,2026-01-20,VEHICLE,1214790.21,36,REJECTED,A
APP00002300,CUST004947,BR0028,2024-07-07,PERSONAL,490244.33,18,PENDING,B
APP00002301,CUST001796,BR0027,2026-02-18,BUSINESS,1070699.43,24,PENDING,B
APP00002302,CUST009317,BR0049,2024-01-16,VEHICLE,1295678.9,60,REJECTED,E
APP00002303,CUST002521,BR0027,2024-09-20,BUSINESS,1615237.83,18,REJECTED,A
APP00002304,CUST000420,BR0022,2025-05-07,VEHICLE,1415683.05,36,APPROVED,D
APP00002305,CUST009322,BR0021,2024-05-11,CONSUMER_DURABLE,103891.17,36,REJECTED,A
APP00002306,CUST005252,BR0011,2025-12-04,CONSUMER_DURABLE,142448.91,48,APPROVED,B
APP00002307,CUST008687,BR0001,2025-04-10,CONSUMER_DURABLE,429775.94,48,REJECTED,D
APP00002308,CUST007737,BR0031,2026-04-27,BUSINESS,963819.95,12,APPROVED,E
APP00002309,CUST009203,BR0027,2025-11-17,CONSUMER_DURABLE,1134199.89,60,PENDING,C
APP00002310,CUST001186,BR0024,2024-01-04,BUSINESS,1854648.89,48,APPROVED,C
APP00002311,CUST000963,BR0038,2026-03-13,VEHICLE,1247932.38,12,APPROVED,C
APP00002312,CUST007330,BR0030,2025-02-25,CONSUMER_DURABLE,1056694.78,24,REJECTED,C
APP00002313,CUST002878,BR0032,2025-04-24,VEHICLE,1432575.85,12,REJECTED,C
APP00002314,CUST005112,BR0044,2024-07-28,CONSUMER_DURABLE,1735517.31,36,REJECTED,A
APP00002315,CUST006398,BR0012,2024-12-29,BUSINESS,951875.6,12,APPROVED,E
APP00002316,CUST003401,BR0009,2025-07-03,PERSONAL,656658.02,24,APPROVED,E
APP00002317,CUST002318,BR0018,2025-05-07,PERSONAL,1205230.3,12,REJECTED,A
APP00002318,CUST007410,BR0027,2025-06-17,BUSINESS,258647.64,12,PENDING,A
APP00002319,CUST000496,BR0002,2025-03-03,CONSUMER_DURABLE,1404934.89,36,REJECTED,C
APP00002320,CUST000362,BR0033,2026-02-10,BUSINESS,651172.48,12,APPROVED,D
APP00002321,CUST008105,BR0011,2026-05-03,VEHICLE,1621038.0,18,APPROVED,D
APP00002322,CUST007102,BR0022,2024-10-23,CONSUMER_DURABLE,1051464.74,60,REJECTED,D
APP00002323,CUST005601,BR0035,2024-03-27,BUSINESS,1249343.0,36,PENDING,E
APP00002324,CUST004671,BR0040,2024-06-09,CONSUMER_DURABLE,90585.99,60,REJECTED,D
APP00002325,CUST002792,BR0011,2024-11-23,BUSINESS,958141.97,36,REJECTED,E
APP00002326,CUST008222,BR0015,2024-11-26,VEHICLE,1680642.83,36,APPROVED,D
APP00002327,CUST006886,BR0043,2026-04-08,VEHICLE,699137.05,48,REJECTED,E
APP00002328,CUST002386,BR0042,2024-03-29,BUSINESS,452178.44,48,PENDING,D
APP00002329,CUST009292,BR0015,2024-11-07,PERSONAL,998803.99,60,APPROVED,D
APP00002330,CUST009383,BR0032,2025-08-16,VEHICLE,742762.72,12,PENDING,B
APP00002331,CUST007602,BR0036,2025-03-04,VEHICLE,1193720.34,24,APPROVED,C
APP00002332,CUST008111,BR0020,2024-11-22,CONSUMER_DURABLE,530940.53,24,REJECTED,B
APP00002333,CUST007362,BR0023,2024-03-14,VEHICLE,260496.53,12,APPROVED,A
APP00002334,CUST001834,BR0004,2024-01-15,CONSUMER_DURABLE,1592288.1,36,APPROVED,A
APP00002335,CUST003730,BR0005,2024-04-28,VEHICLE,729054.64,36,PENDING,D
APP00002336,CUST007728,BR0005,2024-03-15,VEHICLE,488670.59,60,APPROVED,A
APP00002337,CUST004248,BR0010,2025-07-28,CONSUMER_DURABLE,67768.46,48,PENDING,D
APP00002338,CUST004063,BR0015,2024-06-04,CONSUMER_DURABLE,850318.03,12,REJECTED,B
APP00002339,CUST006006,BR0025,2024-06-05,VEHICLE,1893239.55,48,PENDING,C
APP00002340,CUST001313,BR0022,2026-07-10,VEHICLE,1725153.55,48,PENDING,B
APP00002341,CUST008388,BR0004,2025-03-06,PERSONAL,736631.98,60,APPROVED,D
APP00002342,CUST009176,BR0028,2025-02-28,PERSONAL,1388923.55,18,REJECTED,C
APP00002343,CUST000954,BR0011,2025-08-01,BUSINESS,123453.07,18,APPROVED,C
APP00002344,CUST000547,BR0018,2024-06-03,BUSINESS,1438602.07,12,REJECTED,E
APP00002345,CUST007988,BR0017,2025-02-22,VEHICLE,1530370.58,48,PENDING,C
APP00002346,CUST003771,BR0022,2024-09-05,CONSUMER_DURABLE,601718.18,24,APPROVED,C
APP00002347,CUST003056,BR0042,2026-08-16,BUSINESS,890272.48,48,REJECTED,D
APP00002348,CUST000045,BR0032,2025-10-27,PERSONAL,264495.89,36,APPROVED,B
APP00002349,CUST007097,BR0048,2025-01-22,PERSONAL,1127971.94,60,APPROVED,C
APP00002350,CUST001085,BR0022,2025-08-24,BUSINESS,982989.47,48,REJECTED,A
APP00002351,CUST002959,BR0037,2026-07-23,BUSINESS,1983848.14,48,REJECTED,C
APP00002352,CUST003429,BR0002,2024-01-24,PERSONAL,1161489.94,18,PENDING,B
APP00002353,CUST007174,BR0026,2026-04-15,PERSONAL,1757976.42,24,REJECTED,C
APP00002354,CUST005748,BR0049,2024-03-19,CONSUMER_DURABLE,110559.02,12,APPROVED,D
APP00002355,CUST004545,BR0040,2026-01-31,VEHICLE,1941810.35,18,APPROVED,B
APP00002356,CUST009081,BR0029,2026-09-06,PERSONAL,733029.57,60,REJECTED,C
APP00002357,CUST004208,BR0031,2024-04-25,CONSUMER_DURABLE,719116.93,24,PENDING,A
APP00002358,CUST001228,BR0038,2026-02-19,CONSUMER_DURABLE,1077266.77,48,APPROVED,A
APP00002359,CUST000528,BR0038,2024-01-27,PERSONAL,1540401.25,24,APPROVED,B
APP00002360,CUST008169,BR0004,2026-07-13,CONSUMER_DURABLE,1840076.55,48,PENDING,E
APP00002361,CUST007303,BR0012,2025-07-22,VEHICLE,1306484.64,36,REJECTED,D
APP00002362,CUST007883,BR0040,2026-05-17,VEHICLE,1952329.19,18,PENDING,D
APP00002363,CUST007056,BR0006,2024-04-22,CONSUMER_DURABLE,1194145.18,36,APPROVED,D
APP00002364,CUST007244,BR0028,2025-01-20,CONSUMER_DURABLE,1395476.52,24,PENDING,A
APP00002365,CUST008501,BR0030,2024-05-02,VEHICLE,138802.5,36,APPROVED,D
APP00002366,CUST005514,BR0036,2025-05-16,BUSINESS,636777.46,48,PENDING,A
APP00002367,CUST009243,BR0004,2024-06-10,VEHICLE,1014703.88,48,APPROVED,C
APP00002368,CUST006965,BR0031,2026-09-10,BUSINESS,1065310.53,48,REJECTED,A
APP00002369,CUST008909,BR0033,2024-12-25,PERSONAL,415788.84,36,APPROVED,D
APP00002370,CUST002645,BR0005,2024-08-06,CONSUMER_DURABLE,1254982.47,48,APPROVED,A
APP00002371,CUST001586,BR0032,2025-05-05,VEHICLE,1638567.49,24,REJECTED,D
APP00002372,CUST003808,BR0025,2025-08-06,VEHICLE,1993059.37,36,REJECTED,C
APP00002373,CUST000816,BR0045,2024-07-17,VEHICLE,525167.81,36,APPROVED,B
APP00002374,CUST006306,BR0007,2025-12-17,VEHICLE,1880508.88,36,PENDING,A
APP00002375,CUST001013,BR0015,2024-11-25,VEHICLE,417544.82,18,APPROVED,E
APP00002376,CUST000174,BR0032,2025-12-18,VEHICLE,1721367.79,36,APPROVED,A
APP00002377,CUST000532,BR0016,2026-02-23,VEHICLE,1911160.93,48,REJECTED,E
APP00002378,CUST000371,BR0016,2025-05-01,VEHICLE,832310.28,12,APPROVED,E
APP00002379,CUST000812,BR0008,2025-09-12,CONSUMER_DURABLE,331231.71,36,APPROVED,E
APP00002380,CUST001397,BR0045,2025-08-17,BUSINESS,1392698.8,48,REJECTED,A
APP00002381,CUST008470,BR0028,2026-03-20,CONSUMER_DURABLE,1529320.94,36,PENDING,C
APP00002382,CUST009357,BR0041,2024-12-07,PERSONAL,469039.91,60,REJECTED,E
APP00002383,CUST008762,BR0009,2025-04-14,VEHICLE,311571.61,36,PENDING,D
APP00002384,CUST009003,BR0015,2026-06-21,VEHICLE,1392130.2,48,PENDING,B
APP00002385,CUST001991,BR0046,2025-08-12,BUSINESS,800422.9,60,APPROVED,A
APP00002386,CUST006375,BR0047,2026-03-15,BUSINESS,68751.8,60,APPROVED,C
APP00002387,CUST007506,BR0011,2025-11-24,CONSUMER_DURABLE,1240400.45,36,PENDING,C
APP00002388,CUST005431,BR0027,2024-11-24,CONSUMER_DURABLE,1514886.55,18,APPROVED,C
APP00002389,CUST007124,BR0013,2026-08-19,BUSINESS,1124507.29,36,REJECTED,B
APP00002390,CUST003778,BR0013,2025-03-11,CONSUMER_DURABLE,1864417.23,12,PENDING,C
APP00002391,CUST006051,BR0001,2026-06-29,VEHICLE,1976482.62,24,PENDING,A
APP00002392,CUST008065,BR0030,2024-05-31,CONSUMER_DURABLE,1812195.05,48,APPROVED,D
APP00002393,CUST004618,BR0025,2024-07-03,VEHICLE,1772681.84,12,REJECTED,D
APP00002394,CUST001828,BR0023,2025-09-13,PERSONAL,1300774.11,18,PENDING,C
APP00002395,CUST002403,BR0015,2026-01-26,PERSONAL,1439520.81,60,APPROVED,A
APP00002396,CUST001544,BR0002,2024-05-29,CONSUMER_DURABLE,1625397.41,24,APPROVED,A
APP00002397,CUST007928,BR0039,2025-11-04,BUSINESS,1936061.5,48,APPROVED,C
APP00002398,CUST002353,BR0012,2024-06-13,PERSONAL,1937245.94,12,REJECTED,A
APP00002399,CUST000076,BR0009,2026-04-16,BUSINESS,337474.33,36,REJECTED,B
APP00002400,CUST004680,BR0028,2024-10-05,PERSONAL,1032773.01,60,REJECTED,B
APP00002401,CUST005861,BR0026,2026-08-31,VEHICLE,917698.96,48,PENDING,B
APP00002402,CUST008828,BR0036,2024-01-22,BUSINESS,377546.96,24,APPROVED,E
APP00002403,CUST006683,BR0023,2025-02-08,CONSUMER_DURABLE,666303.21,48,APPROVED,B
APP00002404,CUST004744,BR0029,2026-09-22,VEHICLE,1984625.4,18,APPROVED,E
APP00002405,CUST008722,BR0029,2025-04-03,CONSUMER_DURABLE,1930399.1,18,APPROVED,D
APP00002406,CUST008504,BR0009,2024-03-08,VEHICLE,337729.88,24,REJECTED,A
APP00002407,CUST007457,BR0001,2025-08-06,PERSONAL,756312.89,60,APPROVED,A
APP00002408,CUST006361,BR0019,2025-09-09,VEHICLE,1462675.37,48,APPROVED,E
APP00002409,CUST005859,BR0002,2025-04-25,PERSONAL,1634724.93,60,APPROVED,E
APP00002410,CUST009590,BR0046,2024-09-20,PERSONAL,686078.69,18,APPROVED,A
APP00002411,CUST006900,BR0040,2024-07-18,PERSONAL,1359939.31,18,APPROVED,A
APP00002412,CUST002675,BR0023,2024-03-31,BUSINESS,1060456.07,60,APPROVED,D
APP00002413,CUST009871,BR0007,2025-07-19,BUSINESS,1142009.44,36,PENDING,E
APP00002414,CUST004452,BR0012,2026-02-26,CONSUMER_DURABLE,1873892.01,12,PENDING,E
APP00002415,CUST008309,BR0010,2026-07-15,BUSINESS,1711611.37,36,REJECTED,B
APP00002416,CUST002749,BR0001,2025-11-14,PERSONAL,660742.32,48,APPROVED,D
APP00002417,CUST003405,BR0018,2024-02-19,PERSONAL,1332641.94,18,APPROVED,C
APP00002418,CUST007578,BR0019,2025-10-24,CONSUMER_DURABLE,692369.34,36,REJECTED,B
APP00002419,CUST000775,BR0046,2024-12-17,VEHICLE,1162307.46,24,APPROVED,C
APP00002420,CUST005481,BR0033,2024-01-13,BUSINESS,934857.2,48,APPROVED,E
APP00002421,CUST008879,BR0038,2024-08-03,PERSONAL,669206.01,48,PENDING,C
APP00002422,CUST005174,BR0038,2024-12-31,PERSONAL,306612.39,18,PENDING,E
APP00002423,CUST008944,BR0010,2026-03-24,PERSONAL,1653874.53,24,REJECTED,B
APP00002424,CUST000762,BR0002,2024-08-17,PERSONAL,713352.41,36,APPROVED,A
APP00002425,CUST005608,BR0026,2024-03-26,CONSUMER_DURABLE,1454980.4,24,APPROVED,B
APP00002426,CUST001293,BR0043,2025-07-11,BUSINESS,1031490.66,12,APPROVED,B
APP00002427,CUST008313,BR0010,2024-05-07,BUSINESS,1953883.37,18,PENDING,D
APP00002428,CUST008935,BR0006,2024-02-05,BUSINESS,1830081.89,48,REJECTED,B
APP00002429,CUST005470,BR0007,2026-07-22,CONSUMER_DURABLE,1106544.3,60,APPROVED,A
APP00002430,CUST008976,BR0019,2026-08-31,CONSUMER_DURABLE,722122.58,60,REJECTED,B
APP00002431,CUST003166,BR0012,2024-11-13,BUSINESS,1811039.09,24,REJECTED,A
APP00002432,CUST009946,BR0006,2024-07-31,BUSINESS,1576622.28,24,REJECTED,B
APP00002433,CUST003060,BR0029,2024-05-24,CONSUMER_DURABLE,270447.23,18,APPROVED,E
APP00002434,CUST005048,BR0047,2025-07-19,VEHICLE,1840095.33,24,REJECTED,A
APP00002435,CUST000989,BR0049,2024-04-02,CONSUMER_DURABLE,964742.28,12,REJECTED,D
APP00002436,CUST007341,BR0010,2026-05-29,CONSUMER_DURABLE,1898350.1,60,PENDING,E
APP00002437,CUST003108,BR0032,2024-06-30,PERSONAL,1130626.22,36,PENDING,B
APP00002438,CUST005747,BR0040,2025-01-03,PERSONAL,1038399.02,60,APPROVED,D
APP00002439,CUST004722,BR0028,2025-01-24,CONSUMER_DURABLE,125029.14,36,REJECTED,A
APP00002440,CUST009271,BR0025,2026-04-25,CONSUMER_DURABLE,876223.15,18,APPROVED,C
APP00002441,CUST006807,BR0009,2025-08-10,CONSUMER_DURABLE,1211183.77,24,APPROVED,C
APP00002442,CUST003160,BR0002,2025-09-09,PERSONAL,1971050.57,36,PENDING,E
APP00002443,CUST009020,BR0046,2026-07-14,CONSUMER_DURABLE,1791319.93,12,APPROVED,E
APP00002444,CUST003413,BR0039,2024-03-23,CONSUMER_DURABLE,289338.29,48,PENDING,A
APP00002445,CUST000597,BR0027,2026-01-05,BUSINESS,1206832.67,24,REJECTED,A
APP00002446,CUST007010,BR0037,2024-07-10,VEHICLE,1332206.02,12,APPROVED,E
APP00002447,CUST000896,BR0017,2024-05-23,PERSONAL,600519.81,12,APPROVED,A
APP00002448,CUST007533,BR0020,2026-07-14,VEHICLE,1074493.73,18,PENDING,A
APP00002449,CUST002537,BR0045,2025-06-12,PERSONAL,477675.24,36,REJECTED,E
APP00002450,CUST000968,BR0032,2024-08-11,PERSONAL,602727.8,36,APPROVED,D
APP00002451,CUST005029,BR0030,2024-12-21,VEHICLE,565678.18,18,REJECTED,D
APP00002452,CUST006733,BR0001,2025-01-15,BUSINESS,156718.81,12,REJECTED,A
APP00002453,CUST003356,BR0024,2024-09-09,BUSINESS,1722265.1,60,APPROVED,B
APP00002454,CUST008516,BR0050,2026-08-24,BUSINESS,281726.77,48,REJECTED,E
APP00002455,CUST005262,BR0027,2024-08-08,CONSUMER_DURABLE,1857949.29,12,PENDING,C
APP00002456,CUST005976,BR0005,2024-12-18,CONSUMER_DURABLE,1345799.89,60,PENDING,B
APP00002457,CUST001330,BR0030,2026-03-15,BUSINESS,1531020.16,24,PENDING,D
APP00002458,CUST002404,BR0007,2024-06-23,VEHICLE,1137065.11,36,PENDING,C
APP00002459,CUST001222,BR0028,2024-04-07,CONSUMER_DURABLE,851300.34,12,APPROVED,A
APP00002460,CUST006361,BR0016,2025-02-04,PERSONAL,419948.34,24,APPROVED,A
APP00002461,CUST000130,BR0009,2024-08-12,CONSUMER_DURABLE,1646725.01,48,APPROVED,E
APP00002462,CUST009405,BR0011,2025-10-06,CONSUMER_DURABLE,1650781.53,36,REJECTED,D
APP00002463,CUST009718,BR0001,2025-10-30,CONSUMER_DURABLE,62969.42,18,APPROVED,A
APP00002464,CUST009292,BR0039,2024-04-01,BUSINESS,1628116.07,12,REJECTED,E
APP00002465,CUST005575,BR0025,2024-09-27,CONSUMER_DURABLE,1901039.12,60,APPROVED,B
APP00002466,CUST008671,BR0021,2024-12-26,VEHICLE,401518.8,60,APPROVED,B
APP00002467,CUST008244,BR0025,2024-09-18,BUSINESS,1433584.61,12,REJECTED,A
APP00002468,CUST009063,BR0013,2025-08-04,BUSINESS,1916067.23,36,REJECTED,A
APP00002469,CUST008300,BR0019,2024-04-21,BUSINESS,1310305.78,18,PENDING,A
APP00002470,CUST006211,BR0049,2024-11-05,VEHICLE,1121893.0,48,APPROVED,B
APP00002471,CUST007188,BR0020,2024-08-01,BUSINESS,98497.03,18,REJECTED,A
APP00002472,CUST000141,BR0049,2024-08-20,PERSONAL,1108640.13,12,APPROVED,C
APP00002473,CUST000812,BR0039,2025-07-08,BUSINESS,1646919.27,18,REJECTED,E
APP00002474,CUST004133,BR0017,2026-02-22,BUSINESS,1409260.88,24,APPROVED,A
APP00002475,CUST000751,BR0024,2024-12-22,PERSONAL,1026515.96,48,REJECTED,B
APP00002476,CUST005063,BR0017,2026-04-16,BUSINESS,1146786.75,24,APPROVED,A
APP00002477,CUST007616,BR0009,2025-05-02,BUSINESS,1827831.98,24,APPROVED,D
APP00002478,CUST009493,BR0028,2024-01-11,BUSINESS,246292.08,12,REJECTED,C
APP00002479,CUST000892,BR0044,2025-05-02,BUSINESS,108155.77,18,APPROVED,C
APP00002480,CUST007228,BR0009,2025-01-01,PERSONAL,1496451.98,18,APPROVED,A
APP00002481,CUST000270,BR0048,2026-05-01,VEHICLE,1332790.26,36,REJECTED,B
APP00002482,CUST009417,BR0039,2024-10-24,BUSINESS,697592.1,18,PENDING,C
APP00002483,CUST003768,BR0010,2026-02-26,CONSUMER_DURABLE,1555759.96,18,PENDING,A
APP00002484,CUST003005,BR0030,2026-01-09,BUSINESS,281351.13,48,APPROVED,D
APP00002485,CUST005874,BR0033,2025-12-09,BUSINESS,1984375.37,36,APPROVED,C
APP00002486,CUST009459,BR0027,2025-05-06,BUSINESS,1648300.87,36,APPROVED,C
APP00002487,CUST001303,BR0003,2025-09-15,PERSONAL,180824.59,18,APPROVED,E
APP00002488,CUST004218,BR0036,2025-03-27,VEHICLE,97047.34,36,REJECTED,E
APP00002489,CUST003504,BR0031,2025-11-15,CONSUMER_DURABLE,1952384.84,48,APPROVED,A
APP00002490,CUST003938,BR0012,2026-05-31,BUSINESS,981286.77,12,PENDING,B
APP00002491,CUST005223,BR0026,2024-11-28,CONSUMER_DURABLE,1671593.0,12,APPROVED,B
APP00002492,CUST003490,BR0022,2026-06-19,PERSONAL,842348.6,12,APPROVED,C
APP00002493,CUST007181,BR0029,2026-03-19,VEHICLE,644248.09,24,APPROVED,D
APP00002494,CUST002044,BR0047,2026-09-17,CONSUMER_DURABLE,366500.5,60,PENDING,A
APP00002495,CUST008335,BR0015,2026-03-19,VEHICLE,663516.88,48,APPROVED,E
APP00002496,CUST008744,BR0031,2025-02-28,PERSONAL,906728.57,48,PENDING,A
APP00002497,CUST006325,BR0024,2024-06-28,CONSUMER_DURABLE,1220595.19,36,APPROVED,B
APP00002498,CUST004125,BR0041,2026-02-08,VEHICLE,337544.54,12,APPROVED,E
APP00002499,CUST002281,BR0006,2024-02-27,PERSONAL,1356670.12,12,REJECTED,E
APP00002500,CUST001408,BR0008,2025-04-28,CONSUMER_DURABLE,1790761.26,24,REJECTED,B
APP00002501,CUST008109,BR0026,2025-11-09,VEHICLE,76697.72,36,REJECTED,A
APP00002502,CUST000578,BR0020,2026-02-26,PERSONAL,258105.28,36,REJECTED,C
APP00002503,CUST008591,BR0007,2026-03-30,CONSUMER_DURABLE,1280514.64,48,PENDING,E
APP00002504,CUST002121,BR0009,2025-08-24,BUSINESS,1434451.45,24,APPROVED,D
APP00002505,CUST001403,BR0010,2026-01-05,VEHICLE,1279325.65,24,APPROVED,C
APP00002506,CUST001462,BR0046,2024-08-29,PERSONAL,1876226.87,48,PENDING,D
APP00002507,CUST003703,BR0007,2024-06-14,CONSUMER_DURABLE,728814.83,12,PENDING,C
APP00002508,CUST004821,BR0003,2025-03-03,VEHICLE,261059.07,18,REJECTED,C
APP00002509,CUST005461,BR0007,2024-05-05,CONSUMER_DURABLE,383004.14,18,APPROVED,D
APP00002510,CUST002822,BR0045,2025-03-29,VEHICLE,78058.19,24,REJECTED,A
APP00002511,CUST004856,BR0038,2026-04-21,CONSUMER_DURABLE,459319.74,36,APPROVED,D
APP00002512,CUST002352,BR0046,2024-02-24,VEHICLE,888698.06,18,PENDING,D
APP00002513,CUST002391,BR0021,2024-07-04,VEHICLE,267331.51,48,PENDING,A
APP00002514,CUST004689,BR0024,2024-02-28,VEHICLE,1587284.11,36,REJECTED,A
APP00002515,CUST003739,BR0050,2024-09-16,CONSUMER_DURABLE,787464.48,18,REJECTED,D
APP00002516,CUST005758,BR0046,2026-08-26,BUSINESS,1912571.66,48,APPROVED,B
APP00002517,CUST003631,BR0005,2026-06-19,CONSUMER_DURABLE,1225653.46,24,APPROVED,B
APP00002518,CUST009157,BR0012,2025-11-07,PERSONAL,668080.86,36,APPROVED,A
APP00002519,CUST000715,BR0035,2025-02-11,CONSUMER_DURABLE,838298.12,24,APPROVED,D
APP00002520,CUST004528,BR0047,2026-01-23,VEHICLE,661189.1,24,APPROVED,E
APP00002521,CUST001751,BR0044,2024-03-20,PERSONAL,837103.74,60,APPROVED,A
APP00002522,CUST000682,BR0044,2024-12-03,VEHICLE,141660.47,36,APPROVED,A
APP00002523,CUST001779,BR0026,2024-06-28,BUSINESS,1499128.8,36,REJECTED,C
APP00002524,CUST008787,BR0047,2024-08-06,PERSONAL,1695838.43,36,REJECTED,C
APP00002525,CUST008702,BR0045,2024-11-13,BUSINESS,1147003.69,18,APPROVED,A
APP00002526,CUST003920,BR0036,2025-04-22,PERSONAL,555499.28,60,APPROVED,C
APP00002527,CUST002048,BR0048,2026-07-23,BUSINESS,1098059.24,12,PENDING,E
APP00002528,CUST007239,BR0009,2025-11-24,VEHICLE,1969576.93,24,APPROVED,C
APP00002529,CUST000751,BR0040,2024-06-14,CONSUMER_DURABLE,1713108.62,24,APPROVED,A
APP00002530,CUST002257,BR0002,2024-11-13,BUSINESS,472094.31,12,REJECTED,D
APP00002531,CUST000481,BR0013,2026-08-23,VEHICLE,1761747.43,48,APPROVED,A
APP00002532,CUST004395,BR0026,2026-01-09,BUSINESS,705572.21,36,PENDING,C
APP00002533,CUST004799,BR0026,2024-11-01,PERSONAL,472595.78,60,APPROVED,B
APP00002534,CUST007585,BR0046,2024-06-28,CONSUMER_DURABLE,855184.93,36,APPROVED,E
APP00002535,CUST007371,BR0022,2025-09-20,BUSINESS,526275.14,60,APPROVED,D
APP00002536,CUST009076,BR0037,2024-10-21,CONSUMER_DURABLE,1210333.2,48,REJECTED,A
APP00002537,CUST005178,BR0035,2025-10-27,CONSUMER_DURABLE,1970530.67,36,APPROVED,D
APP00002538,CUST005094,BR0043,2025-10-10,BUSINESS,1575609.1,12,APPROVED,A
APP00002539,CUST002407,BR0006,2024-01-04,PERSONAL,592103.66,12,PENDING,E
APP00002540,CUST008191,BR0021,2025-10-03,CONSUMER_DURABLE,564558.95,60,APPROVED,B
APP00002541,CUST002146,BR0003,2024-01-08,BUSINESS,553367.88,12,PENDING,E
APP00002542,CUST006988,BR0018,2025-01-17,CONSUMER_DURABLE,1774222.27,60,PENDING,D
APP00002543,CUST007749,BR0011,2026-05-07,PERSONAL,1515468.06,24,REJECTED,E
APP00002544,CUST007817,BR0009,2026-01-11,VEHICLE,1645769.59,60,PENDING,D
APP00002545,CUST003707,BR0047,2025-04-06,BUSINESS,1511057.38,36,PENDING,E
APP00002546,CUST009191,BR0018,2026-05-06,CONSUMER_DURABLE,1920000.22,24,APPROVED,E
APP00002547,CUST008456,BR0009,2026-04-20,BUSINESS,786606.5,18,APPROVED,D
APP00002548,CUST005471,BR0041,2025-04-27,PERSONAL,149571.39,48,APPROVED,A
APP00002549,CUST001053,BR0036,2026-09-23,VEHICLE,404588.16,18,APPROVED,B
APP00002550,CUST001149,BR0046,2025-04-28,BUSINESS,719898.23,60,APPROVED,B
APP00002551,CUST004628,BR0036,2024-06-24,CONSUMER_DURABLE,832702.34,60,PENDING,D
APP00002552,CUST009438,BR0041,2025-08-22,BUSINESS,1823676.18,36,APPROVED,D
APP00002553,CUST000833,BR0039,2025-03-13,VEHICLE,1206757.84,36,PENDING,C
APP00002554,CUST000144,BR0032,2025-05-27,VEHICLE,1364709.65,48,APPROVED,D
APP00002555,CUST006533,BR0030,2026-06-02,PERSONAL,512010.98,24,APPROVED,E
APP00002556,CUST006038,BR0003,2026-07-03,VEHICLE,861096.97,60,APPROVED,E
APP00002557,CUST007250,BR0012,2026-04-13,VEHICLE,1090536.73,48,PENDING,E
APP00002558,CUST007006,BR0043,2025-06-20,CONSUMER_DURABLE,189410.02,48,APPROVED,A
APP00002559,CUST006772,BR0047,2024-11-12,VEHICLE,430164.73,18,APPROVED,E
APP00002560,CUST000846,BR0036,2024-04-22,PERSONAL,1995121.42,36,APPROVED,E
APP00002561,CUST007109,BR0042,2026-04-17,BUSINESS,1660188.31,48,PENDING,A
APP00002562,CUST003966,BR0049,2025-09-23,VEHICLE,345110.27,18,REJECTED,E
APP00002563,CUST007405,BR0046,2024-06-20,CONSUMER_DURABLE,1766907.78,48,APPROVED,E
APP00002564,CUST004095,BR0017,2025-11-25,CONSUMER_DURABLE,130419.92,48,APPROVED,C
APP00002565,CUST002996,BR0040,2025-07-07,CONSUMER_DURABLE,1873099.17,18,APPROVED,B
APP00002566,CUST004253,BR0049,2025-09-06,VEHICLE,616215.8,18,APPROVED,A
APP00002567,CUST005279,BR0048,2025-01-28,VEHICLE,290581.49,60,APPROVED,A
APP00002568,CUST002987,BR0014,2024-03-08,PERSONAL,1603571.79,18,APPROVED,E
APP00002569,CUST006346,BR0039,2024-03-09,VEHICLE,873069.93,48,APPROVED,B
APP00002570,CUST003155,BR0048,2025-01-24,BUSINESS,141740.99,60,APPROVED,B
APP00002571,CUST000992,BR0033,2024-06-09,BUSINESS,994578.98,48,APPROVED,A
APP00002572,CUST000779,BR0042,2024-06-15,CONSUMER_DURABLE,390025.31,18,APPROVED,B
APP00002573,CUST006515,BR0032,2026-03-17,BUSINESS,1295743.28,18,PENDING,B
APP00002574,CUST005049,BR0034,2025-12-01,CONSUMER_DURABLE,1027848.83,24,REJECTED,D
APP00002575,CUST002024,BR0011,2025-07-26,CONSUMER_DURABLE,1774952.71,48,APPROVED,D
APP00002576,CUST006464,BR0003,2025-03-22,CONSUMER_DURABLE,420949.5,24,REJECTED,B
APP00002577,CUST000414,BR0050,2024-04-13,PERSONAL,972393.94,60,APPROVED,E
APP00002578,CUST009756,BR0039,2024-05-08,PERSONAL,594599.51,12,APPROVED,E
APP00002579,CUST002025,BR0037,2026-03-19,VEHICLE,1165505.4,18,REJECTED,B
APP00002580,CUST003723,BR0008,2024-11-30,VEHICLE,119603.21,12,APPROVED,E
APP00002581,CUST004391,BR0041,2026-02-02,VEHICLE,1561872.14,18,APPROVED,A
APP00002582,CUST002565,BR0004,2024-03-21,BUSINESS,1808395.69,36,APPROVED,C
APP00002583,CUST004759,BR0019,2026-04-26,CONSUMER_DURABLE,326434.44,48,PENDING,C
APP00002584,CUST000274,BR0008,2025-12-09,BUSINESS,250543.48,60,APPROVED,C
APP00002585,CUST003488,BR0023,2025-02-11,VEHICLE,1027273.94,24,APPROVED,C
APP00002586,CUST004487,BR0002,2025-07-27,VEHICLE,716875.69,18,APPROVED,A
APP00002587,CUST004650,BR0041,2025-10-17,BUSINESS,248918.16,24,PENDING,D
APP00002588,CUST007444,BR0018,2025-03-17,BUSINESS,935640.22,60,APPROVED,D
APP00002589,CUST002146,BR0024,2026-01-04,PERSONAL,617610.77,48,APPROVED,A
APP00002590,CUST001235,BR0033,2026-08-17,BUSINESS,1877196.63,60,APPROVED,C
APP00002591,CUST002455,BR0005,2024-03-15,PERSONAL,1010749.13,12,APPROVED,E
APP00002592,CUST008564,BR0016,2025-03-02,PERSONAL,1470268.97,24,PENDING,B
APP00002593,CUST003691,BR0045,2025-01-19,BUSINESS,687761.87,60,REJECTED,E
APP00002594,CUST005170,BR0002,2026-03-26,VEHICLE,614084.16,12,REJECTED,E
APP00002595,CUST001319,BR0036,2025-03-21,BUSINESS,698312.41,60,APPROVED,D
APP00002596,CUST003053,BR0024,2024-03-08,PERSONAL,561048.6,18,APPROVED,D
APP00002597,CUST007761,BR0020,2024-04-07,BUSINESS,1667223.75,12,APPROVED,B
APP00002598,CUST001908,BR0007,2025-11-27,PERSONAL,1767584.93,12,APPROVED,A
APP00002599,CUST009575,BR0009,2025-12-05,PERSONAL,756265.75,12,APPROVED,A
APP00002600,CUST009641,BR0008,2026-01-23,CONSUMER_DURABLE,725157.85,36,REJECTED,C
APP00002601,CUST006212,BR0047,2025-06-25,VEHICLE,647568.22,36,PENDING,A
APP00002602,CUST002966,BR0031,2026-06-03,CONSUMER_DURABLE,1301836.06,36,APPROVED,D
APP00002603,CUST001067,BR0046,2024-02-02,CONSUMER_DURABLE,926926.34,48,REJECTED,B
APP00002604,CUST007267,BR0027,2025-07-13,VEHICLE,1525309.01,12,PENDING,E
APP00002605,CUST008277,BR0020,2026-08-12,CONSUMER_DURABLE,1707560.14,18,APPROVED,D
APP00002606,CUST006697,BR0038,2024-07-30,CONSUMER_DURABLE,953513.93,24,REJECTED,B
APP00002607,CUST000446,BR0038,2025-08-14,CONSUMER_DURABLE,396291.98,60,PENDING,C
APP00002608,CUST008218,BR0029,2025-07-09,BUSINESS,829600.63,48,PENDING,E
APP00002609,CUST001680,BR0016,2024-09-24,PERSONAL,1107213.06,18,APPROVED,C
APP00002610,CUST001588,BR0002,2025-08-11,PERSONAL,316688.92,12,APPROVED,D
APP00002611,CUST000611,BR0004,2024-12-11,CONSUMER_DURABLE,1039132.77,48,APPROVED,E
APP00002612,CUST006095,BR0003,2024-06-05,CONSUMER_DURABLE,640195.12,12,REJECTED,A
APP00002613,CUST008868,BR0032,2024-06-07,PERSONAL,653349.29,36,REJECTED,E
APP00002614,CUST000298,BR0036,2025-07-29,VEHICLE,734432.17,36,PENDING,A
APP00002615,CUST009837,BR0028,2024-10-16,CONSUMER_DURABLE,1703355.09,48,APPROVED,D
APP00002616,CUST008310,BR0004,2024-07-27,CONSUMER_DURABLE,1525601.1,48,REJECTED,A
APP00002617,CUST007280,BR0049,2024-09-21,BUSINESS,760786.5,48,APPROVED,C
APP00002618,CUST005991,BR0033,2025-08-14,PERSONAL,600684.82,18,PENDING,C
APP00002619,CUST001107,BR0024,2025-10-19,CONSUMER_DURABLE,344409.88,12,APPROVED,B
APP00002620,CUST006708,BR0017,2025-04-16,CONSUMER_DURABLE,650424.15,48,PENDING,D
APP00002621,CUST003127,BR0010,2026-06-23,BUSINESS,1572478.45,18,REJECTED,D
APP00002622,CUST004974,BR0040,2024-09-04,VEHICLE,949082.22,48,PENDING,B
APP00002623,CUST001101,BR0001,2024-04-23,VEHICLE,489753.41,18,REJECTED,C
APP00002624,CUST003022,BR0017,2026-07-02,BUSINESS,724047.56,18,PENDING,E
APP00002625,CUST004938,BR0027,2025-08-30,BUSINESS,872425.28,18,APPROVED,E
APP00002626,CUST008188,BR0048,2024-04-23,VEHICLE,1823891.0,12,PENDING,E
APP00002627,CUST001547,BR0016,2024-12-13,PERSONAL,1859822.74,36,REJECTED,E
APP00002628,CUST008851,BR0006,2025-05-31,BUSINESS,940235.08,12,PENDING,A
APP00002629,CUST000772,BR0050,2025-06-12,BUSINESS,664385.44,24,APPROVED,D
APP00002630,CUST004464,BR0013,2026-06-04,BUSINESS,1094608.38,36,APPROVED,E
APP00002631,CUST003295,BR0040,2025-02-09,VEHICLE,1553856.31,60,REJECTED,A
APP00002632,CUST006542,BR0010,2026-05-13,CONSUMER_DURABLE,1404412.74,18,APPROVED,D
APP00002633,CUST008160,BR0048,2025-08-16,PERSONAL,1862849.65,12,PENDING,D
APP00002634,CUST001422,BR0033,2025-11-13,VEHICLE,1930463.25,12,APPROVED,D
APP00002635,CUST004496,BR0007,2024-01-25,BUSINESS,1759825.62,18,APPROVED,D
APP00002636,CUST000447,BR0033,2025-02-20,VEHICLE,347757.78,60,PENDING,E
APP00002637,CUST008614,BR0031,2024-01-09,PERSONAL,286496.42,60,APPROVED,E
APP00002638,CUST001339,BR0025,2026-03-03,VEHICLE,1622321.58,36,APPROVED,A
APP00002639,CUST005990,BR0012,2026-02-22,BUSINESS,1281291.34,48,APPROVED,E
APP00002640,CUST003235,BR0024,2026-08-04,PERSONAL,1258871.75,18,APPROVED,A
APP00002641,CUST005891,BR0034,2026-01-23,CONSUMER_DURABLE,381310.65,24,APPROVED,A
APP00002642,CUST001949,BR0015,2024-06-20,PERSONAL,1781669.93,60,REJECTED,C
APP00002643,CUST007753,BR0041,2026-09-03,VEHICLE,301977.34,36,APPROVED,D
APP00002644,CUST000884,BR0049,2025-04-08,PERSONAL,597081.18,24,APPROVED,B
APP00002645,CUST003419,BR0014,2025-04-26,PERSONAL,455296.61,48,APPROVED,E
APP00002646,CUST005962,BR0004,2025-12-24,PERSONAL,1795919.45,60,PENDING,A
APP00002647,CUST000190,BR0008,2026-04-25,BUSINESS,1235467.04,24,APPROVED,E
APP00002648,CUST009013,BR0050,2026-07-01,BUSINESS,1153686.92,12,APPROVED,D
APP00002649,CUST002621,BR0008,2025-10-26,BUSINESS,65712.68,18,REJECTED,E
APP00002650,CUST004665,BR0027,2024-01-14,CONSUMER_DURABLE,1528764.41,24,APPROVED,E
APP00002651,CUST003943,BR0015,2026-07-24,CONSUMER_DURABLE,1504600.93,24,APPROVED,A
APP00002652,CUST005915,BR0024,2024-02-27,VEHICLE,908333.76,36,APPROVED,B
APP00002653,CUST006400,BR0040,2025-10-18,CONSUMER_DURABLE,179137.94,48,REJECTED,E
APP00002654,CUST005219,BR0005,2024-08-04,BUSINESS,1959450.05,18,APPROVED,D
APP00002655,CUST003533,BR0014,2025-02-17,VEHICLE,1960672.12,48,APPROVED,E
APP00002656,CUST006262,BR0043,2024-08-26,PERSONAL,1543646.92,24,REJECTED,D
APP00002657,CUST001082,BR0024,2025-01-16,CONSUMER_DURABLE,470202.7,60,APPROVED,B
APP00002658,CUST007534,BR0032,2024-02-11,VEHICLE,683470.89,48,APPROVED,C
APP00002659,CUST002613,BR0035,2026-03-10,CONSUMER_DURABLE,879480.34,48,REJECTED,D
APP00002660,CUST004794,BR0025,2024-03-23,VEHICLE,904011.82,12,REJECTED,A
APP00002661,CUST003300,BR0027,2026-08-25,PERSONAL,1599922.44,48,APPROVED,D
APP00002662,CUST001877,BR0011,2024-07-14,PERSONAL,1686829.19,36,PENDING,C
APP00002663,CUST000519,BR0008,2026-06-20,VEHICLE,1081174.56,12,PENDING,D
APP00002664,CUST002638,BR0006,2024-06-08,PERSONAL,331065.35,18,PENDING,D
APP00002665,CUST004487,BR0010,2024-12-17,PERSONAL,391179.74,18,PENDING,D
APP00002666,CUST004022,BR0037,2024-01-21,BUSINESS,1573916.82,18,APPROVED,B
APP00002667,CUST002219,BR0045,2024-10-14,CONSUMER_DURABLE,236615.64,24,PENDING,E
APP00002668,CUST007027,BR0031,2024-04-03,CONSUMER_DURABLE,79454.18,60,REJECTED,D
APP00002669,CUST009599,BR0027,2025-02-19,PERSONAL,1817238.29,24,REJECTED,D
APP00002670,CUST002120,BR0011,2025-06-12,BUSINESS,1393950.82,12,REJECTED,A
APP00002671,CUST002747,BR0039,2026-01-30,VEHICLE,949498.75,24,PENDING,C
APP00002672,CUST007252,BR0007,2026-04-19,PERSONAL,1260193.27,48,REJECTED,E
APP00002673,CUST007500,BR0043,2025-08-30,PERSONAL,209509.66,18,APPROVED,C
APP00002674,CUST000912,BR0026,2025-04-25,CONSUMER_DURABLE,587542.26,60,APPROVED,B
APP00002675,CUST005751,BR0040,2024-03-13,VEHICLE,1444888.12,36,PENDING,E
APP00002676,CUST007748,BR0032,2024-03-14,BUSINESS,299713.89,48,PENDING,B
APP00002677,CUST000773,BR0031,2024-03-07,BUSINESS,975880.34,18,PENDING,E
APP00002678,CUST006374,BR0039,2024-07-22,BUSINESS,636154.6,60,APPROVED,D
APP00002679,CUST001390,BR0002,2024-11-18,PERSONAL,428249.11,12,APPROVED,A
APP00002680,CUST005488,BR0047,2024-12-19,PERSONAL,797471.94,18,REJECTED,A
APP00002681,CUST005481,BR0023,2024-12-04,PERSONAL,300262.1,24,APPROVED,B
APP00002682,CUST009419,BR0045,2025-03-07,BUSINESS,368734.57,48,APPROVED,A
APP00002683,CUST006906,BR0022,2024-03-10,CONSUMER_DURABLE,92095.47,24,APPROVED,D
APP00002684,CUST004268,BR0006,2026-01-05,BUSINESS,57692.03,18,APPROVED,E
APP00002685,CUST009672,BR0022,2026-07-25,BUSINESS,373095.28,36,REJECTED,E
APP00002686,CUST002301,BR0037,2026-01-24,VEHICLE,1487136.82,60,REJECTED,B
APP00002687,CUST000539,BR0032,2026-07-21,PERSONAL,73507.68,12,REJECTED,B
APP00002688,CUST002037,BR0003,2025-01-27,BUSINESS,480469.49,48,APPROVED,B
APP00002689,CUST009766,BR0005,2024-11-28,BUSINESS,1256353.83,12,APPROVED,E
APP00002690,CUST004634,BR0019,2024-12-25,CONSUMER_DURABLE,1338966.53,60,REJECTED,C
APP00002691,CUST008671,BR0043,2025-09-24,VEHICLE,1508867.76,12,PENDING,D
APP00002692,CUST005629,BR0002,2024-02-19,BUSINESS,1912945.47,24,PENDING,A
APP00002693,CUST006217,BR0025,2024-10-11,CONSUMER_DURABLE,462110.24,24,APPROVED,B
APP00002694,CUST004861,BR0039,2024-07-04,VEHICLE,1916206.94,48,APPROVED,C
APP00002695,CUST000225,BR0048,2024-01-20,PERSONAL,1737037.35,24,PENDING,B
APP00002696,CUST006714,BR0045,2025-04-23,PERSONAL,1389748.48,24,PENDING,E
APP00002697,CUST009475,BR0026,2024-08-21,VEHICLE,1686570.43,36,PENDING,D
APP00002698,CUST001593,BR0024,2024-01-21,BUSINESS,1566742.49,36,APPROVED,D
APP00002699,CUST009935,BR0009,2026-07-17,VEHICLE,364466.33,24,REJECTED,B
APP00002700,CUST009989,BR0033,2024-08-16,PERSONAL,1364100.73,24,APPROVED,A
APP00002701,CUST007685,BR0049,2025-10-06,CONSUMER_DURABLE,1424190.41,60,PENDING,B
APP00002702,CUST001662,BR0011,2024-01-27,BUSINESS,406127.84,18,REJECTED,D
APP00002703,CUST003873,BR0029,2024-11-21,CONSUMER_DURABLE,1048217.43,24,PENDING,E
APP00002704,CUST006606,BR0009,2025-01-01,PERSONAL,1442268.81,12,APPROVED,B
APP00002705,CUST004790,BR0001,2024-11-17,PERSONAL,873505.11,18,REJECTED,B
APP00002706,CUST002426,BR0030,2026-02-14,PERSONAL,1210240.27,48,APPROVED,B
APP00002707,CUST008971,BR0008,2025-08-09,PERSONAL,1832639.99,24,PENDING,D
APP00002708,CUST000858,BR0010,2026-02-04,CONSUMER_DURABLE,1182011.87,12,APPROVED,B
APP00002709,CUST002001,BR0017,2025-08-09,BUSINESS,237923.61,36,PENDING,C
APP00002710,CUST006348,BR0024,2025-04-29,PERSONAL,294646.57,12,PENDING,B
APP00002711,CUST008853,BR0015,2025-11-21,VEHICLE,1263379.35,60,APPROVED,A
APP00002712,CUST002860,BR0016,2024-12-11,BUSINESS,315135.84,12,APPROVED,A
APP00002713,CUST009727,BR0030,2025-09-20,CONSUMER_DURABLE,1620680.93,12,PENDING,C
APP00002714,CUST009010,BR0050,2024-01-20,BUSINESS,1228807.63,48,PENDING,B
APP00002715,CUST006015,BR0036,2025-06-17,VEHICLE,1424197.9,60,REJECTED,A
APP00002716,CUST007124,BR0031,2026-02-02,VEHICLE,1200663.74,48,APPROVED,B
APP00002717,CUST004411,BR0003,2026-07-26,BUSINESS,493229.24,36,APPROVED,B
APP00002718,CUST005292,BR0029,2026-03-28,BUSINESS,1829026.0,18,PENDING,D
APP00002719,CUST005979,BR0050,2025-12-08,PERSONAL,741511.71,18,APPROVED,C
APP00002720,CUST001574,BR0038,2026-03-16,CONSUMER_DURABLE,1953379.37,36,REJECTED,D
APP00002721,CUST006858,BR0001,2026-09-17,PERSONAL,194912.49,12,REJECTED,B
APP00002722,CUST008906,BR0005,2025-08-08,BUSINESS,800455.64,24,REJECTED,A
APP00002723,CUST002335,BR0047,2024-03-08,CONSUMER_DURABLE,1691796.79,24,APPROVED,D
APP00002724,CUST000378,BR0037,2024-04-11,VEHICLE,772484.01,48,REJECTED,B
APP00002725,CUST005149,BR0040,2025-03-12,VEHICLE,1366349.87,36,PENDING,A
APP00002726,CUST006510,BR0032,2024-11-12,PERSONAL,1512264.42,48,APPROVED,A
APP00002727,CUST005478,BR0030,2026-05-09,PERSONAL,1657996.84,24,APPROVED,D
APP00002728,CUST000968,BR0026,2024-11-15,BUSINESS,1237382.73,12,APPROVED,E
APP00002729,CUST001844,BR0003,2025-04-05,BUSINESS,556660.67,36,REJECTED,E
APP00002730,CUST007146,BR0006,2024-11-07,CONSUMER_DURABLE,1850274.91,36,APPROVED,C
APP00002731,CUST007091,BR0050,2026-01-20,PERSONAL,350882.73,18,APPROVED,C
APP00002732,CUST002738,BR0006,2025-05-09,BUSINESS,1286312.16,18,APPROVED,B
APP00002733,CUST000187,BR0030,2025-10-16,CONSUMER_DURABLE,1610766.87,60,REJECTED,E
APP00002734,CUST002074,BR0005,2025-11-25,VEHICLE,780191.96,60,APPROVED,B
APP00002735,CUST006335,BR0023,2025-07-26,PERSONAL,1330502.16,12,PENDING,C
APP00002736,CUST009073,BR0027,2024-07-31,CONSUMER_DURABLE,1073734.27,18,APPROVED,D
APP00002737,CUST007611,BR0037,2024-05-16,BUSINESS,1517615.1,12,PENDING,D
APP00002738,CUST008707,BR0020,2026-01-04,VEHICLE,1216329.2,18,APPROVED,E
APP00002739,CUST001250,BR0012,2024-06-23,VEHICLE,1983487.76,36,APPROVED,A
APP00002740,CUST007721,BR0023,2025-11-11,BUSINESS,1215209.61,36,APPROVED,D
APP00002741,CUST003428,BR0033,2026-02-01,PERSONAL,1473487.4,60,APPROVED,D
APP00002742,CUST003775,BR0014,2026-05-21,PERSONAL,278153.71,48,APPROVED,B
APP00002743,CUST002903,BR0020,2026-01-13,VEHICLE,484191.64,48,APPROVED,A
APP00002744,CUST002409,BR0033,2025-06-01,VEHICLE,1351045.4,60,APPROVED,B
APP00002745,CUST000202,BR0018,2024-09-24,PERSONAL,1055496.1,18,REJECTED,C
APP00002746,CUST007970,BR0019,2024-09-19,CONSUMER_DURABLE,1099470.83,60,PENDING,E
APP00002747,CUST003694,BR0039,2026-08-02,VEHICLE,1167402.6,18,PENDING,D
APP00002748,CUST001975,BR0046,2024-07-16,BUSINESS,1746560.09,48,APPROVED,C
APP00002749,CUST008545,BR0046,2026-03-04,BUSINESS,584680.75,18,REJECTED,B
APP00002750,CUST002418,BR0048,2024-08-08,VEHICLE,857561.83,36,APPROVED,A
APP00002751,CUST003200,BR0027,2025-08-07,PERSONAL,542047.87,60,APPROVED,D
APP00002752,CUST000928,BR0022,2024-02-08,BUSINESS,965949.74,24,APPROVED,D
APP00002753,CUST008218,BR0018,2024-09-21,CONSUMER_DURABLE,1332943.57,12,REJECTED,D
APP00002754,CUST009131,BR0011,2026-02-28,BUSINESS,1023260.24,60,APPROVED,D
APP00002755,CUST005260,BR0027,2024-09-06,VEHICLE,110599.96,18,PENDING,C
APP00002756,CUST005806,BR0010,2026-03-10,PERSONAL,1389944.12,60,APPROVED,C
APP00002757,CUST008057,BR0038,2026-03-05,PERSONAL,1133232.38,24,APPROVED,E
APP00002758,CUST002301,BR0044,2024-02-02,VEHICLE,1981155.07,60,PENDING,A
APP00002759,CUST007203,BR0011,2024-11-07,BUSINESS,348759.47,18,APPROVED,B
APP00002760,CUST006044,BR0041,2025-09-29,VEHICLE,923071.45,12,PENDING,A
APP00002761,CUST000837,BR0023,2026-07-20,VEHICLE,421746.6,60,APPROVED,C
APP00002762,CUST005630,BR0043,2025-02-12,VEHICLE,1362142.13,18,APPROVED,E
APP00002763,CUST005225,BR0043,2024-02-03,VEHICLE,1752136.4,12,APPROVED,A
APP00002764,CUST005454,BR0038,2026-07-11,CONSUMER_DURABLE,1389386.27,36,APPROVED,D
APP00002765,CUST002361,BR0021,2026-06-13,VEHICLE,1159456.1,48,PENDING,D
APP00002766,CUST003451,BR0017,2024-06-11,VEHICLE,1614443.34,18,PENDING,D
APP00002767,CUST000602,BR0016,2024-05-30,BUSINESS,223151.34,12,PENDING,D
APP00002768,CUST007235,BR0046,2026-08-31,CONSUMER_DURABLE,733680.1,24,PENDING,D
APP00002769,CUST000021,BR0020,2025-06-22,VEHICLE,1820570.67,12,REJECTED,D
APP00002770,CUST003132,BR0009,2026-07-16,VEHICLE,1967747.74,18,APPROVED,B
APP00002771,CUST006650,BR0028,2024-06-02,CONSUMER_DURABLE,1287881.13,48,APPROVED,D
APP00002772,CUST002754,BR0025,2026-03-07,VEHICLE,1711650.35,12,APPROVED,D
APP00002773,CUST008222,BR0008,2025-11-03,BUSINESS,1958859.15,24,REJECTED,C
APP00002774,CUST004589,BR0048,2026-09-11,BUSINESS,1343577.55,60,APPROVED,B
APP00002775,CUST007220,BR0041,2025-03-15,BUSINESS,1976217.75,36,APPROVED,A
APP00002776,CUST009175,BR0038,2025-05-22,PERSONAL,325463.93,12,PENDING,C
APP00002777,CUST006973,BR0023,2024-08-22,BUSINESS,1626140.37,24,REJECTED,A
APP00002778,CUST009549,BR0010,2026-03-15,VEHICLE,71573.42,12,APPROVED,B
APP00002779,CUST008020,BR0001,2025-05-28,VEHICLE,120937.1,60,APPROVED,D
APP00002780,CUST001324,BR0019,2024-05-31,BUSINESS,646635.13,60,PENDING,D
APP00002781,CUST001606,BR0030,2026-06-14,CONSUMER_DURABLE,92295.76,24,REJECTED,E
APP00002782,CUST006876,BR0024,2025-09-29,VEHICLE,551922.57,24,PENDING,A
APP00002783,CUST002341,BR0026,2024-01-30,VEHICLE,64678.85,48,APPROVED,A
APP00002784,CUST003158,BR0014,2024-09-13,CONSUMER_DURABLE,58684.35,24,PENDING,C
APP00002785,CUST009176,BR0049,2024-09-05,BUSINESS,1158077.43,48,PENDING,C
APP00002786,CUST007354,BR0018,2026-03-10,CONSUMER_DURABLE,568652.86,48,APPROVED,D
APP00002787,CUST007392,BR0008,2025-10-18,VEHICLE,399467.28,12,REJECTED,A
APP00002788,CUST005900,BR0031,2024-03-18,VEHICLE,648327.98,24,APPROVED,A
APP00002789,CUST000744,BR0050,2025-01-17,VEHICLE,1731155.4,48,PENDING,B
APP00002790,CUST004247,BR0036,2024-01-19,CONSUMER_DURABLE,1786561.63,24,PENDING,D
APP00002791,CUST007991,BR0027,2025-07-16,BUSINESS,1383257.47,48,APPROVED,E
APP00002792,CUST000242,BR0005,2025-11-25,VEHICLE,893951.67,12,APPROVED,E
APP00002793,CUST003463,BR0017,2026-09-12,BUSINESS,165339.8,18,APPROVED,C
APP00002794,CUST001138,BR0019,2025-01-07,PERSONAL,312412.94,48,APPROVED,C
APP00002795,CUST004622,BR0012,2024-09-16,VEHICLE,271170.11,36,APPROVED,A
APP00002796,CUST004310,BR0047,2024-04-23,VEHICLE,1319907.83,48,APPROVED,E
APP00002797,CUST007824,BR0011,2025-06-09,PERSONAL,117263.55,12,PENDING,B
APP00002798,CUST000034,BR0016,2026-06-15,VEHICLE,979524.85,12,PENDING,B
APP00002799,CUST004134,BR0050,2024-10-10,VEHICLE,881408.28,18,APPROVED,B
APP00002800,CUST009580,BR0019,2025-07-08,PERSONAL,239719.84,12,APPROVED,E
APP00002801,CUST007882,BR0028,2024-09-16,PERSONAL,1648786.39,18,APPROVED,C
APP00002802,CUST001784,BR0022,2025-07-01,BUSINESS,497191.78,12,REJECTED,C
APP00002803,CUST001416,BR0037,2024-09-16,BUSINESS,845998.84,48,APPROVED,B
APP00002804,CUST000589,BR0007,2024-01-09,PERSONAL,1648941.01,18,APPROVED,E
APP00002805,CUST006877,BR0035,2025-09-05,PERSONAL,1776653.9,36,APPROVED,D
APP00002806,CUST000457,BR0014,2026-02-11,CONSUMER_DURABLE,1574513.39,12,PENDING,B
APP00002807,CUST002321,BR0015,2024-12-12,VEHICLE,894985.27,36,APPROVED,E
APP00002808,CUST003394,BR0037,2026-07-27,CONSUMER_DURABLE,569607.32,12,APPROVED,B
APP00002809,CUST000740,BR0033,2026-05-26,BUSINESS,1948427.01,18,REJECTED,C
APP00002810,CUST005164,BR0028,2026-05-07,BUSINESS,946355.91,48,APPROVED,D
APP00002811,CUST002657,BR0030,2026-07-02,PERSONAL,396975.35,60,PENDING,B
APP00002812,CUST004136,BR0005,2026-03-10,CONSUMER_DURABLE,767309.01,18,APPROVED,C
APP00002813,CUST007144,BR0031,2026-04-29,VEHICLE,646057.84,12,REJECTED,B
APP00002814,CUST006314,BR0031,2025-05-23,BUSINESS,1426775.75,60,PENDING,A
APP00002815,CUST001198,BR0043,2024-01-27,BUSINESS,986539.9,18,APPROVED,E
APP00002816,CUST006001,BR0036,2024-06-17,BUSINESS,1600022.58,12,REJECTED,C
APP00002817,CUST008245,BR0006,2025-06-13,CONSUMER_DURABLE,425718.67,18,REJECTED,C
APP00002818,CUST003287,BR0026,2026-06-01,BUSINESS,1873324.11,36,REJECTED,A
APP00002819,CUST000083,BR0031,2025-01-12,CONSUMER_DURABLE,309367.01,48,APPROVED,B
APP00002820,CUST006347,BR0036,2026-05-07,BUSINESS,351107.25,48,APPROVED,B
APP00002821,CUST001461,BR0015,2025-03-14,PERSONAL,707425.13,60,PENDING,E
APP00002822,CUST002652,BR0031,2024-02-20,VEHICLE,502172.64,60,APPROVED,E
APP00002823,CUST005364,BR0013,2024-09-25,VEHICLE,1568642.38,60,APPROVED,B
APP00002824,CUST000399,BR0017,2025-04-23,CONSUMER_DURABLE,480299.39,24,REJECTED,C
APP00002825,CUST007456,BR0010,2026-04-12,VEHICLE,806702.83,12,PENDING,D
APP00002826,CUST009583,BR0026,2025-05-20,VEHICLE,1007634.42,24,REJECTED,E
APP00002827,CUST009036,BR0025,2024-01-04,PERSONAL,1024727.04,24,REJECTED,D
APP00002828,CUST002464,BR0011,2026-01-23,PERSONAL,1417247.64,12,REJECTED,D
APP00002829,CUST008142,BR0017,2025-10-29,PERSONAL,1103038.71,12,REJECTED,A
APP00002830,CUST005569,BR0034,2024-07-22,PERSONAL,588438.63,18,APPROVED,E
APP00002831,CUST004709,BR0007,2025-05-05,BUSINESS,1021446.93,48,APPROVED,A
APP00002832,CUST009014,BR0026,2024-08-15,CONSUMER_DURABLE,1877164.48,60,APPROVED,D
APP00002833,CUST006523,BR0027,2025-10-19,VEHICLE,1349168.38,12,PENDING,B
APP00002834,CUST002411,BR0048,2025-10-12,CONSUMER_DURABLE,247462.7,24,APPROVED,E
APP00002835,CUST001361,BR0035,2026-08-05,CONSUMER_DURABLE,502836.69,24,APPROVED,C
APP00002836,CUST005255,BR0019,2025-03-03,PERSONAL,887244.75,12,PENDING,D
APP00002837,CUST004346,BR0042,2025-09-16,PERSONAL,481930.84,36,APPROVED,E
APP00002838,CUST009959,BR0020,2024-11-06,CONSUMER_DURABLE,122506.06,12,REJECTED,C
APP00002839,CUST004519,BR0036,2026-03-21,VEHICLE,289013.23,24,REJECTED,E
APP00002840,CUST007793,BR0050,2025-12-26,BUSINESS,1149880.68,48,APPROVED,C
APP00002841,CUST003241,BR0033,2024-11-11,CONSUMER_DURABLE,1528319.39,18,REJECTED,C
APP00002842,CUST005590,BR0043,2025-09-12,VEHICLE,413224.28,60,REJECTED,D
APP00002843,CUST003254,BR0042,2026-07-28,VEHICLE,1639147.58,48,PENDING,E
APP00002844,CUST002021,BR0005,2025-03-09,VEHICLE,681442.27,48,APPROVED,E
APP00002845,CUST001694,BR0014,2024-12-22,PERSONAL,1034253.69,18,APPROVED,B
APP00002846,CUST002395,BR0015,2025-11-21,BUSINESS,1203256.05,60,PENDING,D
APP00002847,CUST001688,BR0004,2025-04-23,BUSINESS,796772.99,24,APPROVED,E
APP00002848,CUST002275,BR0001,2026-05-13,CONSUMER_DURABLE,287805.46,12,APPROVED,C
APP00002849,CUST009026,BR0026,2024-11-25,CONSUMER_DURABLE,1094438.95,48,REJECTED,D
APP00002850,CUST008706,BR0032,2025-05-05,BUSINESS,686234.34,36,APPROVED,E
APP00002851,CUST001265,BR0044,2024-01-16,VEHICLE,779102.4,60,APPROVED,E
APP00002852,CUST004917,BR0049,2024-08-21,VEHICLE,436095.72,24,PENDING,B
APP00002853,CUST008042,BR0023,2025-10-21,BUSINESS,684312.18,36,APPROVED,D
APP00002854,CUST001009,BR0038,2024-03-27,CONSUMER_DURABLE,198293.09,12,REJECTED,D
APP00002855,CUST000494,BR0039,2024-10-30,BUSINESS,821126.21,24,APPROVED,E
APP00002856,CUST005108,BR0035,2024-08-11,PERSONAL,1824268.18,18,APPROVED,E
APP00002857,CUST005553,BR0037,2024-02-12,CONSUMER_DURABLE,1370642.67,24,APPROVED,A
APP00002858,CUST009163,BR0050,2024-07-14,VEHICLE,603433.2,12,APPROVED,C
APP00002859,CUST006926,BR0019,2024-01-11,CONSUMER_DURABLE,487187.08,48,APPROVED,C
APP00002860,CUST001046,BR0039,2024-02-11,VEHICLE,756339.01,12,APPROVED,B
APP00002861,CUST004846,BR0018,2026-04-26,PERSONAL,418353.24,36,APPROVED,D
APP00002862,CUST007671,BR0009,2026-06-06,CONSUMER_DURABLE,1070878.61,36,PENDING,B
APP00002863,CUST000005,BR0049,2025-11-03,CONSUMER_DURABLE,1808608.86,60,APPROVED,B
APP00002864,CUST004763,BR0035,2024-08-11,BUSINESS,847045.23,12,APPROVED,D
APP00002865,CUST001993,BR0029,2024-08-15,VEHICLE,1314142.84,36,APPROVED,E
APP00002866,CUST001984,BR0034,2026-08-25,VEHICLE,1036895.07,36,APPROVED,B
APP00002867,CUST002805,BR0028,2025-06-06,CONSUMER_DURABLE,1453870.31,36,APPROVED,D
APP00002868,CUST007626,BR0016,2024-02-29,CONSUMER_DURABLE,112003.87,18,PENDING,A
APP00002869,CUST007916,BR0037,2024-05-15,CONSUMER_DURABLE,66814.59,60,REJECTED,D
APP00002870,CUST007643,BR0016,2026-07-22,VEHICLE,994858.42,60,REJECTED,B
APP00002871,CUST008591,BR0041,2026-01-15,VEHICLE,1556023.89,48,REJECTED,A
APP00002872,CUST007629,BR0020,2026-05-08,PERSONAL,693660.31,12,PENDING,A
APP00002873,CUST007557,BR0050,2026-02-23,PERSONAL,1768122.39,48,APPROVED,C
APP00002874,CUST008629,BR0036,2024-08-10,BUSINESS,747717.93,24,REJECTED,C
APP00002875,CUST006673,BR0030,2025-12-06,CONSUMER_DURABLE,705113.53,18,APPROVED,A
APP00002876,CUST008699,BR0012,2026-03-23,PERSONAL,1200071.3,24,APPROVED,E
APP00002877,CUST000320,BR0012,2024-01-26,CONSUMER_DURABLE,990193.85,12,APPROVED,E
APP00002878,CUST001739,BR0027,2024-02-20,PERSONAL,1582470.42,36,PENDING,C
APP00002879,CUST003944,BR0038,2026-01-20,BUSINESS,473979.81,18,PENDING,A
APP00002880,CUST009011,BR0028,2026-04-25,BUSINESS,1037548.63,36,APPROVED,B
APP00002881,CUST003880,BR0027,2025-05-08,CONSUMER_DURABLE,1636053.56,24,APPROVED,E
APP00002882,CUST004929,BR0040,2026-09-28,PERSONAL,1946174.17,48,PENDING,C
APP00002883,CUST008548,BR0008,2026-03-10,PERSONAL,1286312.05,24,PENDING,D
APP00002884,CUST008418,BR0006,2026-08-17,BUSINESS,822022.21,48,PENDING,B
APP00002885,CUST007465,BR0023,2026-04-08,PERSONAL,943608.64,12,PENDING,E
APP00002886,CUST002844,BR0034,2024-04-26,CONSUMER_DURABLE,698539.54,48,APPROVED,B
APP00002887,CUST000218,BR0017,2025-02-26,BUSINESS,1790327.09,48,PENDING,B
APP00002888,CUST009438,BR0016,2024-04-02,VEHICLE,1681328.49,48,PENDING,A
APP00002889,CUST007723,BR0048,2024-07-05,PERSONAL,1547737.3,48,APPROVED,C
APP00002890,CUST007592,BR0039,2026-06-01,BUSINESS,1568751.99,12,APPROVED,D
APP00002891,CUST004778,BR0031,2026-04-19,VEHICLE,1135559.98,60,PENDING,E
APP00002892,CUST008410,BR0001,2025-07-28,PERSONAL,295170.82,60,APPROVED,E
APP00002893,CUST000057,BR0030,2025-08-01,PERSONAL,1726900.96,36,PENDING,C
APP00002894,CUST008496,BR0023,2024-04-18,PERSONAL,199433.19,60,REJECTED,A
APP00002895,CUST007118,BR0030,2025-01-27,VEHICLE,622288.8,18,PENDING,E
APP00002896,CUST000042,BR0016,2025-01-08,PERSONAL,197683.15,12,REJECTED,A
APP00002897,CUST005272,BR0011,2024-01-08,VEHICLE,1047109.39,18,APPROVED,D
APP00002898,CUST005405,BR0029,2026-05-14,PERSONAL,1848866.88,18,APPROVED,B
APP00002899,CUST000189,BR0017,2026-02-15,BUSINESS,1800285.67,24,PENDING,C
APP00002900,CUST006424,BR0039,2025-03-18,PERSONAL,1573256.55,60,REJECTED,E
APP00002901,CUST001087,BR0012,2024-09-06,CONSUMER_DURABLE,852047.03,36,APPROVED,D
APP00002902,CUST000536,BR0021,2025-04-09,CONSUMER_DURABLE,724277.41,60,APPROVED,A
APP00002903,CUST005348,BR0018,2026-07-19,VEHICLE,945695.14,24,PENDING,E
APP00002904,CUST000718,BR0028,2026-02-13,BUSINESS,1019448.17,36,REJECTED,A
APP00002905,CUST006111,BR0040,2024-01-01,BUSINESS,564872.93,60,APPROVED,B
APP00002906,CUST006387,BR0038,2026-08-21,VEHICLE,195551.53,60,APPROVED,D
APP00002907,CUST000669,BR0042,2025-02-14,BUSINESS,650782.57,12,PENDING,B
APP00002908,CUST003034,BR0001,2024-07-17,BUSINESS,781774.17,60,REJECTED,B
APP00002909,CUST008572,BR0043,2026-05-19,BUSINESS,540849.47,36,APPROVED,D
APP00002910,CUST000532,BR0017,2025-06-23,PERSONAL,766199.59,18,REJECTED,E
APP00002911,CUST008199,BR0017,2024-09-28,BUSINESS,566456.59,12,APPROVED,C
APP00002912,CUST006637,BR0007,2025-11-18,BUSINESS,945306.91,48,APPROVED,D
APP00002913,CUST002159,BR0037,2024-01-08,VEHICLE,1196708.15,18,APPROVED,E
APP00002914,CUST008785,BR0007,2024-07-11,BUSINESS,760954.06,48,APPROVED,A
APP00002915,CUST003667,BR0050,2025-08-05,PERSONAL,1732596.88,48,APPROVED,B
APP00002916,CUST002798,BR0041,2025-01-02,BUSINESS,1913465.73,48,PENDING,C
APP00002917,CUST004343,BR0017,2026-05-31,BUSINESS,1768394.2,36,PENDING,A
APP00002918,CUST004860,BR0012,2024-12-05,BUSINESS,996297.36,18,REJECTED,D
APP00002919,CUST000866,BR0037,2025-03-31,BUSINESS,230442.76,18,REJECTED,A
APP00002920,CUST007234,BR0049,2025-09-13,BUSINESS,395552.34,24,REJECTED,A
APP00002921,CUST009644,BR0009,2024-02-17,VEHICLE,169583.51,12,REJECTED,B
APP00002922,CUST002266,BR0035,2026-08-05,BUSINESS,1999746.49,60,APPROVED,C
APP00002923,CUST007512,BR0007,2025-01-06,VEHICLE,1015441.52,36,APPROVED,D
APP00002924,CUST006218,BR0034,2026-04-17,CONSUMER_DURABLE,97955.75,48,APPROVED,C
APP00002925,CUST005823,BR0003,2025-07-07,VEHICLE,1632481.63,48,REJECTED,D
APP00002926,CUST002957,BR0004,2025-04-19,CONSUMER_DURABLE,1171502.81,18,PENDING,E
APP00002927,CUST002473,BR0012,2024-06-18,CONSUMER_DURABLE,1069216.02,18,PENDING,E
APP00002928,CUST007871,BR0003,2024-08-14,CONSUMER_DURABLE,959456.0,60,APPROVED,B
APP00002929,CUST005968,BR0012,2026-04-16,BUSINESS,1257756.39,36,PENDING,C
APP00002930,CUST009777,BR0049,2026-08-10,BUSINESS,667948.83,48,APPROVED,A
APP00002931,CUST009697,BR0023,2024-08-07,BUSINESS,1302956.23,36,APPROVED,C
APP00002932,CUST007746,BR0004,2026-01-02,VEHICLE,1454266.63,12,REJECTED,B
APP00002933,CUST009526,BR0018,2024-03-11,PERSONAL,1622057.99,24,REJECTED,E
APP00002934,CUST002861,BR0040,2025-04-08,PERSONAL,1304565.56,18,APPROVED,D
APP00002935,CUST009209,BR0003,2025-06-15,CONSUMER_DURABLE,1555346.82,18,PENDING,D
APP00002936,CUST002584,BR0046,2025-10-23,PERSONAL,499890.6,12,APPROVED,A
APP00002937,CUST007477,BR0005,2026-02-04,CONSUMER_DURABLE,1210025.61,18,APPROVED,C
APP00002938,CUST006518,BR0044,2024-01-26,BUSINESS,794118.38,48,PENDING,B
APP00002939,CUST005437,BR0043,2024-05-21,CONSUMER_DURABLE,1149982.8,12,APPROVED,A
APP00002940,CUST004973,BR0033,2025-09-26,CONSUMER_DURABLE,1747047.83,24,REJECTED,A
APP00002941,CUST001783,BR0038,2025-08-08,BUSINESS,1636584.16,36,REJECTED,D
APP00002942,CUST003767,BR0046,2026-06-10,VEHICLE,1054378.48,36,APPROVED,B
APP00002943,CUST002995,BR0015,2024-12-21,CONSUMER_DURABLE,1250000.88,12,APPROVED,D
APP00002944,CUST001716,BR0003,2025-05-23,VEHICLE,1275281.48,24,REJECTED,D
APP00002945,CUST003039,BR0039,2024-06-20,PERSONAL,1996994.57,18,APPROVED,A
APP00002946,CUST006438,BR0040,2024-10-30,VEHICLE,950901.63,36,APPROVED,D
APP00002947,CUST000849,BR0017,2025-02-23,BUSINESS,1784239.5,36,APPROVED,D
APP00002948,CUST008391,BR0029,2024-08-24,BUSINESS,1661608.15,48,PENDING,C
APP00002949,CUST009059,BR0012,2024-08-02,CONSUMER_DURABLE,1883362.1,12,PENDING,B
APP00002950,CUST007414,BR0030,2025-04-09,VEHICLE,1118838.3,48,APPROVED,B
APP00002951,CUST009729,BR0035,2026-06-10,BUSINESS,805861.05,18,APPROVED,A
APP00002952,CUST006158,BR0024,2026-06-18,CONSUMER_DURABLE,1684452.52,24,APPROVED,B
APP00002953,CUST002123,BR0027,2025-05-13,CONSUMER_DURABLE,1592935.02,60,APPROVED,D
APP00002954,CUST009287,BR0005,2026-03-10,CONSUMER_DURABLE,1479035.47,24,PENDING,E
APP00002955,CUST004775,BR0035,2025-05-11,PERSONAL,221294.76,24,PENDING,D
APP00002956,CUST003872,BR0042,2025-07-11,CONSUMER_DURABLE,302229.13,36,REJECTED,B
APP00002957,CUST005726,BR0030,2025-03-20,BUSINESS,1251543.95,48,PENDING,B
APP00002958,CUST001306,BR0033,2024-08-19,BUSINESS,1225370.41,18,REJECTED,E
APP00002959,CUST001250,BR0025,2025-12-04,PERSONAL,802944.26,60,APPROVED,D
APP00002960,CUST006816,BR0034,2024-03-29,VEHICLE,485207.02,18,REJECTED,C
APP00002961,CUST007589,BR0026,2024-11-01,VEHICLE,1299384.97,60,APPROVED,E
APP00002962,CUST002832,BR0003,2026-06-07,CONSUMER_DURABLE,914523.48,18,REJECTED,D
APP00002963,CUST003226,BR0024,2026-02-07,BUSINESS,117653.84,18,PENDING,C
APP00002964,CUST005866,BR0022,2024-05-01,PERSONAL,1902278.35,12,APPROVED,D
APP00002965,CUST003893,BR0036,2025-08-09,BUSINESS,1655299.99,24,REJECTED,A
APP00002966,CUST004019,BR0042,2024-01-02,VEHICLE,611510.64,48,APPROVED,D
APP00002967,CUST002227,BR0050,2025-03-10,PERSONAL,413041.8,48,APPROVED,B
APP00002968,CUST007920,BR0021,2024-08-05,VEHICLE,1430390.11,36,APPROVED,D
APP00002969,CUST001043,BR0012,2024-02-02,BUSINESS,898021.32,12,PENDING,D
APP00002970,CUST004908,BR0030,2025-02-01,CONSUMER_DURABLE,309237.61,60,APPROVED,C
APP00002971,CUST005666,BR0020,2025-06-17,BUSINESS,823501.08,18,APPROVED,E
APP00002972,CUST005001,BR0033,2024-08-17,PERSONAL,1361449.34,12,APPROVED,B
APP00002973,CUST001281,BR0018,2024-05-29,VEHICLE,511411.06,24,APPROVED,D
APP00002974,CUST005992,BR0001,2024-06-02,PERSONAL,1705754.59,12,APPROVED,B
APP00002975,CUST004345,BR0017,2024-04-08,VEHICLE,497896.97,60,APPROVED,C
APP00002976,CUST005364,BR0031,2025-05-09,VEHICLE,462750.72,36,APPROVED,D
APP00002977,CUST000059,BR0035,2025-02-11,VEHICLE,1048818.31,18,REJECTED,B
APP00002978,CUST004610,BR0042,2025-08-09,CONSUMER_DURABLE,1673199.9,60,APPROVED,A
APP00002979,CUST001340,BR0007,2024-07-26,VEHICLE,53064.52,12,REJECTED,C
APP00002980,CUST002510,BR0026,2025-08-15,BUSINESS,88214.82,12,PENDING,E
APP00002981,CUST004975,BR0028,2025-07-07,CONSUMER_DURABLE,504970.14,24,PENDING,A
APP00002982,CUST006864,BR0036,2026-02-09,PERSONAL,652665.97,60,APPROVED,D
APP00002983,CUST005705,BR0017,2026-02-17,CONSUMER_DURABLE,585963.57,12,REJECTED,A
APP00002984,CUST006098,BR0042,2025-11-27,VEHICLE,1799911.96,24,APPROVED,B
APP00002985,CUST006449,BR0015,2025-01-09,PERSONAL,1765753.47,48,APPROVED,D
APP00002986,CUST003377,BR0026,2025-08-28,PERSONAL,1685602.74,36,APPROVED,D
APP00002987,CUST007812,BR0049,2026-02-09,CONSUMER_DURABLE,510106.73,60,APPROVED,B
APP00002988,CUST008089,BR0008,2025-06-21,BUSINESS,464394.5,60,APPROVED,B
APP00002989,CUST007467,BR0023,2025-12-10,PERSONAL,1383976.89,60,APPROVED,E
APP00002990,CUST006750,BR0002,2024-10-23,BUSINESS,1939096.47,48,PENDING,D
APP00002991,CUST000087,BR0014,2024-09-17,CONSUMER_DURABLE,246480.84,12,PENDING,B
APP00002992,CUST008901,BR0026,2024-07-28,BUSINESS,1821656.61,60,PENDING,B
APP00002993,CUST001566,BR0023,2024-11-20,VEHICLE,101883.33,12,PENDING,A
APP00002994,CUST000449,BR0031,2026-07-22,CONSUMER_DURABLE,951314.95,48,APPROVED,E
APP00002995,CUST005500,BR0004,2026-08-05,BUSINESS,1609080.04,48,APPROVED,D
APP00002996,CUST001141,BR0005,2025-11-26,VEHICLE,1207137.56,60,PENDING,B
APP00002997,CUST002027,BR0018,2025-10-18,CONSUMER_DURABLE,1741372.6,12,REJECTED,B
APP00002998,CUST009486,BR0017,2024-05-26,BUSINESS,1486003.81,36,PENDING,C
APP00002999,CUST001415,BR0014,2025-06-16,VEHICLE,1666577.45,24,REJECTED,C
APP00003000,CUST002643,BR0040,2024-08-27,BUSINESS,1617822.38,24,REJECTED,D
APP00003001,CUST002680,BR0050,2025-03-01,CONSUMER_DURABLE,1930714.72,36,REJECTED,C
APP00003002,CUST000186,BR0006,2025-04-20,VEHICLE,135489.4,24,REJECTED,A
APP00003003,CUST003855,BR0004,2024-06-02,PERSONAL,678481.34,24,REJECTED,B
APP00003004,CUST001802,BR0020,2024-04-18,PERSONAL,859080.25,60,REJECTED,B
APP00003005,CUST003138,BR0009,2024-02-29,VEHICLE,288333.05,12,APPROVED,D
APP00003006,CUST005364,BR0010,2026-04-26,VEHICLE,347181.09,12,APPROVED,B
APP00003007,CUST004047,BR0001,2024-10-18,VEHICLE,646778.67,60,APPROVED,C
APP00003008,CUST009390,BR0007,2025-04-08,PERSONAL,1017146.41,18,APPROVED,B
APP00003009,CUST009760,BR0046,2024-08-19,VEHICLE,1454383.03,24,APPROVED,C
APP00003010,CUST008998,BR0007,2025-02-06,PERSONAL,1638941.42,18,APPROVED,B
APP00003011,CUST006866,BR0024,2025-07-25,BUSINESS,273018.76,12,PENDING,C
APP00003012,CUST002138,BR0034,2025-10-01,PERSONAL,1481330.85,12,PENDING,B
APP00003013,CUST006618,BR0008,2026-04-13,PERSONAL,990042.56,60,APPROVED,B
APP00003014,CUST002691,BR0046,2024-07-17,VEHICLE,1449060.02,36,REJECTED,A
APP00003015,CUST001984,BR0026,2024-07-25,VEHICLE,956818.95,24,REJECTED,E
APP00003016,CUST002215,BR0031,2025-02-21,BUSINESS,272420.61,12,APPROVED,C
APP00003017,CUST000449,BR0004,2025-06-10,CONSUMER_DURABLE,1175942.01,24,REJECTED,D
APP00003018,CUST002230,BR0024,2025-03-21,BUSINESS,423191.38,60,APPROVED,B
APP00003019,CUST008455,BR0018,2026-09-30,VEHICLE,1347420.39,24,REJECTED,A
APP00003020,CUST009259,BR0029,2024-10-06,VEHICLE,604230.94,12,PENDING,E
APP00003021,CUST008296,BR0048,2026-05-26,PERSONAL,143404.72,36,APPROVED,E
APP00003022,CUST003009,BR0005,2024-01-23,CONSUMER_DURABLE,249540.31,48,APPROVED,E
APP00003023,CUST002452,BR0047,2024-07-30,CONSUMER_DURABLE,1332930.16,60,REJECTED,B
APP00003024,CUST000931,BR0005,2026-07-28,PERSONAL,1819773.87,36,REJECTED,C
APP00003025,CUST008099,BR0016,2025-09-02,BUSINESS,1893491.37,12,PENDING,A
APP00003026,CUST007110,BR0020,2025-06-18,PERSONAL,1694251.57,48,PENDING,C
APP00003027,CUST003690,BR0007,2024-11-16,CONSUMER_DURABLE,936374.48,60,APPROVED,B
APP00003028,CUST009054,BR0023,2024-05-23,PERSONAL,437089.78,48,APPROVED,A
APP00003029,CUST006622,BR0026,2025-09-21,BUSINESS,1930029.14,24,APPROVED,D
APP00003030,CUST007716,BR0042,2025-04-27,BUSINESS,940533.83,12,REJECTED,E
APP00003031,CUST006342,BR0050,2024-05-24,PERSONAL,1954588.68,12,REJECTED,D
APP00003032,CUST007852,BR0007,2025-03-15,CONSUMER_DURABLE,1791929.24,36,APPROVED,B
APP00003033,CUST002255,BR0050,2026-08-15,BUSINESS,1107264.02,36,APPROVED,A
APP00003034,CUST000571,BR0022,2025-06-19,CONSUMER_DURABLE,1104205.43,12,APPROVED,D
APP00003035,CUST000589,BR0007,2026-07-16,BUSINESS,733266.5,12,APPROVED,C
APP00003036,CUST005281,BR0049,2024-08-04,BUSINESS,455139.63,60,APPROVED,C
APP00003037,CUST008366,BR0025,2025-11-03,BUSINESS,1865450.28,36,PENDING,E
APP00003038,CUST006644,BR0044,2024-09-06,BUSINESS,1423284.87,36,APPROVED,A
APP00003039,CUST009868,BR0005,2024-12-08,CONSUMER_DURABLE,1416877.46,18,APPROVED,A
APP00003040,CUST009085,BR0028,2025-05-28,CONSUMER_DURABLE,368980.32,24,APPROVED,E
APP00003041,CUST004268,BR0008,2025-08-15,CONSUMER_DURABLE,1433283.38,18,PENDING,B
APP00003042,CUST007414,BR0006,2026-02-08,VEHICLE,189590.22,36,APPROVED,C
APP00003043,CUST006114,BR0039,2026-01-05,PERSONAL,1697145.14,18,APPROVED,B
APP00003044,CUST007513,BR0038,2025-05-29,BUSINESS,1191509.33,12,PENDING,D
APP00003045,CUST001033,BR0011,2026-02-23,PERSONAL,1429184.34,60,PENDING,E
APP00003046,CUST001774,BR0003,2025-10-02,BUSINESS,246910.32,12,PENDING,D
APP00003047,CUST006728,BR0045,2026-09-27,BUSINESS,1880861.81,36,PENDING,A
APP00003048,CUST001356,BR0037,2025-03-03,PERSONAL,624569.95,60,APPROVED,C
APP00003049,CUST005238,BR0025,2025-06-02,PERSONAL,705146.72,60,REJECTED,B
APP00003050,CUST006462,BR0030,2026-09-22,PERSONAL,697089.11,48,APPROVED,B
APP00003051,CUST006979,BR0019,2026-01-04,VEHICLE,891810.24,48,APPROVED,B
APP00003052,CUST006265,BR0027,2024-11-01,PERSONAL,113398.37,12,REJECTED,A
APP00003053,CUST007843,BR0026,2024-06-28,BUSINESS,894870.73,18,APPROVED,A
APP00003054,CUST001498,BR0038,2024-01-18,PERSONAL,1179664.5,48,REJECTED,C
APP00003055,CUST009845,BR0025,2025-05-16,CONSUMER_DURABLE,755922.87,18,PENDING,D
APP00003056,CUST008147,BR0007,2024-10-03,CONSUMER_DURABLE,419309.82,36,PENDING,E
APP00003057,CUST005030,BR0022,2025-05-11,BUSINESS,1579479.59,24,APPROVED,B
APP00003058,CUST005696,BR0008,2025-11-15,CONSUMER_DURABLE,478392.64,36,APPROVED,D
APP00003059,CUST009172,BR0045,2026-01-11,BUSINESS,488740.88,60,PENDING,B
APP00003060,CUST003358,BR0001,2025-09-09,PERSONAL,77200.41,36,REJECTED,A
APP00003061,CUST001525,BR0036,2024-02-08,PERSONAL,680931.27,24,REJECTED,E
APP00003062,CUST006842,BR0015,2026-04-07,BUSINESS,1614101.88,18,PENDING,B
APP00003063,CUST001561,BR0019,2025-04-10,CONSUMER_DURABLE,1805663.75,12,APPROVED,E
APP00003064,CUST002202,BR0034,2026-05-15,CONSUMER_DURABLE,1897929.42,48,APPROVED,A
APP00003065,CUST000054,BR0014,2025-02-23,CONSUMER_DURABLE,544750.16,24,PENDING,E
APP00003066,CUST002772,BR0005,2024-05-21,VEHICLE,1002755.96,60,PENDING,D
APP00003067,CUST005130,BR0050,2025-12-21,VEHICLE,126185.88,36,PENDING,A
APP00003068,CUST000933,BR0044,2025-09-03,VEHICLE,569627.77,60,PENDING,C
APP00003069,CUST007111,BR0021,2024-06-21,VEHICLE,1571750.83,18,APPROVED,E
APP00003070,CUST000566,BR0012,2025-11-26,BUSINESS,897128.64,18,APPROVED,B
APP00003071,CUST003894,BR0048,2025-01-27,BUSINESS,1590548.98,36,APPROVED,A
APP00003072,CUST004492,BR0002,2026-07-28,BUSINESS,1102079.31,12,REJECTED,A
APP00003073,CUST003622,BR0037,2025-12-18,VEHICLE,436405.67,12,PENDING,E
APP00003074,CUST007133,BR0048,2026-07-11,CONSUMER_DURABLE,580604.78,18,REJECTED,C
APP00003075,CUST009501,BR0004,2024-11-18,CONSUMER_DURABLE,1594269.56,24,APPROVED,D
APP00003076,CUST005166,BR0004,2025-01-04,CONSUMER_DURABLE,178672.48,24,APPROVED,D
APP00003077,CUST004269,BR0033,2026-02-08,VEHICLE,394498.44,60,REJECTED,C
APP00003078,CUST005588,BR0015,2025-06-06,PERSONAL,60992.33,48,REJECTED,D
APP00003079,CUST006222,BR0026,2025-05-12,PERSONAL,636342.35,24,PENDING,A
APP00003080,CUST009119,BR0034,2025-03-08,CONSUMER_DURABLE,1060445.03,18,PENDING,C
APP00003081,CUST008376,BR0039,2026-07-08,BUSINESS,227195.65,60,APPROVED,C
APP00003082,CUST002189,BR0044,2024-02-03,VEHICLE,423248.96,36,APPROVED,E
APP00003083,CUST001645,BR0044,2024-06-29,VEHICLE,1702651.7,60,PENDING,D
APP00003084,CUST009787,BR0034,2025-07-03,VEHICLE,1603466.72,24,APPROVED,A
APP00003085,CUST002771,BR0014,2025-05-11,VEHICLE,232258.25,60,APPROVED,B
APP00003086,CUST007418,BR0016,2024-07-24,CONSUMER_DURABLE,555264.63,18,APPROVED,B
APP00003087,CUST005430,BR0013,2026-05-28,VEHICLE,1507752.65,48,APPROVED,E
APP00003088,CUST002117,BR0034,2025-11-10,VEHICLE,611745.63,24,APPROVED,E
APP00003089,CUST007780,BR0026,2026-09-20,PERSONAL,1662521.05,18,APPROVED,C
APP00003090,CUST008283,BR0039,2024-02-19,VEHICLE,1550290.84,24,APPROVED,B
APP00003091,CUST005227,BR0012,2025-05-28,CONSUMER_DURABLE,802106.25,48,REJECTED,C
APP00003092,CUST008610,BR0045,2024-04-18,VEHICLE,339199.66,18,APPROVED,D
APP00003093,CUST005520,BR0032,2024-03-17,CONSUMER_DURABLE,1413637.76,18,APPROVED,B
APP00003094,CUST002787,BR0032,2024-08-22,VEHICLE,216822.54,48,REJECTED,A
APP00003095,CUST008875,BR0012,2025-02-09,PERSONAL,631747.26,48,REJECTED,E
APP00003096,CUST001710,BR0044,2026-04-01,VEHICLE,236383.44,12,APPROVED,E
APP00003097,CUST008906,BR0039,2025-09-06,CONSUMER_DURABLE,693482.79,48,PENDING,D
APP00003098,CUST007278,BR0039,2024-05-06,PERSONAL,797546.01,18,APPROVED,B
APP00003099,CUST006795,BR0019,2025-02-13,PERSONAL,121801.65,48,PENDING,D
APP00003100,CUST007528,BR0016,2025-12-04,BUSINESS,842399.41,24,REJECTED,E
APP00003101,CUST004335,BR0042,2025-07-22,CONSUMER_DURABLE,1398649.96,48,REJECTED,E
APP00003102,CUST008542,BR0027,2024-02-27,VEHICLE,1166716.21,60,PENDING,E
APP00003103,CUST000766,BR0028,2026-01-03,BUSINESS,1948043.98,60,REJECTED,C
APP00003104,CUST006625,BR0026,2026-06-29,PERSONAL,1605741.89,36,REJECTED,E
APP00003105,CUST004138,BR0031,2026-09-22,BUSINESS,1520829.57,12,REJECTED,D
APP00003106,CUST006787,BR0047,2026-06-21,PERSONAL,1447244.3,12,PENDING,D
APP00003107,CUST005174,BR0041,2026-07-22,VEHICLE,947857.9,18,APPROVED,C
APP00003108,CUST000953,BR0045,2025-12-10,BUSINESS,1583769.88,48,PENDING,C
APP00003109,CUST008820,BR0008,2024-01-26,CONSUMER_DURABLE,455595.37,36,PENDING,B
APP00003110,CUST009043,BR0025,2026-06-18,PERSONAL,86519.55,24,PENDING,E
APP00003111,CUST007149,BR0019,2025-07-12,VEHICLE,1710986.43,60,REJECTED,A
APP00003112,CUST001902,BR0049,2024-10-09,VEHICLE,507285.46,36,PENDING,D
APP00003113,CUST009265,BR0046,2025-12-23,PERSONAL,885671.94,36,APPROVED,B
APP00003114,CUST004546,BR0013,2025-09-21,CONSUMER_DURABLE,848938.04,60,APPROVED,E
APP00003115,CUST007803,BR0036,2024-09-08,PERSONAL,1803911.91,12,APPROVED,C
APP00003116,CUST000299,BR0009,2024-09-05,PERSONAL,1051667.37,24,PENDING,D
APP00003117,CUST005997,BR0016,2024-07-27,BUSINESS,1599558.02,24,REJECTED,A
APP00003118,CUST001558,BR0008,2024-06-21,BUSINESS,139461.79,48,PENDING,E
APP00003119,CUST001484,BR0018,2025-04-01,CONSUMER_DURABLE,95973.6,60,REJECTED,E
APP00003120,CUST002989,BR0043,2025-07-10,BUSINESS,784877.71,36,APPROVED,C
APP00003121,CUST001744,BR0016,2026-07-21,VEHICLE,972045.47,60,APPROVED,A
APP00003122,CUST004285,BR0013,2026-01-02,BUSINESS,694828.64,12,REJECTED,C
APP00003123,CUST004971,BR0022,2024-11-04,BUSINESS,338836.68,24,PENDING,C
APP00003124,CUST009588,BR0045,2025-11-27,VEHICLE,592610.55,48,APPROVED,E
APP00003125,CUST002145,BR0045,2026-09-20,VEHICLE,1543982.37,48,APPROVED,D
APP00003126,CUST004318,BR0026,2026-05-28,CONSUMER_DURABLE,558341.24,60,PENDING,C
APP00003127,CUST000628,BR0013,2025-12-30,VEHICLE,764934.54,24,APPROVED,C
APP00003128,CUST000693,BR0023,2025-04-25,BUSINESS,1248436.38,48,REJECTED,C
APP00003129,CUST009737,BR0026,2026-06-23,BUSINESS,257752.56,12,APPROVED,E
APP00003130,CUST000571,BR0007,2026-08-10,BUSINESS,1462794.51,12,REJECTED,B
APP00003131,CUST008691,BR0024,2026-02-24,VEHICLE,818585.84,18,REJECTED,D
APP00003132,CUST007753,BR0024,2025-10-30,CONSUMER_DURABLE,587757.43,60,APPROVED,E
APP00003133,CUST002881,BR0017,2025-01-25,BUSINESS,1243026.65,12,REJECTED,A
APP00003134,CUST008264,BR0005,2026-07-21,VEHICLE,328742.66,60,APPROVED,B
APP00003135,CUST009367,BR0004,2025-09-10,BUSINESS,1016156.64,12,APPROVED,B
APP00003136,CUST007377,BR0049,2026-04-04,PERSONAL,1228257.41,36,REJECTED,D
APP00003137,CUST000213,BR0040,2024-08-03,VEHICLE,933305.8,18,APPROVED,E
APP00003138,CUST006708,BR0020,2025-03-26,CONSUMER_DURABLE,388912.93,48,PENDING,A
APP00003139,CUST002943,BR0033,2024-09-21,PERSONAL,689446.04,24,REJECTED,C
APP00003140,CUST002527,BR0016,2024-05-12,CONSUMER_DURABLE,355422.65,48,PENDING,A
APP00003141,CUST003009,BR0031,2025-06-29,CONSUMER_DURABLE,577662.58,12,APPROVED,B
APP00003142,CUST001900,BR0050,2026-01-10,CONSUMER_DURABLE,1603480.53,12,REJECTED,C
APP00003143,CUST003279,BR0047,2026-01-26,CONSUMER_DURABLE,559040.32,12,REJECTED,C
APP00003144,CUST008219,BR0040,2026-06-30,VEHICLE,1687631.66,24,REJECTED,A
APP00003145,CUST003054,BR0028,2024-10-15,VEHICLE,946499.53,60,APPROVED,E
APP00003146,CUST006941,BR0017,2026-06-30,PERSONAL,602161.13,24,APPROVED,D
APP00003147,CUST003189,BR0015,2025-03-23,CONSUMER_DURABLE,145240.23,12,REJECTED,A
APP00003148,CUST002051,BR0023,2024-03-12,VEHICLE,576015.74,24,PENDING,E
APP00003149,CUST006152,BR0018,2025-07-10,CONSUMER_DURABLE,256677.28,48,APPROVED,E
APP00003150,CUST004261,BR0008,2026-09-11,PERSONAL,110651.71,60,APPROVED,C
APP00003151,CUST005225,BR0001,2025-03-19,PERSONAL,831910.07,60,APPROVED,C
APP00003152,CUST000711,BR0032,2024-07-07,PERSONAL,1788346.59,36,APPROVED,D
APP00003153,CUST001789,BR0018,2026-08-12,BUSINESS,1233459.14,60,APPROVED,B
APP00003154,CUST000211,BR0010,2026-09-18,CONSUMER_DURABLE,947824.17,24,REJECTED,A
APP00003155,CUST000519,BR0038,2025-08-14,VEHICLE,1803645.83,24,REJECTED,B
APP00003156,CUST002152,BR0029,2024-10-13,PERSONAL,1690385.57,24,PENDING,A
APP00003157,CUST009259,BR0047,2026-09-06,VEHICLE,207202.69,60,APPROVED,E
APP00003158,CUST005452,BR0032,2026-07-17,PERSONAL,801661.7,18,APPROVED,A
APP00003159,CUST003647,BR0002,2024-04-06,PERSONAL,1636689.12,18,APPROVED,E
APP00003160,CUST009684,BR0032,2024-01-02,VEHICLE,1827847.28,12,REJECTED,C
APP00003161,CUST007947,BR0040,2026-03-24,BUSINESS,503375.58,36,REJECTED,B
APP00003162,CUST001111,BR0047,2024-08-01,CONSUMER_DURABLE,1252567.6,12,REJECTED,D
APP00003163,CUST009497,BR0039,2026-06-12,CONSUMER_DURABLE,1857044.03,24,APPROVED,E
APP00003164,CUST004228,BR0003,2025-04-01,CONSUMER_DURABLE,867657.06,48,PENDING,E
APP00003165,CUST001769,BR0031,2025-06-27,VEHICLE,904063.63,36,REJECTED,B
APP00003166,CUST008227,BR0047,2026-02-03,PERSONAL,471409.93,36,PENDING,B
APP00003167,CUST003137,BR0004,2024-02-10,CONSUMER_DURABLE,1245462.17,24,REJECTED,D
APP00003168,CUST000202,BR0027,2025-10-30,PERSONAL,237548.04,24,APPROVED,D
APP00003169,CUST002569,BR0012,2024-01-10,PERSONAL,888357.89,48,PENDING,E
APP00003170,CUST007943,BR0033,2024-10-15,PERSONAL,1537896.06,60,PENDING,C
APP00003171,CUST007031,BR0031,2024-12-31,VEHICLE,1120741.07,36,REJECTED,C
APP00003172,CUST002955,BR0002,2026-09-17,PERSONAL,1421713.24,18,PENDING,E
APP00003173,CUST009595,BR0034,2025-07-11,BUSINESS,950465.47,48,APPROVED,E
APP00003174,CUST003654,BR0018,2024-05-07,VEHICLE,1138686.42,18,APPROVED,C
APP00003175,CUST000432,BR0024,2026-04-20,BUSINESS,738727.55,48,APPROVED,B
APP00003176,CUST005347,BR0040,2025-10-15,BUSINESS,143766.89,48,APPROVED,C
APP00003177,CUST003458,BR0033,2025-11-25,VEHICLE,1750922.52,36,APPROVED,B
APP00003178,CUST006773,BR0006,2024-05-03,BUSINESS,936340.97,60,PENDING,D
APP00003179,CUST009693,BR0021,2024-04-06,VEHICLE,1990462.62,24,APPROVED,D
APP00003180,CUST009030,BR0017,2024-08-11,VEHICLE,1333154.97,48,APPROVED,A
APP00003181,CUST000630,BR0020,2025-12-25,PERSONAL,1171313.75,18,REJECTED,C
APP00003182,CUST000201,BR0046,2025-11-29,CONSUMER_DURABLE,546658.36,18,APPROVED,C
APP00003183,CUST002010,BR0027,2025-07-20,CONSUMER_DURABLE,1916995.44,18,APPROVED,A
APP00003184,CUST006420,BR0032,2024-12-08,PERSONAL,1730317.76,18,APPROVED,E
APP00003185,CUST002911,BR0017,2025-02-06,PERSONAL,950947.43,36,APPROVED,D
APP00003186,CUST003363,BR0010,2025-04-05,BUSINESS,1155910.01,18,REJECTED,D
APP00003187,CUST001982,BR0011,2025-07-05,BUSINESS,508558.78,18,APPROVED,A
APP00003188,CUST001656,BR0016,2024-06-26,PERSONAL,128802.45,18,APPROVED,C
APP00003189,CUST008968,BR0007,2024-01-30,CONSUMER_DURABLE,781729.56,18,APPROVED,B
APP00003190,CUST006253,BR0004,2025-10-22,VEHICLE,1224896.94,48,PENDING,A
APP00003191,CUST006950,BR0007,2025-06-24,BUSINESS,962799.98,18,REJECTED,D
APP00003192,CUST002482,BR0046,2025-12-16,CONSUMER_DURABLE,1402902.27,60,APPROVED,E
APP00003193,CUST000627,BR0034,2025-12-09,PERSONAL,690907.3,24,REJECTED,A
APP00003194,CUST000509,BR0014,2024-03-17,PERSONAL,1133078.83,36,PENDING,B
APP00003195,CUST001816,BR0025,2024-10-20,PERSONAL,1187398.85,36,REJECTED,C
APP00003196,CUST006154,BR0014,2024-10-31,PERSONAL,82985.57,12,APPROVED,C
APP00003197,CUST000262,BR0039,2024-09-29,BUSINESS,650185.75,48,REJECTED,D
APP00003198,CUST003701,BR0006,2025-08-04,CONSUMER_DURABLE,1056221.46,36,REJECTED,B
APP00003199,CUST003259,BR0037,2024-12-18,CONSUMER_DURABLE,1607019.1,18,APPROVED,D
APP00003200,CUST001230,BR0005,2025-11-14,CONSUMER_DURABLE,777062.93,60,PENDING,D
APP00003201,CUST003591,BR0042,2025-08-27,BUSINESS,460831.14,18,APPROVED,A
APP00003202,CUST005143,BR0047,2025-10-16,PERSONAL,468507.49,18,PENDING,C
APP00003203,CUST006957,BR0026,2024-11-05,BUSINESS,1246382.74,24,PENDING,B
APP00003204,CUST008407,BR0030,2025-01-16,PERSONAL,561809.75,24,APPROVED,E
APP00003205,CUST007087,BR0047,2025-03-03,PERSONAL,1241786.05,60,APPROVED,A
APP00003206,CUST002871,BR0040,2026-01-16,BUSINESS,1009287.98,18,APPROVED,C
APP00003207,CUST005428,BR0013,2026-08-05,VEHICLE,1426433.09,60,APPROVED,C
APP00003208,CUST003590,BR0026,2025-10-02,BUSINESS,1893322.64,12,REJECTED,B
APP00003209,CUST000065,BR0042,2024-05-18,VEHICLE,1577001.28,24,REJECTED,C
APP00003210,CUST001083,BR0020,2025-06-16,PERSONAL,1123980.4,12,REJECTED,D
APP00003211,CUST009317,BR0009,2025-11-20,VEHICLE,285093.98,12,APPROVED,E
APP00003212,CUST000751,BR0046,2025-12-23,PERSONAL,159183.12,60,APPROVED,D
APP00003213,CUST008163,BR0016,2025-12-23,PERSONAL,1122318.58,12,APPROVED,C
APP00003214,CUST001101,BR0012,2025-01-03,VEHICLE,1630772.25,48,APPROVED,E
APP00003215,CUST008065,BR0018,2025-03-12,BUSINESS,1213952.35,18,APPROVED,D
APP00003216,CUST005296,BR0024,2025-06-26,VEHICLE,370105.05,24,APPROVED,C
APP00003217,CUST003916,BR0025,2024-09-28,VEHICLE,85549.99,18,REJECTED,B
APP00003218,CUST009980,BR0003,2025-08-11,VEHICLE,80535.46,60,APPROVED,D
APP00003219,CUST003590,BR0017,2025-04-01,PERSONAL,1026843.68,12,APPROVED,B
APP00003220,CUST004781,BR0047,2026-07-20,BUSINESS,1172528.54,18,PENDING,A
APP00003221,CUST007514,BR0045,2026-03-27,CONSUMER_DURABLE,590711.83,18,APPROVED,E
APP00003222,CUST004507,BR0018,2024-10-23,BUSINESS,112625.52,18,PENDING,A
APP00003223,CUST000922,BR0045,2026-02-10,VEHICLE,1551445.12,48,REJECTED,D
APP00003224,CUST001345,BR0043,2026-02-26,VEHICLE,1102127.95,12,PENDING,B
APP00003225,CUST005924,BR0013,2026-05-12,BUSINESS,1735025.66,24,APPROVED,A
APP00003226,CUST006307,BR0027,2026-02-08,BUSINESS,1634015.91,36,APPROVED,D
APP00003227,CUST000806,BR0035,2024-05-01,PERSONAL,789922.33,18,REJECTED,E
APP00003228,CUST005477,BR0007,2024-05-14,VEHICLE,849928.88,60,APPROVED,B
APP00003229,CUST007968,BR0018,2024-02-27,BUSINESS,115126.19,36,REJECTED,C
APP00003230,CUST007796,BR0022,2025-10-13,CONSUMER_DURABLE,192185.55,24,PENDING,D
APP00003231,CUST000296,BR0049,2025-10-14,PERSONAL,1667614.69,48,APPROVED,C
APP00003232,CUST001635,BR0030,2024-09-20,PERSONAL,399623.08,48,APPROVED,A
APP00003233,CUST008335,BR0041,2026-09-26,VEHICLE,1635885.83,18,REJECTED,A
APP00003234,CUST002773,BR0046,2025-06-28,VEHICLE,1556396.92,18,APPROVED,E
APP00003235,CUST005143,BR0022,2025-05-25,CONSUMER_DURABLE,1951580.19,12,REJECTED,C
APP00003236,CUST007312,BR0014,2025-05-30,VEHICLE,552460.26,48,REJECTED,B
APP00003237,CUST005875,BR0034,2025-11-12,PERSONAL,1018550.28,18,APPROVED,D
APP00003238,CUST005674,BR0001,2024-09-16,PERSONAL,1609264.88,12,APPROVED,E
APP00003239,CUST000813,BR0040,2024-11-03,CONSUMER_DURABLE,1191250.02,18,REJECTED,B
APP00003240,CUST000073,BR0023,2024-03-08,CONSUMER_DURABLE,930340.04,24,APPROVED,D
APP00003241,CUST003301,BR0030,2024-09-03,PERSONAL,329090.58,24,REJECTED,B
APP00003242,CUST003107,BR0032,2024-05-17,VEHICLE,209858.91,36,APPROVED,B
APP00003243,CUST009773,BR0033,2024-09-19,PERSONAL,678972.41,12,APPROVED,B
APP00003244,CUST006712,BR0007,2024-05-02,VEHICLE,448379.97,18,APPROVED,A
APP00003245,CUST001714,BR0028,2024-01-20,PERSONAL,549871.2,12,REJECTED,B
APP00003246,CUST000881,BR0017,2024-09-17,BUSINESS,1697444.19,36,PENDING,B
APP00003247,CUST003344,BR0047,2025-12-14,VEHICLE,448610.21,18,PENDING,A
APP00003248,CUST009918,BR0005,2025-03-29,VEHICLE,1994072.57,12,APPROVED,E
APP00003249,CUST004651,BR0024,2024-03-03,VEHICLE,780234.71,48,APPROVED,E
APP00003250,CUST007691,BR0042,2024-10-25,CONSUMER_DURABLE,1278004.33,24,REJECTED,B
APP00003251,CUST007257,BR0020,2026-07-03,PERSONAL,165761.95,12,APPROVED,A
APP00003252,CUST003577,BR0021,2026-01-27,VEHICLE,1584959.64,36,APPROVED,C
APP00003253,CUST009946,BR0023,2025-05-14,CONSUMER_DURABLE,1234890.78,18,REJECTED,C
APP00003254,CUST000128,BR0015,2025-02-16,VEHICLE,627614.57,48,PENDING,B
APP00003255,CUST003759,BR0002,2024-07-10,CONSUMER_DURABLE,1991992.08,12,REJECTED,B
APP00003256,CUST001756,BR0003,2024-02-08,VEHICLE,1593702.33,18,REJECTED,C
APP00003257,CUST000425,BR0012,2026-01-02,BUSINESS,1731951.31,48,APPROVED,B
APP00003258,CUST009500,BR0034,2025-05-02,VEHICLE,1085229.63,24,REJECTED,A
APP00003259,CUST004450,BR0039,2026-02-12,VEHICLE,1976189.87,48,REJECTED,D
APP00003260,CUST001432,BR0025,2026-01-08,CONSUMER_DURABLE,1534866.85,60,APPROVED,C
APP00003261,CUST004263,BR0019,2024-08-26,VEHICLE,1139958.81,48,REJECTED,C
APP00003262,CUST005961,BR0036,2024-06-25,CONSUMER_DURABLE,410092.72,12,REJECTED,E
APP00003263,CUST009181,BR0010,2026-03-27,CONSUMER_DURABLE,273091.31,12,REJECTED,A
APP00003264,CUST003054,BR0008,2025-04-21,CONSUMER_DURABLE,165267.97,18,APPROVED,C
APP00003265,CUST004379,BR0017,2026-03-09,BUSINESS,1323233.19,24,APPROVED,D
APP00003266,CUST004712,BR0024,2024-05-06,VEHICLE,685966.52,12,REJECTED,C
APP00003267,CUST005556,BR0017,2024-05-30,VEHICLE,147021.42,18,REJECTED,A
APP00003268,CUST004985,BR0001,2024-05-06,PERSONAL,1275352.9,24,PENDING,D
APP00003269,CUST002589,BR0009,2024-09-20,BUSINESS,1736559.33,36,PENDING,E
APP00003270,CUST001601,BR0043,2026-05-16,PERSONAL,671947.68,12,REJECTED,D
APP00003271,CUST008212,BR0038,2024-11-10,VEHICLE,1189818.78,48,APPROVED,E
APP00003272,CUST002167,BR0033,2024-12-02,VEHICLE,1074285.36,12,APPROVED,D
APP00003273,CUST005161,BR0001,2026-06-15,CONSUMER_DURABLE,988268.53,18,PENDING,E
APP00003274,CUST009493,BR0001,2026-05-06,PERSONAL,77484.49,12,APPROVED,D
APP00003275,CUST006633,BR0009,2025-12-03,CONSUMER_DURABLE,1302257.98,60,PENDING,E
APP00003276,CUST003008,BR0041,2024-01-10,PERSONAL,234368.51,12,APPROVED,E
APP00003277,CUST005053,BR0002,2025-08-17,VEHICLE,1544378.45,60,PENDING,E
APP00003278,CUST005353,BR0008,2024-09-02,BUSINESS,1229162.58,18,PENDING,B
APP00003279,CUST004464,BR0039,2024-05-14,BUSINESS,558294.57,36,REJECTED,B
APP00003280,CUST009699,BR0039,2024-10-05,BUSINESS,1744764.44,60,PENDING,E
APP00003281,CUST000555,BR0019,2025-07-13,PERSONAL,1707359.79,48,APPROVED,C
APP00003282,CUST006946,BR0023,2024-10-31,CONSUMER_DURABLE,502530.27,24,APPROVED,E
APP00003283,CUST006690,BR0027,2025-10-13,BUSINESS,1804090.82,24,REJECTED,B
APP00003284,CUST006867,BR0041,2026-05-20,CONSUMER_DURABLE,264947.25,36,PENDING,A
APP00003285,CUST002021,BR0031,2025-04-03,PERSONAL,204492.19,12,APPROVED,B
APP00003286,CUST004370,BR0044,2024-11-04,CONSUMER_DURABLE,795094.38,48,APPROVED,B
APP00003287,CUST003292,BR0042,2025-07-13,CONSUMER_DURABLE,1962710.94,48,PENDING,B
APP00003288,CUST007436,BR0026,2026-03-19,CONSUMER_DURABLE,829761.53,48,REJECTED,A
APP00003289,CUST002509,BR0016,2024-04-25,BUSINESS,781537.44,12,APPROVED,B
APP00003290,CUST004584,BR0035,2024-11-09,CONSUMER_DURABLE,482488.96,36,APPROVED,A
APP00003291,CUST004453,BR0045,2024-09-25,CONSUMER_DURABLE,579170.67,60,APPROVED,E
APP00003292,CUST008717,BR0043,2025-12-14,PERSONAL,1081380.7,12,REJECTED,D
APP00003293,CUST005098,BR0016,2026-04-23,VEHICLE,240284.04,48,APPROVED,A
APP00003294,CUST003391,BR0015,2024-03-02,PERSONAL,1875490.8,48,APPROVED,D
APP00003295,CUST008009,BR0029,2024-09-19,CONSUMER_DURABLE,1026863.45,12,APPROVED,E
APP00003296,CUST000012,BR0031,2025-10-17,BUSINESS,846447.83,12,APPROVED,B
APP00003297,CUST008438,BR0043,2026-07-14,PERSONAL,1350543.45,60,REJECTED,A
APP00003298,CUST006714,BR0010,2025-03-02,CONSUMER_DURABLE,1834243.39,48,APPROVED,D
APP00003299,CUST004567,BR0045,2026-05-01,BUSINESS,677585.67,36,APPROVED,C
APP00003300,CUST009809,BR0021,2025-03-27,CONSUMER_DURABLE,1259276.51,18,REJECTED,E
APP00003301,CUST006174,BR0027,2025-11-27,CONSUMER_DURABLE,427284.35,12,REJECTED,E
APP00003302,CUST007085,BR0044,2026-08-16,CONSUMER_DURABLE,1459025.18,48,APPROVED,B
APP00003303,CUST002459,BR0002,2026-04-14,BUSINESS,468474.48,12,PENDING,C
APP00003304,CUST009260,BR0003,2025-05-28,BUSINESS,1035861.18,60,PENDING,E
APP00003305,CUST004238,BR0006,2026-02-09,BUSINESS,1040389.9,12,APPROVED,A
APP00003306,CUST002386,BR0047,2025-10-15,BUSINESS,1870877.18,60,PENDING,D
APP00003307,CUST004833,BR0025,2024-04-05,PERSONAL,499377.92,48,APPROVED,B
APP00003308,CUST003588,BR0028,2026-06-22,PERSONAL,845730.28,60,APPROVED,A
APP00003309,CUST007767,BR0041,2026-02-02,PERSONAL,1848975.31,60,PENDING,D
APP00003310,CUST005553,BR0033,2024-01-28,VEHICLE,1642479.71,60,APPROVED,E
APP00003311,CUST008621,BR0050,2024-07-25,BUSINESS,392945.13,48,APPROVED,B
APP00003312,CUST008722,BR0001,2025-02-21,BUSINESS,1601064.07,18,APPROVED,E
APP00003313,CUST001831,BR0006,2025-05-18,CONSUMER_DURABLE,1221504.91,18,APPROVED,A
APP00003314,CUST000550,BR0015,2024-04-21,PERSONAL,86798.41,36,PENDING,E
APP00003315,CUST009304,BR0013,2024-11-18,CONSUMER_DURABLE,111066.6,60,PENDING,D
APP00003316,CUST003417,BR0006,2026-08-02,CONSUMER_DURABLE,1906210.76,12,APPROVED,E
APP00003317,CUST006437,BR0043,2025-08-07,PERSONAL,1956278.21,60,PENDING,A
APP00003318,CUST001906,BR0032,2026-04-04,BUSINESS,367521.25,12,PENDING,B
APP00003319,CUST009576,BR0035,2024-04-04,BUSINESS,1903746.12,12,APPROVED,C
APP00003320,CUST009585,BR0025,2026-04-01,VEHICLE,725414.89,60,REJECTED,E
APP00003321,CUST000484,BR0036,2025-10-15,CONSUMER_DURABLE,1135481.84,12,REJECTED,E
APP00003322,CUST008358,BR0017,2025-07-14,PERSONAL,1753545.22,24,APPROVED,E
APP00003323,CUST000410,BR0038,2025-08-28,PERSONAL,316866.44,24,APPROVED,B
APP00003324,CUST007630,BR0022,2024-10-31,BUSINESS,158408.55,48,APPROVED,E
APP00003325,CUST000943,BR0007,2024-12-06,BUSINESS,1349918.84,24,APPROVED,C
APP00003326,CUST000777,BR0041,2024-07-21,BUSINESS,1006049.46,48,REJECTED,D
APP00003327,CUST007481,BR0025,2024-10-11,CONSUMER_DURABLE,480981.27,36,APPROVED,B
APP00003328,CUST008084,BR0019,2024-11-22,PERSONAL,1320845.43,36,PENDING,D
APP00003329,CUST003939,BR0003,2026-09-19,BUSINESS,1231360.99,12,REJECTED,B
APP00003330,CUST001873,BR0006,2024-09-16,PERSONAL,312960.81,18,APPROVED,A
APP00003331,CUST007717,BR0044,2024-08-06,VEHICLE,826124.01,24,APPROVED,E
APP00003332,CUST005369,BR0021,2026-03-14,PERSONAL,667868.06,60,APPROVED,D
APP00003333,CUST003148,BR0013,2026-03-28,CONSUMER_DURABLE,1017826.48,12,APPROVED,E
APP00003334,CUST003231,BR0044,2024-07-25,VEHICLE,1093917.41,60,APPROVED,E
APP00003335,CUST004970,BR0002,2026-05-10,VEHICLE,1143841.48,36,REJECTED,B
APP00003336,CUST005809,BR0043,2024-03-07,PERSONAL,925501.22,48,APPROVED,E
APP00003337,CUST007528,BR0021,2026-08-28,CONSUMER_DURABLE,949690.35,36,PENDING,C
APP00003338,CUST005053,BR0025,2024-06-22,PERSONAL,800169.36,60,APPROVED,A
APP00003339,CUST000061,BR0004,2026-04-17,BUSINESS,1109090.46,24,APPROVED,E
APP00003340,CUST001433,BR0046,2024-04-21,BUSINESS,1743486.81,18,APPROVED,B
APP00003341,CUST007855,BR0025,2025-10-25,PERSONAL,456825.69,48,REJECTED,D
APP00003342,CUST008702,BR0049,2026-01-18,PERSONAL,1702371.47,12,REJECTED,D
APP00003343,CUST002866,BR0043,2026-01-01,BUSINESS,1852463.98,24,PENDING,A
APP00003344,CUST002870,BR0041,2025-02-11,CONSUMER_DURABLE,961012.75,48,APPROVED,D
APP00003345,CUST002800,BR0004,2024-02-20,PERSONAL,174817.79,24,PENDING,D
APP00003346,CUST009025,BR0003,2025-05-13,CONSUMER_DURABLE,1759022.72,24,APPROVED,C
APP00003347,CUST005172,BR0014,2026-04-13,CONSUMER_DURABLE,221259.48,36,REJECTED,D
APP00003348,CUST008380,BR0003,2024-11-13,PERSONAL,740857.43,18,REJECTED,C
APP00003349,CUST008572,BR0038,2025-05-26,BUSINESS,1502754.98,12,PENDING,C
APP00003350,CUST005455,BR0013,2025-04-27,BUSINESS,1001613.58,48,REJECTED,B
APP00003351,CUST006194,BR0025,2024-03-10,PERSONAL,1935231.99,48,REJECTED,E
APP00003352,CUST003612,BR0044,2024-09-01,PERSONAL,765026.74,18,APPROVED,E
APP00003353,CUST003264,BR0029,2026-06-22,PERSONAL,984302.43,48,APPROVED,D
APP00003354,CUST001080,BR0047,2024-03-17,BUSINESS,927413.62,48,APPROVED,C
APP00003355,CUST004994,BR0011,2025-12-18,VEHICLE,815080.31,36,REJECTED,E
APP00003356,CUST005097,BR0011,2024-08-14,VEHICLE,521214.75,12,PENDING,E
APP00003357,CUST006179,BR0049,2025-10-14,PERSONAL,539327.91,48,REJECTED,C
APP00003358,CUST007109,BR0028,2024-10-22,BUSINESS,697447.7,18,PENDING,A
APP00003359,CUST007955,BR0024,2024-06-20,VEHICLE,266558.76,24,APPROVED,E
APP00003360,CUST003639,BR0049,2024-07-08,PERSONAL,1593774.06,24,PENDING,D
APP00003361,CUST000443,BR0042,2024-06-15,CONSUMER_DURABLE,522947.81,36,PENDING,A
APP00003362,CUST004265,BR0039,2025-09-15,PERSONAL,366404.81,12,PENDING,E
APP00003363,CUST009667,BR0038,2025-07-14,PERSONAL,1703805.27,48,APPROVED,E
APP00003364,CUST000911,BR0027,2025-12-06,CONSUMER_DURABLE,1421831.57,60,PENDING,D
APP00003365,CUST002922,BR0032,2024-02-12,CONSUMER_DURABLE,1907439.31,12,PENDING,A
APP00003366,CUST006380,BR0050,2026-04-14,PERSONAL,136127.1,12,APPROVED,C
APP00003367,CUST005241,BR0041,2026-07-18,PERSONAL,759565.32,12,REJECTED,E
APP00003368,CUST009908,BR0011,2024-05-12,VEHICLE,202429.72,12,REJECTED,C
APP00003369,CUST008314,BR0020,2026-08-15,PERSONAL,1582146.96,18,APPROVED,D
APP00003370,CUST004474,BR0031,2026-06-21,PERSONAL,1352702.75,48,APPROVED,E
APP00003371,CUST005687,BR0027,2026-08-14,BUSINESS,197320.5,24,APPROVED,C
APP00003372,CUST007066,BR0024,2026-06-02,BUSINESS,947591.26,12,REJECTED,B
APP00003373,CUST002143,BR0001,2024-05-23,PERSONAL,1843392.97,18,APPROVED,D
APP00003374,CUST005225,BR0050,2025-03-06,PERSONAL,843358.64,36,REJECTED,D
APP00003375,CUST007892,BR0005,2024-06-07,VEHICLE,1219789.76,12,PENDING,A
APP00003376,CUST000958,BR0012,2026-04-14,BUSINESS,1590228.03,60,APPROVED,B
APP00003377,CUST002758,BR0015,2025-06-05,BUSINESS,1866799.99,36,APPROVED,A
APP00003378,CUST009462,BR0001,2024-09-09,VEHICLE,314821.35,36,APPROVED,D
APP00003379,CUST006309,BR0028,2025-01-24,BUSINESS,1680445.1,36,APPROVED,C
APP00003380,CUST002274,BR0014,2024-02-02,CONSUMER_DURABLE,1068278.27,12,REJECTED,C
APP00003381,CUST004261,BR0046,2024-10-04,PERSONAL,1104385.9,60,PENDING,B
APP00003382,CUST006343,BR0005,2024-07-04,CONSUMER_DURABLE,1704329.74,18,PENDING,B
APP00003383,CUST009415,BR0034,2024-07-15,VEHICLE,778898.96,24,APPROVED,D
APP00003384,CUST007749,BR0029,2025-04-19,CONSUMER_DURABLE,462087.65,60,REJECTED,D
APP00003385,CUST002163,BR0028,2024-06-03,CONSUMER_DURABLE,142207.28,36,APPROVED,C
APP00003386,CUST001926,BR0036,2025-09-22,VEHICLE,481899.74,12,APPROVED,A
APP00003387,CUST009517,BR0050,2025-10-11,CONSUMER_DURABLE,1439065.87,18,APPROVED,E
APP00003388,CUST005094,BR0010,2024-12-07,PERSONAL,1065820.01,36,PENDING,B
APP00003389,CUST009888,BR0029,2026-04-05,PERSONAL,1244866.54,12,APPROVED,B
APP00003390,CUST003619,BR0033,2025-08-09,VEHICLE,1100859.4,12,PENDING,E
APP00003391,CUST008351,BR0018,2026-09-24,PERSONAL,1267920.48,12,APPROVED,B
APP00003392,CUST004757,BR0050,2025-12-08,BUSINESS,1730615.06,48,APPROVED,D
APP00003393,CUST003780,BR0039,2024-09-04,PERSONAL,862168.52,36,REJECTED,D
APP00003394,CUST002797,BR0030,2026-01-24,CONSUMER_DURABLE,951454.92,60,APPROVED,E
APP00003395,CUST001456,BR0046,2025-05-30,VEHICLE,1868165.64,24,APPROVED,D
APP00003396,CUST007422,BR0025,2025-12-27,BUSINESS,452032.71,36,APPROVED,B
APP00003397,CUST000373,BR0006,2025-08-07,CONSUMER_DURABLE,753034.12,18,REJECTED,D
APP00003398,CUST007611,BR0018,2025-11-07,CONSUMER_DURABLE,1083160.18,48,REJECTED,A
APP00003399,CUST001627,BR0028,2024-07-01,CONSUMER_DURABLE,181182.49,24,APPROVED,C
APP00003400,CUST002214,BR0046,2024-05-03,VEHICLE,1710292.5,12,APPROVED,B
APP00003401,CUST005496,BR0042,2024-03-13,CONSUMER_DURABLE,745860.08,12,REJECTED,B
APP00003402,CUST002199,BR0006,2024-12-08,PERSONAL,708804.02,60,PENDING,C
APP00003403,CUST004397,BR0022,2024-12-02,PERSONAL,1382594.2,48,PENDING,A
APP00003404,CUST009792,BR0005,2026-09-28,PERSONAL,1744790.13,18,REJECTED,C
APP00003405,CUST000379,BR0022,2025-04-14,CONSUMER_DURABLE,1907010.1,36,APPROVED,C
APP00003406,CUST005305,BR0020,2025-09-17,CONSUMER_DURABLE,112011.66,12,REJECTED,C
APP00003407,CUST009536,BR0033,2025-08-15,VEHICLE,1015851.77,12,REJECTED,E
APP00003408,CUST009122,BR0032,2024-09-25,VEHICLE,496357.91,18,REJECTED,D
APP00003409,CUST005212,BR0044,2026-08-14,BUSINESS,1170137.89,60,REJECTED,D
APP00003410,CUST005673,BR0022,2025-01-11,BUSINESS,239373.59,60,APPROVED,D
APP00003411,CUST000262,BR0019,2026-04-23,BUSINESS,495424.47,24,APPROVED,E
APP00003412,CUST002431,BR0016,2024-02-29,BUSINESS,839898.31,60,APPROVED,C
APP00003413,CUST002881,BR0032,2024-05-27,CONSUMER_DURABLE,1849059.34,36,APPROVED,E
APP00003414,CUST002838,BR0001,2024-05-28,CONSUMER_DURABLE,1701712.05,12,PENDING,D
APP00003415,CUST005813,BR0047,2024-12-18,PERSONAL,500683.9,48,REJECTED,E
APP00003416,CUST007204,BR0011,2025-10-20,PERSONAL,1807185.34,12,APPROVED,B
APP00003417,CUST003338,BR0049,2026-04-09,BUSINESS,221492.96,18,APPROVED,B
APP00003418,CUST005667,BR0014,2026-09-29,BUSINESS,737669.72,36,REJECTED,C
APP00003419,CUST001774,BR0019,2026-01-29,VEHICLE,1445484.17,18,APPROVED,E
APP00003420,CUST003848,BR0015,2025-05-10,PERSONAL,1044012.18,24,PENDING,A
APP00003421,CUST009590,BR0045,2026-06-27,VEHICLE,1469334.12,60,PENDING,C
APP00003422,CUST008358,BR0044,2026-06-18,BUSINESS,1958371.07,60,PENDING,D
APP00003423,CUST009503,BR0020,2024-03-24,BUSINESS,1117891.59,36,PENDING,C
APP00003424,CUST001768,BR0007,2025-10-03,PERSONAL,1285834.6,12,APPROVED,E
APP00003425,CUST001293,BR0012,2026-03-05,CONSUMER_DURABLE,183340.06,48,REJECTED,C
APP00003426,CUST005624,BR0024,2026-04-23,BUSINESS,1086480.51,18,REJECTED,C
APP00003427,CUST004008,BR0009,2024-06-14,VEHICLE,1748019.35,60,APPROVED,E
APP00003428,CUST007975,BR0029,2025-11-16,BUSINESS,618461.24,60,APPROVED,E
APP00003429,CUST006146,BR0039,2026-04-03,VEHICLE,1645552.39,36,APPROVED,A
APP00003430,CUST005464,BR0002,2025-06-26,BUSINESS,337784.27,24,REJECTED,A
APP00003431,CUST000783,BR0050,2024-02-06,CONSUMER_DURABLE,1465766.34,18,REJECTED,B
APP00003432,CUST000238,BR0003,2024-02-06,CONSUMER_DURABLE,427959.78,18,APPROVED,E
APP00003433,CUST008862,BR0031,2026-05-27,PERSONAL,161735.6,12,PENDING,E
APP00003434,CUST000883,BR0006,2026-02-07,VEHICLE,1918399.24,48,REJECTED,A
APP00003435,CUST004594,BR0024,2024-05-22,PERSONAL,1610565.29,60,PENDING,A
APP00003436,CUST008902,BR0030,2025-10-07,BUSINESS,1870530.26,12,REJECTED,A
APP00003437,CUST005810,BR0019,2025-05-26,BUSINESS,803317.91,24,PENDING,B
APP00003438,CUST004057,BR0032,2026-05-19,BUSINESS,105742.58,48,PENDING,A
APP00003439,CUST000942,BR0020,2024-05-20,VEHICLE,303228.9,18,PENDING,C
APP00003440,CUST007536,BR0042,2026-01-30,CONSUMER_DURABLE,1847500.92,18,APPROVED,B
APP00003441,CUST003653,BR0020,2025-05-28,VEHICLE,1063567.57,48,APPROVED,A
APP00003442,CUST008761,BR0011,2025-05-11,CONSUMER_DURABLE,1266746.36,36,APPROVED,B
APP00003443,CUST004606,BR0046,2025-03-03,PERSONAL,1682892.12,12,APPROVED,A
APP00003444,CUST009177,BR0017,2024-09-26,CONSUMER_DURABLE,1893911.5,12,REJECTED,C
APP00003445,CUST002288,BR0050,2024-06-01,BUSINESS,504274.44,36,APPROVED,C
APP00003446,CUST008111,BR0027,2026-04-25,BUSINESS,370064.98,18,APPROVED,A
APP00003447,CUST001230,BR0024,2024-10-29,VEHICLE,479644.75,36,APPROVED,C
APP00003448,CUST002203,BR0020,2024-08-14,BUSINESS,697298.13,60,APPROVED,E
APP00003449,CUST002716,BR0031,2025-07-28,CONSUMER_DURABLE,1618840.01,18,APPROVED,A
APP00003450,CUST001061,BR0050,2025-06-09,BUSINESS,186817.38,60,APPROVED,B
APP00003451,CUST009887,BR0047,2026-09-09,VEHICLE,1158551.64,18,REJECTED,B
APP00003452,CUST007859,BR0034,2026-04-13,BUSINESS,1897843.91,24,APPROVED,D
APP00003453,CUST004889,BR0034,2024-08-09,BUSINESS,1573923.56,48,APPROVED,C
APP00003454,CUST005617,BR0046,2025-09-04,CONSUMER_DURABLE,236825.06,24,APPROVED,B
APP00003455,CUST008468,BR0029,2026-01-29,VEHICLE,165429.02,36,APPROVED,A
APP00003456,CUST000804,BR0011,2025-03-11,BUSINESS,1608500.8,12,PENDING,D
APP00003457,CUST006082,BR0021,2025-12-19,PERSONAL,693513.68,36,PENDING,E
APP00003458,CUST005367,BR0016,2026-02-25,BUSINESS,626722.16,24,PENDING,D
APP00003459,CUST004130,BR0036,2025-06-25,PERSONAL,354410.07,18,APPROVED,C
APP00003460,CUST009799,BR0025,2025-10-21,VEHICLE,706816.21,36,APPROVED,C
APP00003461,CUST007721,BR0026,2026-02-14,CONSUMER_DURABLE,1653577.98,18,REJECTED,E
APP00003462,CUST008757,BR0012,2025-03-04,CONSUMER_DURABLE,993664.13,18,APPROVED,E
APP00003463,CUST003229,BR0001,2026-01-06,PERSONAL,466894.03,60,REJECTED,C
APP00003464,CUST006412,BR0018,2025-05-19,PERSONAL,1278712.94,60,REJECTED,B
APP00003465,CUST004567,BR0044,2025-03-23,BUSINESS,964032.74,24,APPROVED,A
APP00003466,CUST000266,BR0024,2025-02-22,PERSONAL,841106.11,48,REJECTED,D
APP00003467,CUST004820,BR0034,2025-03-27,PERSONAL,1580425.0,36,APPROVED,D
APP00003468,CUST008973,BR0033,2025-08-09,CONSUMER_DURABLE,1594007.72,48,REJECTED,B
APP00003469,CUST002539,BR0015,2024-05-09,CONSUMER_DURABLE,1321262.65,60,APPROVED,C
APP00003470,CUST000917,BR0044,2025-09-30,PERSONAL,74165.54,36,APPROVED,B
APP00003471,CUST008795,BR0034,2025-01-10,PERSONAL,797698.42,12,REJECTED,B
APP00003472,CUST001082,BR0002,2025-01-30,PERSONAL,586748.87,36,APPROVED,C
APP00003473,CUST007930,BR0012,2024-09-01,BUSINESS,947418.64,60,PENDING,C
APP00003474,CUST006548,BR0038,2026-04-30,PERSONAL,1859525.17,48,REJECTED,D
APP00003475,CUST009025,BR0021,2026-09-18,PERSONAL,242965.34,36,PENDING,D
APP00003476,CUST002256,BR0027,2025-11-17,PERSONAL,1206984.63,60,APPROVED,B
APP00003477,CUST001751,BR0029,2024-07-13,CONSUMER_DURABLE,288099.25,18,APPROVED,D
APP00003478,CUST007299,BR0033,2025-05-19,BUSINESS,1603428.57,60,APPROVED,E
APP00003479,CUST008122,BR0009,2026-02-11,VEHICLE,1294445.98,48,PENDING,E
APP00003480,CUST005547,BR0036,2026-07-01,BUSINESS,407775.42,60,APPROVED,E
APP00003481,CUST002876,BR0013,2025-03-14,BUSINESS,839792.71,60,REJECTED,C
APP00003482,CUST003853,BR0001,2026-06-01,PERSONAL,665365.06,18,PENDING,E
APP00003483,CUST005867,BR0050,2026-02-02,BUSINESS,763240.19,12,APPROVED,E
APP00003484,CUST007693,BR0029,2024-05-13,BUSINESS,1028994.67,12,APPROVED,D
APP00003485,CUST005534,BR0037,2025-05-08,BUSINESS,724277.13,60,REJECTED,A
APP00003486,CUST002400,BR0006,2024-07-16,VEHICLE,1431801.06,48,APPROVED,C
APP00003487,CUST000745,BR0014,2025-04-05,VEHICLE,389141.17,12,REJECTED,D
APP00003488,CUST007643,BR0005,2024-12-04,CONSUMER_DURABLE,714353.66,36,REJECTED,B
APP00003489,CUST004593,BR0026,2025-09-03,VEHICLE,1309226.92,48,APPROVED,E
APP00003490,CUST002005,BR0015,2025-02-01,VEHICLE,493519.68,36,REJECTED,B
APP00003491,CUST008427,BR0001,2025-06-15,BUSINESS,994733.27,24,REJECTED,A
APP00003492,CUST001454,BR0031,2024-07-02,CONSUMER_DURABLE,475546.13,12,APPROVED,D
APP00003493,CUST004021,BR0048,2024-04-03,PERSONAL,522965.34,24,REJECTED,E
APP00003494,CUST006579,BR0026,2025-11-27,VEHICLE,1577917.02,18,APPROVED,C
APP00003495,CUST004996,BR0046,2025-09-29,BUSINESS,1180777.44,36,PENDING,D
APP00003496,CUST001824,BR0044,2026-04-26,CONSUMER_DURABLE,1666923.64,12,REJECTED,A
APP00003497,CUST003453,BR0008,2025-11-06,BUSINESS,1432429.12,60,APPROVED,E
APP00003498,CUST008053,BR0010,2024-09-16,BUSINESS,1832252.27,36,APPROVED,A
APP00003499,CUST006211,BR0044,2025-07-27,PERSONAL,1991557.4,12,APPROVED,A
APP00003500,CUST007578,BR0033,2026-03-15,PERSONAL,912315.81,60,APPROVED,D
APP00003501,CUST000868,BR0017,2025-12-09,BUSINESS,1805111.1,24,PENDING,C
APP00003502,CUST006903,BR0006,2026-03-18,PERSONAL,1126601.62,48,APPROVED,E
APP00003503,CUST001336,BR0002,2024-05-21,CONSUMER_DURABLE,1214986.76,60,PENDING,D
APP00003504,CUST009240,BR0010,2025-09-08,BUSINESS,100403.77,18,APPROVED,A
APP00003505,CUST000148,BR0012,2025-06-21,BUSINESS,624148.23,12,APPROVED,B
APP00003506,CUST000692,BR0020,2026-06-28,CONSUMER_DURABLE,1314772.38,18,APPROVED,C
APP00003507,CUST003760,BR0039,2024-08-23,CONSUMER_DURABLE,516156.5,24,PENDING,D
APP00003508,CUST009439,BR0010,2025-04-07,PERSONAL,1951847.0,36,APPROVED,C
APP00003509,CUST002209,BR0042,2024-12-23,CONSUMER_DURABLE,1944326.24,18,APPROVED,C
APP00003510,CUST008128,BR0006,2025-04-14,CONSUMER_DURABLE,1905797.17,36,APPROVED,B
APP00003511,CUST003617,BR0049,2026-02-08,BUSINESS,1866062.37,24,REJECTED,A
APP00003512,CUST002619,BR0014,2025-05-05,VEHICLE,1353330.95,48,PENDING,B
APP00003513,CUST008774,BR0009,2024-03-16,PERSONAL,241442.65,24,APPROVED,E
APP00003514,CUST007672,BR0035,2024-06-25,CONSUMER_DURABLE,1904654.15,48,APPROVED,C
APP00003515,CUST002544,BR0009,2026-04-02,VEHICLE,1671184.09,24,PENDING,D
APP00003516,CUST006469,BR0014,2025-05-27,PERSONAL,289437.0,36,REJECTED,D
APP00003517,CUST006141,BR0043,2025-11-12,BUSINESS,273136.66,36,APPROVED,B
APP00003518,CUST007499,BR0025,2026-07-25,BUSINESS,221997.61,60,APPROVED,A
APP00003519,CUST009335,BR0004,2025-07-06,CONSUMER_DURABLE,1069204.75,60,APPROVED,D
APP00003520,CUST001771,BR0026,2024-01-16,CONSUMER_DURABLE,1471149.18,60,APPROVED,C
APP00003521,CUST001939,BR0005,2024-11-12,CONSUMER_DURABLE,1824638.32,36,APPROVED,D
APP00003522,CUST001098,BR0035,2024-11-19,BUSINESS,1153571.2,36,APPROVED,A
APP00003523,CUST004195,BR0007,2024-05-31,CONSUMER_DURABLE,654703.86,18,REJECTED,D
APP00003524,CUST001988,BR0018,2025-07-01,VEHICLE,1765818.79,24,APPROVED,C
APP00003525,CUST004392,BR0023,2026-02-13,CONSUMER_DURABLE,832906.78,36,APPROVED,E
APP00003526,CUST005120,BR0042,2024-03-28,CONSUMER_DURABLE,1011631.81,18,APPROVED,B
APP00003527,CUST007859,BR0010,2025-04-29,PERSONAL,149326.14,36,PENDING,E
APP00003528,CUST005657,BR0007,2026-02-16,CONSUMER_DURABLE,1127880.71,12,APPROVED,C
APP00003529,CUST008554,BR0001,2024-03-31,PERSONAL,152892.33,48,APPROVED,C
APP00003530,CUST006092,BR0025,2025-01-24,CONSUMER_DURABLE,1662899.9,48,REJECTED,C
APP00003531,CUST003894,BR0036,2024-04-13,PERSONAL,763253.91,24,PENDING,D
APP00003532,CUST007326,BR0011,2024-04-11,PERSONAL,255243.98,48,PENDING,B
APP00003533,CUST000282,BR0044,2026-09-25,CONSUMER_DURABLE,775958.44,48,PENDING,A
APP00003534,CUST002535,BR0043,2026-04-25,BUSINESS,1247256.77,24,APPROVED,C
APP00003535,CUST004321,BR0013,2024-05-06,BUSINESS,1640690.29,36,REJECTED,D
APP00003536,CUST004840,BR0046,2026-02-26,PERSONAL,995682.84,18,APPROVED,D
APP00003537,CUST004004,BR0003,2026-09-19,CONSUMER_DURABLE,316239.73,36,REJECTED,B
APP00003538,CUST002433,BR0040,2024-05-30,VEHICLE,81805.24,60,REJECTED,C
APP00003539,CUST003377,BR0028,2026-05-04,BUSINESS,707621.71,60,APPROVED,B
APP00003540,CUST005249,BR0020,2024-07-28,CONSUMER_DURABLE,1406354.42,24,REJECTED,C
APP00003541,CUST009040,BR0044,2025-09-13,PERSONAL,312548.49,36,REJECTED,B
APP00003542,CUST000553,BR0009,2024-01-11,VEHICLE,812112.74,24,REJECTED,E
APP00003543,CUST007654,BR0025,2024-01-10,PERSONAL,248979.83,24,PENDING,C
APP00003544,CUST007989,BR0009,2026-09-15,PERSONAL,377978.03,36,REJECTED,C
APP00003545,CUST001635,BR0017,2026-03-16,CONSUMER_DURABLE,474770.02,18,APPROVED,D
APP00003546,CUST005264,BR0010,2024-02-29,PERSONAL,1483892.33,12,REJECTED,E
APP00003547,CUST001016,BR0030,2026-08-11,CONSUMER_DURABLE,1474400.98,36,APPROVED,C
APP00003548,CUST002534,BR0025,2024-10-07,CONSUMER_DURABLE,1728700.79,24,PENDING,E
APP00003549,CUST000120,BR0025,2025-02-08,BUSINESS,1272907.67,12,APPROVED,A
APP00003550,CUST009184,BR0026,2026-02-24,BUSINESS,392305.66,36,REJECTED,C
APP00003551,CUST005968,BR0025,2024-06-07,BUSINESS,1745547.49,24,APPROVED,B
APP00003552,CUST006471,BR0023,2026-07-21,PERSONAL,1913265.93,18,APPROVED,C
APP00003553,CUST004146,BR0006,2026-08-05,CONSUMER_DURABLE,1686861.57,36,APPROVED,E
APP00003554,CUST004778,BR0038,2026-08-05,BUSINESS,714651.78,24,APPROVED,C
APP00003555,CUST006676,BR0042,2026-01-13,PERSONAL,113405.42,18,PENDING,E
APP00003556,CUST001628,BR0046,2025-02-19,VEHICLE,1048736.27,48,PENDING,C
APP00003557,CUST000578,BR0043,2025-06-25,CONSUMER_DURABLE,1726087.84,60,APPROVED,D
APP00003558,CUST002907,BR0038,2025-06-04,BUSINESS,1324202.36,48,APPROVED,B
APP00003559,CUST002279,BR0048,2026-03-28,CONSUMER_DURABLE,776489.98,60,APPROVED,B
APP00003560,CUST009665,BR0041,2026-05-05,PERSONAL,52705.98,48,PENDING,C
APP00003561,CUST003993,BR0027,2026-08-20,BUSINESS,1176085.74,36,PENDING,B
APP00003562,CUST001347,BR0022,2026-09-01,CONSUMER_DURABLE,1113883.41,18,APPROVED,C
APP00003563,CUST000522,BR0035,2024-05-28,PERSONAL,1128048.77,18,APPROVED,C
APP00003564,CUST001456,BR0024,2024-04-29,BUSINESS,1019609.71,60,APPROVED,E
APP00003565,CUST008487,BR0008,2024-02-10,PERSONAL,1773500.0,36,APPROVED,E
APP00003566,CUST003756,BR0039,2026-01-17,VEHICLE,144313.69,18,PENDING,D
APP00003567,CUST006775,BR0049,2024-03-03,VEHICLE,461285.97,18,APPROVED,C
APP00003568,CUST007465,BR0022,2026-02-09,BUSINESS,726229.75,12,APPROVED,B
APP00003569,CUST004460,BR0014,2025-01-21,PERSONAL,1432395.03,60,PENDING,A
APP00003570,CUST007972,BR0031,2025-12-22,PERSONAL,452821.63,18,APPROVED,C
APP00003571,CUST003295,BR0031,2025-03-19,VEHICLE,1837217.02,18,REJECTED,D
APP00003572,CUST003678,BR0049,2024-08-15,CONSUMER_DURABLE,1495746.61,60,REJECTED,E
APP00003573,CUST002864,BR0043,2025-02-09,CONSUMER_DURABLE,934005.48,12,APPROVED,A
APP00003574,CUST005317,BR0006,2024-01-12,VEHICLE,111130.21,12,PENDING,D
APP00003575,CUST007245,BR0010,2024-02-18,PERSONAL,82125.59,36,APPROVED,B
APP00003576,CUST008176,BR0012,2024-08-30,BUSINESS,297452.88,60,APPROVED,B
APP00003577,CUST000162,BR0040,2024-12-12,PERSONAL,309699.03,36,REJECTED,A
APP00003578,CUST003013,BR0031,2024-12-11,BUSINESS,508089.67,24,REJECTED,B
APP00003579,CUST006629,BR0038,2026-08-25,BUSINESS,707458.76,48,APPROVED,D
APP00003580,CUST004073,BR0041,2025-10-12,CONSUMER_DURABLE,877254.96,48,REJECTED,D
APP00003581,CUST000321,BR0037,2026-06-19,VEHICLE,628552.22,24,APPROVED,A
APP00003582,CUST000362,BR0004,2024-10-09,VEHICLE,375315.93,18,APPROVED,C
APP00003583,CUST008413,BR0024,2026-02-26,VEHICLE,853425.15,24,REJECTED,B
APP00003584,CUST005432,BR0037,2024-06-12,CONSUMER_DURABLE,750214.74,48,PENDING,D
APP00003585,CUST004848,BR0010,2024-05-23,VEHICLE,1740424.04,12,PENDING,C
APP00003586,CUST003141,BR0037,2025-04-14,PERSONAL,279422.46,36,APPROVED,A
APP00003587,CUST004878,BR0013,2024-07-27,VEHICLE,1325079.25,24,APPROVED,C
APP00003588,CUST003504,BR0038,2026-04-10,VEHICLE,1272518.12,48,REJECTED,B
APP00003589,CUST004851,BR0010,2025-03-05,VEHICLE,115929.51,24,PENDING,D
APP00003590,CUST009516,BR0018,2024-01-31,PERSONAL,682536.37,48,PENDING,E
APP00003591,CUST000278,BR0015,2026-03-22,CONSUMER_DURABLE,179897.55,60,APPROVED,D
APP00003592,CUST006173,BR0033,2024-09-12,BUSINESS,243129.14,60,APPROVED,D
APP00003593,CUST001793,BR0042,2024-03-22,PERSONAL,1645122.76,36,PENDING,E
APP00003594,CUST003418,BR0036,2026-08-06,PERSONAL,1659338.42,60,APPROVED,E
APP00003595,CUST000767,BR0007,2026-02-02,BUSINESS,1571305.97,18,REJECTED,D
APP00003596,CUST005000,BR0039,2025-07-12,CONSUMER_DURABLE,899004.16,24,REJECTED,C
APP00003597,CUST004143,BR0010,2026-04-15,PERSONAL,438679.14,36,APPROVED,C
APP00003598,CUST008551,BR0038,2024-12-26,VEHICLE,803444.57,24,REJECTED,D
APP00003599,CUST007341,BR0025,2026-02-03,VEHICLE,506044.93,12,REJECTED,A
APP00003600,CUST003080,BR0004,2024-12-06,PERSONAL,154183.56,60,APPROVED,A
APP00003601,CUST000205,BR0047,2026-04-13,VEHICLE,670994.42,18,REJECTED,E
APP00003602,CUST001625,BR0016,2025-09-16,CONSUMER_DURABLE,1681028.01,60,APPROVED,A
APP00003603,CUST007693,BR0049,2025-05-19,CONSUMER_DURABLE,480239.71,12,APPROVED,D
APP00003604,CUST002010,BR0043,2024-10-24,CONSUMER_DURABLE,1045157.55,60,APPROVED,E
APP00003605,CUST000131,BR0009,2026-05-17,BUSINESS,613301.57,60,APPROVED,A
APP00003606,CUST006304,BR0012,2025-12-29,PERSONAL,949103.72,60,APPROVED,B
APP00003607,CUST003838,BR0003,2025-03-19,BUSINESS,178758.89,36,APPROVED,C
APP00003608,CUST001583,BR0006,2025-05-17,PERSONAL,1698787.37,60,APPROVED,E
APP00003609,CUST004940,BR0035,2025-03-08,PERSONAL,995736.23,36,APPROVED,C
APP00003610,CUST005214,BR0012,2024-11-26,VEHICLE,1563679.81,60,APPROVED,A
APP00003611,CUST009342,BR0015,2026-09-30,BUSINESS,1437396.68,18,REJECTED,E
APP00003612,CUST001891,BR0035,2026-04-12,PERSONAL,1495094.55,12,PENDING,D
APP00003613,CUST004346,BR0032,2026-09-27,PERSONAL,1286797.57,36,REJECTED,C
APP00003614,CUST000850,BR0022,2026-08-25,PERSONAL,620744.61,48,PENDING,B
APP00003615,CUST006051,BR0042,2024-11-16,BUSINESS,363036.48,60,APPROVED,B
APP00003616,CUST007181,BR0020,2024-05-12,BUSINESS,437578.11,18,REJECTED,B
APP00003617,CUST002871,BR0016,2026-07-28,VEHICLE,145363.54,48,APPROVED,D
APP00003618,CUST008653,BR0028,2026-04-05,PERSONAL,1986938.88,48,REJECTED,A
APP00003619,CUST000340,BR0013,2025-11-18,PERSONAL,255838.01,36,APPROVED,A
APP00003620,CUST002644,BR0044,2025-06-24,BUSINESS,198131.04,24,REJECTED,B
APP00003621,CUST008459,BR0008,2024-04-01,CONSUMER_DURABLE,319295.23,48,APPROVED,D
APP00003622,CUST006429,BR0044,2026-09-18,CONSUMER_DURABLE,355498.13,24,REJECTED,A
APP00003623,CUST008463,BR0047,2025-06-30,VEHICLE,835389.14,24,PENDING,B
APP00003624,CUST003678,BR0031,2025-10-19,PERSONAL,1749107.86,24,APPROVED,A
APP00003625,CUST008329,BR0037,2026-07-15,BUSINESS,874545.28,48,APPROVED,A
APP00003626,CUST000046,BR0024,2024-06-29,VEHICLE,515793.77,24,REJECTED,B
APP00003627,CUST008471,BR0040,2026-08-04,CONSUMER_DURABLE,491183.09,18,REJECTED,E
APP00003628,CUST001820,BR0018,2026-05-16,PERSONAL,1734949.53,36,PENDING,C
APP00003629,CUST005856,BR0003,2026-03-11,CONSUMER_DURABLE,1089997.31,24,APPROVED,E
APP00003630,CUST007457,BR0032,2025-03-27,CONSUMER_DURABLE,956197.6,24,PENDING,A
APP00003631,CUST004998,BR0012,2024-05-10,CONSUMER_DURABLE,1344688.33,24,REJECTED,E
APP00003632,CUST002044,BR0006,2025-09-25,VEHICLE,790098.0,18,APPROVED,E
APP00003633,CUST001790,BR0016,2025-02-12,BUSINESS,1656814.71,24,PENDING,D
APP00003634,CUST005525,BR0031,2024-08-02,BUSINESS,1364389.34,24,APPROVED,E
APP00003635,CUST002207,BR0032,2026-05-21,PERSONAL,1554080.19,24,APPROVED,C
APP00003636,CUST001617,BR0047,2025-04-04,PERSONAL,884072.37,60,APPROVED,B
APP00003637,CUST002252,BR0020,2025-09-15,PERSONAL,809344.58,12,PENDING,A
APP00003638,CUST000353,BR0009,2024-09-30,VEHICLE,1374887.91,24,REJECTED,D
APP00003639,CUST009057,BR0042,2024-11-26,PERSONAL,1437826.61,18,APPROVED,C
APP00003640,CUST009038,BR0025,2026-05-06,VEHICLE,1076911.84,60,APPROVED,B
APP00003641,CUST003997,BR0014,2026-06-18,PERSONAL,1880404.61,12,PENDING,C
APP00003642,CUST004354,BR0028,2025-05-07,CONSUMER_DURABLE,817551.99,48,APPROVED,E
APP00003643,CUST002320,BR0017,2024-02-10,CONSUMER_DURABLE,663945.4,60,REJECTED,B
APP00003644,CUST001859,BR0010,2026-06-27,PERSONAL,366809.57,24,APPROVED,B
APP00003645,CUST003556,BR0035,2026-08-29,PERSONAL,438748.0,60,APPROVED,C
APP00003646,CUST004967,BR0047,2026-09-20,VEHICLE,717480.93,60,PENDING,D
APP00003647,CUST002434,BR0049,2025-10-01,CONSUMER_DURABLE,1058296.47,18,APPROVED,D
APP00003648,CUST006681,BR0041,2024-06-11,VEHICLE,553724.7,48,PENDING,A
APP00003649,CUST004421,BR0034,2025-06-21,BUSINESS,1492110.51,36,REJECTED,A
APP00003650,CUST008816,BR0033,2024-10-28,VEHICLE,1898879.23,12,APPROVED,A
APP00003651,CUST009857,BR0041,2025-09-03,VEHICLE,1616095.72,24,REJECTED,D
APP00003652,CUST008100,BR0047,2025-08-21,VEHICLE,352812.1,36,APPROVED,E
APP00003653,CUST000286,BR0048,2026-04-10,CONSUMER_DURABLE,1738641.51,12,APPROVED,C
APP00003654,CUST004460,BR0001,2026-07-11,CONSUMER_DURABLE,762362.0,36,PENDING,B
APP00003655,CUST007890,BR0037,2025-03-04,PERSONAL,271247.37,48,PENDING,E
APP00003656,CUST002806,BR0009,2024-06-29,VEHICLE,109516.68,24,APPROVED,E
APP00003657,CUST002288,BR0049,2024-11-29,CONSUMER_DURABLE,981706.82,48,APPROVED,D
APP00003658,CUST006822,BR0041,2025-04-20,CONSUMER_DURABLE,1627163.53,36,REJECTED,A
APP00003659,CUST006958,BR0034,2024-03-16,CONSUMER_DURABLE,538533.36,36,APPROVED,E
APP00003660,CUST005336,BR0048,2025-10-26,BUSINESS,311895.01,24,REJECTED,B
APP00003661,CUST004976,BR0007,2026-09-07,BUSINESS,244854.34,60,APPROVED,D
APP00003662,CUST007180,BR0044,2025-11-01,PERSONAL,1793257.41,48,APPROVED,B
APP00003663,CUST006860,BR0008,2026-04-17,BUSINESS,796632.55,18,APPROVED,A
APP00003664,CUST008776,BR0027,2024-04-11,PERSONAL,628996.69,24,APPROVED,D
APP00003665,CUST007716,BR0009,2026-05-30,CONSUMER_DURABLE,1405629.16,36,REJECTED,E
APP00003666,CUST006147,BR0008,2025-03-11,VEHICLE,661673.66,18,APPROVED,B
APP00003667,CUST003496,BR0005,2024-09-24,VEHICLE,348650.32,24,REJECTED,E
APP00003668,CUST000648,BR0042,2025-11-10,PERSONAL,574322.28,36,APPROVED,E
APP00003669,CUST001632,BR0044,2024-11-07,BUSINESS,959462.79,24,APPROVED,E
APP00003670,CUST000215,BR0049,2024-11-20,CONSUMER_DURABLE,1259171.92,24,APPROVED,A
APP00003671,CUST003832,BR0015,2024-05-12,VEHICLE,573584.23,24,APPROVED,A
APP00003672,CUST009511,BR0013,2026-06-05,CONSUMER_DURABLE,1563874.9,48,REJECTED,E
APP00003673,CUST002982,BR0002,2024-05-04,BUSINESS,867054.22,24,REJECTED,B
APP00003674,CUST005081,BR0011,2025-03-11,VEHICLE,1321343.32,36,APPROVED,B
APP00003675,CUST005043,BR0025,2024-06-06,VEHICLE,1798207.56,24,PENDING,D
APP00003676,CUST008935,BR0014,2024-03-17,VEHICLE,1276421.56,12,APPROVED,D
APP00003677,CUST009385,BR0048,2024-08-27,PERSONAL,582825.71,60,APPROVED,D
APP00003678,CUST007685,BR0013,2025-11-20,BUSINESS,1199307.08,12,REJECTED,B
APP00003679,CUST004983,BR0012,2024-04-03,VEHICLE,401504.28,48,PENDING,B
APP00003680,CUST007071,BR0044,2025-04-24,VEHICLE,608622.97,36,APPROVED,C
APP00003681,CUST005582,BR0040,2024-09-05,PERSONAL,136322.9,18,APPROVED,E
APP00003682,CUST008715,BR0015,2026-02-26,CONSUMER_DURABLE,98317.83,24,APPROVED,E
APP00003683,CUST001347,BR0016,2024-08-15,VEHICLE,1648027.04,60,APPROVED,C
APP00003684,CUST004500,BR0039,2026-03-26,VEHICLE,1444375.91,24,REJECTED,B
APP00003685,CUST004704,BR0041,2025-08-25,PERSONAL,1153497.93,24,PENDING,B
APP00003686,CUST007065,BR0016,2025-05-02,BUSINESS,851121.97,36,APPROVED,B
APP00003687,CUST001809,BR0016,2025-02-25,VEHICLE,1274733.15,12,PENDING,E
APP00003688,CUST006731,BR0019,2026-05-21,VEHICLE,637683.61,36,PENDING,B
APP00003689,CUST009082,BR0041,2025-04-22,BUSINESS,1271986.53,60,APPROVED,E
APP00003690,CUST007640,BR0015,2026-05-30,CONSUMER_DURABLE,432594.91,60,PENDING,E
APP00003691,CUST002197,BR0044,2024-08-19,PERSONAL,1488692.63,18,PENDING,D
APP00003692,CUST008938,BR0035,2025-01-08,VEHICLE,346836.6,18,REJECTED,B
APP00003693,CUST004641,BR0010,2024-07-24,CONSUMER_DURABLE,1644584.74,24,PENDING,A
APP00003694,CUST001269,BR0006,2024-09-12,VEHICLE,1916868.86,24,APPROVED,B
APP00003695,CUST001487,BR0014,2024-12-21,PERSONAL,316052.89,48,REJECTED,E
APP00003696,CUST009950,BR0047,2024-02-23,VEHICLE,1778572.25,60,APPROVED,D
APP00003697,CUST007417,BR0027,2026-08-25,CONSUMER_DURABLE,1618613.42,48,PENDING,E
APP00003698,CUST004947,BR0012,2024-02-04,CONSUMER_DURABLE,1108649.53,12,APPROVED,E
APP00003699,CUST002309,BR0034,2025-05-08,PERSONAL,87138.46,18,APPROVED,B
APP00003700,CUST001502,BR0025,2024-12-09,VEHICLE,1259299.29,60,APPROVED,A
APP00003701,CUST002835,BR0006,2025-02-28,PERSONAL,470437.56,48,REJECTED,B
APP00003702,CUST003062,BR0049,2024-01-22,BUSINESS,1993555.31,36,REJECTED,D
APP00003703,CUST000884,BR0025,2025-03-27,PERSONAL,1977168.64,12,APPROVED,D
APP00003704,CUST009034,BR0026,2025-12-15,VEHICLE,924334.84,36,REJECTED,B
APP00003705,CUST000001,BR0048,2026-07-07,PERSONAL,860392.9,24,APPROVED,B
APP00003706,CUST006146,BR0032,2026-09-21,CONSUMER_DURABLE,694384.12,24,APPROVED,C
APP00003707,CUST003160,BR0006,2025-09-16,BUSINESS,123294.63,36,PENDING,E
APP00003708,CUST004457,BR0039,2026-04-03,BUSINESS,1202010.42,18,PENDING,E
APP00003709,CUST002306,BR0018,2025-10-19,VEHICLE,611802.11,18,APPROVED,E
APP00003710,CUST000165,BR0012,2024-03-14,VEHICLE,94667.36,60,APPROVED,C
APP00003711,CUST007060,BR0028,2026-07-26,CONSUMER_DURABLE,1428920.34,12,PENDING,C
APP00003712,CUST004218,BR0016,2025-07-23,CONSUMER_DURABLE,139238.31,18,APPROVED,B
APP00003713,CUST001885,BR0028,2024-08-25,BUSINESS,1199021.53,12,PENDING,A
APP00003714,CUST008654,BR0020,2025-07-10,VEHICLE,458976.29,36,APPROVED,A
APP00003715,CUST008058,BR0035,2024-07-13,PERSONAL,147328.98,36,REJECTED,B
APP00003716,CUST003603,BR0024,2025-02-02,CONSUMER_DURABLE,335411.87,24,APPROVED,E
APP00003717,CUST003385,BR0040,2025-06-05,VEHICLE,1905090.46,12,APPROVED,A
APP00003718,CUST001617,BR0048,2025-02-17,PERSONAL,1254605.17,24,REJECTED,B
APP00003719,CUST000202,BR0040,2025-08-16,CONSUMER_DURABLE,732308.53,18,APPROVED,D
APP00003720,CUST005220,BR0015,2025-12-20,PERSONAL,705355.49,36,PENDING,D
APP00003721,CUST009858,BR0036,2025-01-15,PERSONAL,1705848.95,60,APPROVED,A
APP00003722,CUST007548,BR0013,2024-12-31,PERSONAL,98768.69,24,APPROVED,A
APP00003723,CUST002567,BR0015,2025-03-10,CONSUMER_DURABLE,1772463.94,24,APPROVED,D
APP00003724,CUST005580,BR0049,2026-08-01,VEHICLE,139963.41,36,APPROVED,D
APP00003725,CUST006850,BR0006,2026-09-16,CONSUMER_DURABLE,199263.72,36,REJECTED,D
APP00003726,CUST005679,BR0011,2025-08-12,PERSONAL,629189.32,18,PENDING,D
APP00003727,CUST009109,BR0047,2024-05-19,PERSONAL,822495.49,36,REJECTED,D
APP00003728,CUST009370,BR0034,2025-04-20,CONSUMER_DURABLE,1734002.46,60,APPROVED,D
APP00003729,CUST007201,BR0003,2025-04-10,VEHICLE,655691.88,18,APPROVED,C
APP00003730,CUST004208,BR0042,2024-12-17,VEHICLE,1649877.33,36,APPROVED,D
APP00003731,CUST007723,BR0022,2024-11-23,CONSUMER_DURABLE,1815743.91,18,APPROVED,B
APP00003732,CUST007798,BR0024,2026-09-20,VEHICLE,1893140.67,36,PENDING,C
APP00003733,CUST008606,BR0034,2025-04-25,PERSONAL,894975.4,24,APPROVED,B
APP00003734,CUST002700,BR0004,2026-03-15,VEHICLE,1468068.0,36,REJECTED,C
APP00003735,CUST008598,BR0029,2025-02-05,CONSUMER_DURABLE,802996.67,12,PENDING,B
APP00003736,CUST001201,BR0040,2025-07-10,VEHICLE,189205.91,48,APPROVED,E
APP00003737,CUST007149,BR0009,2026-05-19,PERSONAL,1939373.78,24,PENDING,D
APP00003738,CUST008253,BR0047,2025-06-12,VEHICLE,1377601.57,18,PENDING,C
APP00003739,CUST007334,BR0048,2025-02-08,PERSONAL,261683.72,18,APPROVED,A
APP00003740,CUST005491,BR0040,2025-05-23,PERSONAL,665907.62,18,APPROVED,C
APP00003741,CUST005174,BR0015,2026-09-11,BUSINESS,1559425.99,12,PENDING,E
APP00003742,CUST005340,BR0003,2024-02-24,BUSINESS,539786.44,12,APPROVED,C
APP00003743,CUST002291,BR0002,2024-11-09,BUSINESS,950616.8,24,PENDING,C
APP00003744,CUST008279,BR0006,2026-06-24,CONSUMER_DURABLE,1880603.24,36,APPROVED,D
APP00003745,CUST002478,BR0038,2025-01-24,CONSUMER_DURABLE,192116.86,48,REJECTED,C
APP00003746,CUST004457,BR0039,2024-08-01,BUSINESS,609577.91,36,PENDING,B
APP00003747,CUST004220,BR0016,2024-07-27,BUSINESS,581333.64,48,REJECTED,C
APP00003748,CUST002137,BR0015,2026-07-10,PERSONAL,1699998.4,18,PENDING,E
APP00003749,CUST008285,BR0023,2024-06-08,CONSUMER_DURABLE,1354587.3,18,PENDING,E
APP00003750,CUST008972,BR0010,2025-09-16,BUSINESS,310648.49,48,PENDING,A
APP00003751,CUST004087,BR0019,2026-04-04,PERSONAL,478037.39,18,REJECTED,E
APP00003752,CUST008172,BR0044,2025-11-15,VEHICLE,1330087.9,48,REJECTED,B
APP00003753,CUST007901,BR0024,2025-01-14,CONSUMER_DURABLE,261571.21,24,PENDING,B
APP00003754,CUST000614,BR0011,2026-09-10,VEHICLE,697958.07,48,APPROVED,C
APP00003755,CUST007047,BR0038,2026-05-01,CONSUMER_DURABLE,622295.12,48,REJECTED,A
APP00003756,CUST003097,BR0037,2024-08-18,PERSONAL,1372212.19,60,APPROVED,D
APP00003757,CUST002837,BR0036,2025-01-26,PERSONAL,316409.43,36,APPROVED,A
APP00003758,CUST005264,BR0020,2025-03-14,VEHICLE,1219722.66,48,APPROVED,D
APP00003759,CUST001488,BR0038,2025-11-24,PERSONAL,744595.55,12,APPROVED,B
APP00003760,CUST003911,BR0032,2026-09-25,CONSUMER_DURABLE,570647.16,12,APPROVED,A
APP00003761,CUST004100,BR0015,2024-04-15,PERSONAL,330422.46,12,APPROVED,E
APP00003762,CUST000274,BR0048,2026-08-26,VEHICLE,974587.69,24,PENDING,A
APP00003763,CUST002853,BR0047,2025-02-15,VEHICLE,724586.92,18,PENDING,A
APP00003764,CUST007542,BR0030,2024-11-16,PERSONAL,249291.64,18,PENDING,B
APP00003765,CUST008086,BR0048,2025-04-25,VEHICLE,1576170.97,24,PENDING,C
APP00003766,CUST000787,BR0043,2025-03-26,VEHICLE,875837.3,36,APPROVED,C
APP00003767,CUST000023,BR0030,2024-06-23,BUSINESS,339541.14,24,APPROVED,E
APP00003768,CUST002672,BR0017,2024-04-01,CONSUMER_DURABLE,1151406.21,24,APPROVED,C
APP00003769,CUST003787,BR0023,2024-08-22,VEHICLE,1400269.07,24,REJECTED,D
APP00003770,CUST005108,BR0008,2024-09-07,BUSINESS,224855.2,60,PENDING,C
APP00003771,CUST001604,BR0006,2026-07-07,BUSINESS,400477.49,48,PENDING,D
APP00003772,CUST003969,BR0035,2024-06-26,BUSINESS,1079621.81,36,REJECTED,B
APP00003773,CUST002620,BR0002,2025-09-22,PERSONAL,70778.67,12,PENDING,E
APP00003774,CUST001469,BR0044,2024-10-28,CONSUMER_DURABLE,291735.27,60,REJECTED,A
APP00003775,CUST007908,BR0029,2024-07-13,BUSINESS,1207455.18,18,REJECTED,A
APP00003776,CUST006901,BR0011,2025-05-19,VEHICLE,959490.05,36,REJECTED,C
APP00003777,CUST000343,BR0022,2025-10-08,BUSINESS,1889194.44,60,REJECTED,C
APP00003778,CUST005914,BR0014,2025-04-08,VEHICLE,225632.54,18,APPROVED,B
APP00003779,CUST008489,BR0040,2024-09-22,PERSONAL,1922787.47,48,PENDING,D
APP00003780,CUST006115,BR0047,2025-10-09,VEHICLE,694383.78,36,REJECTED,E
APP00003781,CUST008808,BR0020,2025-12-20,CONSUMER_DURABLE,1439384.64,60,APPROVED,A
APP00003782,CUST008034,BR0031,2025-03-07,VEHICLE,1437993.84,60,PENDING,A
APP00003783,CUST005921,BR0033,2024-03-11,PERSONAL,1315631.85,18,PENDING,D
APP00003784,CUST001050,BR0002,2025-05-04,PERSONAL,1195727.97,24,PENDING,A
APP00003785,CUST004705,BR0025,2026-06-08,VEHICLE,1590532.75,12,APPROVED,A
APP00003786,CUST009037,BR0029,2025-11-24,CONSUMER_DURABLE,1734524.26,12,APPROVED,A
APP00003787,CUST008780,BR0044,2024-11-29,PERSONAL,175209.06,18,PENDING,C
APP00003788,CUST003372,BR0039,2024-05-03,BUSINESS,893509.05,60,REJECTED,A
APP00003789,CUST008360,BR0031,2026-02-06,PERSONAL,937599.81,60,PENDING,D
APP00003790,CUST005049,BR0043,2025-05-29,BUSINESS,628997.6,12,APPROVED,D
APP00003791,CUST000758,BR0050,2025-03-28,BUSINESS,1812108.78,18,REJECTED,E
APP00003792,CUST005074,BR0042,2025-01-28,VEHICLE,1968884.92,36,PENDING,C
APP00003793,CUST004283,BR0023,2026-09-03,PERSONAL,1540815.0,18,APPROVED,D
APP00003794,CUST009808,BR0015,2025-01-22,BUSINESS,242294.0,18,PENDING,E
APP00003795,CUST009892,BR0017,2025-06-16,BUSINESS,1496183.64,24,PENDING,B
APP00003796,CUST005968,BR0023,2025-03-16,VEHICLE,723984.46,24,REJECTED,E
APP00003797,CUST002545,BR0019,2024-08-08,PERSONAL,751030.68,18,APPROVED,E
APP00003798,CUST006461,BR0042,2025-04-27,VEHICLE,515046.09,36,APPROVED,B
APP00003799,CUST008563,BR0034,2025-01-29,VEHICLE,214297.85,12,REJECTED,C
APP00003800,CUST006787,BR0039,2024-04-05,BUSINESS,447945.63,24,REJECTED,C
APP00003801,CUST007469,BR0002,2025-12-10,VEHICLE,1680392.34,60,PENDING,B
APP00003802,CUST000221,BR0021,2024-05-29,VEHICLE,313644.55,18,APPROVED,C
APP00003803,CUST009091,BR0005,2024-08-31,BUSINESS,99161.46,24,PENDING,E
APP00003804,CUST002948,BR0027,2025-10-29,VEHICLE,1743784.46,18,APPROVED,A
APP00003805,CUST007523,BR0001,2025-02-09,CONSUMER_DURABLE,1854775.89,12,APPROVED,A
APP00003806,CUST007505,BR0036,2024-04-12,CONSUMER_DURABLE,1586325.28,12,APPROVED,A
APP00003807,CUST009983,BR0042,2024-11-07,VEHICLE,964077.83,60,APPROVED,E
APP00003808,CUST005125,BR0011,2024-04-25,VEHICLE,394394.04,12,REJECTED,E
APP00003809,CUST003052,BR0048,2024-03-23,BUSINESS,811232.66,24,APPROVED,D
APP00003810,CUST006780,BR0011,2025-09-04,BUSINESS,1872758.39,12,APPROVED,A
APP00003811,CUST003820,BR0010,2026-03-19,VEHICLE,1287872.94,48,APPROVED,C
APP00003812,CUST000308,BR0038,2026-03-06,BUSINESS,1506428.43,24,APPROVED,A
APP00003813,CUST006349,BR0017,2026-05-17,PERSONAL,524441.36,60,REJECTED,C
APP00003814,CUST000218,BR0020,2025-09-07,CONSUMER_DURABLE,434387.9,12,PENDING,E
APP00003815,CUST009094,BR0027,2026-08-16,CONSUMER_DURABLE,1023359.1,18,REJECTED,C
APP00003816,CUST006039,BR0012,2025-07-28,PERSONAL,1364281.31,24,PENDING,C
APP00003817,CUST001538,BR0047,2024-06-09,BUSINESS,923650.59,48,PENDING,A
APP00003818,CUST003347,BR0040,2025-11-20,PERSONAL,771500.89,12,PENDING,D
APP00003819,CUST002292,BR0040,2025-10-09,BUSINESS,782265.24,36,PENDING,D
APP00003820,CUST002453,BR0030,2026-05-20,VEHICLE,316514.7,18,PENDING,C
APP00003821,CUST008556,BR0025,2026-07-05,VEHICLE,63052.32,60,REJECTED,A
APP00003822,CUST006159,BR0029,2024-06-05,PERSONAL,1179522.23,12,APPROVED,E
APP00003823,CUST001801,BR0013,2025-12-28,VEHICLE,943323.25,18,APPROVED,C
APP00003824,CUST008394,BR0015,2026-06-16,PERSONAL,409397.69,60,APPROVED,A
APP00003825,CUST008626,BR0029,2025-06-12,CONSUMER_DURABLE,53783.88,24,REJECTED,C
APP00003826,CUST006963,BR0043,2025-02-08,VEHICLE,532543.76,18,PENDING,C
APP00003827,CUST007077,BR0039,2026-03-07,PERSONAL,1317508.18,48,APPROVED,A
APP00003828,CUST003506,BR0006,2025-01-12,BUSINESS,1555298.08,18,REJECTED,D
APP00003829,CUST001073,BR0017,2024-06-01,VEHICLE,1128664.26,12,APPROVED,C
APP00003830,CUST009770,BR0048,2024-06-29,BUSINESS,972839.61,12,REJECTED,E
APP00003831,CUST008626,BR0004,2025-12-18,CONSUMER_DURABLE,414457.73,24,REJECTED,D
APP00003832,CUST008558,BR0049,2025-09-11,BUSINESS,189403.62,48,PENDING,D
APP00003833,CUST002283,BR0039,2026-02-07,CONSUMER_DURABLE,210496.74,12,PENDING,D
APP00003834,CUST006895,BR0030,2025-12-11,PERSONAL,387511.83,36,PENDING,C
APP00003835,CUST009923,BR0039,2025-07-11,VEHICLE,1370819.45,18,PENDING,A
APP00003836,CUST007069,BR0043,2026-01-27,PERSONAL,1072828.21,36,PENDING,E
APP00003837,CUST007152,BR0022,2025-11-19,BUSINESS,1034443.15,36,APPROVED,E
APP00003838,CUST009917,BR0034,2026-07-18,PERSONAL,1054681.37,24,APPROVED,D
APP00003839,CUST009864,BR0010,2024-10-25,VEHICLE,1222502.73,60,APPROVED,C
APP00003840,CUST009655,BR0020,2024-03-28,PERSONAL,1202028.14,12,APPROVED,D
APP00003841,CUST008052,BR0029,2024-11-23,BUSINESS,1680357.31,36,APPROVED,E
APP00003842,CUST006399,BR0033,2024-08-17,VEHICLE,88291.72,60,APPROVED,B
APP00003843,CUST005881,BR0015,2024-06-25,CONSUMER_DURABLE,251483.39,12,APPROVED,D
APP00003844,CUST005776,BR0043,2024-08-08,VEHICLE,1520631.61,18,APPROVED,A
APP00003845,CUST008505,BR0012,2025-05-19,CONSUMER_DURABLE,1691810.7,60,APPROVED,B
APP00003846,CUST008141,BR0031,2025-06-04,PERSONAL,1402127.13,60,PENDING,C
APP00003847,CUST009633,BR0012,2024-03-04,BUSINESS,1283269.8,12,APPROVED,D
APP00003848,CUST000135,BR0012,2024-07-20,VEHICLE,1169874.21,36,APPROVED,B
APP00003849,CUST005295,BR0006,2024-02-14,VEHICLE,192273.07,36,APPROVED,E
APP00003850,CUST006679,BR0008,2026-01-26,PERSONAL,978592.45,48,PENDING,D
APP00003851,CUST001697,BR0038,2026-07-21,BUSINESS,1103857.79,36,PENDING,A
APP00003852,CUST006136,BR0049,2026-03-03,BUSINESS,754817.41,12,REJECTED,E
APP00003853,CUST005322,BR0021,2026-02-08,PERSONAL,225761.16,36,PENDING,C
APP00003854,CUST008084,BR0033,2025-12-06,BUSINESS,1284239.74,36,PENDING,E
APP00003855,CUST003599,BR0047,2025-01-28,CONSUMER_DURABLE,376967.97,48,PENDING,E
APP00003856,CUST008252,BR0030,2024-10-02,CONSUMER_DURABLE,624783.95,18,APPROVED,D
APP00003857,CUST001301,BR0047,2025-07-07,BUSINESS,62480.71,36,PENDING,D
APP00003858,CUST004336,BR0031,2025-04-16,PERSONAL,1555656.54,36,APPROVED,C
APP00003859,CUST001151,BR0015,2026-09-05,VEHICLE,759955.6,24,PENDING,D
APP00003860,CUST006141,BR0026,2025-11-16,VEHICLE,746415.53,18,PENDING,C
APP00003861,CUST003064,BR0044,2026-05-06,CONSUMER_DURABLE,1050565.94,24,PENDING,B
APP00003862,CUST002436,BR0025,2024-09-26,VEHICLE,745013.66,24,PENDING,A
APP00003863,CUST003909,BR0031,2025-12-03,PERSONAL,1958578.81,24,APPROVED,A
APP00003864,CUST003008,BR0020,2025-02-15,VEHICLE,734428.19,18,APPROVED,C
APP00003865,CUST008072,BR0004,2025-11-27,BUSINESS,1880651.65,60,REJECTED,E
APP00003866,CUST003099,BR0006,2025-05-04,PERSONAL,55087.86,18,APPROVED,E
APP00003867,CUST001363,BR0024,2025-09-13,PERSONAL,1600021.04,12,PENDING,D
APP00003868,CUST008924,BR0020,2024-10-21,PERSONAL,281206.86,48,APPROVED,D
APP00003869,CUST002126,BR0003,2024-07-01,VEHICLE,1961420.2,60,REJECTED,E
APP00003870,CUST006739,BR0003,2024-05-08,BUSINESS,1900657.0,24,APPROVED,B
APP00003871,CUST008270,BR0039,2026-01-24,BUSINESS,412030.28,36,APPROVED,B
APP00003872,CUST006856,BR0048,2024-10-11,VEHICLE,1664537.99,18,REJECTED,D
APP00003873,CUST000978,BR0021,2024-04-13,PERSONAL,676231.36,36,APPROVED,B
APP00003874,CUST001924,BR0048,2025-08-15,VEHICLE,1795541.3,60,APPROVED,E
APP00003875,CUST000378,BR0030,2024-02-15,BUSINESS,1615489.81,12,APPROVED,A
APP00003876,CUST006980,BR0041,2024-11-02,PERSONAL,1476422.31,24,APPROVED,B
APP00003877,CUST003509,BR0011,2024-02-10,VEHICLE,439862.31,48,PENDING,B
APP00003878,CUST000077,BR0008,2024-10-25,VEHICLE,1511246.88,60,APPROVED,D
APP00003879,CUST007832,BR0046,2024-08-06,BUSINESS,1402697.59,60,REJECTED,E
APP00003880,CUST005424,BR0018,2024-01-19,PERSONAL,1005415.06,24,APPROVED,C
APP00003881,CUST001104,BR0001,2025-01-17,PERSONAL,544843.34,36,REJECTED,C
APP00003882,CUST001836,BR0001,2025-04-12,BUSINESS,1841048.02,48,APPROVED,A
APP00003883,CUST006705,BR0033,2026-03-13,CONSUMER_DURABLE,1798845.9,36,REJECTED,B
APP00003884,CUST007229,BR0030,2026-07-11,CONSUMER_DURABLE,314509.43,12,APPROVED,A
APP00003885,CUST004014,BR0025,2025-03-10,PERSONAL,409979.44,24,PENDING,C
APP00003886,CUST004750,BR0037,2026-05-23,PERSONAL,1682709.25,48,PENDING,D
APP00003887,CUST002396,BR0030,2026-08-04,BUSINESS,1544630.82,36,APPROVED,E
APP00003888,CUST003471,BR0034,2024-09-16,BUSINESS,1472611.11,18,PENDING,D
APP00003889,CUST006226,BR0035,2025-06-28,CONSUMER_DURABLE,1814884.0,48,APPROVED,A
APP00003890,CUST002855,BR0008,2024-09-19,BUSINESS,940702.57,24,APPROVED,A
APP00003891,CUST004610,BR0030,2025-11-03,BUSINESS,1470231.57,36,APPROVED,B
APP00003892,CUST003015,BR0019,2024-05-09,CONSUMER_DURABLE,599446.81,60,REJECTED,E
APP00003893,CUST008131,BR0042,2026-05-26,CONSUMER_DURABLE,1732961.98,60,PENDING,C
APP00003894,CUST007844,BR0027,2026-05-09,VEHICLE,822774.26,36,REJECTED,A
APP00003895,CUST005044,BR0005,2026-08-24,VEHICLE,555897.77,36,PENDING,C
APP00003896,CUST004079,BR0023,2025-07-01,VEHICLE,1072833.39,48,APPROVED,B
APP00003897,CUST006103,BR0046,2026-01-17,BUSINESS,1857761.16,12,REJECTED,B
APP00003898,CUST007994,BR0036,2025-12-13,BUSINESS,410114.89,36,PENDING,A
APP00003899,CUST004349,BR0040,2025-04-12,VEHICLE,836596.27,36,PENDING,C
APP00003900,CUST005933,BR0048,2025-01-08,VEHICLE,807354.37,60,APPROVED,E
APP00003901,CUST002316,BR0044,2024-09-26,VEHICLE,1740728.83,48,APPROVED,C
APP00003902,CUST005407,BR0010,2025-03-13,PERSONAL,222474.18,18,APPROVED,E
APP00003903,CUST007700,BR0011,2026-09-16,BUSINESS,777736.99,60,APPROVED,D
APP00003904,CUST000374,BR0025,2025-09-28,CONSUMER_DURABLE,1361476.17,60,APPROVED,C
APP00003905,CUST008745,BR0010,2026-05-14,CONSUMER_DURABLE,493794.02,24,APPROVED,A
APP00003906,CUST006021,BR0023,2024-03-13,BUSINESS,162058.42,12,APPROVED,A
APP00003907,CUST008887,BR0009,2024-01-14,PERSONAL,1525137.78,48,APPROVED,C
APP00003908,CUST004549,BR0025,2026-06-28,BUSINESS,591124.41,18,PENDING,E
APP00003909,CUST005746,BR0030,2024-11-27,CONSUMER_DURABLE,1378119.3,24,PENDING,C
APP00003910,CUST009298,BR0025,2024-10-07,BUSINESS,1437905.42,12,APPROVED,E
APP00003911,CUST005499,BR0050,2026-03-25,VEHICLE,1466947.72,36,APPROVED,D
APP00003912,CUST006357,BR0014,2025-04-14,CONSUMER_DURABLE,677228.46,36,APPROVED,C
APP00003913,CUST002638,BR0030,2025-09-09,BUSINESS,164149.95,60,PENDING,A
APP00003914,CUST009988,BR0002,2025-07-07,VEHICLE,785754.95,36,REJECTED,C
APP00003915,CUST003237,BR0019,2026-03-25,BUSINESS,535194.34,36,APPROVED,D
APP00003916,CUST008011,BR0040,2026-01-07,BUSINESS,1113943.35,48,APPROVED,B
APP00003917,CUST007172,BR0011,2025-02-05,PERSONAL,1744418.73,24,PENDING,E
APP00003918,CUST007722,BR0036,2024-04-08,BUSINESS,782996.86,18,PENDING,A
APP00003919,CUST007466,BR0046,2025-11-14,VEHICLE,1700191.48,24,APPROVED,D
APP00003920,CUST001676,BR0033,2024-05-17,PERSONAL,1662214.89,48,APPROVED,E
APP00003921,CUST009643,BR0009,2024-09-15,VEHICLE,934252.36,36,PENDING,E
APP00003922,CUST001359,BR0007,2025-04-24,VEHICLE,1602887.18,36,APPROVED,B
APP00003923,CUST003585,BR0035,2025-11-06,VEHICLE,1177916.91,48,APPROVED,E
APP00003924,CUST000974,BR0018,2025-02-12,PERSONAL,1261209.16,48,APPROVED,C
APP00003925,CUST000980,BR0023,2024-08-01,CONSUMER_DURABLE,817082.04,18,PENDING,D
APP00003926,CUST004482,BR0044,2024-06-14,PERSONAL,1789792.44,24,APPROVED,B
APP00003927,CUST009473,BR0038,2024-12-05,CONSUMER_DURABLE,361317.45,36,APPROVED,A
APP00003928,CUST008388,BR0004,2024-06-21,PERSONAL,256547.15,60,APPROVED,B
APP00003929,CUST005257,BR0019,2026-01-29,VEHICLE,1327654.37,60,PENDING,B
APP00003930,CUST000777,BR0044,2024-04-11,CONSUMER_DURABLE,539821.3,24,APPROVED,E
APP00003931,CUST005003,BR0011,2025-05-19,CONSUMER_DURABLE,1627889.1,36,APPROVED,D
APP00003932,CUST005548,BR0019,2024-02-14,CONSUMER_DURABLE,1066484.68,24,PENDING,B
APP00003933,CUST004194,BR0024,2024-11-10,BUSINESS,855343.97,12,REJECTED,D
APP00003934,CUST008375,BR0010,2025-09-09,CONSUMER_DURABLE,692420.17,48,REJECTED,B
APP00003935,CUST003308,BR0047,2026-09-18,BUSINESS,631752.39,60,APPROVED,B
APP00003936,CUST005603,BR0032,2025-04-09,PERSONAL,244068.87,60,APPROVED,D
APP00003937,CUST000327,BR0035,2025-11-19,CONSUMER_DURABLE,1745569.74,60,APPROVED,B
APP00003938,CUST005472,BR0037,2025-03-31,CONSUMER_DURABLE,1694243.14,36,REJECTED,A
APP00003939,CUST008709,BR0021,2026-08-15,BUSINESS,1383754.63,48,REJECTED,A
APP00003940,CUST009193,BR0006,2024-09-27,BUSINESS,298685.72,18,APPROVED,E
APP00003941,CUST003021,BR0046,2025-11-29,BUSINESS,428807.84,18,REJECTED,C
APP00003942,CUST004223,BR0009,2024-04-06,PERSONAL,883431.76,24,PENDING,E
APP00003943,CUST001597,BR0044,2025-03-02,VEHICLE,806473.39,18,APPROVED,B
APP00003944,CUST006596,BR0022,2025-04-13,BUSINESS,338385.74,18,APPROVED,B
APP00003945,CUST005006,BR0001,2024-04-07,PERSONAL,1590974.55,36,APPROVED,C
APP00003946,CUST008268,BR0031,2024-05-28,VEHICLE,1634590.99,60,PENDING,A
APP00003947,CUST008636,BR0039,2024-08-27,CONSUMER_DURABLE,1732721.03,24,PENDING,C
APP00003948,CUST002175,BR0011,2024-09-05,PERSONAL,320640.78,48,APPROVED,D
APP00003949,CUST007307,BR0023,2025-02-25,CONSUMER_DURABLE,441529.39,36,APPROVED,D
APP00003950,CUST009638,BR0007,2024-09-23,PERSONAL,271875.09,18,PENDING,E
APP00003951,CUST004582,BR0049,2024-04-16,PERSONAL,1434050.08,36,PENDING,E
APP00003952,CUST005503,BR0024,2025-03-03,VEHICLE,226332.09,18,REJECTED,A
APP00003953,CUST009848,BR0005,2024-08-23,VEHICLE,503280.89,24,APPROVED,A
APP00003954,CUST007437,BR0042,2026-06-08,VEHICLE,602276.05,60,PENDING,C
APP00003955,CUST009341,BR0049,2026-06-17,CONSUMER_DURABLE,838364.17,24,PENDING,D
APP00003956,CUST003724,BR0041,2024-04-30,PERSONAL,932526.98,12,APPROVED,C
APP00003957,CUST001400,BR0042,2025-06-19,PERSONAL,1351813.95,48,PENDING,D
APP00003958,CUST008861,BR0039,2025-10-24,PERSONAL,1109547.77,18,REJECTED,B
APP00003959,CUST001495,BR0013,2025-06-05,CONSUMER_DURABLE,1747869.02,12,PENDING,D
APP00003960,CUST007505,BR0008,2024-11-27,PERSONAL,1411199.8,48,APPROVED,A
APP00003961,CUST001078,BR0001,2026-09-16,PERSONAL,1891196.06,18,APPROVED,E
APP00003962,CUST004607,BR0042,2024-09-19,VEHICLE,1812146.33,60,PENDING,D
APP00003963,CUST001737,BR0017,2024-05-26,BUSINESS,647811.79,36,APPROVED,E
APP00003964,CUST006188,BR0030,2025-01-28,PERSONAL,1747882.23,48,PENDING,E
APP00003965,CUST000436,BR0007,2026-06-17,PERSONAL,1670709.06,12,PENDING,B
APP00003966,CUST007649,BR0048,2025-08-18,CONSUMER_DURABLE,575961.92,12,APPROVED,C
APP00003967,CUST005417,BR0048,2025-09-27,CONSUMER_DURABLE,1395334.61,48,APPROVED,E
APP00003968,CUST006894,BR0011,2025-07-01,CONSUMER_DURABLE,1740125.41,24,PENDING,B
APP00003969,CUST002172,BR0040,2024-09-05,PERSONAL,719505.86,48,APPROVED,B
APP00003970,CUST001169,BR0043,2024-04-24,BUSINESS,1211093.3,18,APPROVED,C
APP00003971,CUST002505,BR0040,2026-01-06,PERSONAL,1925208.5,12,REJECTED,C
APP00003972,CUST001385,BR0011,2025-11-19,BUSINESS,951813.78,12,PENDING,B
APP00003973,CUST000258,BR0019,2025-11-08,VEHICLE,1864379.63,12,PENDING,C
APP00003974,CUST004379,BR0018,2026-09-23,CONSUMER_DURABLE,1679401.12,36,APPROVED,C
APP00003975,CUST005087,BR0022,2024-06-10,CONSUMER_DURABLE,1023734.67,48,REJECTED,C
APP00003976,CUST003689,BR0045,2026-04-20,VEHICLE,501700.32,18,APPROVED,C
APP00003977,CUST003841,BR0012,2024-03-04,BUSINESS,182397.28,48,APPROVED,A
APP00003978,CUST005930,BR0047,2024-07-05,BUSINESS,1174087.87,24,APPROVED,E
APP00003979,CUST004742,BR0031,2025-09-06,VEHICLE,1881952.26,48,PENDING,E
APP00003980,CUST005029,BR0023,2025-05-17,CONSUMER_DURABLE,1572610.03,18,APPROVED,A
APP00003981,CUST004219,BR0036,2026-02-23,PERSONAL,440026.43,18,APPROVED,B
APP00003982,CUST009272,BR0003,2024-02-10,CONSUMER_DURABLE,323772.34,18,PENDING,E
APP00003983,CUST008122,BR0003,2025-11-15,VEHICLE,286764.85,48,APPROVED,D
APP00003984,CUST008162,BR0015,2026-07-07,BUSINESS,527939.75,24,APPROVED,E
APP00003985,CUST000740,BR0048,2026-07-09,BUSINESS,1544025.68,60,REJECTED,E
APP00003986,CUST008170,BR0017,2024-05-06,CONSUMER_DURABLE,1375844.71,18,APPROVED,E
APP00003987,CUST003380,BR0022,2025-07-18,PERSONAL,1342481.71,18,APPROVED,B
APP00003988,CUST006505,BR0044,2025-07-22,PERSONAL,1063829.83,24,REJECTED,A
APP00003989,CUST005560,BR0025,2024-01-24,CONSUMER_DURABLE,1063183.1,24,APPROVED,B
APP00003990,CUST005066,BR0041,2025-06-07,VEHICLE,1565498.03,18,REJECTED,E
APP00003991,CUST006460,BR0026,2025-11-08,CONSUMER_DURABLE,608526.32,18,APPROVED,C
APP00003992,CUST001229,BR0033,2024-04-06,BUSINESS,1927777.21,60,PENDING,D
APP00003993,CUST008004,BR0025,2025-02-15,CONSUMER_DURABLE,597040.69,18,PENDING,D
APP00003994,CUST008026,BR0049,2024-05-22,CONSUMER_DURABLE,1415844.04,18,APPROVED,B
APP00003995,CUST008015,BR0009,2026-03-06,BUSINESS,127745.34,60,PENDING,C
APP00003996,CUST005729,BR0040,2025-02-18,CONSUMER_DURABLE,307229.83,36,APPROVED,E
APP00003997,CUST002886,BR0009,2025-08-28,BUSINESS,562505.58,48,APPROVED,E
APP00003998,CUST008360,BR0034,2026-08-21,VEHICLE,956117.44,36,REJECTED,C
APP00003999,CUST005658,BR0044,2025-01-09,PERSONAL,1224077.36,18,APPROVED,A
APP00004000,CUST006199,BR0016,2025-03-05,PERSONAL,638067.63,60,REJECTED,C
APP00004001,CUST009488,BR0041,2026-06-23,VEHICLE,1754103.3,60,APPROVED,A
APP00004002,CUST004939,BR0015,2026-01-27,BUSINESS,989024.79,48,APPROVED,C
APP00004003,CUST003661,BR0045,2025-03-14,VEHICLE,1200887.12,18,APPROVED,E
APP00004004,CUST007020,BR0012,2025-07-15,BUSINESS,1092745.81,18,REJECTED,E
APP00004005,CUST004895,BR0033,2026-02-28,BUSINESS,222176.41,18,REJECTED,B
APP00004006,CUST009610,BR0028,2025-03-05,BUSINESS,1316601.14,24,PENDING,D
APP00004007,CUST005006,BR0007,2024-04-09,PERSONAL,1544948.11,24,PENDING,E
APP00004008,CUST006563,BR0008,2024-12-01,VEHICLE,649346.39,60,REJECTED,A
APP00004009,CUST004974,BR0016,2025-09-08,CONSUMER_DURABLE,1824833.85,48,APPROVED,C
APP00004010,CUST006210,BR0029,2025-03-19,BUSINESS,133109.18,60,PENDING,A
APP00004011,CUST004428,BR0006,2025-12-17,CONSUMER_DURABLE,1152581.67,12,PENDING,B
APP00004012,CUST004270,BR0033,2025-02-10,VEHICLE,484948.91,60,PENDING,A
APP00004013,CUST004890,BR0004,2025-03-16,PERSONAL,80938.85,18,APPROVED,A
APP00004014,CUST008051,BR0029,2025-05-09,CONSUMER_DURABLE,1239743.24,36,REJECTED,C
APP00004015,CUST007928,BR0043,2025-09-12,VEHICLE,1659512.32,36,APPROVED,D
APP00004016,CUST003818,BR0024,2025-01-28,CONSUMER_DURABLE,140135.71,60,REJECTED,A
APP00004017,CUST004286,BR0008,2026-03-26,BUSINESS,470225.16,24,APPROVED,C
APP00004018,CUST000379,BR0031,2025-09-25,PERSONAL,763632.86,18,REJECTED,A
APP00004019,CUST008291,BR0048,2026-06-24,CONSUMER_DURABLE,272003.86,24,PENDING,D
APP00004020,CUST007872,BR0038,2024-05-22,CONSUMER_DURABLE,201939.97,12,APPROVED,D
APP00004021,CUST001360,BR0004,2026-02-27,PERSONAL,1871254.54,36,REJECTED,D
APP00004022,CUST002535,BR0018,2024-06-25,CONSUMER_DURABLE,725778.08,18,REJECTED,E
APP00004023,CUST008800,BR0031,2024-02-04,VEHICLE,55521.27,24,APPROVED,D
APP00004024,CUST009842,BR0014,2024-09-30,CONSUMER_DURABLE,663131.1,60,PENDING,C
APP00004025,CUST001337,BR0010,2026-08-03,VEHICLE,225892.94,24,APPROVED,B
APP00004026,CUST006737,BR0013,2024-02-19,BUSINESS,1009171.5,24,REJECTED,A
APP00004027,CUST004010,BR0034,2025-06-19,CONSUMER_DURABLE,119455.52,12,REJECTED,B
APP00004028,CUST003261,BR0015,2025-07-25,PERSONAL,1507135.71,60,APPROVED,A
APP00004029,CUST004798,BR0038,2024-11-13,PERSONAL,507432.6,18,REJECTED,E
APP00004030,CUST000057,BR0004,2024-12-03,CONSUMER_DURABLE,1508755.83,60,REJECTED,D
APP00004031,CUST001421,BR0011,2024-01-24,CONSUMER_DURABLE,466151.85,18,APPROVED,A
APP00004032,CUST007469,BR0018,2024-01-29,CONSUMER_DURABLE,1635858.21,24,PENDING,C
APP00004033,CUST006843,BR0007,2026-09-22,CONSUMER_DURABLE,1840940.77,18,APPROVED,B
APP00004034,CUST007512,BR0047,2026-07-09,PERSONAL,1407636.06,24,REJECTED,E
APP00004035,CUST005045,BR0008,2026-09-07,PERSONAL,1794353.06,60,APPROVED,B
APP00004036,CUST003781,BR0016,2024-05-30,BUSINESS,1575012.24,60,APPROVED,D
APP00004037,CUST009141,BR0044,2025-06-11,PERSONAL,1260414.85,12,REJECTED,C
APP00004038,CUST001700,BR0039,2024-05-31,BUSINESS,152340.38,48,APPROVED,D
APP00004039,CUST002009,BR0024,2025-02-24,CONSUMER_DURABLE,1154859.72,12,PENDING,B
APP00004040,CUST005721,BR0040,2024-06-26,CONSUMER_DURABLE,316078.48,36,APPROVED,A
APP00004041,CUST000510,BR0004,2025-09-17,BUSINESS,684370.36,12,APPROVED,C
APP00004042,CUST000362,BR0011,2025-05-28,PERSONAL,1212553.56,24,PENDING,D
APP00004043,CUST003304,BR0028,2024-06-06,CONSUMER_DURABLE,243549.02,12,APPROVED,A
APP00004044,CUST005492,BR0049,2026-08-25,PERSONAL,874599.8,36,REJECTED,A
APP00004045,CUST006371,BR0017,2024-03-29,VEHICLE,452137.49,36,PENDING,B
APP00004046,CUST007952,BR0045,2024-10-18,VEHICLE,743691.2,12,APPROVED,B
APP00004047,CUST002041,BR0037,2024-01-25,CONSUMER_DURABLE,351391.81,24,APPROVED,C
APP00004048,CUST003877,BR0042,2025-04-11,VEHICLE,1101134.26,36,APPROVED,D
APP00004049,CUST003004,BR0029,2025-10-08,PERSONAL,607147.23,36,APPROVED,A
APP00004050,CUST000452,BR0048,2024-03-22,BUSINESS,1263803.53,48,APPROVED,A
APP00004051,CUST009102,BR0038,2026-04-03,PERSONAL,1427488.78,36,PENDING,A
APP00004052,CUST007087,BR0023,2026-05-09,CONSUMER_DURABLE,1380754.6,48,REJECTED,A
APP00004053,CUST003163,BR0042,2026-04-11,CONSUMER_DURABLE,241240.12,24,APPROVED,B
APP00004054,CUST008650,BR0002,2024-06-01,BUSINESS,126478.45,48,REJECTED,A
APP00004055,CUST005290,BR0033,2025-09-25,PERSONAL,1208456.35,36,PENDING,E
APP00004056,CUST006170,BR0021,2024-03-04,CONSUMER_DURABLE,456653.14,60,REJECTED,B
APP00004057,CUST005475,BR0009,2026-03-01,CONSUMER_DURABLE,805663.2,36,APPROVED,A
APP00004058,CUST000314,BR0026,2025-11-06,BUSINESS,592667.49,36,APPROVED,C
APP00004059,CUST007755,BR0013,2024-10-08,BUSINESS,104943.34,12,APPROVED,B
APP00004060,CUST002896,BR0038,2024-07-20,BUSINESS,1573087.9,60,APPROVED,B
APP00004061,CUST006046,BR0024,2025-11-16,PERSONAL,1151954.11,36,PENDING,B
APP00004062,CUST006039,BR0045,2024-02-14,VEHICLE,663874.34,48,APPROVED,C
APP00004063,CUST005891,BR0013,2026-07-30,BUSINESS,643812.39,24,PENDING,D
APP00004064,CUST001347,BR0004,2024-10-14,BUSINESS,1256857.75,36,REJECTED,E
APP00004065,CUST002264,BR0012,2024-12-24,BUSINESS,755295.44,18,APPROVED,E
APP00004066,CUST000832,BR0035,2025-12-03,CONSUMER_DURABLE,799456.33,60,APPROVED,A
APP00004067,CUST002645,BR0022,2025-07-27,PERSONAL,1917156.48,12,REJECTED,C
APP00004068,CUST004378,BR0024,2025-04-19,BUSINESS,826251.66,24,PENDING,D
APP00004069,CUST009510,BR0030,2025-06-04,CONSUMER_DURABLE,1203572.16,24,APPROVED,C
APP00004070,CUST009609,BR0043,2024-07-01,PERSONAL,1248078.97,48,APPROVED,C
APP00004071,CUST000948,BR0020,2025-12-13,VEHICLE,612326.2,18,REJECTED,A
APP00004072,CUST002832,BR0011,2026-07-16,PERSONAL,1176724.52,24,APPROVED,E
APP00004073,CUST006860,BR0016,2025-02-12,CONSUMER_DURABLE,1624080.07,36,PENDING,E
APP00004074,CUST003261,BR0023,2026-03-28,BUSINESS,1111490.05,18,APPROVED,D
APP00004075,CUST000310,BR0040,2026-05-15,PERSONAL,1660252.73,12,REJECTED,E
APP00004076,CUST001907,BR0012,2024-09-29,PERSONAL,351068.67,48,APPROVED,C
APP00004077,CUST009149,BR0042,2026-01-28,BUSINESS,1777788.11,48,APPROVED,A
APP00004078,CUST006460,BR0038,2025-04-17,VEHICLE,378905.56,12,PENDING,C
APP00004079,CUST002509,BR0028,2024-12-14,VEHICLE,1469725.95,60,APPROVED,D
APP00004080,CUST004669,BR0044,2024-06-13,PERSONAL,656087.76,18,APPROVED,D
APP00004081,CUST002467,BR0009,2024-04-14,BUSINESS,1239183.29,60,REJECTED,A
APP00004082,CUST007098,BR0038,2025-07-16,VEHICLE,724463.01,12,APPROVED,D
APP00004083,CUST008937,BR0025,2025-06-13,CONSUMER_DURABLE,1646916.49,18,APPROVED,B
APP00004084,CUST002745,BR0007,2024-10-14,VEHICLE,1361685.96,60,REJECTED,C
APP00004085,CUST001258,BR0040,2025-07-29,VEHICLE,298145.3,60,PENDING,D
APP00004086,CUST002921,BR0026,2026-07-01,VEHICLE,1900014.78,18,REJECTED,A
APP00004087,CUST003074,BR0011,2024-11-16,PERSONAL,996019.13,36,APPROVED,E
APP00004088,CUST000565,BR0049,2025-08-26,BUSINESS,1682057.9,36,PENDING,E
APP00004089,CUST003325,BR0040,2025-07-04,VEHICLE,1675088.86,60,APPROVED,B
APP00004090,CUST005385,BR0027,2024-05-17,CONSUMER_DURABLE,297242.73,60,PENDING,D
APP00004091,CUST002561,BR0037,2025-11-22,CONSUMER_DURABLE,1674249.27,24,APPROVED,D
APP00004092,CUST004734,BR0045,2026-05-03,VEHICLE,1865035.17,60,REJECTED,A
APP00004093,CUST006590,BR0024,2026-09-30,CONSUMER_DURABLE,530842.47,24,REJECTED,D
APP00004094,CUST008861,BR0016,2024-07-03,CONSUMER_DURABLE,1360098.31,24,APPROVED,C
APP00004095,CUST004136,BR0013,2024-03-01,PERSONAL,648796.21,18,PENDING,D
APP00004096,CUST003639,BR0050,2026-02-25,CONSUMER_DURABLE,1665584.87,36,PENDING,C
APP00004097,CUST003937,BR0050,2025-08-11,PERSONAL,695167.4,24,REJECTED,C
APP00004098,CUST009228,BR0041,2026-01-07,VEHICLE,423073.65,18,APPROVED,D
APP00004099,CUST004124,BR0048,2025-10-31,PERSONAL,1202876.59,48,APPROVED,D
APP00004100,CUST000059,BR0016,2024-01-05,BUSINESS,1903912.62,12,APPROVED,D
APP00004101,CUST001187,BR0007,2024-06-29,BUSINESS,1988895.39,36,PENDING,E
APP00004102,CUST001586,BR0028,2025-06-04,CONSUMER_DURABLE,599134.42,18,APPROVED,E
APP00004103,CUST001257,BR0030,2026-08-25,VEHICLE,314708.14,18,APPROVED,A
APP00004104,CUST006005,BR0048,2025-01-22,CONSUMER_DURABLE,640837.91,18,APPROVED,E
APP00004105,CUST001874,BR0009,2025-06-19,VEHICLE,1589714.76,48,REJECTED,C
APP00004106,CUST005161,BR0025,2026-04-03,BUSINESS,329785.42,24,APPROVED,B
APP00004107,CUST006205,BR0020,2025-09-14,CONSUMER_DURABLE,1718071.05,60,APPROVED,A
APP00004108,CUST007316,BR0006,2024-11-01,VEHICLE,275998.46,60,APPROVED,E
APP00004109,CUST001717,BR0024,2024-06-02,PERSONAL,1414872.32,48,REJECTED,A
APP00004110,CUST009081,BR0005,2025-06-09,BUSINESS,937749.46,36,APPROVED,A
APP00004111,CUST008343,BR0002,2024-07-31,BUSINESS,1928488.26,12,PENDING,E
APP00004112,CUST002865,BR0024,2025-05-06,BUSINESS,1996555.56,18,PENDING,C
APP00004113,CUST008949,BR0035,2026-04-21,CONSUMER_DURABLE,1336993.78,60,APPROVED,A
APP00004114,CUST009729,BR0002,2026-06-26,PERSONAL,292767.2,18,PENDING,C
APP00004115,CUST007709,BR0040,2025-09-20,CONSUMER_DURABLE,1997718.82,60,PENDING,D
APP00004116,CUST000053,BR0043,2025-12-30,VEHICLE,607555.9,18,APPROVED,E
APP00004117,CUST002423,BR0034,2025-10-01,PERSONAL,1741133.98,24,PENDING,C
APP00004118,CUST004570,BR0014,2024-02-04,BUSINESS,1169926.26,24,PENDING,A
APP00004119,CUST008403,BR0029,2024-06-29,BUSINESS,996187.74,24,APPROVED,C
APP00004120,CUST004142,BR0050,2024-03-26,PERSONAL,1614241.25,24,APPROVED,C
APP00004121,CUST002392,BR0030,2026-08-25,BUSINESS,1137330.4,48,APPROVED,E
APP00004122,CUST006074,BR0042,2024-12-27,BUSINESS,1664814.16,18,REJECTED,E
APP00004123,CUST009411,BR0029,2024-07-01,VEHICLE,991269.48,48,REJECTED,C
APP00004124,CUST002251,BR0003,2024-05-27,BUSINESS,1543290.84,24,REJECTED,C
APP00004125,CUST007645,BR0049,2024-06-14,VEHICLE,358197.79,24,REJECTED,A
APP00004126,CUST009469,BR0030,2024-12-13,VEHICLE,347442.98,60,APPROVED,C
APP00004127,CUST009283,BR0019,2026-01-18,VEHICLE,1541673.12,60,PENDING,B
APP00004128,CUST005335,BR0030,2026-05-09,CONSUMER_DURABLE,1998650.87,60,APPROVED,C
APP00004129,CUST002670,BR0017,2026-06-09,PERSONAL,453794.36,60,APPROVED,C
APP00004130,CUST009598,BR0036,2026-04-05,CONSUMER_DURABLE,783455.71,36,REJECTED,D
APP00004131,CUST001100,BR0037,2026-02-10,CONSUMER_DURABLE,1851860.61,18,PENDING,B
APP00004132,CUST002188,BR0033,2025-06-05,CONSUMER_DURABLE,350560.02,48,REJECTED,B
APP00004133,CUST000082,BR0012,2024-07-13,BUSINESS,298694.6,24,REJECTED,B
APP00004134,CUST002639,BR0046,2025-08-14,PERSONAL,1841978.81,36,APPROVED,C
APP00004135,CUST004717,BR0002,2024-03-10,BUSINESS,1783283.92,36,APPROVED,B
APP00004136,CUST002236,BR0012,2026-01-13,BUSINESS,1743920.56,18,APPROVED,C
APP00004137,CUST005248,BR0039,2025-12-29,PERSONAL,1095207.29,12,REJECTED,A
APP00004138,CUST004831,BR0042,2026-08-23,CONSUMER_DURABLE,1329833.29,12,APPROVED,C
APP00004139,CUST006334,BR0042,2024-03-14,BUSINESS,991807.83,18,REJECTED,E
APP00004140,CUST007169,BR0012,2024-08-12,BUSINESS,949626.35,60,REJECTED,B
APP00004141,CUST000453,BR0006,2025-02-20,VEHICLE,277936.02,48,APPROVED,A
APP00004142,CUST000597,BR0027,2025-01-01,VEHICLE,1383545.11,48,APPROVED,D
APP00004143,CUST007571,BR0043,2026-06-15,BUSINESS,1582644.88,48,PENDING,D
APP00004144,CUST007733,BR0033,2025-09-24,BUSINESS,740928.62,12,APPROVED,D
APP00004145,CUST004793,BR0029,2024-04-09,CONSUMER_DURABLE,1555783.12,36,APPROVED,B
APP00004146,CUST004663,BR0005,2024-10-19,VEHICLE,1449104.91,36,APPROVED,E
APP00004147,CUST005839,BR0027,2024-05-04,CONSUMER_DURABLE,978289.62,36,REJECTED,C
APP00004148,CUST004128,BR0038,2024-12-05,VEHICLE,482174.17,48,APPROVED,E
APP00004149,CUST001581,BR0018,2024-08-14,VEHICLE,235575.94,36,REJECTED,B
APP00004150,CUST005409,BR0031,2024-01-10,VEHICLE,360664.13,36,APPROVED,C
APP00004151,CUST004264,BR0013,2024-11-03,CONSUMER_DURABLE,80617.63,36,PENDING,C
APP00004152,CUST007783,BR0008,2026-07-23,CONSUMER_DURABLE,1240705.36,36,PENDING,A
APP00004153,CUST001570,BR0032,2025-04-17,BUSINESS,53678.36,36,PENDING,C
APP00004154,CUST002113,BR0008,2024-12-04,CONSUMER_DURABLE,916776.02,48,REJECTED,B
APP00004155,CUST007065,BR0001,2025-07-04,VEHICLE,448177.74,60,APPROVED,D
APP00004156,CUST004931,BR0047,2025-01-29,VEHICLE,1227924.94,36,REJECTED,A
APP00004157,CUST006504,BR0007,2024-11-08,VEHICLE,1703040.31,18,APPROVED,C
APP00004158,CUST006633,BR0027,2024-12-26,PERSONAL,1621259.69,48,APPROVED,B
APP00004159,CUST002749,BR0049,2024-06-27,CONSUMER_DURABLE,187356.21,60,PENDING,D
APP00004160,CUST009637,BR0026,2024-01-28,BUSINESS,1441110.32,48,REJECTED,B
APP00004161,CUST002500,BR0022,2024-09-24,PERSONAL,956179.0,12,REJECTED,A
APP00004162,CUST009173,BR0017,2024-07-22,VEHICLE,529677.16,36,REJECTED,B
APP00004163,CUST004044,BR0005,2025-09-13,BUSINESS,1985864.54,18,APPROVED,E
APP00004164,CUST002878,BR0050,2024-04-13,PERSONAL,868340.02,24,APPROVED,D
APP00004165,CUST005553,BR0033,2024-03-17,CONSUMER_DURABLE,280617.15,60,PENDING,D
APP00004166,CUST009824,BR0035,2024-02-13,BUSINESS,1412601.0,12,REJECTED,B
APP00004167,CUST000405,BR0002,2024-09-29,PERSONAL,1517468.76,48,REJECTED,D
APP00004168,CUST009946,BR0022,2026-08-30,PERSONAL,828576.82,18,PENDING,D
APP00004169,CUST004450,BR0037,2025-05-18,CONSUMER_DURABLE,146103.07,60,REJECTED,A
APP00004170,CUST006172,BR0028,2025-12-23,CONSUMER_DURABLE,304030.57,12,APPROVED,D
APP00004171,CUST000354,BR0031,2026-05-25,CONSUMER_DURABLE,1404509.4,60,APPROVED,D
APP00004172,CUST002076,BR0018,2026-09-28,PERSONAL,128988.5,18,REJECTED,D
APP00004173,CUST003372,BR0004,2025-03-24,PERSONAL,501895.38,36,APPROVED,C
APP00004174,CUST008512,BR0004,2025-10-21,PERSONAL,1214372.08,24,APPROVED,D
APP00004175,CUST006335,BR0029,2025-05-07,VEHICLE,132262.33,60,APPROVED,E
APP00004176,CUST000401,BR0009,2024-02-03,CONSUMER_DURABLE,803633.39,24,PENDING,A
APP00004177,CUST001392,BR0031,2026-05-02,CONSUMER_DURABLE,725599.2,36,APPROVED,A
APP00004178,CUST004389,BR0020,2025-05-27,VEHICLE,1138211.57,24,PENDING,A
APP00004179,CUST001128,BR0007,2025-12-04,BUSINESS,554170.12,48,APPROVED,E
APP00004180,CUST009087,BR0007,2026-03-11,BUSINESS,704743.84,48,APPROVED,A
APP00004181,CUST003101,BR0013,2024-11-08,VEHICLE,1077087.79,24,PENDING,C
APP00004182,CUST009109,BR0050,2025-01-26,BUSINESS,1539513.63,12,REJECTED,A
APP00004183,CUST005160,BR0011,2024-07-09,VEHICLE,620631.31,60,APPROVED,E
APP00004184,CUST008494,BR0027,2025-12-31,VEHICLE,689829.35,36,PENDING,C
APP00004185,CUST003370,BR0049,2024-11-14,PERSONAL,1673511.85,60,PENDING,A
APP00004186,CUST001190,BR0016,2026-04-11,CONSUMER_DURABLE,629567.48,18,PENDING,A
APP00004187,CUST001495,BR0006,2025-06-23,CONSUMER_DURABLE,261590.46,12,PENDING,A
APP00004188,CUST009510,BR0028,2025-08-13,PERSONAL,1889292.99,12,REJECTED,B
APP00004189,CUST006384,BR0019,2024-12-13,BUSINESS,69178.24,60,APPROVED,B
APP00004190,CUST008545,BR0008,2025-05-31,CONSUMER_DURABLE,1811086.0,12,PENDING,B
APP00004191,CUST002035,BR0009,2025-04-17,BUSINESS,499627.09,60,APPROVED,A
APP00004192,CUST000789,BR0047,2024-11-15,PERSONAL,568431.28,48,PENDING,B
APP00004193,CUST001596,BR0004,2024-03-09,PERSONAL,571210.4,48,REJECTED,B
APP00004194,CUST004231,BR0025,2026-03-03,PERSONAL,197941.85,12,APPROVED,E
APP00004195,CUST003084,BR0014,2026-07-16,BUSINESS,1499791.97,18,REJECTED,A
APP00004196,CUST002823,BR0003,2026-09-12,CONSUMER_DURABLE,543156.78,12,APPROVED,B
APP00004197,CUST008528,BR0018,2026-08-09,VEHICLE,1380250.54,48,PENDING,C
APP00004198,CUST002189,BR0004,2026-05-07,PERSONAL,1191971.54,24,APPROVED,E
APP00004199,CUST006271,BR0039,2026-05-28,VEHICLE,101280.39,36,APPROVED,D
APP00004200,CUST005267,BR0016,2024-09-22,PERSONAL,457644.46,24,APPROVED,C
APP00004201,CUST008366,BR0021,2026-08-20,BUSINESS,1486712.45,24,APPROVED,B
APP00004202,CUST006068,BR0047,2026-02-01,CONSUMER_DURABLE,184236.52,60,PENDING,A
APP00004203,CUST001554,BR0018,2025-01-20,VEHICLE,178864.76,24,REJECTED,D
APP00004204,CUST009617,BR0027,2025-08-23,PERSONAL,1980953.13,60,APPROVED,C
APP00004205,CUST000039,BR0020,2025-08-28,VEHICLE,1889962.46,48,PENDING,D
APP00004206,CUST009337,BR0022,2026-08-29,PERSONAL,168415.61,18,REJECTED,C
APP00004207,CUST005633,BR0009,2024-12-27,VEHICLE,176649.08,12,APPROVED,A
APP00004208,CUST009487,BR0040,2026-07-31,CONSUMER_DURABLE,550384.42,18,PENDING,E
APP00004209,CUST008995,BR0048,2026-04-11,PERSONAL,390973.52,12,PENDING,E
APP00004210,CUST000998,BR0020,2025-01-03,BUSINESS,1805852.14,48,APPROVED,A
APP00004211,CUST008575,BR0033,2024-05-02,BUSINESS,792025.11,60,PENDING,C
APP00004212,CUST005039,BR0037,2026-04-29,BUSINESS,1227468.32,24,APPROVED,A
APP00004213,CUST007841,BR0026,2026-06-26,CONSUMER_DURABLE,1695182.66,48,PENDING,E
APP00004214,CUST000945,BR0025,2026-01-22,CONSUMER_DURABLE,1351604.04,36,APPROVED,B
APP00004215,CUST000672,BR0026,2025-01-31,BUSINESS,1201619.79,36,APPROVED,D
APP00004216,CUST006003,BR0043,2024-06-13,CONSUMER_DURABLE,1683050.85,18,APPROVED,D
APP00004217,CUST003949,BR0021,2025-01-05,PERSONAL,798019.73,36,PENDING,E
APP00004218,CUST003281,BR0025,2025-12-28,PERSONAL,1454897.37,12,APPROVED,A
APP00004219,CUST007679,BR0005,2024-05-08,BUSINESS,67352.23,36,APPROVED,D
APP00004220,CUST002137,BR0033,2026-03-27,CONSUMER_DURABLE,700775.25,36,REJECTED,C
APP00004221,CUST009032,BR0015,2025-11-29,PERSONAL,655628.45,18,PENDING,C
APP00004222,CUST001291,BR0043,2024-11-19,PERSONAL,1503793.84,24,APPROVED,C
APP00004223,CUST006402,BR0009,2024-04-17,PERSONAL,1912710.39,18,REJECTED,C
APP00004224,CUST002431,BR0050,2026-01-08,CONSUMER_DURABLE,1376378.44,36,REJECTED,C
APP00004225,CUST002131,BR0036,2025-05-29,VEHICLE,1008308.57,60,APPROVED,B
APP00004226,CUST001402,BR0047,2025-04-09,BUSINESS,118003.74,48,APPROVED,E
APP00004227,CUST000197,BR0001,2025-10-09,CONSUMER_DURABLE,116453.7,24,APPROVED,A
APP00004228,CUST003040,BR0045,2025-03-18,BUSINESS,449171.21,12,APPROVED,B
APP00004229,CUST003041,BR0022,2026-06-30,BUSINESS,933865.87,60,PENDING,C
APP00004230,CUST000764,BR0037,2026-06-17,BUSINESS,1718976.76,12,REJECTED,E
APP00004231,CUST009983,BR0022,2024-11-14,CONSUMER_DURABLE,1228526.76,60,PENDING,C
APP00004232,CUST004658,BR0042,2025-06-13,VEHICLE,1135605.49,18,APPROVED,B
APP00004233,CUST003636,BR0026,2024-04-05,VEHICLE,732526.37,48,APPROVED,D
APP00004234,CUST005240,BR0026,2024-09-26,VEHICLE,1921038.9,12,PENDING,B
APP00004235,CUST004528,BR0034,2024-06-29,VEHICLE,1810350.03,60,APPROVED,C
APP00004236,CUST003633,BR0002,2026-04-13,VEHICLE,858350.63,18,APPROVED,C
APP00004237,CUST006357,BR0020,2025-08-07,VEHICLE,1509933.53,18,APPROVED,C
APP00004238,CUST009826,BR0011,2026-04-11,BUSINESS,1618019.75,48,PENDING,A
APP00004239,CUST001922,BR0017,2024-01-02,CONSUMER_DURABLE,514002.17,60,PENDING,E
APP00004240,CUST000052,BR0038,2026-08-27,CONSUMER_DURABLE,1579463.03,18,APPROVED,D
APP00004241,CUST004412,BR0032,2025-12-12,PERSONAL,651069.8,36,PENDING,A
APP00004242,CUST000369,BR0031,2024-03-17,BUSINESS,856601.23,36,APPROVED,B
APP00004243,CUST006182,BR0040,2026-07-12,CONSUMER_DURABLE,1184992.23,36,PENDING,C
APP00004244,CUST009521,BR0008,2026-03-23,VEHICLE,794640.66,12,REJECTED,C
APP00004245,CUST004007,BR0012,2025-10-22,BUSINESS,869957.64,60,REJECTED,C
APP00004246,CUST007715,BR0002,2026-05-16,VEHICLE,1054650.81,36,REJECTED,E
APP00004247,CUST000053,BR0004,2024-04-11,BUSINESS,651973.9,60,PENDING,D
APP00004248,CUST002696,BR0041,2024-06-28,VEHICLE,1093200.92,48,APPROVED,D
APP00004249,CUST009852,BR0025,2025-01-01,PERSONAL,1649152.21,24,APPROVED,A
APP00004250,CUST008470,BR0023,2025-07-07,BUSINESS,640518.45,48,APPROVED,E
APP00004251,CUST003832,BR0042,2024-12-21,CONSUMER_DURABLE,338627.22,48,REJECTED,C
APP00004252,CUST000405,BR0028,2025-04-27,VEHICLE,1665153.84,60,APPROVED,D
APP00004253,CUST003332,BR0042,2026-06-08,BUSINESS,1947439.82,18,PENDING,B
APP00004254,CUST004658,BR0013,2024-08-14,BUSINESS,994872.71,60,APPROVED,C
APP00004255,CUST006081,BR0026,2026-05-18,PERSONAL,1536261.55,60,APPROVED,A
APP00004256,CUST002079,BR0001,2025-06-28,PERSONAL,728508.22,48,APPROVED,B
APP00004257,CUST008610,BR0024,2024-07-29,BUSINESS,1006773.64,12,PENDING,C
APP00004258,CUST005002,BR0019,2024-10-18,PERSONAL,1755283.76,18,REJECTED,A
APP00004259,CUST004673,BR0004,2026-06-06,CONSUMER_DURABLE,1458868.37,48,APPROVED,C
APP00004260,CUST007642,BR0008,2025-04-22,CONSUMER_DURABLE,290897.5,36,APPROVED,C
APP00004261,CUST004167,BR0010,2026-02-05,BUSINESS,1443096.39,12,PENDING,A
APP00004262,CUST004189,BR0016,2026-01-15,CONSUMER_DURABLE,1091674.22,60,APPROVED,A
APP00004263,CUST007336,BR0041,2024-03-31,CONSUMER_DURABLE,1492317.31,12,APPROVED,A
APP00004264,CUST005901,BR0037,2026-07-01,PERSONAL,839594.83,36,REJECTED,E
APP00004265,CUST002311,BR0022,2025-10-16,CONSUMER_DURABLE,1808363.63,36,APPROVED,C
APP00004266,CUST009473,BR0045,2024-01-16,PERSONAL,1913788.23,24,PENDING,D
APP00004267,CUST009653,BR0019,2025-12-09,PERSONAL,819372.85,48,PENDING,D
APP00004268,CUST006754,BR0030,2025-07-04,PERSONAL,1854332.9,36,PENDING,C
APP00004269,CUST009949,BR0045,2025-11-17,CONSUMER_DURABLE,1842603.29,36,PENDING,D
APP00004270,CUST008283,BR0007,2025-10-05,BUSINESS,1418328.82,36,PENDING,B
APP00004271,CUST007065,BR0016,2024-07-17,VEHICLE,512443.79,24,APPROVED,E
APP00004272,CUST009220,BR0012,2024-01-25,PERSONAL,625853.65,24,PENDING,C
APP00004273,CUST009567,BR0034,2025-12-16,CONSUMER_DURABLE,271962.66,48,REJECTED,A
APP00004274,CUST000014,BR0002,2024-05-08,CONSUMER_DURABLE,1667577.13,24,APPROVED,E
APP00004275,CUST008108,BR0014,2024-02-04,BUSINESS,771430.95,60,REJECTED,D
APP00004276,CUST005907,BR0011,2025-06-13,CONSUMER_DURABLE,755862.42,24,REJECTED,A
APP00004277,CUST009340,BR0021,2024-12-08,PERSONAL,1911807.57,60,REJECTED,A
APP00004278,CUST007600,BR0009,2024-01-01,PERSONAL,1590818.63,24,APPROVED,A
APP00004279,CUST009023,BR0004,2026-01-04,CONSUMER_DURABLE,1974740.51,18,APPROVED,B
APP00004280,CUST000180,BR0037,2024-10-14,CONSUMER_DURABLE,1235330.62,36,PENDING,B
APP00004281,CUST000331,BR0008,2026-03-29,VEHICLE,70739.73,48,APPROVED,C
APP00004282,CUST000435,BR0008,2024-12-13,PERSONAL,659380.92,48,PENDING,E
APP00004283,CUST007381,BR0014,2026-05-15,CONSUMER_DURABLE,1566967.19,18,APPROVED,D
APP00004284,CUST007437,BR0046,2026-02-16,VEHICLE,1558282.88,12,APPROVED,D
APP00004285,CUST006812,BR0045,2024-03-29,VEHICLE,1034014.72,18,REJECTED,A
APP00004286,CUST006806,BR0042,2024-04-23,BUSINESS,1404486.07,24,REJECTED,D
APP00004287,CUST008443,BR0019,2026-01-07,VEHICLE,1153634.25,18,APPROVED,C
APP00004288,CUST005734,BR0024,2025-01-13,BUSINESS,533987.09,24,REJECTED,B
APP00004289,CUST009522,BR0026,2026-04-08,CONSUMER_DURABLE,1019137.02,18,APPROVED,D
APP00004290,CUST004857,BR0006,2025-07-03,PERSONAL,1049218.79,18,REJECTED,D
APP00004291,CUST000628,BR0002,2024-05-08,BUSINESS,430422.36,24,PENDING,E
APP00004292,CUST006059,BR0042,2025-08-07,CONSUMER_DURABLE,1708318.66,12,REJECTED,B
APP00004293,CUST008719,BR0029,2026-03-13,CONSUMER_DURABLE,380415.49,24,APPROVED,E
APP00004294,CUST008547,BR0048,2025-10-14,BUSINESS,106223.33,12,APPROVED,A
APP00004295,CUST006194,BR0017,2025-06-10,CONSUMER_DURABLE,1302118.38,12,REJECTED,A
APP00004296,CUST007263,BR0010,2025-01-16,CONSUMER_DURABLE,983911.99,60,APPROVED,C
APP00004297,CUST003528,BR0038,2026-01-21,CONSUMER_DURABLE,1547511.18,24,PENDING,A
APP00004298,CUST003560,BR0006,2024-04-01,PERSONAL,497871.44,12,APPROVED,E
APP00004299,CUST004495,BR0048,2026-01-27,BUSINESS,187123.95,60,APPROVED,A
APP00004300,CUST009578,BR0005,2024-06-18,CONSUMER_DURABLE,1241095.43,48,PENDING,D
APP00004301,CUST001962,BR0017,2025-01-11,VEHICLE,704531.78,12,REJECTED,C
APP00004302,CUST000901,BR0018,2024-05-30,BUSINESS,1763453.61,36,APPROVED,D
APP00004303,CUST009089,BR0044,2025-06-13,VEHICLE,840103.73,60,PENDING,A
APP00004304,CUST002864,BR0025,2025-09-25,CONSUMER_DURABLE,820595.06,36,PENDING,D
APP00004305,CUST002556,BR0013,2025-05-05,BUSINESS,942229.91,48,REJECTED,B
APP00004306,CUST002301,BR0031,2024-05-25,CONSUMER_DURABLE,1022270.07,12,REJECTED,E
APP00004307,CUST008373,BR0049,2025-07-31,PERSONAL,374204.67,60,APPROVED,B
APP00004308,CUST006761,BR0022,2024-10-30,VEHICLE,1312883.49,24,APPROVED,C
APP00004309,CUST009463,BR0042,2025-10-22,CONSUMER_DURABLE,526948.07,48,REJECTED,D
APP00004310,CUST009060,BR0030,2024-03-08,VEHICLE,1622687.84,24,APPROVED,C
APP00004311,CUST005369,BR0011,2024-01-16,CONSUMER_DURABLE,111980.54,12,APPROVED,C
APP00004312,CUST004584,BR0036,2026-03-05,VEHICLE,1413649.66,60,APPROVED,A
APP00004313,CUST005440,BR0010,2025-10-29,VEHICLE,354370.97,18,REJECTED,D
APP00004314,CUST004783,BR0020,2024-09-01,VEHICLE,1616726.22,36,APPROVED,A
APP00004315,CUST001702,BR0039,2026-02-18,BUSINESS,1387366.77,24,APPROVED,E
APP00004316,CUST004584,BR0034,2026-09-24,PERSONAL,1710724.87,24,APPROVED,A
APP00004317,CUST002168,BR0029,2024-11-30,BUSINESS,1326943.76,24,PENDING,D
APP00004318,CUST009554,BR0016,2026-05-12,CONSUMER_DURABLE,1836748.2,60,PENDING,A
APP00004319,CUST006536,BR0043,2025-02-08,CONSUMER_DURABLE,246187.37,48,PENDING,E
APP00004320,CUST009115,BR0029,2026-01-08,BUSINESS,432227.22,48,REJECTED,C
APP00004321,CUST005854,BR0037,2025-12-10,BUSINESS,687186.28,36,PENDING,C
APP00004322,CUST001154,BR0019,2025-08-01,BUSINESS,1423211.01,60,PENDING,E
APP00004323,CUST000622,BR0006,2024-01-11,BUSINESS,889884.61,36,REJECTED,C
APP00004324,CUST007661,BR0032,2024-03-20,PERSONAL,1318875.23,18,APPROVED,E
APP00004325,CUST003320,BR0005,2025-11-13,VEHICLE,608486.47,48,REJECTED,E
APP00004326,CUST006220,BR0025,2024-08-25,PERSONAL,672194.85,18,PENDING,E
APP00004327,CUST005441,BR0047,2026-03-08,BUSINESS,994837.88,48,REJECTED,C
APP00004328,CUST004800,BR0014,2024-04-13,PERSONAL,760180.47,36,PENDING,D
APP00004329,CUST002607,BR0020,2026-09-25,VEHICLE,324668.74,36,REJECTED,A
APP00004330,CUST008011,BR0026,2025-12-07,VEHICLE,104126.1,48,APPROVED,E
APP00004331,CUST002670,BR0002,2025-11-19,BUSINESS,1019440.25,24,REJECTED,B
APP00004332,CUST002797,BR0009,2024-10-20,VEHICLE,744245.4,12,APPROVED,C
APP00004333,CUST008752,BR0031,2025-02-20,VEHICLE,358795.76,48,PENDING,C
APP00004334,CUST002072,BR0003,2026-04-01,BUSINESS,1793005.83,18,PENDING,D
APP00004335,CUST009502,BR0022,2024-02-21,VEHICLE,1314634.12,24,APPROVED,A
APP00004336,CUST005213,BR0003,2025-08-27,BUSINESS,1596738.02,48,PENDING,D
APP00004337,CUST002530,BR0024,2024-11-06,PERSONAL,329529.99,48,APPROVED,E
APP00004338,CUST003946,BR0034,2025-12-01,VEHICLE,1621435.23,18,APPROVED,A
APP00004339,CUST004681,BR0008,2026-09-09,BUSINESS,1931563.04,48,APPROVED,A
APP00004340,CUST002256,BR0029,2024-09-26,CONSUMER_DURABLE,768172.17,24,APPROVED,D
APP00004341,CUST001556,BR0025,2025-09-19,CONSUMER_DURABLE,896564.74,48,APPROVED,D
APP00004342,CUST009730,BR0028,2025-05-29,VEHICLE,215236.55,12,PENDING,E
APP00004343,CUST006795,BR0009,2025-12-20,CONSUMER_DURABLE,1686279.29,48,APPROVED,B
APP00004344,CUST001025,BR0013,2024-02-01,PERSONAL,1615455.87,36,APPROVED,B
APP00004345,CUST007733,BR0042,2024-08-29,BUSINESS,495120.47,24,APPROVED,A
APP00004346,CUST002706,BR0004,2025-03-12,VEHICLE,1783272.32,24,REJECTED,B
APP00004347,CUST008293,BR0049,2024-01-21,PERSONAL,1571647.83,48,APPROVED,B
APP00004348,CUST007498,BR0006,2025-12-17,PERSONAL,1189183.15,60,APPROVED,C
APP00004349,CUST005532,BR0045,2024-09-30,BUSINESS,1351345.26,48,APPROVED,C
APP00004350,CUST001804,BR0013,2025-12-19,CONSUMER_DURABLE,1147062.76,18,PENDING,C
APP00004351,CUST002190,BR0030,2025-09-30,PERSONAL,691332.01,60,APPROVED,C
APP00004352,CUST004031,BR0004,2024-08-08,VEHICLE,559131.21,48,PENDING,D
APP00004353,CUST000276,BR0046,2025-07-10,CONSUMER_DURABLE,770460.96,36,APPROVED,C
APP00004354,CUST005755,BR0028,2026-08-15,PERSONAL,1053676.5,18,APPROVED,C
APP00004355,CUST009039,BR0044,2026-05-13,VEHICLE,1923392.51,12,REJECTED,C
APP00004356,CUST009758,BR0046,2025-09-10,VEHICLE,1473636.79,48,APPROVED,E
APP00004357,CUST003358,BR0008,2026-02-15,CONSUMER_DURABLE,1698781.86,18,REJECTED,C
APP00004358,CUST008678,BR0032,2024-10-08,PERSONAL,1644132.05,12,PENDING,D
APP00004359,CUST009599,BR0045,2026-04-04,CONSUMER_DURABLE,742122.09,60,REJECTED,B
APP00004360,CUST003030,BR0025,2024-11-25,BUSINESS,1416198.03,60,APPROVED,C
APP00004361,CUST006835,BR0029,2024-11-10,PERSONAL,1727689.66,18,REJECTED,B
APP00004362,CUST009207,BR0032,2026-05-23,VEHICLE,1977421.22,18,APPROVED,B
APP00004363,CUST002801,BR0027,2024-03-08,PERSONAL,308097.16,48,REJECTED,D
APP00004364,CUST006861,BR0040,2025-09-01,PERSONAL,204991.16,60,PENDING,C
APP00004365,CUST007373,BR0038,2024-09-09,VEHICLE,566623.01,24,APPROVED,B
APP00004366,CUST004515,BR0048,2026-09-10,CONSUMER_DURABLE,410668.47,60,PENDING,D
APP00004367,CUST003134,BR0047,2024-10-10,CONSUMER_DURABLE,1588756.35,48,APPROVED,E
APP00004368,CUST005952,BR0001,2025-03-01,VEHICLE,886016.61,36,APPROVED,E
APP00004369,CUST002724,BR0004,2024-12-04,VEHICLE,404895.23,36,REJECTED,D
APP00004370,CUST007973,BR0026,2026-09-10,PERSONAL,970489.62,48,PENDING,C
APP00004371,CUST008711,BR0029,2026-09-11,VEHICLE,1724102.51,18,REJECTED,E
APP00004372,CUST002714,BR0039,2024-04-08,VEHICLE,1852040.71,48,REJECTED,A
APP00004373,CUST009232,BR0038,2024-09-30,VEHICLE,1138579.39,36,APPROVED,B
APP00004374,CUST006982,BR0033,2025-02-14,BUSINESS,752598.56,12,APPROVED,D
APP00004375,CUST004747,BR0045,2024-03-06,CONSUMER_DURABLE,178897.14,60,APPROVED,C
APP00004376,CUST005921,BR0003,2026-07-14,VEHICLE,1062628.03,18,REJECTED,D
APP00004377,CUST005756,BR0019,2025-06-24,VEHICLE,1406227.44,36,APPROVED,B
APP00004378,CUST006089,BR0015,2024-06-01,BUSINESS,156414.44,24,APPROVED,D
APP00004379,CUST001384,BR0021,2026-08-13,BUSINESS,765378.6,36,REJECTED,D
APP00004380,CUST003500,BR0031,2026-05-17,PERSONAL,1466395.59,18,PENDING,D
APP00004381,CUST008722,BR0034,2025-05-22,PERSONAL,846628.58,36,APPROVED,D
APP00004382,CUST000059,BR0015,2026-03-15,VEHICLE,151032.07,60,PENDING,B
APP00004383,CUST007478,BR0017,2026-07-03,CONSUMER_DURABLE,860184.63,24,PENDING,C
APP00004384,CUST001370,BR0042,2024-04-29,PERSONAL,1912151.92,18,APPROVED,E
APP00004385,CUST006289,BR0006,2024-07-27,VEHICLE,457681.62,48,REJECTED,D
APP00004386,CUST008590,BR0012,2025-01-17,PERSONAL,449818.95,18,APPROVED,D
APP00004387,CUST002649,BR0024,2025-05-14,BUSINESS,109358.61,12,APPROVED,D
APP00004388,CUST003679,BR0036,2025-10-11,PERSONAL,63460.46,60,APPROVED,B
APP00004389,CUST007904,BR0004,2025-07-27,PERSONAL,1006904.96,48,APPROVED,E
APP00004390,CUST000360,BR0049,2025-10-06,PERSONAL,271919.96,18,REJECTED,B
APP00004391,CUST001519,BR0027,2024-08-15,BUSINESS,145478.05,48,APPROVED,E
APP00004392,CUST007870,BR0017,2024-11-27,PERSONAL,1034988.85,36,REJECTED,C
APP00004393,CUST008607,BR0009,2026-07-20,PERSONAL,540952.66,24,REJECTED,A
APP00004394,CUST002138,BR0013,2025-06-10,PERSONAL,586761.53,18,PENDING,B
APP00004395,CUST000818,BR0021,2024-01-12,PERSONAL,1289324.04,18,APPROVED,B
APP00004396,CUST006946,BR0007,2025-01-20,VEHICLE,879239.92,18,REJECTED,A
APP00004397,CUST006081,BR0016,2025-03-07,VEHICLE,406480.71,12,REJECTED,B
APP00004398,CUST000649,BR0045,2026-09-17,VEHICLE,947965.73,24,APPROVED,A
APP00004399,CUST004575,BR0019,2024-08-12,PERSONAL,1232876.66,36,REJECTED,C
APP00004400,CUST001235,BR0038,2025-06-02,BUSINESS,594997.96,24,REJECTED,B
APP00004401,CUST007682,BR0021,2025-06-07,PERSONAL,1403154.7,48,APPROVED,A
APP00004402,CUST007849,BR0048,2026-06-30,PERSONAL,669696.69,60,APPROVED,E
APP00004403,CUST008481,BR0033,2025-02-11,BUSINESS,1977039.78,36,PENDING,B
APP00004404,CUST006992,BR0043,2025-01-26,VEHICLE,1589262.02,48,REJECTED,B
APP00004405,CUST004911,BR0003,2026-09-14,VEHICLE,205911.13,36,APPROVED,D
APP00004406,CUST006957,BR0014,2026-08-11,BUSINESS,67832.86,18,APPROVED,D
APP00004407,CUST001197,BR0032,2026-03-13,VEHICLE,219830.77,24,REJECTED,B
APP00004408,CUST003411,BR0007,2024-10-07,BUSINESS,522807.39,60,APPROVED,C
APP00004409,CUST008802,BR0003,2025-07-05,PERSONAL,622979.14,18,APPROVED,A
APP00004410,CUST002417,BR0037,2026-08-14,CONSUMER_DURABLE,1247704.24,48,REJECTED,B
APP00004411,CUST006765,BR0002,2025-09-07,PERSONAL,816895.25,12,APPROVED,B
APP00004412,CUST003215,BR0045,2026-08-29,BUSINESS,1901431.63,36,REJECTED,A
APP00004413,CUST001496,BR0026,2024-10-22,VEHICLE,1610029.22,48,APPROVED,E
APP00004414,CUST002889,BR0026,2025-07-13,BUSINESS,1995514.53,60,APPROVED,B
APP00004415,CUST004969,BR0016,2025-11-21,PERSONAL,76671.03,36,APPROVED,A
APP00004416,CUST002176,BR0033,2024-02-16,CONSUMER_DURABLE,336310.93,36,APPROVED,D
APP00004417,CUST008863,BR0016,2024-12-29,PERSONAL,1870833.36,48,PENDING,A
APP00004418,CUST007031,BR0032,2024-03-30,BUSINESS,1427642.24,24,REJECTED,C
APP00004419,CUST000360,BR0044,2025-01-12,CONSUMER_DURABLE,1997894.21,36,APPROVED,C
APP00004420,CUST006871,BR0017,2026-09-27,PERSONAL,1662247.47,36,APPROVED,E
APP00004421,CUST006160,BR0030,2024-02-04,PERSONAL,1671788.89,18,PENDING,B
APP00004422,CUST005971,BR0025,2024-02-24,PERSONAL,1681249.51,12,PENDING,C
APP00004423,CUST006596,BR0029,2025-07-28,CONSUMER_DURABLE,621266.04,18,REJECTED,B
APP00004424,CUST004397,BR0012,2024-12-24,VEHICLE,546527.63,36,PENDING,E
APP00004425,CUST007340,BR0036,2024-03-26,PERSONAL,1131941.74,24,APPROVED,E
APP00004426,CUST001895,BR0041,2025-02-12,CONSUMER_DURABLE,945125.67,48,REJECTED,A
APP00004427,CUST003124,BR0013,2024-06-30,BUSINESS,1933378.2,24,APPROVED,E
APP00004428,CUST005347,BR0013,2026-05-15,VEHICLE,1418186.02,18,APPROVED,B
APP00004429,CUST001895,BR0041,2025-09-02,PERSONAL,1588321.48,48,REJECTED,B
APP00004430,CUST005795,BR0024,2024-03-13,PERSONAL,1622262.19,60,APPROVED,D
APP00004431,CUST006734,BR0017,2025-05-04,PERSONAL,923552.06,18,APPROVED,B
APP00004432,CUST006492,BR0033,2025-01-03,PERSONAL,1455401.71,12,PENDING,C
APP00004433,CUST009766,BR0043,2024-05-25,PERSONAL,283210.26,24,APPROVED,B
APP00004434,CUST001044,BR0004,2024-10-03,BUSINESS,1021417.17,60,APPROVED,E
APP00004435,CUST005509,BR0046,2025-07-14,PERSONAL,1970735.28,24,APPROVED,E
APP00004436,CUST003795,BR0015,2026-03-30,BUSINESS,310849.65,12,APPROVED,C
APP00004437,CUST000779,BR0038,2024-02-14,CONSUMER_DURABLE,290125.52,12,APPROVED,C
APP00004438,CUST006775,BR0046,2025-11-12,VEHICLE,1005790.57,24,APPROVED,C
APP00004439,CUST003355,BR0005,2026-06-24,CONSUMER_DURABLE,535064.51,24,REJECTED,A
APP00004440,CUST004651,BR0013,2025-10-06,CONSUMER_DURABLE,766661.57,12,APPROVED,B
APP00004441,CUST008228,BR0030,2024-02-08,PERSONAL,744049.35,12,APPROVED,C
APP00004442,CUST003589,BR0019,2024-02-02,CONSUMER_DURABLE,930827.58,48,APPROVED,E
APP00004443,CUST005167,BR0017,2024-09-06,PERSONAL,1283776.3,60,REJECTED,A
APP00004444,CUST007807,BR0019,2026-02-02,VEHICLE,129288.29,48,APPROVED,C
APP00004445,CUST001505,BR0048,2025-07-25,CONSUMER_DURABLE,776078.11,18,PENDING,E
APP00004446,CUST006156,BR0016,2024-01-18,BUSINESS,926734.66,18,APPROVED,E
APP00004447,CUST008815,BR0021,2025-07-13,VEHICLE,1420038.55,12,PENDING,C
APP00004448,CUST006243,BR0049,2025-01-31,PERSONAL,1705148.94,60,APPROVED,B
APP00004449,CUST007736,BR0034,2026-05-24,BUSINESS,511423.9,36,APPROVED,A
APP00004450,CUST003484,BR0018,2026-09-29,VEHICLE,1158805.84,48,PENDING,A
APP00004451,CUST004270,BR0038,2024-06-19,PERSONAL,1309513.75,36,REJECTED,B
APP00004452,CUST008897,BR0038,2025-03-18,CONSUMER_DURABLE,211729.68,60,REJECTED,A
APP00004453,CUST002967,BR0034,2026-03-13,CONSUMER_DURABLE,75916.1,18,PENDING,B
APP00004454,CUST006910,BR0013,2025-02-24,BUSINESS,333616.55,60,REJECTED,E
APP00004455,CUST004634,BR0028,2025-09-27,CONSUMER_DURABLE,139888.96,18,APPROVED,C
APP00004456,CUST000786,BR0039,2026-09-10,BUSINESS,1282708.49,12,APPROVED,D
APP00004457,CUST008457,BR0018,2024-04-14,VEHICLE,502420.42,18,REJECTED,D
APP00004458,CUST003963,BR0044,2025-08-10,PERSONAL,1464427.02,36,REJECTED,B
APP00004459,CUST005222,BR0001,2025-12-04,VEHICLE,993795.64,36,PENDING,C
APP00004460,CUST008859,BR0021,2024-01-08,VEHICLE,529595.78,36,PENDING,C
APP00004461,CUST003386,BR0035,2026-09-20,BUSINESS,584141.31,60,PENDING,B
APP00004462,CUST001306,BR0022,2026-09-11,BUSINESS,532327.15,48,REJECTED,B
APP00004463,CUST000890,BR0020,2024-05-04,CONSUMER_DURABLE,199049.3,60,PENDING,A
APP00004464,CUST002834,BR0013,2026-01-18,VEHICLE,1725987.65,60,APPROVED,A
APP00004465,CUST009018,BR0023,2024-08-08,CONSUMER_DURABLE,1408558.43,12,APPROVED,A
APP00004466,CUST007984,BR0020,2026-05-29,VEHICLE,959011.92,18,APPROVED,E
APP00004467,CUST008333,BR0002,2025-09-11,CONSUMER_DURABLE,1615032.14,48,APPROVED,D
APP00004468,CUST005795,BR0037,2024-07-12,VEHICLE,1250654.88,36,APPROVED,B
APP00004469,CUST005450,BR0001,2025-11-21,VEHICLE,1131001.6,36,APPROVED,D
APP00004470,CUST006252,BR0002,2025-09-11,VEHICLE,1542775.25,48,APPROVED,B
APP00004471,CUST004700,BR0038,2025-05-27,BUSINESS,1601274.0,12,REJECTED,D
APP00004472,CUST003147,BR0028,2024-10-03,CONSUMER_DURABLE,969433.7,12,REJECTED,A
APP00004473,CUST002266,BR0029,2024-08-14,VEHICLE,1660470.58,18,REJECTED,B
APP00004474,CUST000771,BR0046,2025-09-29,BUSINESS,746089.6,12,APPROVED,E
APP00004475,CUST005842,BR0049,2026-07-15,BUSINESS,1049905.59,24,APPROVED,E
APP00004476,CUST004378,BR0031,2026-08-12,PERSONAL,1846069.76,24,PENDING,E
APP00004477,CUST005018,BR0048,2025-08-28,VEHICLE,1758056.89,36,APPROVED,D
APP00004478,CUST007031,BR0011,2026-04-27,CONSUMER_DURABLE,1755228.05,60,APPROVED,D
APP00004479,CUST006674,BR0017,2025-09-19,VEHICLE,1191839.2,36,APPROVED,B
APP00004480,CUST009679,BR0004,2024-06-12,CONSUMER_DURABLE,64985.94,48,REJECTED,E
APP00004481,CUST006119,BR0020,2025-12-08,BUSINESS,1472562.48,12,REJECTED,E
APP00004482,CUST001770,BR0007,2025-02-15,CONSUMER_DURABLE,889771.06,48,APPROVED,A
APP00004483,CUST004120,BR0001,2024-09-26,BUSINESS,1528631.19,24,APPROVED,A
APP00004484,CUST009251,BR0009,2025-08-05,VEHICLE,933617.72,18,APPROVED,B
APP00004485,CUST009816,BR0018,2024-12-16,CONSUMER_DURABLE,1115478.86,24,APPROVED,A
APP00004486,CUST004507,BR0011,2026-05-15,PERSONAL,1469864.21,24,APPROVED,A
APP00004487,CUST005965,BR0041,2026-02-16,VEHICLE,1211480.2,12,APPROVED,A
APP00004488,CUST008994,BR0047,2024-03-26,PERSONAL,1376633.28,60,PENDING,D
APP00004489,CUST006335,BR0023,2024-02-16,CONSUMER_DURABLE,270849.11,48,PENDING,C
APP00004490,CUST007041,BR0042,2024-06-14,BUSINESS,307475.56,48,APPROVED,A
APP00004491,CUST007768,BR0021,2026-03-20,PERSONAL,452718.1,48,APPROVED,A
APP00004492,CUST003558,BR0035,2026-04-08,BUSINESS,1600989.26,12,APPROVED,E
APP00004493,CUST004713,BR0048,2026-07-26,BUSINESS,1673726.9,18,PENDING,B
APP00004494,CUST002224,BR0027,2024-07-26,CONSUMER_DURABLE,1753710.54,36,APPROVED,C
APP00004495,CUST003930,BR0003,2026-03-08,VEHICLE,1790298.33,24,REJECTED,C
APP00004496,CUST003323,BR0032,2025-05-21,BUSINESS,1449209.5,60,REJECTED,C
APP00004497,CUST003252,BR0032,2024-01-18,CONSUMER_DURABLE,1166492.83,24,REJECTED,C
APP00004498,CUST009695,BR0046,2024-12-17,CONSUMER_DURABLE,1477587.74,12,REJECTED,C
APP00004499,CUST009794,BR0024,2024-01-12,PERSONAL,818007.28,12,APPROVED,B
APP00004500,CUST002069,BR0024,2025-07-20,BUSINESS,799557.31,36,REJECTED,D
APP00004501,CUST000313,BR0013,2024-05-31,CONSUMER_DURABLE,1006826.06,24,PENDING,C
APP00004502,CUST006052,BR0009,2025-09-26,CONSUMER_DURABLE,1350122.99,60,APPROVED,C
APP00004503,CUST008838,BR0018,2025-11-06,VEHICLE,627235.28,48,APPROVED,D
APP00004504,CUST005138,BR0009,2026-04-17,PERSONAL,948042.89,18,REJECTED,C
APP00004505,CUST001577,BR0016,2024-01-31,VEHICLE,686976.12,18,PENDING,A
APP00004506,CUST008680,BR0015,2026-08-16,BUSINESS,1264579.46,60,REJECTED,C
APP00004507,CUST000624,BR0039,2025-05-02,VEHICLE,990552.33,24,PENDING,E
APP00004508,CUST004785,BR0040,2024-12-15,VEHICLE,1357522.75,12,APPROVED,C
APP00004509,CUST000328,BR0028,2025-07-16,VEHICLE,818419.45,12,PENDING,B
APP00004510,CUST005727,BR0039,2024-09-09,VEHICLE,1588525.52,36,PENDING,D
APP00004511,CUST007517,BR0021,2025-04-24,CONSUMER_DURABLE,1479502.41,36,APPROVED,A
APP00004512,CUST008508,BR0031,2026-04-24,VEHICLE,1396809.02,48,APPROVED,B
APP00004513,CUST009618,BR0027,2024-04-15,VEHICLE,1800732.09,24,PENDING,E
APP00004514,CUST006310,BR0018,2024-01-09,PERSONAL,829510.3,18,REJECTED,C
APP00004515,CUST007411,BR0036,2025-01-08,PERSONAL,1728198.25,48,REJECTED,C
APP00004516,CUST009367,BR0045,2025-08-08,PERSONAL,404231.23,12,APPROVED,B
APP00004517,CUST006079,BR0018,2025-07-04,BUSINESS,958055.36,24,APPROVED,B
APP00004518,CUST007423,BR0006,2025-07-01,BUSINESS,1633875.48,60,PENDING,A
APP00004519,CUST009675,BR0024,2026-05-20,CONSUMER_DURABLE,1953777.39,12,REJECTED,A
APP00004520,CUST004996,BR0030,2025-08-17,BUSINESS,665817.48,24,APPROVED,A
APP00004521,CUST002124,BR0013,2024-01-17,VEHICLE,1943660.55,12,REJECTED,A
APP00004522,CUST007489,BR0023,2026-07-23,PERSONAL,521854.32,48,APPROVED,C
APP00004523,CUST006630,BR0035,2024-04-16,VEHICLE,1946193.82,48,REJECTED,B
APP00004524,CUST000391,BR0022,2025-08-25,PERSONAL,1299226.11,36,REJECTED,B
APP00004525,CUST009119,BR0040,2026-05-05,BUSINESS,1031794.92,48,PENDING,C
APP00004526,CUST005284,BR0024,2025-07-29,BUSINESS,1879297.03,12,APPROVED,B
APP00004527,CUST006369,BR0008,2024-08-15,PERSONAL,178153.16,24,REJECTED,D
APP00004528,CUST006231,BR0014,2024-01-09,CONSUMER_DURABLE,705601.36,36,APPROVED,B
APP00004529,CUST003042,BR0043,2025-11-19,CONSUMER_DURABLE,227672.09,48,APPROVED,D
APP00004530,CUST007293,BR0015,2025-05-31,CONSUMER_DURABLE,1799033.28,48,APPROVED,B
APP00004531,CUST006737,BR0039,2026-04-21,VEHICLE,1514759.72,12,PENDING,B
APP00004532,CUST002805,BR0010,2025-09-25,PERSONAL,1755459.73,60,REJECTED,E
APP00004533,CUST009847,BR0019,2024-11-05,PERSONAL,779482.96,24,APPROVED,D
APP00004534,CUST000836,BR0017,2025-11-01,BUSINESS,1601260.75,36,PENDING,B
APP00004535,CUST009815,BR0024,2024-08-18,CONSUMER_DURABLE,571375.97,60,PENDING,C
APP00004536,CUST004330,BR0005,2026-02-27,PERSONAL,428256.35,18,PENDING,B
APP00004537,CUST007138,BR0038,2024-03-14,PERSONAL,1364422.2,60,REJECTED,C
APP00004538,CUST007626,BR0044,2026-01-26,BUSINESS,298598.86,12,PENDING,B
APP00004539,CUST000568,BR0050,2025-07-15,PERSONAL,866154.01,36,REJECTED,A
APP00004540,CUST004022,BR0021,2025-03-03,VEHICLE,136373.11,36,PENDING,B
APP00004541,CUST009435,BR0010,2026-07-20,BUSINESS,1534755.73,36,PENDING,C
APP00004542,CUST002604,BR0046,2026-02-15,BUSINESS,418306.42,48,PENDING,B
APP00004543,CUST000283,BR0027,2024-08-06,PERSONAL,768287.06,60,APPROVED,A
APP00004544,CUST000408,BR0007,2025-09-18,CONSUMER_DURABLE,536050.69,60,PENDING,E
APP00004545,CUST001870,BR0024,2025-11-16,CONSUMER_DURABLE,1574118.5,48,APPROVED,C
APP00004546,CUST003895,BR0026,2026-07-30,VEHICLE,387740.37,48,APPROVED,C
APP00004547,CUST002483,BR0023,2026-09-08,CONSUMER_DURABLE,339946.27,18,APPROVED,E
APP00004548,CUST005126,BR0008,2026-03-01,VEHICLE,1935364.89,18,REJECTED,B
APP00004549,CUST003637,BR0029,2025-08-04,CONSUMER_DURABLE,296425.4,36,PENDING,A
APP00004550,CUST002779,BR0042,2026-01-01,CONSUMER_DURABLE,1324092.18,60,APPROVED,B
APP00004551,CUST002505,BR0049,2026-01-14,VEHICLE,389276.56,36,PENDING,E
APP00004552,CUST008028,BR0049,2026-05-21,CONSUMER_DURABLE,835327.92,48,APPROVED,B
APP00004553,CUST001080,BR0043,2024-01-11,CONSUMER_DURABLE,573967.71,24,REJECTED,A
APP00004554,CUST004758,BR0016,2026-07-01,BUSINESS,1709880.06,12,PENDING,C
APP00004555,CUST007060,BR0014,2025-12-07,CONSUMER_DURABLE,308111.5,12,APPROVED,A
APP00004556,CUST001336,BR0026,2025-01-07,VEHICLE,1681531.46,12,APPROVED,C
APP00004557,CUST006592,BR0026,2024-06-06,VEHICLE,100831.17,18,APPROVED,E
APP00004558,CUST004282,BR0030,2026-02-02,BUSINESS,1071193.43,60,APPROVED,D
APP00004559,CUST001285,BR0035,2024-05-11,BUSINESS,321812.71,18,APPROVED,C
APP00004560,CUST002928,BR0033,2024-06-05,PERSONAL,689804.29,48,APPROVED,A
APP00004561,CUST000596,BR0017,2026-07-14,BUSINESS,1592799.16,18,REJECTED,E
APP00004562,CUST003609,BR0007,2024-10-03,BUSINESS,120090.07,24,APPROVED,B
APP00004563,CUST004302,BR0019,2026-03-08,CONSUMER_DURABLE,1940471.39,18,APPROVED,B
APP00004564,CUST004947,BR0035,2026-05-31,CONSUMER_DURABLE,1164926.49,12,PENDING,A
APP00004565,CUST004749,BR0013,2025-07-05,BUSINESS,1220213.54,12,REJECTED,E
APP00004566,CUST006245,BR0037,2025-06-30,BUSINESS,1501748.37,24,APPROVED,B
APP00004567,CUST000352,BR0020,2024-07-26,PERSONAL,1238224.22,60,APPROVED,E
APP00004568,CUST009577,BR0016,2025-04-29,BUSINESS,1738466.67,48,REJECTED,C
APP00004569,CUST002248,BR0016,2026-07-30,CONSUMER_DURABLE,1323506.35,18,PENDING,A
APP00004570,CUST009020,BR0004,2024-05-26,BUSINESS,1975505.96,18,APPROVED,B
APP00004571,CUST007982,BR0012,2024-08-18,VEHICLE,252748.91,18,APPROVED,A
APP00004572,CUST003181,BR0038,2026-06-03,BUSINESS,758864.47,60,PENDING,C
APP00004573,CUST002803,BR0023,2026-09-29,BUSINESS,171307.36,36,APPROVED,D
APP00004574,CUST004043,BR0039,2026-01-31,BUSINESS,184188.22,48,PENDING,B
APP00004575,CUST000647,BR0009,2024-03-21,VEHICLE,1942346.72,18,APPROVED,B
APP00004576,CUST005854,BR0048,2025-05-20,BUSINESS,1611147.98,24,APPROVED,A
APP00004577,CUST006051,BR0038,2025-04-08,VEHICLE,1136290.48,24,REJECTED,A
APP00004578,CUST009092,BR0026,2024-08-11,CONSUMER_DURABLE,1605790.07,36,PENDING,E
APP00004579,CUST004707,BR0005,2024-03-24,VEHICLE,1213309.91,18,APPROVED,E
APP00004580,CUST001551,BR0044,2024-07-28,PERSONAL,412737.11,18,APPROVED,D
APP00004581,CUST004474,BR0037,2026-08-10,VEHICLE,342494.04,12,APPROVED,C
APP00004582,CUST003947,BR0044,2024-11-27,PERSONAL,637404.75,48,REJECTED,B
APP00004583,CUST002539,BR0035,2025-08-20,PERSONAL,276832.03,48,APPROVED,B
APP00004584,CUST002262,BR0002,2025-05-08,PERSONAL,967940.37,48,APPROVED,C
APP00004585,CUST007844,BR0015,2025-02-24,BUSINESS,850310.93,24,PENDING,D
APP00004586,CUST009665,BR0016,2025-12-01,VEHICLE,298696.58,48,APPROVED,D
APP00004587,CUST004533,BR0004,2026-05-06,VEHICLE,1319222.91,24,PENDING,C
APP00004588,CUST002410,BR0027,2025-07-11,PERSONAL,460096.66,18,REJECTED,D
APP00004589,CUST009296,BR0032,2025-12-10,BUSINESS,1107923.73,48,REJECTED,C
APP00004590,CUST004133,BR0038,2025-06-03,VEHICLE,1118484.65,48,PENDING,A
APP00004591,CUST000218,BR0009,2024-12-28,VEHICLE,891746.41,24,PENDING,B
APP00004592,CUST001280,BR0013,2025-10-24,VEHICLE,702115.2,60,APPROVED,D
APP00004593,CUST001383,BR0023,2024-05-13,VEHICLE,1823476.1,60,APPROVED,D
APP00004594,CUST001679,BR0039,2024-08-07,CONSUMER_DURABLE,1109033.68,12,REJECTED,C
APP00004595,CUST004411,BR0042,2026-09-29,PERSONAL,306161.06,24,APPROVED,B
APP00004596,CUST005714,BR0043,2025-04-06,CONSUMER_DURABLE,202297.63,18,APPROVED,D
APP00004597,CUST005976,BR0005,2024-08-18,BUSINESS,669738.03,60,REJECTED,A
APP00004598,CUST004864,BR0033,2024-06-03,VEHICLE,1572415.34,12,REJECTED,C
APP00004599,CUST000148,BR0037,2026-03-26,CONSUMER_DURABLE,821997.85,12,APPROVED,E
APP00004600,CUST004495,BR0016,2026-06-09,CONSUMER_DURABLE,477433.0,12,REJECTED,D
APP00004601,CUST001041,BR0027,2024-05-13,PERSONAL,885176.1,48,APPROVED,B
APP00004602,CUST006954,BR0003,2025-06-11,BUSINESS,1400678.1,18,APPROVED,D
APP00004603,CUST000935,BR0015,2024-11-09,CONSUMER_DURABLE,787383.89,60,APPROVED,A
APP00004604,CUST003017,BR0038,2025-02-11,PERSONAL,968930.3,18,PENDING,B
APP00004605,CUST007659,BR0007,2025-12-29,VEHICLE,1397840.1,18,APPROVED,B
APP00004606,CUST000530,BR0019,2024-09-06,PERSONAL,1440676.82,18,APPROVED,E
APP00004607,CUST002025,BR0047,2025-05-28,BUSINESS,636682.92,60,APPROVED,D
APP00004608,CUST005870,BR0008,2024-11-29,VEHICLE,967917.97,36,APPROVED,E
APP00004609,CUST003234,BR0046,2024-03-24,CONSUMER_DURABLE,1492004.2,12,PENDING,C
APP00004610,CUST004927,BR0044,2025-07-02,CONSUMER_DURABLE,1493169.79,60,PENDING,A
APP00004611,CUST001338,BR0041,2024-05-27,CONSUMER_DURABLE,1498425.15,60,APPROVED,D
APP00004612,CUST001737,BR0016,2024-08-19,CONSUMER_DURABLE,1712251.02,60,REJECTED,C
APP00004613,CUST000657,BR0031,2024-12-29,PERSONAL,1337008.34,60,APPROVED,C
APP00004614,CUST003722,BR0025,2024-05-30,BUSINESS,474549.67,18,APPROVED,B
APP00004615,CUST006092,BR0030,2026-05-23,PERSONAL,330592.65,60,PENDING,E
APP00004616,CUST002767,BR0013,2026-09-08,BUSINESS,1197567.88,12,PENDING,D
APP00004617,CUST002466,BR0037,2026-04-11,BUSINESS,1559470.57,36,REJECTED,D
APP00004618,CUST002055,BR0039,2024-05-29,CONSUMER_DURABLE,323478.75,12,APPROVED,B
APP00004619,CUST001037,BR0017,2024-11-07,PERSONAL,574738.32,18,PENDING,B
APP00004620,CUST004502,BR0036,2026-07-06,PERSONAL,638976.68,18,APPROVED,A
APP00004621,CUST004090,BR0018,2025-05-28,VEHICLE,508021.18,24,PENDING,A
APP00004622,CUST001180,BR0009,2025-06-29,PERSONAL,1336292.24,48,PENDING,C
APP00004623,CUST008509,BR0005,2024-07-10,PERSONAL,163179.76,18,APPROVED,E
APP00004624,CUST009323,BR0015,2025-11-28,VEHICLE,126915.06,12,PENDING,C
APP00004625,CUST002854,BR0015,2024-08-20,PERSONAL,1669122.83,12,APPROVED,E
APP00004626,CUST000887,BR0005,2025-08-12,PERSONAL,1580631.34,36,PENDING,C
APP00004627,CUST004805,BR0034,2024-03-29,CONSUMER_DURABLE,1282081.93,48,APPROVED,E
APP00004628,CUST005284,BR0048,2026-09-05,PERSONAL,877636.26,48,PENDING,A
APP00004629,CUST005403,BR0050,2026-05-08,PERSONAL,224606.03,18,APPROVED,C
APP00004630,CUST001666,BR0003,2026-02-10,BUSINESS,780649.03,60,REJECTED,E
APP00004631,CUST008003,BR0035,2024-09-01,VEHICLE,749545.73,18,APPROVED,C
APP00004632,CUST006154,BR0024,2025-12-21,CONSUMER_DURABLE,747414.34,12,PENDING,B
APP00004633,CUST008763,BR0018,2024-05-04,VEHICLE,286289.37,36,REJECTED,B
APP00004634,CUST000895,BR0028,2025-04-25,CONSUMER_DURABLE,1507360.36,12,APPROVED,E
APP00004635,CUST001475,BR0050,2025-05-16,BUSINESS,1695348.71,12,APPROVED,E
APP00004636,CUST001236,BR0020,2025-11-28,CONSUMER_DURABLE,1889331.92,36,REJECTED,C
APP00004637,CUST009120,BR0039,2025-01-16,PERSONAL,1486442.02,18,REJECTED,D
APP00004638,CUST006812,BR0014,2024-09-12,VEHICLE,888553.28,18,APPROVED,C
APP00004639,CUST004379,BR0014,2026-08-10,BUSINESS,1756940.96,60,APPROVED,E
APP00004640,CUST004053,BR0050,2025-07-21,BUSINESS,1697839.22,48,APPROVED,B
APP00004641,CUST005925,BR0028,2026-05-07,BUSINESS,864532.93,24,REJECTED,B
APP00004642,CUST004494,BR0049,2024-02-03,PERSONAL,1409805.55,36,APPROVED,C
APP00004643,CUST000615,BR0021,2025-09-06,PERSONAL,400738.58,60,APPROVED,A
APP00004644,CUST007714,BR0048,2024-02-26,CONSUMER_DURABLE,306136.57,60,REJECTED,B
APP00004645,CUST004548,BR0017,2026-01-23,PERSONAL,1591509.4,36,PENDING,E
APP00004646,CUST001672,BR0011,2024-03-20,BUSINESS,441652.42,18,APPROVED,C
APP00004647,CUST001252,BR0038,2025-09-29,CONSUMER_DURABLE,409761.72,24,REJECTED,D
APP00004648,CUST002309,BR0026,2026-05-22,VEHICLE,1023815.86,36,REJECTED,E
APP00004649,CUST004597,BR0016,2026-07-01,BUSINESS,50917.76,60,APPROVED,B
APP00004650,CUST006963,BR0007,2025-10-05,PERSONAL,1357215.71,12,PENDING,E
APP00004651,CUST000474,BR0050,2025-11-14,CONSUMER_DURABLE,944092.47,18,APPROVED,E
APP00004652,CUST009652,BR0005,2025-11-24,VEHICLE,809449.41,60,APPROVED,A
APP00004653,CUST006228,BR0044,2024-01-04,VEHICLE,896744.62,48,APPROVED,D
APP00004654,CUST006736,BR0035,2024-12-26,CONSUMER_DURABLE,349968.37,60,APPROVED,E
APP00004655,CUST002637,BR0003,2026-05-10,BUSINESS,731704.72,36,REJECTED,D
APP00004656,CUST008271,BR0037,2025-11-21,CONSUMER_DURABLE,53574.41,24,PENDING,D
APP00004657,CUST003054,BR0047,2024-07-10,VEHICLE,1559866.26,24,PENDING,E
APP00004658,CUST009686,BR0023,2026-08-25,VEHICLE,621993.17,12,APPROVED,A
APP00004659,CUST001185,BR0022,2024-05-06,PERSONAL,386748.32,18,PENDING,D
APP00004660,CUST001754,BR0021,2024-09-27,PERSONAL,155497.45,36,APPROVED,A
APP00004661,CUST003203,BR0044,2024-04-29,VEHICLE,629797.44,60,PENDING,C
APP00004662,CUST003474,BR0035,2024-08-08,CONSUMER_DURABLE,702041.5,18,PENDING,D
APP00004663,CUST000179,BR0049,2026-09-02,VEHICLE,393280.54,48,REJECTED,A
APP00004664,CUST006057,BR0034,2026-05-14,VEHICLE,377213.67,24,APPROVED,E
APP00004665,CUST004897,BR0043,2025-11-01,BUSINESS,1923757.59,24,PENDING,E
APP00004666,CUST006263,BR0047,2025-01-17,PERSONAL,1607766.05,60,APPROVED,A
APP00004667,CUST001479,BR0027,2024-08-29,VEHICLE,1369399.0,18,REJECTED,E
APP00004668,CUST008486,BR0026,2024-07-12,BUSINESS,1915452.43,48,APPROVED,B
APP00004669,CUST006756,BR0043,2025-08-22,PERSONAL,942555.11,24,APPROVED,A
APP00004670,CUST007690,BR0019,2025-01-14,PERSONAL,1958844.08,24,APPROVED,A
APP00004671,CUST009827,BR0003,2025-10-20,BUSINESS,1032831.3,18,REJECTED,D
APP00004672,CUST000426,BR0018,2026-02-16,BUSINESS,370782.6,36,APPROVED,E
APP00004673,CUST005532,BR0008,2025-06-07,BUSINESS,760710.84,36,APPROVED,C
APP00004674,CUST003837,BR0001,2026-08-01,PERSONAL,171454.77,60,APPROVED,A
APP00004675,CUST001654,BR0020,2025-10-03,BUSINESS,1862326.68,60,APPROVED,C
APP00004676,CUST004830,BR0006,2026-01-03,BUSINESS,387682.06,60,REJECTED,A
APP00004677,CUST005884,BR0015,2025-06-02,CONSUMER_DURABLE,765278.48,12,APPROVED,D
APP00004678,CUST005703,BR0028,2026-03-12,CONSUMER_DURABLE,808243.78,36,PENDING,A
APP00004679,CUST000584,BR0024,2025-09-17,BUSINESS,806734.19,48,APPROVED,A
APP00004680,CUST008803,BR0020,2025-02-01,PERSONAL,579845.19,24,PENDING,C
APP00004681,CUST001293,BR0040,2025-02-01,PERSONAL,1017259.6,18,PENDING,B
APP00004682,CUST000608,BR0031,2026-01-04,BUSINESS,1731161.46,12,APPROVED,B
APP00004683,CUST000073,BR0019,2026-08-24,VEHICLE,591755.53,36,PENDING,E
APP00004684,CUST001139,BR0019,2026-02-08,PERSONAL,1754728.99,12,PENDING,A
APP00004685,CUST008012,BR0041,2025-07-04,VEHICLE,230057.07,18,APPROVED,A
APP00004686,CUST009213,BR0035,2025-12-01,PERSONAL,648161.74,60,REJECTED,E
APP00004687,CUST009507,BR0044,2025-07-01,VEHICLE,226723.37,12,APPROVED,D
APP00004688,CUST008054,BR0045,2024-10-30,BUSINESS,450627.39,12,APPROVED,C
APP00004689,CUST002249,BR0003,2024-06-01,VEHICLE,333919.49,24,REJECTED,E
APP00004690,CUST001895,BR0007,2025-01-24,CONSUMER_DURABLE,1924341.1,18,APPROVED,E
APP00004691,CUST008146,BR0016,2024-06-06,PERSONAL,428644.83,18,PENDING,D
APP00004692,CUST002013,BR0024,2024-08-31,BUSINESS,1455338.21,18,APPROVED,B
APP00004693,CUST009854,BR0028,2026-02-22,VEHICLE,1951507.44,24,APPROVED,C
APP00004694,CUST004142,BR0006,2026-04-23,BUSINESS,402791.28,18,APPROVED,D
APP00004695,CUST002344,BR0033,2026-02-24,VEHICLE,147715.43,18,PENDING,A
APP00004696,CUST003035,BR0039,2026-04-20,VEHICLE,1448654.13,12,REJECTED,C
APP00004697,CUST005661,BR0044,2024-11-07,PERSONAL,1685798.02,60,APPROVED,B
APP00004698,CUST009841,BR0012,2025-10-23,VEHICLE,1151996.08,48,APPROVED,E
APP00004699,CUST001445,BR0042,2025-03-26,BUSINESS,1700638.71,12,APPROVED,A
APP00004700,CUST006795,BR0003,2026-01-01,BUSINESS,1702890.61,48,PENDING,C
APP00004701,CUST007498,BR0026,2025-09-21,BUSINESS,1547916.1,18,REJECTED,B
APP00004702,CUST007701,BR0035,2024-06-26,PERSONAL,50583.05,48,PENDING,A
APP00004703,CUST007110,BR0012,2026-07-12,CONSUMER_DURABLE,1109239.9,48,APPROVED,C
APP00004704,CUST000266,BR0031,2024-06-27,BUSINESS,147429.13,60,REJECTED,E
APP00004705,CUST008703,BR0048,2026-03-08,BUSINESS,965652.82,60,PENDING,A
APP00004706,CUST007188,BR0030,2026-06-29,PERSONAL,988708.7,60,APPROVED,D
APP00004707,CUST002168,BR0001,2025-04-10,PERSONAL,1738095.39,12,APPROVED,A
APP00004708,CUST000972,BR0005,2024-06-21,PERSONAL,1612270.6,60,APPROVED,E
APP00004709,CUST005467,BR0034,2025-05-09,BUSINESS,938768.95,18,APPROVED,C
APP00004710,CUST000324,BR0001,2024-06-18,CONSUMER_DURABLE,1625256.34,48,PENDING,E
APP00004711,CUST002168,BR0041,2026-08-25,BUSINESS,1265957.71,36,APPROVED,C
APP00004712,CUST006439,BR0015,2025-06-06,PERSONAL,1098096.22,48,PENDING,B
APP00004713,CUST003562,BR0026,2024-07-20,CONSUMER_DURABLE,1817212.49,60,APPROVED,A
APP00004714,CUST005927,BR0049,2024-10-21,BUSINESS,193789.11,12,PENDING,E
APP00004715,CUST006593,BR0025,2025-02-11,BUSINESS,1466035.18,24,PENDING,C
APP00004716,CUST001626,BR0050,2024-02-13,VEHICLE,1566956.46,12,APPROVED,B
APP00004717,CUST000394,BR0041,2026-06-01,VEHICLE,1832048.14,24,REJECTED,E
APP00004718,CUST007791,BR0033,2026-07-10,CONSUMER_DURABLE,1415605.8,12,APPROVED,B
APP00004719,CUST004693,BR0019,2025-12-25,CONSUMER_DURABLE,1638628.95,18,PENDING,E
APP00004720,CUST007609,BR0029,2024-06-07,PERSONAL,795627.82,36,PENDING,B
APP00004721,CUST008152,BR0021,2024-12-24,BUSINESS,761765.72,24,APPROVED,C
APP00004722,CUST007863,BR0050,2026-06-24,CONSUMER_DURABLE,1055776.59,18,APPROVED,B
APP00004723,CUST008871,BR0037,2026-09-17,BUSINESS,987375.07,60,APPROVED,B
APP00004724,CUST006630,BR0010,2026-07-07,VEHICLE,1153617.47,48,REJECTED,E
APP00004725,CUST001495,BR0018,2024-03-07,BUSINESS,500631.39,60,APPROVED,B
APP00004726,CUST008023,BR0030,2025-07-07,BUSINESS,424919.33,18,APPROVED,C
APP00004727,CUST003094,BR0029,2024-01-02,BUSINESS,129134.08,48,APPROVED,A
APP00004728,CUST000263,BR0018,2026-07-05,VEHICLE,830788.08,24,APPROVED,A
APP00004729,CUST002027,BR0023,2025-06-15,CONSUMER_DURABLE,1623481.97,48,APPROVED,E
APP00004730,CUST007099,BR0029,2025-12-14,CONSUMER_DURABLE,808375.16,36,APPROVED,D
APP00004731,CUST002406,BR0022,2025-11-29,PERSONAL,1407933.6,60,PENDING,D
APP00004732,CUST000370,BR0045,2026-01-09,PERSONAL,886470.51,18,APPROVED,D
APP00004733,CUST003580,BR0011,2024-05-14,PERSONAL,805409.05,60,PENDING,E
APP00004734,CUST004191,BR0012,2024-01-23,CONSUMER_DURABLE,796693.64,24,APPROVED,E
APP00004735,CUST000342,BR0002,2025-08-14,PERSONAL,1865286.21,48,APPROVED,C
APP00004736,CUST003433,BR0017,2025-10-14,CONSUMER_DURABLE,792980.9,36,PENDING,B
APP00004737,CUST008293,BR0030,2024-07-26,BUSINESS,1398933.09,36,APPROVED,C
APP00004738,CUST004197,BR0036,2024-08-05,PERSONAL,1679196.52,36,APPROVED,D
APP00004739,CUST002737,BR0009,2026-09-16,PERSONAL,1735933.23,24,REJECTED,C
APP00004740,CUST007831,BR0017,2025-12-17,VEHICLE,354721.65,48,PENDING,B
APP00004741,CUST001132,BR0011,2025-10-10,PERSONAL,1066616.06,18,APPROVED,B
APP00004742,CUST007572,BR0002,2026-06-30,PERSONAL,1664779.66,60,REJECTED,D
APP00004743,CUST004327,BR0013,2026-05-04,VEHICLE,326760.73,24,APPROVED,B
APP00004744,CUST002648,BR0005,2025-03-07,VEHICLE,1241184.58,60,APPROVED,C
APP00004745,CUST001035,BR0001,2026-05-19,VEHICLE,473905.84,60,APPROVED,B
APP00004746,CUST005779,BR0027,2025-12-22,PERSONAL,1097539.25,36,APPROVED,A
APP00004747,CUST005602,BR0014,2025-07-16,VEHICLE,1747017.88,48,APPROVED,B
APP00004748,CUST002865,BR0029,2025-09-26,BUSINESS,1473200.02,60,PENDING,B
APP00004749,CUST006685,BR0050,2025-03-24,VEHICLE,1860865.09,60,APPROVED,D
APP00004750,CUST005295,BR0037,2024-06-07,VEHICLE,1443163.9,48,APPROVED,E
APP00004751,CUST002747,BR0046,2024-04-29,PERSONAL,1482150.0,24,APPROVED,A
APP00004752,CUST000355,BR0045,2024-06-23,PERSONAL,1165875.45,18,REJECTED,E
APP00004753,CUST004474,BR0033,2025-04-10,VEHICLE,91325.51,36,APPROVED,C
APP00004754,CUST007878,BR0002,2025-07-19,VEHICLE,1921942.5,36,PENDING,B
APP00004755,CUST001456,BR0049,2026-06-30,BUSINESS,158715.81,60,APPROVED,E
APP00004756,CUST001203,BR0043,2025-05-01,CONSUMER_DURABLE,416016.25,24,REJECTED,C
APP00004757,CUST008251,BR0038,2024-09-23,CONSUMER_DURABLE,1191950.86,36,REJECTED,A
APP00004758,CUST004810,BR0021,2026-09-20,CONSUMER_DURABLE,255187.86,18,PENDING,A
APP00004759,CUST008466,BR0032,2025-04-08,PERSONAL,356313.29,48,APPROVED,E
APP00004760,CUST005808,BR0001,2024-08-27,VEHICLE,828519.63,36,APPROVED,D
APP00004761,CUST001105,BR0031,2024-04-27,BUSINESS,125351.86,60,APPROVED,E
APP00004762,CUST000897,BR0021,2025-04-19,VEHICLE,183572.77,18,REJECTED,A
APP00004763,CUST001142,BR0049,2026-04-25,VEHICLE,1115442.72,36,APPROVED,B
APP00004764,CUST001689,BR0039,2025-05-10,BUSINESS,353317.85,24,APPROVED,A
APP00004765,CUST006055,BR0030,2024-01-17,VEHICLE,478983.72,24,PENDING,B
APP00004766,CUST000939,BR0006,2026-06-04,PERSONAL,535275.88,48,REJECTED,A
APP00004767,CUST008298,BR0015,2026-02-25,CONSUMER_DURABLE,1543834.17,48,APPROVED,D
APP00004768,CUST005590,BR0044,2025-01-16,PERSONAL,888765.94,24,APPROVED,C
APP00004769,CUST007375,BR0018,2025-08-04,BUSINESS,1395583.53,12,REJECTED,D
APP00004770,CUST007736,BR0016,2026-07-19,BUSINESS,620507.13,36,PENDING,B
APP00004771,CUST003973,BR0012,2025-01-01,VEHICLE,1838341.95,12,APPROVED,D
APP00004772,CUST003015,BR0044,2026-04-18,BUSINESS,1122701.25,24,APPROVED,C
APP00004773,CUST006956,BR0040,2026-08-26,BUSINESS,815524.97,18,PENDING,C
APP00004774,CUST002092,BR0026,2025-10-04,VEHICLE,1670000.09,48,REJECTED,B
APP00004775,CUST008247,BR0046,2024-05-16,PERSONAL,487431.86,18,APPROVED,C
APP00004776,CUST003168,BR0019,2024-08-31,BUSINESS,1044138.9,36,REJECTED,B
APP00004777,CUST002056,BR0034,2025-09-09,BUSINESS,1166801.68,18,PENDING,B
APP00004778,CUST004077,BR0040,2025-08-06,CONSUMER_DURABLE,973662.19,18,REJECTED,C
APP00004779,CUST006535,BR0001,2024-02-09,BUSINESS,137866.6,24,PENDING,C
APP00004780,CUST007444,BR0001,2025-09-11,PERSONAL,1692204.16,36,APPROVED,B
APP00004781,CUST007192,BR0018,2025-09-21,PERSONAL,274949.35,24,APPROVED,D
APP00004782,CUST002275,BR0006,2026-06-11,CONSUMER_DURABLE,1538091.01,12,PENDING,C
APP00004783,CUST001216,BR0025,2025-12-12,VEHICLE,486676.73,12,PENDING,B
APP00004784,CUST004750,BR0010,2024-05-12,BUSINESS,1570273.5,18,PENDING,C
APP00004785,CUST002303,BR0047,2024-01-31,CONSUMER_DURABLE,434012.39,18,REJECTED,D
APP00004786,CUST006898,BR0038,2025-05-03,BUSINESS,1471543.6,18,PENDING,B
APP00004787,CUST000114,BR0003,2024-01-23,BUSINESS,1201316.42,48,PENDING,E
APP00004788,CUST000475,BR0021,2025-09-22,CONSUMER_DURABLE,1991254.95,36,PENDING,B
APP00004789,CUST001343,BR0006,2025-03-27,VEHICLE,1381601.47,24,APPROVED,C
APP00004790,CUST007739,BR0028,2024-11-07,VEHICLE,676839.76,24,PENDING,D
APP00004791,CUST004204,BR0002,2025-10-25,PERSONAL,1292677.5,36,APPROVED,A
APP00004792,CUST008785,BR0010,2025-11-09,VEHICLE,546525.34,60,APPROVED,B
APP00004793,CUST005100,BR0016,2024-04-27,PERSONAL,1991451.76,12,APPROVED,A
APP00004794,CUST008270,BR0007,2025-07-13,PERSONAL,1579959.3,60,REJECTED,E
APP00004795,CUST001810,BR0004,2026-03-06,CONSUMER_DURABLE,59017.76,18,PENDING,E
APP00004796,CUST005133,BR0050,2026-06-07,BUSINESS,1859341.37,18,PENDING,C
APP00004797,CUST002676,BR0028,2024-04-07,PERSONAL,1741333.55,60,APPROVED,A
APP00004798,CUST003800,BR0036,2025-06-20,PERSONAL,144708.56,18,APPROVED,E
APP00004799,CUST007961,BR0032,2024-11-18,VEHICLE,1414365.73,18,APPROVED,B
APP00004800,CUST000652,BR0048,2024-04-27,VEHICLE,719791.36,48,PENDING,C
APP00004801,CUST004701,BR0027,2024-09-29,PERSONAL,1032110.77,36,PENDING,E
APP00004802,CUST003659,BR0039,2026-09-12,VEHICLE,1616118.16,24,APPROVED,A
APP00004803,CUST004108,BR0045,2025-05-13,PERSONAL,1792665.04,24,APPROVED,B
APP00004804,CUST005568,BR0029,2025-06-30,PERSONAL,1547922.13,12,APPROVED,A
APP00004805,CUST002666,BR0042,2026-03-17,PERSONAL,1430697.0,36,APPROVED,A
APP00004806,CUST001384,BR0027,2026-06-30,CONSUMER_DURABLE,1740679.04,36,REJECTED,B
APP00004807,CUST004303,BR0017,2025-03-27,BUSINESS,839812.81,48,REJECTED,B
APP00004808,CUST001376,BR0032,2024-07-09,VEHICLE,795827.33,60,APPROVED,C
APP00004809,CUST006773,BR0022,2025-12-21,VEHICLE,1085852.72,18,APPROVED,B
APP00004810,CUST009959,BR0011,2025-07-16,VEHICLE,828470.68,48,APPROVED,C
APP00004811,CUST000619,BR0018,2026-01-06,PERSONAL,1253260.81,18,APPROVED,A
APP00004812,CUST000636,BR0013,2026-04-10,BUSINESS,1327204.13,24,PENDING,C
APP00004813,CUST002297,BR0029,2025-02-20,VEHICLE,1978790.51,60,REJECTED,E
APP00004814,CUST006663,BR0029,2025-11-13,PERSONAL,487648.41,18,PENDING,D
APP00004815,CUST007976,BR0017,2026-09-04,BUSINESS,647997.78,24,APPROVED,D
APP00004816,CUST001728,BR0005,2025-11-12,VEHICLE,68905.78,36,APPROVED,C
APP00004817,CUST004942,BR0015,2025-09-11,PERSONAL,277309.29,48,APPROVED,E
APP00004818,CUST008028,BR0019,2024-04-25,PERSONAL,885978.02,60,APPROVED,C
APP00004819,CUST005872,BR0025,2026-06-12,PERSONAL,471823.99,36,APPROVED,B
APP00004820,CUST007189,BR0026,2024-01-06,VEHICLE,1925471.37,12,APPROVED,C
APP00004821,CUST000330,BR0023,2025-01-30,BUSINESS,1306424.45,24,APPROVED,B
APP00004822,CUST004066,BR0041,2025-06-01,BUSINESS,1846132.58,48,REJECTED,C
APP00004823,CUST003311,BR0030,2026-04-16,VEHICLE,199092.3,60,APPROVED,A
APP00004824,CUST004936,BR0041,2024-12-29,PERSONAL,1511980.46,36,REJECTED,D
APP00004825,CUST003484,BR0050,2025-01-07,VEHICLE,160909.29,24,PENDING,B
APP00004826,CUST003646,BR0013,2024-02-03,CONSUMER_DURABLE,652924.12,18,APPROVED,A
APP00004827,CUST008133,BR0024,2026-02-23,BUSINESS,1037236.67,18,PENDING,C
APP00004828,CUST007357,BR0040,2024-05-25,CONSUMER_DURABLE,298895.28,18,REJECTED,C
APP00004829,CUST005948,BR0045,2025-04-20,BUSINESS,1247939.49,24,APPROVED,E
APP00004830,CUST007782,BR0043,2025-09-12,BUSINESS,885829.02,60,APPROVED,B
APP00004831,CUST009598,BR0003,2025-12-25,PERSONAL,101138.34,60,PENDING,C
APP00004832,CUST008221,BR0001,2024-06-24,PERSONAL,1288473.27,48,APPROVED,C
APP00004833,CUST005710,BR0008,2024-01-16,VEHICLE,325062.55,36,REJECTED,B
APP00004834,CUST002838,BR0050,2026-06-20,VEHICLE,1720496.6,60,REJECTED,A
APP00004835,CUST004369,BR0027,2024-08-10,PERSONAL,587117.25,24,REJECTED,B
APP00004836,CUST006567,BR0032,2024-03-12,PERSONAL,243599.9,36,APPROVED,B
APP00004837,CUST001727,BR0049,2026-05-19,CONSUMER_DURABLE,1998983.24,36,APPROVED,E
APP00004838,CUST000218,BR0034,2025-07-25,CONSUMER_DURABLE,608601.54,48,REJECTED,E
APP00004839,CUST004913,BR0007,2026-07-29,BUSINESS,567605.56,60,PENDING,E
APP00004840,CUST001283,BR0026,2024-11-13,CONSUMER_DURABLE,234616.45,12,PENDING,A
APP00004841,CUST002067,BR0023,2024-07-08,BUSINESS,1271456.0,36,REJECTED,C
APP00004842,CUST000826,BR0019,2024-08-27,BUSINESS,1507459.18,12,REJECTED,B
APP00004843,CUST009315,BR0008,2026-05-12,CONSUMER_DURABLE,969916.49,60,APPROVED,B
APP00004844,CUST004506,BR0020,2026-04-04,BUSINESS,359156.78,60,REJECTED,A
APP00004845,CUST009979,BR0021,2025-09-27,CONSUMER_DURABLE,843193.32,36,APPROVED,E
APP00004846,CUST004612,BR0028,2025-04-12,PERSONAL,371624.32,24,REJECTED,D
APP00004847,CUST001424,BR0001,2026-05-21,CONSUMER_DURABLE,118427.29,18,PENDING,B
APP00004848,CUST000988,BR0026,2025-09-05,BUSINESS,262089.64,18,REJECTED,D
APP00004849,CUST009005,BR0019,2025-03-26,VEHICLE,1548253.49,12,REJECTED,E
APP00004850,CUST001679,BR0032,2024-07-18,PERSONAL,477344.77,18,PENDING,A
APP00004851,CUST008253,BR0012,2024-04-06,PERSONAL,1635451.81,12,APPROVED,B
APP00004852,CUST000211,BR0036,2025-05-24,BUSINESS,229619.03,36,PENDING,B
APP00004853,CUST008748,BR0008,2024-06-29,PERSONAL,1238309.81,48,APPROVED,A
APP00004854,CUST001042,BR0042,2025-02-23,VEHICLE,1574000.6,48,PENDING,D
APP00004855,CUST000151,BR0011,2024-02-03,VEHICLE,703613.89,60,PENDING,B
APP00004856,CUST007898,BR0037,2026-01-04,PERSONAL,738947.17,48,PENDING,E
APP00004857,CUST007379,BR0049,2025-05-25,PERSONAL,281558.22,60,APPROVED,A
APP00004858,CUST004112,BR0028,2026-01-01,VEHICLE,156861.5,12,PENDING,C
APP00004859,CUST005274,BR0026,2024-09-06,CONSUMER_DURABLE,1073683.74,48,APPROVED,E
APP00004860,CUST006477,BR0018,2025-01-27,VEHICLE,762605.1,60,REJECTED,D
APP00004861,CUST009928,BR0044,2026-09-16,PERSONAL,1237984.04,18,APPROVED,A
APP00004862,CUST009372,BR0001,2024-02-04,BUSINESS,1353630.63,36,PENDING,C
APP00004863,CUST005604,BR0018,2024-01-17,PERSONAL,1276254.62,36,PENDING,A
APP00004864,CUST001121,BR0050,2026-01-06,CONSUMER_DURABLE,1205503.54,36,REJECTED,E
APP00004865,CUST005653,BR0012,2026-05-17,BUSINESS,881904.63,18,APPROVED,E
APP00004866,CUST001088,BR0007,2025-09-12,CONSUMER_DURABLE,871458.1,60,REJECTED,C
APP00004867,CUST009333,BR0037,2026-01-24,CONSUMER_DURABLE,1390012.52,18,REJECTED,B
APP00004868,CUST009724,BR0010,2024-02-11,PERSONAL,1734399.12,18,PENDING,B
APP00004869,CUST007809,BR0011,2024-01-07,CONSUMER_DURABLE,411863.38,36,REJECTED,D
APP00004870,CUST004943,BR0010,2024-12-01,BUSINESS,1169086.82,12,APPROVED,C
APP00004871,CUST008624,BR0014,2024-01-04,VEHICLE,468430.76,18,APPROVED,C
APP00004872,CUST003888,BR0025,2026-02-19,VEHICLE,1904413.32,48,REJECTED,B
APP00004873,CUST004420,BR0047,2024-05-09,BUSINESS,1799176.54,60,REJECTED,C
APP00004874,CUST006038,BR0008,2024-07-07,CONSUMER_DURABLE,1360884.84,48,PENDING,A
APP00004875,CUST001792,BR0028,2026-06-18,PERSONAL,1660886.43,60,PENDING,D
APP00004876,CUST004266,BR0006,2024-03-03,VEHICLE,838342.84,60,APPROVED,A
APP00004877,CUST004031,BR0050,2024-05-05,BUSINESS,551085.11,60,REJECTED,A
APP00004878,CUST004694,BR0021,2024-11-15,PERSONAL,1106522.73,60,REJECTED,D
APP00004879,CUST004419,BR0023,2024-04-19,CONSUMER_DURABLE,821445.25,48,REJECTED,E
APP00004880,CUST005689,BR0032,2024-02-23,CONSUMER_DURABLE,1719239.92,36,REJECTED,D
APP00004881,CUST009769,BR0010,2025-05-24,PERSONAL,441292.11,48,REJECTED,C
APP00004882,CUST009709,BR0002,2026-09-15,CONSUMER_DURABLE,783584.04,12,REJECTED,A
APP00004883,CUST009333,BR0012,2026-09-06,CONSUMER_DURABLE,1461689.09,60,PENDING,D
APP00004884,CUST003482,BR0048,2024-07-20,BUSINESS,855216.76,48,APPROVED,E
APP00004885,CUST003638,BR0024,2024-11-11,BUSINESS,335353.24,24,PENDING,C
APP00004886,CUST004471,BR0032,2024-12-26,CONSUMER_DURABLE,1407551.21,24,REJECTED,B
APP00004887,CUST006147,BR0039,2025-04-29,VEHICLE,1862065.09,18,PENDING,E
APP00004888,CUST008115,BR0031,2025-01-31,VEHICLE,683123.42,18,APPROVED,C
APP00004889,CUST007546,BR0050,2026-07-08,CONSUMER_DURABLE,479742.31,24,APPROVED,A
APP00004890,CUST009799,BR0018,2025-02-12,BUSINESS,586039.48,18,REJECTED,D
APP00004891,CUST003704,BR0041,2024-02-25,BUSINESS,264422.61,36,REJECTED,E
APP00004892,CUST007790,BR0032,2026-06-21,VEHICLE,1498763.44,36,PENDING,E
APP00004893,CUST001499,BR0031,2025-07-13,PERSONAL,464726.08,48,PENDING,E
APP00004894,CUST007900,BR0024,2024-12-07,CONSUMER_DURABLE,1697350.29,60,APPROVED,C
APP00004895,CUST001559,BR0026,2024-10-08,PERSONAL,91976.14,60,APPROVED,C
APP00004896,CUST008763,BR0020,2026-02-17,BUSINESS,550605.75,48,APPROVED,A
APP00004897,CUST008719,BR0038,2026-08-10,CONSUMER_DURABLE,1763853.0,18,APPROVED,B
APP00004898,CUST001612,BR0040,2026-08-01,PERSONAL,1844650.01,24,PENDING,C
APP00004899,CUST006894,BR0049,2026-04-01,CONSUMER_DURABLE,1416740.7,24,PENDING,A
APP00004900,CUST007333,BR0038,2025-02-17,PERSONAL,944011.8,24,APPROVED,A
APP00004901,CUST009161,BR0035,2024-02-28,VEHICLE,457447.9,18,REJECTED,E
APP00004902,CUST007327,BR0014,2025-03-06,CONSUMER_DURABLE,1073246.28,60,REJECTED,C
APP00004903,CUST005855,BR0025,2025-04-29,PERSONAL,120300.43,60,APPROVED,D
APP00004904,CUST003695,BR0009,2024-09-23,PERSONAL,1899285.39,18,REJECTED,A
APP00004905,CUST006309,BR0013,2025-10-21,BUSINESS,1294878.05,24,REJECTED,D
APP00004906,CUST007211,BR0050,2024-10-07,CONSUMER_DURABLE,489778.03,60,APPROVED,E
APP00004907,CUST001730,BR0014,2025-10-18,PERSONAL,343898.46,24,REJECTED,D
APP00004908,CUST004355,BR0041,2025-01-23,BUSINESS,1881773.59,18,APPROVED,C
APP00004909,CUST008759,BR0008,2025-07-01,VEHICLE,87830.58,18,PENDING,B
APP00004910,CUST005126,BR0017,2024-01-21,PERSONAL,1393479.19,24,REJECTED,B
APP00004911,CUST005733,BR0011,2025-05-13,VEHICLE,1208117.79,60,PENDING,C
APP00004912,CUST000635,BR0015,2024-06-29,BUSINESS,607395.4,36,REJECTED,A
APP00004913,CUST007090,BR0016,2026-05-24,PERSONAL,1190018.39,12,APPROVED,E
APP00004914,CUST007802,BR0033,2024-11-15,VEHICLE,350268.27,18,REJECTED,E
APP00004915,CUST004435,BR0009,2024-05-30,PERSONAL,68613.65,48,APPROVED,E
APP00004916,CUST002363,BR0042,2026-08-18,VEHICLE,1585272.53,36,APPROVED,B
APP00004917,CUST004683,BR0007,2026-05-04,CONSUMER_DURABLE,345042.2,12,APPROVED,A
APP00004918,CUST006270,BR0041,2024-08-09,PERSONAL,1658336.22,18,APPROVED,C
APP00004919,CUST004711,BR0008,2024-02-08,BUSINESS,1747852.53,48,APPROVED,E
APP00004920,CUST004567,BR0035,2026-08-24,CONSUMER_DURABLE,1247310.1,12,PENDING,E
APP00004921,CUST002386,BR0009,2025-10-01,PERSONAL,623761.86,48,REJECTED,B
APP00004922,CUST009270,BR0028,2025-09-10,PERSONAL,1990269.28,12,REJECTED,C
APP00004923,CUST006466,BR0010,2026-02-04,PERSONAL,1936608.38,18,REJECTED,D
APP00004924,CUST001864,BR0011,2024-04-01,BUSINESS,567402.67,12,REJECTED,C
APP00004925,CUST004959,BR0001,2024-10-01,PERSONAL,437331.36,12,REJECTED,D
APP00004926,CUST000729,BR0040,2024-04-17,VEHICLE,1570613.53,48,APPROVED,C
APP00004927,CUST005397,BR0006,2024-03-26,PERSONAL,424283.71,48,REJECTED,A
APP00004928,CUST009585,BR0007,2025-12-27,VEHICLE,195096.3,48,APPROVED,A
APP00004929,CUST006152,BR0002,2025-06-03,CONSUMER_DURABLE,1226387.49,48,PENDING,E
APP00004930,CUST000050,BR0015,2026-07-26,VEHICLE,644831.16,18,PENDING,E
APP00004931,CUST008572,BR0034,2025-09-08,VEHICLE,1476603.15,24,REJECTED,B
APP00004932,CUST003825,BR0029,2025-04-18,VEHICLE,371503.02,48,PENDING,C
APP00004933,CUST001499,BR0015,2025-01-07,CONSUMER_DURABLE,779037.48,12,REJECTED,B
APP00004934,CUST005130,BR0043,2026-02-09,VEHICLE,948068.14,12,REJECTED,E
APP00004935,CUST009010,BR0046,2025-02-25,PERSONAL,1170767.44,24,REJECTED,B
APP00004936,CUST003993,BR0042,2025-02-19,BUSINESS,813201.36,36,APPROVED,E
APP00004937,CUST004265,BR0031,2026-08-27,BUSINESS,583050.39,18,APPROVED,D
APP00004938,CUST006401,BR0015,2024-12-16,CONSUMER_DURABLE,1575765.26,12,REJECTED,C
APP00004939,CUST009295,BR0017,2024-01-05,BUSINESS,1252510.62,18,APPROVED,D
APP00004940,CUST001292,BR0026,2025-10-29,PERSONAL,1584533.64,12,APPROVED,B
APP00004941,CUST007405,BR0026,2025-09-11,VEHICLE,532605.98,12,APPROVED,C
APP00004942,CUST009580,BR0044,2024-02-04,BUSINESS,594136.76,12,APPROVED,E
APP00004943,CUST003081,BR0009,2025-02-02,VEHICLE,1969197.57,48,APPROVED,E
APP00004944,CUST005973,BR0035,2024-11-16,BUSINESS,733933.74,60,APPROVED,E
APP00004945,CUST008011,BR0007,2025-05-17,CONSUMER_DURABLE,1782313.93,60,APPROVED,E
APP00004946,CUST005612,BR0022,2024-03-29,CONSUMER_DURABLE,888751.19,18,APPROVED,E
APP00004947,CUST004330,BR0045,2025-04-02,CONSUMER_DURABLE,378565.05,48,REJECTED,C
APP00004948,CUST003101,BR0010,2025-07-27,BUSINESS,1839851.39,36,APPROVED,E
APP00004949,CUST003769,BR0037,2025-01-21,PERSONAL,1090955.39,24,REJECTED,E
APP00004950,CUST000527,BR0035,2025-02-02,VEHICLE,1721048.51,60,APPROVED,D
APP00004951,CUST009001,BR0021,2024-11-25,CONSUMER_DURABLE,1618193.42,12,REJECTED,B
APP00004952,CUST000734,BR0021,2024-08-26,VEHICLE,603056.68,48,PENDING,E
APP00004953,CUST003572,BR0038,2024-09-09,VEHICLE,1609264.54,48,APPROVED,C
APP00004954,CUST000154,BR0044,2024-12-25,BUSINESS,747396.92,60,APPROVED,B
APP00004955,CUST003148,BR0013,2024-02-01,VEHICLE,1570047.91,36,APPROVED,E
APP00004956,CUST004310,BR0038,2025-03-14,BUSINESS,680600.91,60,PENDING,A
APP00004957,CUST002129,BR0045,2025-02-08,BUSINESS,480190.29,60,APPROVED,C
APP00004958,CUST000438,BR0016,2025-10-18,VEHICLE,575471.89,12,REJECTED,B
APP00004959,CUST009928,BR0047,2025-01-01,CONSUMER_DURABLE,281017.35,24,PENDING,B
APP00004960,CUST004251,BR0021,2024-05-31,CONSUMER_DURABLE,327470.75,60,APPROVED,A
APP00004961,CUST006699,BR0048,2024-07-24,PERSONAL,989673.73,12,REJECTED,C
APP00004962,CUST004918,BR0033,2026-09-07,CONSUMER_DURABLE,897204.26,18,PENDING,C
APP00004963,CUST005068,BR0049,2025-11-28,CONSUMER_DURABLE,1657693.74,36,PENDING,C
APP00004964,CUST007256,BR0023,2025-01-25,CONSUMER_DURABLE,320134.08,36,PENDING,E
APP00004965,CUST009612,BR0003,2024-03-02,BUSINESS,457310.79,60,PENDING,C
APP00004966,CUST009304,BR0048,2025-11-24,CONSUMER_DURABLE,447448.83,48,APPROVED,C
APP00004967,CUST000942,BR0013,2025-12-20,PERSONAL,434914.61,60,PENDING,D
APP00004968,CUST008886,BR0017,2024-10-18,BUSINESS,883980.74,60,PENDING,E
APP00004969,CUST001299,BR0015,2025-03-26,VEHICLE,1024763.39,60,PENDING,C
APP00004970,CUST006996,BR0008,2026-09-07,BUSINESS,1922584.82,60,APPROVED,C
APP00004971,CUST006501,BR0041,2025-03-04,PERSONAL,1753559.47,24,REJECTED,C
APP00004972,CUST001815,BR0017,2026-09-28,PERSONAL,1956363.81,24,PENDING,A
APP00004973,CUST001001,BR0014,2026-01-25,CONSUMER_DURABLE,1822376.41,36,PENDING,D
APP00004974,CUST009186,BR0009,2025-02-07,BUSINESS,1317923.98,60,REJECTED,B
APP00004975,CUST002823,BR0048,2025-10-11,VEHICLE,1079059.83,12,APPROVED,D
APP00004976,CUST001077,BR0016,2026-09-12,BUSINESS,526200.76,36,APPROVED,E
APP00004977,CUST005664,BR0026,2024-09-30,VEHICLE,1902492.06,60,APPROVED,D
APP00004978,CUST003360,BR0032,2024-02-13,CONSUMER_DURABLE,1511614.7,24,REJECTED,E
APP00004979,CUST003314,BR0046,2024-12-13,PERSONAL,247205.76,24,APPROVED,C
APP00004980,CUST000550,BR0028,2026-02-25,VEHICLE,1732217.81,12,APPROVED,D
APP00004981,CUST006804,BR0042,2025-03-11,BUSINESS,1591469.05,24,APPROVED,C
APP00004982,CUST003034,BR0010,2025-07-21,PERSONAL,1653474.56,36,REJECTED,C
APP00004983,CUST004498,BR0015,2024-03-13,VEHICLE,1760194.92,12,APPROVED,C
APP00004984,CUST001892,BR0015,2024-11-10,BUSINESS,1722104.1,18,REJECTED,B
APP00004985,CUST004189,BR0031,2026-05-22,VEHICLE,636378.21,36,APPROVED,A
APP00004986,CUST001177,BR0030,2024-03-23,VEHICLE,722772.31,48,REJECTED,E
APP00004987,CUST006831,BR0048,2025-06-02,CONSUMER_DURABLE,217848.06,12,PENDING,C
APP00004988,CUST009287,BR0040,2025-01-05,PERSONAL,760094.28,18,REJECTED,E
APP00004989,CUST005038,BR0050,2024-03-05,PERSONAL,1325943.13,18,REJECTED,C
APP00004990,CUST008807,BR0028,2024-05-09,BUSINESS,1980472.08,24,APPROVED,E
APP00004991,CUST002633,BR0027,2024-07-09,CONSUMER_DURABLE,1455018.7,12,PENDING,C
APP00004992,CUST007910,BR0033,2025-11-20,BUSINESS,1246607.79,60,APPROVED,E
APP00004993,CUST000819,BR0025,2025-04-09,CONSUMER_DURABLE,883684.88,36,APPROVED,B
APP00004994,CUST002859,BR0026,2026-09-28,PERSONAL,781722.96,18,APPROVED,B
APP00004995,CUST008824,BR0005,2026-04-19,BUSINESS,698636.1,12,APPROVED,B
APP00004996,CUST004994,BR0018,2026-09-17,VEHICLE,1770144.12,36,APPROVED,A
APP00004997,CUST000545,BR0036,2024-06-27,VEHICLE,1222083.51,24,APPROVED,B
APP00004998,CUST000168,BR0048,2025-04-26,BUSINESS,59215.52,24,APPROVED,D
APP00004999,CUST003266,BR0043,2024-03-31,PERSONAL,1669970.64,48,PENDING,B
APP00005000,CUST002023,BR0047,2024-09-23,CONSUMER_DURABLE,259382.98,48,APPROVED,D
APP00005001,CUST007128,BR0003,2026-07-18,PERSONAL,1916444.66,12,APPROVED,B
APP00005002,CUST003871,BR0032,2024-07-26,BUSINESS,957376.34,60,APPROVED,B
APP00005003,CUST008594,BR0004,2026-03-06,PERSONAL,398519.45,48,APPROVED,B
APP00005004,CUST005060,BR0025,2026-04-25,VEHICLE,1232270.34,60,REJECTED,E
APP00005005,CUST008101,BR0044,2026-05-27,VEHICLE,903791.54,48,APPROVED,B
APP00005006,CUST008117,BR0034,2024-02-24,PERSONAL,1512388.56,12,APPROVED,D
APP00005007,CUST002237,BR0041,2025-12-12,PERSONAL,227920.26,24,PENDING,D
APP00005008,CUST004868,BR0048,2024-07-30,PERSONAL,1954899.32,24,APPROVED,A
APP00005009,CUST004507,BR0027,2024-08-11,CONSUMER_DURABLE,687287.4,12,APPROVED,D
APP00005010,CUST006379,BR0047,2026-05-01,CONSUMER_DURABLE,251191.0,24,APPROVED,B
APP00005011,CUST007013,BR0020,2024-02-28,CONSUMER_DURABLE,1758564.46,24,PENDING,A
APP00005012,CUST002803,BR0026,2026-03-15,CONSUMER_DURABLE,1707043.03,48,APPROVED,A
APP00005013,CUST003350,BR0005,2026-03-04,BUSINESS,1857060.67,24,PENDING,E
APP00005014,CUST007125,BR0023,2026-08-08,CONSUMER_DURABLE,962809.27,12,APPROVED,C
APP00005015,CUST002170,BR0011,2025-01-18,VEHICLE,795761.16,48,APPROVED,A
APP00005016,CUST004762,BR0014,2025-08-21,VEHICLE,187473.72,60,APPROVED,A
APP00005017,CUST005382,BR0023,2025-06-09,CONSUMER_DURABLE,1924099.32,48,APPROVED,A
APP00005018,CUST003971,BR0013,2025-06-18,VEHICLE,338614.8,18,APPROVED,E
APP00005019,CUST006886,BR0022,2026-07-03,CONSUMER_DURABLE,472058.23,18,APPROVED,C
APP00005020,CUST001240,BR0008,2024-12-30,CONSUMER_DURABLE,434002.63,24,PENDING,C
APP00005021,CUST009164,BR0046,2025-12-12,CONSUMER_DURABLE,1534512.79,48,PENDING,A
APP00005022,CUST004112,BR0003,2026-06-20,VEHICLE,1419622.03,48,REJECTED,D
APP00005023,CUST008603,BR0034,2024-06-04,VEHICLE,1473623.58,24,REJECTED,E
APP00005024,CUST009001,BR0045,2024-09-12,CONSUMER_DURABLE,1876555.07,60,APPROVED,E
APP00005025,CUST005155,BR0029,2026-06-23,CONSUMER_DURABLE,971179.56,60,PENDING,C
APP00005026,CUST004849,BR0008,2026-03-18,CONSUMER_DURABLE,344812.79,48,REJECTED,E
APP00005027,CUST007732,BR0043,2025-11-18,PERSONAL,556854.22,24,PENDING,A
APP00005028,CUST002140,BR0020,2025-12-03,VEHICLE,570361.98,24,REJECTED,B
APP00005029,CUST001391,BR0006,2025-08-24,BUSINESS,459499.64,36,APPROVED,B
APP00005030,CUST001257,BR0040,2024-02-13,CONSUMER_DURABLE,1084816.71,18,APPROVED,D
APP00005031,CUST005651,BR0050,2025-06-07,BUSINESS,606806.32,24,APPROVED,A
APP00005032,CUST006043,BR0045,2026-02-19,VEHICLE,1339524.35,24,APPROVED,C
APP00005033,CUST005673,BR0011,2024-11-10,CONSUMER_DURABLE,447200.54,24,REJECTED,D
APP00005034,CUST001268,BR0002,2026-05-18,VEHICLE,969933.06,36,PENDING,B
APP00005035,CUST009842,BR0050,2025-10-21,BUSINESS,856308.77,12,REJECTED,E
APP00005036,CUST000753,BR0024,2026-07-08,VEHICLE,1562193.4,24,REJECTED,D
APP00005037,CUST002351,BR0033,2024-08-18,CONSUMER_DURABLE,530459.49,12,PENDING,C
APP00005038,CUST009444,BR0021,2024-04-10,VEHICLE,343214.0,24,REJECTED,C
APP00005039,CUST009476,BR0031,2026-03-19,PERSONAL,811168.64,60,REJECTED,D
APP00005040,CUST003101,BR0039,2025-08-12,PERSONAL,1101913.55,18,APPROVED,E
APP00005041,CUST000451,BR0024,2025-06-14,VEHICLE,1200387.98,36,APPROVED,A
APP00005042,CUST004525,BR0050,2024-07-30,CONSUMER_DURABLE,687526.44,12,APPROVED,C
APP00005043,CUST000149,BR0019,2025-12-16,CONSUMER_DURABLE,1314291.39,18,REJECTED,B
APP00005044,CUST008210,BR0046,2026-08-18,CONSUMER_DURABLE,860487.07,24,APPROVED,D
APP00005045,CUST003512,BR0031,2024-12-17,BUSINESS,935476.23,60,APPROVED,B
APP00005046,CUST008724,BR0015,2026-05-31,PERSONAL,552044.89,36,PENDING,C
APP00005047,CUST003176,BR0016,2024-03-31,PERSONAL,1451333.93,12,APPROVED,E
APP00005048,CUST002686,BR0035,2025-01-14,VEHICLE,1318500.24,12,APPROVED,B
APP00005049,CUST001456,BR0016,2024-04-01,BUSINESS,1891811.61,48,PENDING,C
APP00005050,CUST001688,BR0036,2025-06-30,PERSONAL,1647355.39,24,APPROVED,B
APP00005051,CUST001530,BR0001,2024-05-04,BUSINESS,222107.55,36,APPROVED,E
APP00005052,CUST005180,BR0024,2026-07-28,BUSINESS,1496759.93,36,APPROVED,C
APP00005053,CUST009896,BR0032,2026-09-21,VEHICLE,1402688.39,48,APPROVED,B
APP00005054,CUST004063,BR0005,2024-02-18,PERSONAL,1686011.14,60,PENDING,B
APP00005055,CUST006735,BR0041,2026-08-10,PERSONAL,110374.59,60,APPROVED,C
APP00005056,CUST001222,BR0025,2026-09-11,CONSUMER_DURABLE,1000848.73,60,REJECTED,B
APP00005057,CUST007006,BR0015,2025-10-15,VEHICLE,1505189.1,18,APPROVED,D
APP00005058,CUST001645,BR0036,2024-11-21,CONSUMER_DURABLE,884575.66,36,PENDING,A
APP00005059,CUST005937,BR0005,2025-09-11,VEHICLE,444721.25,36,PENDING,B
APP00005060,CUST002885,BR0014,2025-07-01,BUSINESS,90575.76,60,PENDING,C
APP00005061,CUST002461,BR0034,2024-01-16,BUSINESS,1584816.24,12,PENDING,E
APP00005062,CUST007279,BR0012,2024-11-18,VEHICLE,525030.5,18,APPROVED,D
APP00005063,CUST008416,BR0004,2025-06-25,VEHICLE,700659.27,24,PENDING,E
APP00005064,CUST000892,BR0014,2024-03-25,PERSONAL,980773.13,48,REJECTED,B
APP00005065,CUST000140,BR0014,2025-05-29,VEHICLE,594436.43,36,APPROVED,C
APP00005066,CUST008189,BR0036,2024-05-19,PERSONAL,1730233.6,36,APPROVED,E
APP00005067,CUST007168,BR0035,2025-11-18,VEHICLE,499030.56,48,PENDING,E
APP00005068,CUST007302,BR0024,2026-01-13,CONSUMER_DURABLE,1681417.41,18,APPROVED,C
APP00005069,CUST001692,BR0045,2025-10-21,BUSINESS,802049.97,36,REJECTED,D
APP00005070,CUST007103,BR0017,2025-06-21,CONSUMER_DURABLE,90275.88,36,APPROVED,D
APP00005071,CUST003328,BR0004,2026-01-26,VEHICLE,808574.43,24,PENDING,A
APP00005072,CUST001934,BR0002,2025-12-01,VEHICLE,218764.14,60,PENDING,C
APP00005073,CUST008529,BR0019,2025-09-21,CONSUMER_DURABLE,1649206.68,48,REJECTED,E
APP00005074,CUST004859,BR0041,2026-02-20,PERSONAL,670692.37,18,APPROVED,A
APP00005075,CUST003666,BR0016,2024-11-23,VEHICLE,1990359.14,12,APPROVED,C
APP00005076,CUST005140,BR0021,2024-01-07,VEHICLE,432490.14,48,REJECTED,E
APP00005077,CUST002561,BR0020,2024-10-15,BUSINESS,816716.14,12,APPROVED,A
APP00005078,CUST004800,BR0008,2025-07-09,BUSINESS,1471500.37,36,APPROVED,C
APP00005079,CUST007212,BR0001,2025-10-12,PERSONAL,1855177.65,12,APPROVED,A
APP00005080,CUST009502,BR0034,2024-09-12,PERSONAL,1098836.28,60,APPROVED,D
APP00005081,CUST007387,BR0009,2024-05-28,VEHICLE,1471766.4,18,APPROVED,B
APP00005082,CUST005282,BR0029,2024-07-19,VEHICLE,1938368.07,24,PENDING,E
APP00005083,CUST006459,BR0040,2024-11-22,CONSUMER_DURABLE,754087.02,18,APPROVED,C
APP00005084,CUST008221,BR0003,2026-08-16,PERSONAL,596906.81,60,REJECTED,D
APP00005085,CUST007880,BR0004,2024-04-15,PERSONAL,1161737.35,12,APPROVED,D
APP00005086,CUST000626,BR0039,2024-09-03,BUSINESS,253782.98,24,APPROVED,D
APP00005087,CUST008814,BR0031,2025-01-06,PERSONAL,593921.39,48,APPROVED,C
APP00005088,CUST009181,BR0033,2025-10-13,BUSINESS,884643.21,18,PENDING,D
APP00005089,CUST001008,BR0003,2026-05-30,VEHICLE,325643.12,48,PENDING,C
APP00005090,CUST003217,BR0037,2024-08-23,CONSUMER_DURABLE,390732.61,18,REJECTED,D
APP00005091,CUST003052,BR0034,2024-10-31,VEHICLE,935097.76,36,REJECTED,D
APP00005092,CUST007347,BR0023,2024-12-31,CONSUMER_DURABLE,896463.34,48,APPROVED,C
APP00005093,CUST006699,BR0006,2026-03-02,CONSUMER_DURABLE,64240.94,48,REJECTED,C
APP00005094,CUST003508,BR0043,2025-01-10,PERSONAL,222687.65,60,REJECTED,E
APP00005095,CUST007859,BR0039,2024-04-24,CONSUMER_DURABLE,304950.19,24,APPROVED,A
APP00005096,CUST004474,BR0011,2025-12-01,BUSINESS,1110935.5,24,APPROVED,A
APP00005097,CUST004864,BR0038,2025-05-05,CONSUMER_DURABLE,1012732.08,18,PENDING,B
APP00005098,CUST002472,BR0026,2026-06-06,PERSONAL,1263927.9,36,APPROVED,A
APP00005099,CUST003817,BR0021,2026-04-16,BUSINESS,1729487.4,60,PENDING,B
APP00005100,CUST007669,BR0013,2024-04-24,PERSONAL,559803.16,48,APPROVED,B
APP00005101,CUST004255,BR0003,2024-03-09,BUSINESS,1674238.68,18,PENDING,E
APP00005102,CUST005893,BR0020,2024-12-13,BUSINESS,1362784.14,12,PENDING,C
APP00005103,CUST008872,BR0034,2024-09-08,CONSUMER_DURABLE,1594053.34,18,APPROVED,E
APP00005104,CUST005200,BR0042,2026-05-23,PERSONAL,126923.19,60,PENDING,E
APP00005105,CUST008458,BR0001,2026-09-26,BUSINESS,1758028.38,12,REJECTED,C
APP00005106,CUST004990,BR0038,2024-11-07,BUSINESS,1413713.58,24,APPROVED,A
APP00005107,CUST007563,BR0005,2024-05-26,BUSINESS,949251.67,48,APPROVED,E
APP00005108,CUST009188,BR0041,2024-12-05,CONSUMER_DURABLE,251120.03,18,APPROVED,B
APP00005109,CUST007392,BR0028,2024-07-14,CONSUMER_DURABLE,948569.51,60,APPROVED,B
APP00005110,CUST007307,BR0039,2026-06-04,CONSUMER_DURABLE,454793.63,36,APPROVED,D
APP00005111,CUST007673,BR0018,2024-07-03,BUSINESS,74680.16,36,APPROVED,D
APP00005112,CUST006643,BR0025,2025-09-20,PERSONAL,1672216.82,48,APPROVED,E
APP00005113,CUST008909,BR0020,2024-11-26,PERSONAL,750592.79,18,PENDING,C
APP00005114,CUST000158,BR0003,2026-06-01,CONSUMER_DURABLE,826723.19,60,REJECTED,E
APP00005115,CUST003479,BR0019,2024-04-28,VEHICLE,1311650.05,60,APPROVED,C
APP00005116,CUST009525,BR0050,2026-01-21,PERSONAL,332632.51,48,PENDING,D
APP00005117,CUST009876,BR0043,2024-10-07,PERSONAL,1063967.35,60,APPROVED,C
APP00005118,CUST004730,BR0008,2024-12-21,PERSONAL,734817.03,36,APPROVED,E
APP00005119,CUST001751,BR0019,2024-07-04,BUSINESS,494121.08,48,REJECTED,C
APP00005120,CUST008480,BR0024,2025-06-28,CONSUMER_DURABLE,1120419.25,18,APPROVED,A
APP00005121,CUST003705,BR0029,2025-10-04,VEHICLE,358481.41,48,APPROVED,A
APP00005122,CUST004008,BR0011,2024-07-02,VEHICLE,1936152.88,60,PENDING,A
APP00005123,CUST004944,BR0010,2026-05-20,CONSUMER_DURABLE,1570885.83,24,APPROVED,D
APP00005124,CUST003434,BR0004,2025-08-21,PERSONAL,334072.96,36,APPROVED,E
APP00005125,CUST009449,BR0022,2025-01-15,BUSINESS,574481.56,12,APPROVED,A
APP00005126,CUST000760,BR0007,2025-03-17,PERSONAL,856857.66,48,PENDING,D
APP00005127,CUST004181,BR0016,2025-04-30,VEHICLE,1150524.16,48,REJECTED,E
APP00005128,CUST004681,BR0021,2025-03-21,BUSINESS,931012.46,48,REJECTED,C
APP00005129,CUST004077,BR0039,2024-06-06,PERSONAL,1032092.66,60,PENDING,A
APP00005130,CUST004147,BR0013,2024-06-06,BUSINESS,1405156.64,60,APPROVED,D
APP00005131,CUST008274,BR0017,2026-03-27,PERSONAL,687342.5,60,APPROVED,C
APP00005132,CUST001410,BR0022,2024-02-26,PERSONAL,1800812.04,60,APPROVED,B
APP00005133,CUST002698,BR0031,2025-10-09,VEHICLE,1094694.07,24,APPROVED,B
APP00005134,CUST005787,BR0006,2025-05-15,VEHICLE,1083199.68,60,APPROVED,C
APP00005135,CUST008129,BR0035,2026-04-07,BUSINESS,407565.18,24,PENDING,A
APP00005136,CUST005754,BR0042,2024-04-11,CONSUMER_DURABLE,1460524.73,12,PENDING,A
APP00005137,CUST004917,BR0036,2024-08-13,CONSUMER_DURABLE,130400.73,18,APPROVED,E
APP00005138,CUST000199,BR0021,2025-02-18,VEHICLE,1758587.4,18,PENDING,C
APP00005139,CUST005330,BR0021,2026-03-09,VEHICLE,503060.35,48,APPROVED,B
APP00005140,CUST007155,BR0022,2025-09-30,PERSONAL,618743.0,48,REJECTED,C
APP00005141,CUST008606,BR0046,2025-05-05,BUSINESS,684012.35,18,REJECTED,D
APP00005142,CUST001468,BR0050,2026-06-03,PERSONAL,1292781.01,36,PENDING,B
APP00005143,CUST005074,BR0028,2025-11-17,BUSINESS,1528353.82,24,PENDING,C
APP00005144,CUST007213,BR0012,2025-02-14,PERSONAL,1904467.75,48,APPROVED,B
APP00005145,CUST000728,BR0007,2024-07-12,CONSUMER_DURABLE,162584.62,60,PENDING,D
APP00005146,CUST008863,BR0041,2024-11-27,CONSUMER_DURABLE,272620.2,18,PENDING,C
APP00005147,CUST007307,BR0010,2024-02-03,BUSINESS,1070573.26,18,PENDING,E
APP00005148,CUST009512,BR0002,2026-01-01,VEHICLE,1407638.58,36,PENDING,E
APP00005149,CUST001787,BR0037,2026-06-20,BUSINESS,217307.94,48,REJECTED,D
APP00005150,CUST000974,BR0044,2025-06-08,CONSUMER_DURABLE,946700.3,18,PENDING,B
APP00005151,CUST002036,BR0002,2025-06-16,CONSUMER_DURABLE,106830.18,24,PENDING,A
APP00005152,CUST007977,BR0004,2025-10-31,CONSUMER_DURABLE,1191963.81,36,APPROVED,C
APP00005153,CUST007960,BR0049,2025-01-31,VEHICLE,532041.56,48,REJECTED,E
APP00005154,CUST004893,BR0039,2025-10-03,VEHICLE,1704684.6,60,REJECTED,A
APP00005155,CUST005436,BR0007,2025-10-21,CONSUMER_DURABLE,1843173.81,24,APPROVED,C
APP00005156,CUST008137,BR0041,2026-03-28,CONSUMER_DURABLE,853304.03,48,PENDING,A
APP00005157,CUST005112,BR0008,2025-07-25,CONSUMER_DURABLE,354633.35,60,PENDING,D
APP00005158,CUST001427,BR0028,2025-07-02,CONSUMER_DURABLE,604089.4,18,APPROVED,A
APP00005159,CUST005637,BR0017,2026-05-08,VEHICLE,488093.76,18,PENDING,D
APP00005160,CUST005777,BR0016,2025-04-16,CONSUMER_DURABLE,262483.78,18,PENDING,B
APP00005161,CUST009624,BR0003,2026-07-02,CONSUMER_DURABLE,936858.47,12,REJECTED,B
APP00005162,CUST002678,BR0005,2025-03-15,BUSINESS,1826325.6,60,APPROVED,D
APP00005163,CUST007555,BR0037,2026-03-23,BUSINESS,800633.25,24,REJECTED,D
APP00005164,CUST006539,BR0017,2024-01-10,BUSINESS,1966157.74,18,APPROVED,B
APP00005165,CUST008013,BR0040,2026-03-02,VEHICLE,547164.89,24,PENDING,C
APP00005166,CUST009558,BR0017,2025-08-29,VEHICLE,63486.47,60,PENDING,A
APP00005167,CUST004840,BR0017,2025-11-25,PERSONAL,758563.18,60,APPROVED,B
APP00005168,CUST007153,BR0046,2024-12-28,BUSINESS,1309162.96,18,APPROVED,D
APP00005169,CUST004515,BR0032,2025-12-22,PERSONAL,135235.54,24,PENDING,B
APP00005170,CUST004479,BR0041,2026-06-06,VEHICLE,1242847.24,60,PENDING,E
APP00005171,CUST008036,BR0041,2025-11-05,CONSUMER_DURABLE,1994263.39,48,APPROVED,E
APP00005172,CUST002017,BR0012,2025-04-20,VEHICLE,1328051.4,48,APPROVED,B
APP00005173,CUST006456,BR0007,2024-11-23,CONSUMER_DURABLE,948725.55,18,PENDING,E
APP00005174,CUST008144,BR0036,2025-03-23,PERSONAL,1605892.0,12,APPROVED,E
APP00005175,CUST001698,BR0035,2024-05-14,BUSINESS,823041.7,18,APPROVED,E
APP00005176,CUST005848,BR0021,2024-12-30,PERSONAL,348921.36,60,PENDING,E
APP00005177,CUST009639,BR0050,2024-03-02,CONSUMER_DURABLE,953189.54,36,APPROVED,E
APP00005178,CUST007263,BR0024,2024-10-15,BUSINESS,1380947.28,48,PENDING,D
APP00005179,CUST008073,BR0002,2025-09-05,VEHICLE,1123058.75,18,APPROVED,B
APP00005180,CUST000735,BR0048,2025-04-12,PERSONAL,1652999.17,18,REJECTED,B
APP00005181,CUST004604,BR0023,2025-07-25,BUSINESS,1772474.61,36,PENDING,E
APP00005182,CUST003269,BR0028,2024-01-08,VEHICLE,1568006.74,24,PENDING,A
APP00005183,CUST000349,BR0042,2026-07-02,CONSUMER_DURABLE,1360508.94,18,APPROVED,A
APP00005184,CUST000551,BR0018,2026-06-09,CONSUMER_DURABLE,797697.85,36,APPROVED,D
APP00005185,CUST006135,BR0001,2024-12-10,BUSINESS,244084.88,12,PENDING,E
APP00005186,CUST004873,BR0006,2024-01-18,VEHICLE,429929.74,48,APPROVED,A
APP00005187,CUST004420,BR0004,2026-07-06,PERSONAL,603064.24,36,REJECTED,E
APP00005188,CUST002899,BR0011,2024-02-01,VEHICLE,924069.45,18,APPROVED,D
APP00005189,CUST008090,BR0034,2024-02-08,PERSONAL,278865.26,36,PENDING,C
APP00005190,CUST008232,BR0046,2025-06-17,CONSUMER_DURABLE,1470378.76,18,APPROVED,B
APP00005191,CUST000488,BR0024,2025-10-15,CONSUMER_DURABLE,1841319.78,36,APPROVED,E
APP00005192,CUST000611,BR0021,2025-08-15,CONSUMER_DURABLE,291837.65,48,APPROVED,E
APP00005193,CUST009579,BR0015,2025-03-30,PERSONAL,1420176.74,36,REJECTED,B
APP00005194,CUST008438,BR0030,2026-08-09,VEHICLE,854689.25,36,REJECTED,E
APP00005195,CUST001291,BR0029,2026-09-12,PERSONAL,844359.83,24,REJECTED,B
APP00005196,CUST008636,BR0014,2026-07-23,BUSINESS,1391024.24,48,APPROVED,E
APP00005197,CUST001002,BR0041,2024-01-31,BUSINESS,1362171.95,36,REJECTED,A
APP00005198,CUST000950,BR0012,2025-09-15,CONSUMER_DURABLE,1508072.34,36,PENDING,E
APP00005199,CUST000822,BR0006,2026-01-14,VEHICLE,1182645.49,60,PENDING,D
APP00005200,CUST001466,BR0025,2026-01-31,BUSINESS,637988.79,36,APPROVED,C
APP00005201,CUST005874,BR0004,2024-07-26,BUSINESS,413774.64,24,PENDING,E
APP00005202,CUST006942,BR0023,2024-06-13,CONSUMER_DURABLE,1850429.2,36,APPROVED,B
APP00005203,CUST002728,BR0035,2025-05-04,CONSUMER_DURABLE,1428725.95,36,PENDING,E
APP00005204,CUST003045,BR0007,2026-04-19,BUSINESS,881521.77,36,APPROVED,C
APP00005205,CUST005482,BR0003,2025-09-22,CONSUMER_DURABLE,1356493.85,60,PENDING,D
APP00005206,CUST003516,BR0048,2026-01-24,CONSUMER_DURABLE,1436650.05,48,PENDING,C
APP00005207,CUST001609,BR0036,2025-03-22,VEHICLE,1034254.54,48,PENDING,B
APP00005208,CUST000255,BR0008,2024-08-05,CONSUMER_DURABLE,122081.62,36,REJECTED,C
APP00005209,CUST003329,BR0031,2025-03-05,CONSUMER_DURABLE,349183.89,48,PENDING,D
APP00005210,CUST002821,BR0011,2025-09-28,CONSUMER_DURABLE,665107.61,60,REJECTED,E
APP00005211,CUST008741,BR0021,2025-07-24,CONSUMER_DURABLE,1124125.87,36,PENDING,B
APP00005212,CUST004890,BR0048,2024-03-31,VEHICLE,173474.4,24,APPROVED,C
APP00005213,CUST005828,BR0017,2024-10-31,BUSINESS,559909.75,36,APPROVED,C
APP00005214,CUST000500,BR0049,2026-06-23,VEHICLE,1589160.96,48,REJECTED,B
APP00005215,CUST007371,BR0009,2024-06-14,PERSONAL,201169.39,24,APPROVED,C
APP00005216,CUST000475,BR0012,2024-09-21,PERSONAL,1928721.92,36,PENDING,B
APP00005217,CUST004909,BR0006,2025-08-16,PERSONAL,1776624.15,48,APPROVED,D
APP00005218,CUST008671,BR0011,2026-03-04,PERSONAL,732163.42,48,APPROVED,A
APP00005219,CUST007061,BR0010,2024-11-26,VEHICLE,269021.21,48,APPROVED,A
APP00005220,CUST000833,BR0041,2024-09-22,VEHICLE,1345844.76,18,APPROVED,E
APP00005221,CUST008077,BR0022,2024-08-07,PERSONAL,1030254.28,60,PENDING,E
APP00005222,CUST009555,BR0022,2026-04-14,CONSUMER_DURABLE,201504.44,60,REJECTED,C
APP00005223,CUST009115,BR0005,2025-08-02,VEHICLE,666813.81,18,APPROVED,E
APP00005224,CUST001268,BR0043,2024-03-09,BUSINESS,1999846.25,24,APPROVED,C
APP00005225,CUST003390,BR0049,2024-06-07,BUSINESS,591185.04,60,REJECTED,D
APP00005226,CUST002156,BR0024,2025-02-14,VEHICLE,875999.27,60,PENDING,A
APP00005227,CUST001464,BR0001,2025-06-14,BUSINESS,93203.27,48,APPROVED,A
APP00005228,CUST009708,BR0041,2026-05-12,VEHICLE,1738167.38,60,APPROVED,C
APP00005229,CUST003561,BR0022,2025-11-09,VEHICLE,1414673.82,18,REJECTED,D
APP00005230,CUST005897,BR0013,2026-07-19,CONSUMER_DURABLE,957791.25,48,APPROVED,B
APP00005231,CUST007672,BR0033,2026-07-22,VEHICLE,1665388.56,36,PENDING,A
APP00005232,CUST004622,BR0004,2026-03-19,PERSONAL,945056.44,18,REJECTED,A
APP00005233,CUST002881,BR0028,2026-06-26,BUSINESS,1761632.56,12,APPROVED,C
APP00005234,CUST000817,BR0018,2025-11-23,CONSUMER_DURABLE,1451126.79,24,APPROVED,E
APP00005235,CUST003495,BR0003,2025-05-29,PERSONAL,1799119.4,60,APPROVED,B
APP00005236,CUST002605,BR0019,2026-01-11,PERSONAL,1301610.48,48,REJECTED,E
APP00005237,CUST004413,BR0039,2024-07-02,PERSONAL,912421.26,24,REJECTED,E
APP00005238,CUST004956,BR0009,2024-01-25,BUSINESS,1515959.2,60,APPROVED,D
APP00005239,CUST008888,BR0019,2024-03-08,CONSUMER_DURABLE,370882.2,36,APPROVED,C
APP00005240,CUST006174,BR0050,2026-07-07,PERSONAL,1779448.37,48,PENDING,A
APP00005241,CUST001968,BR0042,2025-06-27,PERSONAL,919492.75,24,APPROVED,A
APP00005242,CUST000050,BR0038,2026-04-21,PERSONAL,754406.58,60,PENDING,C
APP00005243,CUST004559,BR0003,2026-02-28,VEHICLE,221484.63,60,REJECTED,D
APP00005244,CUST007886,BR0045,2025-11-10,CONSUMER_DURABLE,1264971.5,36,APPROVED,A
APP00005245,CUST005632,BR0004,2024-10-01,PERSONAL,1026192.93,24,APPROVED,B
APP00005246,CUST007230,BR0024,2026-06-17,BUSINESS,1442912.96,24,APPROVED,B
APP00005247,CUST003060,BR0005,2025-10-17,PERSONAL,1302318.04,24,APPROVED,B
APP00005248,CUST004667,BR0014,2026-04-12,PERSONAL,1944053.44,18,REJECTED,B
APP00005249,CUST009085,BR0018,2024-03-07,BUSINESS,1525717.31,24,APPROVED,A
APP00005250,CUST007849,BR0044,2026-07-14,VEHICLE,159461.5,12,APPROVED,A
APP00005251,CUST006135,BR0031,2025-08-29,PERSONAL,1641419.7,12,APPROVED,E
APP00005252,CUST006834,BR0005,2025-12-19,VEHICLE,575682.81,18,PENDING,D
APP00005253,CUST001938,BR0020,2025-10-20,PERSONAL,1681453.6,12,REJECTED,D
APP00005254,CUST001029,BR0007,2025-04-08,VEHICLE,1547201.25,48,APPROVED,C
APP00005255,CUST006313,BR0036,2025-10-28,PERSONAL,1655686.9,12,REJECTED,D
APP00005256,CUST004270,BR0037,2025-12-04,BUSINESS,273566.13,36,APPROVED,A
APP00005257,CUST006782,BR0024,2026-05-07,BUSINESS,57907.55,36,PENDING,A
APP00005258,CUST005610,BR0020,2024-09-18,VEHICLE,496066.56,12,APPROVED,E
APP00005259,CUST002773,BR0013,2024-05-17,PERSONAL,905865.12,12,PENDING,C
APP00005260,CUST002929,BR0019,2026-04-15,PERSONAL,946578.86,12,APPROVED,D
APP00005261,CUST007083,BR0001,2026-03-05,BUSINESS,1532366.32,48,APPROVED,A
APP00005262,CUST006985,BR0023,2025-12-07,CONSUMER_DURABLE,1201192.34,18,APPROVED,C
APP00005263,CUST000327,BR0044,2024-11-09,BUSINESS,1815869.56,12,REJECTED,C
APP00005264,CUST004880,BR0009,2025-08-16,CONSUMER_DURABLE,1732198.13,24,APPROVED,E
APP00005265,CUST005384,BR0032,2025-03-24,VEHICLE,863904.4,48,PENDING,B
APP00005266,CUST001588,BR0011,2025-08-05,BUSINESS,1102295.15,60,APPROVED,B
APP00005267,CUST001804,BR0015,2025-09-19,BUSINESS,1151869.23,48,APPROVED,A
APP00005268,CUST004875,BR0034,2026-04-04,CONSUMER_DURABLE,1386079.48,24,APPROVED,A
APP00005269,CUST003232,BR0019,2026-01-14,CONSUMER_DURABLE,1467859.16,24,APPROVED,D
APP00005270,CUST002893,BR0015,2024-02-13,VEHICLE,100729.83,60,APPROVED,B
APP00005271,CUST007486,BR0028,2024-04-13,CONSUMER_DURABLE,1092417.82,48,REJECTED,D
APP00005272,CUST006761,BR0018,2025-01-31,CONSUMER_DURABLE,970102.82,48,APPROVED,B
APP00005273,CUST008791,BR0049,2024-01-19,PERSONAL,214535.17,48,APPROVED,C
APP00005274,CUST002026,BR0040,2024-06-27,CONSUMER_DURABLE,1304563.03,18,PENDING,E
APP00005275,CUST002238,BR0048,2025-05-16,BUSINESS,1380685.69,60,APPROVED,E
APP00005276,CUST003633,BR0038,2024-04-05,CONSUMER_DURABLE,1699799.43,18,APPROVED,D
APP00005277,CUST008004,BR0026,2024-05-12,VEHICLE,748218.66,48,PENDING,E
APP00005278,CUST001857,BR0050,2025-03-28,PERSONAL,1412678.04,12,PENDING,C
APP00005279,CUST005624,BR0006,2026-01-11,VEHICLE,1579785.49,12,REJECTED,D
APP00005280,CUST007923,BR0001,2026-06-25,CONSUMER_DURABLE,900706.6,18,REJECTED,E
APP00005281,CUST003954,BR0016,2025-11-06,VEHICLE,128559.54,36,REJECTED,B
APP00005282,CUST005901,BR0023,2026-09-04,VEHICLE,689571.04,36,REJECTED,A
APP00005283,CUST009763,BR0016,2025-02-12,VEHICLE,795593.52,48,REJECTED,A
APP00005284,CUST008976,BR0050,2026-05-13,PERSONAL,353160.53,60,APPROVED,C
APP00005285,CUST003839,BR0015,2026-07-16,VEHICLE,187779.9,12,APPROVED,E
APP00005286,CUST001937,BR0021,2026-02-03,CONSUMER_DURABLE,287125.05,18,APPROVED,A
APP00005287,CUST000078,BR0004,2024-05-06,PERSONAL,1857010.12,36,REJECTED,B
APP00005288,CUST005391,BR0003,2026-02-04,PERSONAL,679569.19,60,APPROVED,B
APP00005289,CUST000530,BR0035,2026-06-24,PERSONAL,1180488.79,60,PENDING,D
APP00005290,CUST006480,BR0004,2024-06-30,BUSINESS,97077.35,24,REJECTED,E
APP00005291,CUST000757,BR0038,2024-04-05,CONSUMER_DURABLE,317208.6,18,APPROVED,E
APP00005292,CUST004828,BR0028,2026-03-26,CONSUMER_DURABLE,839909.05,60,PENDING,C
APP00005293,CUST009578,BR0026,2026-09-21,PERSONAL,1989067.49,24,APPROVED,C
APP00005294,CUST008086,BR0009,2026-06-18,VEHICLE,980494.59,48,REJECTED,B
APP00005295,CUST001072,BR0012,2024-01-15,PERSONAL,1310039.39,18,REJECTED,E
APP00005296,CUST003749,BR0016,2026-05-08,VEHICLE,1069842.72,60,APPROVED,A
APP00005297,CUST008068,BR0031,2025-11-12,PERSONAL,511474.53,48,REJECTED,E
APP00005298,CUST008551,BR0008,2024-02-21,CONSUMER_DURABLE,515912.61,18,APPROVED,B
APP00005299,CUST008282,BR0048,2024-09-29,CONSUMER_DURABLE,61264.41,48,APPROVED,B
APP00005300,CUST007184,BR0005,2026-08-02,CONSUMER_DURABLE,141953.96,12,APPROVED,A
APP00005301,CUST004116,BR0047,2026-04-30,CONSUMER_DURABLE,596717.23,60,APPROVED,E
APP00005302,CUST003709,BR0031,2026-05-20,PERSONAL,830986.67,18,REJECTED,C
APP00005303,CUST004131,BR0044,2025-07-28,PERSONAL,640955.25,12,APPROVED,A
APP00005304,CUST001660,BR0012,2025-08-23,PERSONAL,749167.23,60,APPROVED,B
APP00005305,CUST009628,BR0038,2025-05-28,PERSONAL,1885332.72,18,REJECTED,C
APP00005306,CUST006172,BR0011,2025-12-24,PERSONAL,1145888.18,18,PENDING,D
APP00005307,CUST002314,BR0019,2026-09-01,VEHICLE,1382369.49,12,REJECTED,C
APP00005308,CUST009126,BR0049,2024-08-31,BUSINESS,1952047.96,36,APPROVED,A
APP00005309,CUST002578,BR0043,2026-05-19,CONSUMER_DURABLE,1819663.08,48,REJECTED,D
APP00005310,CUST007830,BR0023,2024-08-20,BUSINESS,1977547.49,12,APPROVED,B
APP00005311,CUST008476,BR0004,2025-07-25,PERSONAL,1973320.05,36,APPROVED,A
APP00005312,CUST003355,BR0020,2025-03-26,BUSINESS,1760924.32,36,REJECTED,E
APP00005313,CUST003052,BR0042,2025-08-14,PERSONAL,534559.42,12,REJECTED,E
APP00005314,CUST007210,BR0016,2026-06-05,BUSINESS,1101496.06,12,APPROVED,B
APP00005315,CUST001331,BR0027,2024-05-20,PERSONAL,762035.26,60,PENDING,C
APP00005316,CUST009461,BR0002,2024-07-21,VEHICLE,106860.87,24,APPROVED,B
APP00005317,CUST009238,BR0046,2024-03-12,PERSONAL,1257953.97,48,APPROVED,D
APP00005318,CUST004480,BR0044,2025-06-19,CONSUMER_DURABLE,1448709.14,12,REJECTED,E
APP00005319,CUST005905,BR0027,2026-09-25,PERSONAL,1467467.7,60,REJECTED,D
APP00005320,CUST006574,BR0031,2024-07-29,PERSONAL,1712726.31,48,APPROVED,E
APP00005321,CUST001338,BR0010,2025-03-08,VEHICLE,1628015.67,12,REJECTED,C
APP00005322,CUST002464,BR0017,2024-12-23,VEHICLE,1966601.22,24,REJECTED,C
APP00005323,CUST001862,BR0040,2024-02-13,CONSUMER_DURABLE,680157.73,24,PENDING,C
APP00005324,CUST004014,BR0016,2024-05-07,PERSONAL,880960.59,12,APPROVED,D
APP00005325,CUST001979,BR0020,2024-09-10,PERSONAL,1996160.41,36,APPROVED,A
APP00005326,CUST008442,BR0018,2025-03-30,PERSONAL,95208.93,12,REJECTED,C
APP00005327,CUST002896,BR0015,2026-01-12,PERSONAL,471896.61,60,PENDING,C
APP00005328,CUST003629,BR0012,2026-09-23,CONSUMER_DURABLE,715761.29,18,APPROVED,D
APP00005329,CUST001733,BR0030,2026-01-08,PERSONAL,729108.31,36,APPROVED,C
APP00005330,CUST008485,BR0032,2026-09-03,BUSINESS,336320.86,12,PENDING,C
APP00005331,CUST005297,BR0007,2026-01-23,PERSONAL,1358860.73,36,REJECTED,C
APP00005332,CUST007952,BR0048,2024-03-28,BUSINESS,1635056.35,60,REJECTED,B
APP00005333,CUST006752,BR0017,2025-07-30,VEHICLE,1455442.08,12,PENDING,D
APP00005334,CUST001114,BR0032,2025-11-14,BUSINESS,177440.95,24,APPROVED,C
APP00005335,CUST006745,BR0019,2026-02-28,CONSUMER_DURABLE,176232.68,12,APPROVED,B
APP00005336,CUST004052,BR0028,2026-07-08,CONSUMER_DURABLE,394425.02,12,PENDING,E
APP00005337,CUST002042,BR0034,2024-02-20,PERSONAL,1237856.17,60,APPROVED,B
APP00005338,CUST005487,BR0005,2026-06-16,CONSUMER_DURABLE,1025715.5,36,PENDING,B
APP00005339,CUST007509,BR0017,2025-06-18,VEHICLE,206886.31,48,APPROVED,A
APP00005340,CUST004836,BR0015,2026-08-03,PERSONAL,958575.38,36,APPROVED,A
APP00005341,CUST006980,BR0025,2024-04-21,VEHICLE,802572.75,12,APPROVED,B
APP00005342,CUST007958,BR0028,2026-01-01,CONSUMER_DURABLE,510104.7,60,PENDING,E
APP00005343,CUST003180,BR0045,2024-07-20,BUSINESS,1564911.12,60,REJECTED,A
APP00005344,CUST003188,BR0041,2025-05-19,BUSINESS,1961229.74,36,PENDING,E
APP00005345,CUST005391,BR0041,2025-08-12,PERSONAL,250477.52,48,REJECTED,C
APP00005346,CUST002930,BR0008,2025-03-21,CONSUMER_DURABLE,256331.09,60,APPROVED,B
APP00005347,CUST002050,BR0027,2025-07-05,CONSUMER_DURABLE,1133701.12,36,APPROVED,B
APP00005348,CUST000966,BR0028,2024-05-02,BUSINESS,173404.3,12,PENDING,C
APP00005349,CUST003033,BR0011,2024-02-03,CONSUMER_DURABLE,1693296.73,12,PENDING,A
APP00005350,CUST001902,BR0002,2025-03-21,VEHICLE,140360.47,12,PENDING,E
APP00005351,CUST006747,BR0015,2025-06-05,BUSINESS,1140051.34,48,APPROVED,B
APP00005352,CUST003389,BR0019,2024-04-14,CONSUMER_DURABLE,773108.42,24,APPROVED,C
APP00005353,CUST007781,BR0008,2024-11-09,PERSONAL,283621.09,18,APPROVED,A
APP00005354,CUST007215,BR0014,2024-02-06,BUSINESS,1586019.16,12,REJECTED,D
APP00005355,CUST009902,BR0009,2025-12-10,VEHICLE,547731.04,60,APPROVED,A
APP00005356,CUST006416,BR0041,2025-04-30,BUSINESS,1860138.65,12,APPROVED,B
APP00005357,CUST004432,BR0046,2025-07-19,CONSUMER_DURABLE,595291.88,48,APPROVED,E
APP00005358,CUST004261,BR0009,2024-12-08,PERSONAL,972622.7,18,APPROVED,A
APP00005359,CUST004771,BR0031,2025-03-03,VEHICLE,585607.4,24,PENDING,B
APP00005360,CUST008928,BR0029,2024-10-18,VEHICLE,1789130.4,12,PENDING,C
APP00005361,CUST000969,BR0003,2026-05-17,BUSINESS,1338696.33,48,PENDING,D
APP00005362,CUST008033,BR0009,2025-10-10,BUSINESS,1214678.13,12,PENDING,B
APP00005363,CUST004034,BR0032,2025-08-14,CONSUMER_DURABLE,1423048.8,24,PENDING,C
APP00005364,CUST001179,BR0009,2024-03-25,VEHICLE,1758765.78,48,PENDING,A
APP00005365,CUST008904,BR0046,2026-06-29,CONSUMER_DURABLE,66333.76,18,REJECTED,C
APP00005366,CUST008589,BR0044,2026-07-13,VEHICLE,974205.48,12,PENDING,E
APP00005367,CUST005420,BR0040,2024-10-22,PERSONAL,418416.43,18,PENDING,B
APP00005368,CUST000813,BR0039,2024-08-06,VEHICLE,834599.69,12,REJECTED,D
APP00005369,CUST009987,BR0046,2025-08-23,BUSINESS,1872623.06,24,REJECTED,C
APP00005370,CUST009795,BR0017,2024-02-02,BUSINESS,1950330.38,12,APPROVED,A
APP00005371,CUST008168,BR0001,2026-07-19,PERSONAL,262609.84,12,APPROVED,D
APP00005372,CUST000902,BR0031,2024-07-25,BUSINESS,556082.68,60,APPROVED,A
APP00005373,CUST002541,BR0006,2024-04-01,BUSINESS,1611440.68,36,PENDING,E
APP00005374,CUST003715,BR0036,2026-08-02,BUSINESS,1229102.64,48,APPROVED,C
APP00005375,CUST009215,BR0047,2024-03-29,CONSUMER_DURABLE,74774.39,18,PENDING,A
APP00005376,CUST007275,BR0030,2026-06-18,CONSUMER_DURABLE,489049.79,60,REJECTED,E
APP00005377,CUST002787,BR0043,2024-06-23,PERSONAL,1274306.58,36,PENDING,A
APP00005378,CUST004766,BR0023,2024-09-18,BUSINESS,559805.42,48,REJECTED,E
APP00005379,CUST005808,BR0030,2025-05-08,VEHICLE,1509440.39,18,REJECTED,B
APP00005380,CUST001470,BR0025,2024-05-13,BUSINESS,104456.25,36,APPROVED,C
APP00005381,CUST006607,BR0003,2025-02-19,BUSINESS,1164619.89,18,REJECTED,E
APP00005382,CUST007475,BR0015,2025-07-19,CONSUMER_DURABLE,1035207.24,24,REJECTED,C
APP00005383,CUST008643,BR0011,2025-03-31,VEHICLE,176730.69,24,APPROVED,D
APP00005384,CUST007658,BR0002,2024-01-08,VEHICLE,1571477.6,48,APPROVED,A
APP00005385,CUST001328,BR0045,2025-02-17,VEHICLE,1604260.15,24,APPROVED,C
APP00005386,CUST003436,BR0003,2024-08-11,BUSINESS,565951.66,60,PENDING,E
APP00005387,CUST004902,BR0038,2024-10-20,VEHICLE,1966590.51,24,APPROVED,B
APP00005388,CUST005249,BR0035,2025-06-02,CONSUMER_DURABLE,1546145.71,18,PENDING,C
APP00005389,CUST004284,BR0002,2026-07-26,CONSUMER_DURABLE,147614.69,24,APPROVED,C
APP00005390,CUST001905,BR0021,2025-07-03,PERSONAL,1693643.99,18,APPROVED,E
APP00005391,CUST004822,BR0035,2024-08-16,PERSONAL,1854006.69,18,APPROVED,D
APP00005392,CUST000645,BR0033,2024-06-14,CONSUMER_DURABLE,753892.35,36,APPROVED,B
APP00005393,CUST005977,BR0007,2025-09-08,PERSONAL,833160.14,18,APPROVED,D
APP00005394,CUST007961,BR0033,2025-09-24,PERSONAL,1474829.59,36,APPROVED,A
APP00005395,CUST002090,BR0043,2025-05-12,PERSONAL,1040078.74,12,PENDING,E
APP00005396,CUST006625,BR0017,2024-03-13,VEHICLE,146513.0,24,APPROVED,C
APP00005397,CUST000692,BR0029,2026-04-01,PERSONAL,229473.59,60,APPROVED,B
APP00005398,CUST008394,BR0047,2024-09-03,BUSINESS,1441722.21,12,APPROVED,A
APP00005399,CUST001384,BR0029,2025-05-27,CONSUMER_DURABLE,1932484.63,18,PENDING,B
APP00005400,CUST009062,BR0039,2026-08-03,CONSUMER_DURABLE,1733036.28,18,REJECTED,A
APP00005401,CUST009541,BR0040,2025-04-27,CONSUMER_DURABLE,577817.77,18,PENDING,E
APP00005402,CUST001773,BR0020,2025-07-30,VEHICLE,1986536.84,60,APPROVED,D
APP00005403,CUST003827,BR0049,2024-07-09,VEHICLE,1498639.83,48,APPROVED,B
APP00005404,CUST009676,BR0049,2026-08-09,BUSINESS,816387.0,18,APPROVED,E
APP00005405,CUST003210,BR0033,2025-10-26,CONSUMER_DURABLE,190333.09,60,APPROVED,E
APP00005406,CUST000199,BR0004,2025-07-13,PERSONAL,1474455.07,24,PENDING,E
APP00005407,CUST006190,BR0002,2026-07-19,BUSINESS,751132.08,18,REJECTED,B
APP00005408,CUST000217,BR0011,2024-09-24,VEHICLE,376650.16,18,REJECTED,E
APP00005409,CUST001402,BR0030,2024-11-22,CONSUMER_DURABLE,1638573.85,24,REJECTED,B
APP00005410,CUST008568,BR0015,2026-05-21,VEHICLE,1216423.66,48,PENDING,D
APP00005411,CUST003233,BR0008,2024-10-23,PERSONAL,412744.97,24,APPROVED,C
APP00005412,CUST002152,BR0020,2025-09-14,CONSUMER_DURABLE,607942.74,60,APPROVED,D
APP00005413,CUST007786,BR0042,2024-02-24,CONSUMER_DURABLE,293193.68,24,REJECTED,B
APP00005414,CUST008787,BR0014,2025-06-24,BUSINESS,1857314.66,48,APPROVED,A
APP00005415,CUST009079,BR0027,2024-03-15,PERSONAL,1767372.55,24,APPROVED,D
APP00005416,CUST004762,BR0021,2024-05-13,PERSONAL,1043789.32,24,APPROVED,E
APP00005417,CUST007964,BR0040,2026-02-21,BUSINESS,1923475.25,60,APPROVED,B
APP00005418,CUST001176,BR0008,2024-02-19,PERSONAL,1169302.03,48,APPROVED,E
APP00005419,CUST002202,BR0009,2026-07-29,BUSINESS,825167.82,24,APPROVED,A
APP00005420,CUST000909,BR0043,2025-01-28,PERSONAL,1199663.61,18,PENDING,B
APP00005421,CUST002274,BR0021,2024-05-09,PERSONAL,1246929.23,60,APPROVED,B
APP00005422,CUST008089,BR0013,2024-10-20,VEHICLE,989489.93,36,PENDING,B
APP00005423,CUST007880,BR0004,2025-10-29,CONSUMER_DURABLE,800498.32,36,REJECTED,B
APP00005424,CUST007150,BR0033,2024-09-25,CONSUMER_DURABLE,281262.12,48,PENDING,A
APP00005425,CUST003620,BR0019,2026-02-11,BUSINESS,339993.35,24,APPROVED,C
APP00005426,CUST000549,BR0043,2024-07-31,PERSONAL,496788.83,24,APPROVED,E
APP00005427,CUST009082,BR0033,2026-01-21,PERSONAL,569963.92,60,PENDING,B
APP00005428,CUST003867,BR0030,2025-04-12,CONSUMER_DURABLE,1789059.28,24,PENDING,D
APP00005429,CUST007507,BR0012,2025-04-21,VEHICLE,1976794.69,24,APPROVED,A
APP00005430,CUST007340,BR0006,2025-11-19,BUSINESS,1774094.11,12,REJECTED,B
APP00005431,CUST005246,BR0028,2026-06-30,PERSONAL,1288999.4,18,REJECTED,C
APP00005432,CUST008305,BR0026,2026-08-25,PERSONAL,1774961.22,24,PENDING,C
APP00005433,CUST002887,BR0008,2024-06-28,PERSONAL,1755141.65,48,APPROVED,D
APP00005434,CUST008778,BR0022,2025-10-30,CONSUMER_DURABLE,469593.19,24,APPROVED,D
APP00005435,CUST009142,BR0028,2025-08-18,PERSONAL,1352175.92,36,APPROVED,B
APP00005436,CUST006314,BR0021,2025-01-17,VEHICLE,807829.4,48,APPROVED,B
APP00005437,CUST007310,BR0017,2025-04-13,VEHICLE,207029.13,18,APPROVED,D
APP00005438,CUST005770,BR0015,2025-05-22,PERSONAL,1271667.74,18,APPROVED,E
APP00005439,CUST007816,BR0028,2025-01-13,VEHICLE,1282394.72,24,REJECTED,D
APP00005440,CUST000676,BR0004,2024-03-06,BUSINESS,1416668.91,36,REJECTED,D
APP00005441,CUST005548,BR0008,2024-10-21,BUSINESS,87116.96,18,APPROVED,C
APP00005442,CUST009098,BR0039,2026-06-02,BUSINESS,256851.08,24,APPROVED,C
APP00005443,CUST004594,BR0012,2025-07-25,CONSUMER_DURABLE,1848360.19,18,APPROVED,D
APP00005444,CUST007049,BR0047,2024-01-14,VEHICLE,174287.63,18,APPROVED,B
APP00005445,CUST004205,BR0024,2026-07-26,CONSUMER_DURABLE,478083.08,12,PENDING,A
APP00005446,CUST007758,BR0019,2024-01-03,PERSONAL,1207687.64,36,REJECTED,E
APP00005447,CUST008163,BR0001,2024-11-24,CONSUMER_DURABLE,548746.81,36,PENDING,B
APP00005448,CUST008413,BR0027,2025-07-20,PERSONAL,1582204.48,24,APPROVED,E
APP00005449,CUST006693,BR0019,2024-12-23,VEHICLE,1102308.96,48,APPROVED,A
APP00005450,CUST002526,BR0026,2024-05-23,CONSUMER_DURABLE,728389.8,36,APPROVED,B
APP00005451,CUST009615,BR0040,2025-04-17,CONSUMER_DURABLE,1635884.25,36,REJECTED,E
APP00005452,CUST001965,BR0044,2025-09-14,VEHICLE,1885274.39,60,PENDING,A
APP00005453,CUST002934,BR0012,2025-09-23,CONSUMER_DURABLE,203676.99,48,PENDING,A
APP00005454,CUST002499,BR0007,2025-11-24,PERSONAL,798261.44,24,APPROVED,E
APP00005455,CUST001880,BR0034,2024-04-03,PERSONAL,563063.03,36,APPROVED,E
APP00005456,CUST004838,BR0035,2024-08-11,VEHICLE,1290158.7,36,APPROVED,B
APP00005457,CUST001194,BR0024,2024-03-11,BUSINESS,1272246.92,12,PENDING,C
APP00005458,CUST009357,BR0034,2024-09-30,PERSONAL,898976.57,24,REJECTED,C
APP00005459,CUST004347,BR0002,2026-09-15,BUSINESS,1677325.87,48,PENDING,C
APP00005460,CUST007241,BR0029,2025-06-02,VEHICLE,310654.7,12,APPROVED,A
APP00005461,CUST002051,BR0030,2026-09-14,PERSONAL,1363800.63,48,REJECTED,C
APP00005462,CUST003045,BR0030,2025-03-16,PERSONAL,128448.11,36,PENDING,C
APP00005463,CUST008947,BR0005,2024-12-11,CONSUMER_DURABLE,762232.82,60,APPROVED,B
APP00005464,CUST007179,BR0049,2026-07-22,BUSINESS,1313151.64,48,APPROVED,C
APP00005465,CUST009965,BR0040,2024-11-27,PERSONAL,1158705.52,60,PENDING,B
APP00005466,CUST003039,BR0031,2025-11-25,BUSINESS,474012.16,36,APPROVED,E
APP00005467,CUST006115,BR0046,2025-08-13,VEHICLE,1507799.83,36,APPROVED,C
APP00005468,CUST004380,BR0022,2025-02-13,CONSUMER_DURABLE,261942.76,18,APPROVED,D
APP00005469,CUST000169,BR0037,2025-12-02,PERSONAL,1023359.55,48,PENDING,E
APP00005470,CUST007895,BR0004,2026-09-20,VEHICLE,1325668.21,36,PENDING,B
APP00005471,CUST001268,BR0021,2025-01-21,PERSONAL,1607283.72,12,PENDING,A
APP00005472,CUST000832,BR0034,2026-04-20,BUSINESS,1624645.22,36,APPROVED,C
APP00005473,CUST000752,BR0029,2024-10-29,PERSONAL,1511849.78,36,REJECTED,D
APP00005474,CUST008590,BR0031,2025-11-11,VEHICLE,841146.29,24,APPROVED,E
APP00005475,CUST005453,BR0050,2025-08-12,PERSONAL,538886.77,48,APPROVED,E
APP00005476,CUST003596,BR0046,2026-06-06,VEHICLE,322764.6,48,PENDING,B
APP00005477,CUST007486,BR0027,2026-07-26,VEHICLE,1350887.36,60,PENDING,D
APP00005478,CUST006911,BR0022,2025-11-30,CONSUMER_DURABLE,1884163.05,36,PENDING,E
APP00005479,CUST002663,BR0002,2024-05-25,BUSINESS,472159.48,18,REJECTED,E
APP00005480,CUST002016,BR0013,2025-10-20,BUSINESS,639208.54,12,APPROVED,A
APP00005481,CUST007281,BR0002,2024-09-30,PERSONAL,1658937.68,24,APPROVED,D
APP00005482,CUST007718,BR0003,2025-09-10,PERSONAL,1851280.81,60,APPROVED,D
APP00005483,CUST008832,BR0041,2024-12-13,PERSONAL,1093294.17,36,PENDING,E
APP00005484,CUST002825,BR0009,2026-05-05,CONSUMER_DURABLE,1820155.21,18,APPROVED,B
APP00005485,CUST000802,BR0012,2025-12-29,VEHICLE,455414.98,60,APPROVED,D
APP00005486,CUST007257,BR0032,2025-01-06,CONSUMER_DURABLE,622550.19,60,APPROVED,B
APP00005487,CUST003415,BR0001,2024-10-10,CONSUMER_DURABLE,1898665.42,60,PENDING,E
APP00005488,CUST006231,BR0028,2025-04-16,CONSUMER_DURABLE,1353029.5,48,APPROVED,B
APP00005489,CUST009470,BR0023,2026-05-15,BUSINESS,125665.87,36,APPROVED,E
APP00005490,CUST003353,BR0004,2026-03-15,BUSINESS,1976151.4,24,APPROVED,D
APP00005491,CUST002327,BR0017,2024-11-21,VEHICLE,1033923.82,18,PENDING,E
APP00005492,CUST004157,BR0038,2024-06-01,PERSONAL,1571493.08,18,APPROVED,D
APP00005493,CUST006318,BR0037,2024-10-15,VEHICLE,1160557.35,24,APPROVED,A
APP00005494,CUST005208,BR0023,2024-03-17,PERSONAL,1948193.57,60,APPROVED,E
APP00005495,CUST006142,BR0028,2026-09-23,CONSUMER_DURABLE,1908578.42,18,APPROVED,D
APP00005496,CUST004314,BR0003,2024-02-24,CONSUMER_DURABLE,640631.35,36,APPROVED,D
APP00005497,CUST006669,BR0033,2026-02-20,PERSONAL,1801067.75,24,APPROVED,C
APP00005498,CUST002722,BR0035,2024-02-16,VEHICLE,1082460.37,36,APPROVED,D
APP00005499,CUST007535,BR0038,2025-04-30,PERSONAL,92031.52,36,APPROVED,D
APP00005500,CUST008727,BR0021,2024-11-15,CONSUMER_DURABLE,943236.04,18,PENDING,D
APP00005501,CUST009251,BR0011,2025-05-25,PERSONAL,603460.1,48,PENDING,A
APP00005502,CUST006513,BR0011,2024-09-02,BUSINESS,925792.92,18,APPROVED,A
APP00005503,CUST001545,BR0016,2026-02-04,VEHICLE,1296701.77,18,REJECTED,B
APP00005504,CUST000447,BR0039,2025-12-19,CONSUMER_DURABLE,1393635.55,18,PENDING,D
APP00005505,CUST001050,BR0025,2025-04-07,BUSINESS,1205859.97,18,PENDING,E
APP00005506,CUST008030,BR0034,2024-11-17,CONSUMER_DURABLE,108166.91,24,APPROVED,E
APP00005507,CUST008150,BR0014,2026-06-15,VEHICLE,327963.38,48,REJECTED,B
APP00005508,CUST006629,BR0013,2024-06-07,CONSUMER_DURABLE,1200036.02,48,APPROVED,E
APP00005509,CUST004816,BR0019,2025-12-29,PERSONAL,1525233.01,60,APPROVED,D
APP00005510,CUST009533,BR0011,2024-01-16,BUSINESS,636012.54,24,APPROVED,B
APP00005511,CUST003079,BR0028,2024-04-21,BUSINESS,980222.46,18,REJECTED,C
APP00005512,CUST005350,BR0030,2024-04-02,BUSINESS,528995.38,48,REJECTED,C
APP00005513,CUST008266,BR0010,2025-11-24,PERSONAL,339395.72,12,PENDING,B
APP00005514,CUST000199,BR0031,2024-06-08,VEHICLE,1126711.37,60,REJECTED,D
APP00005515,CUST009284,BR0010,2024-06-19,VEHICLE,277631.64,12,APPROVED,C
APP00005516,CUST004726,BR0023,2024-12-17,PERSONAL,299620.51,60,APPROVED,A
APP00005517,CUST006639,BR0024,2024-05-02,PERSONAL,1053159.88,12,APPROVED,B
APP00005518,CUST003530,BR0034,2025-09-02,VEHICLE,1663063.27,18,APPROVED,B
APP00005519,CUST007219,BR0021,2026-02-09,VEHICLE,473432.66,18,APPROVED,B
APP00005520,CUST002768,BR0005,2025-02-26,VEHICLE,1206260.17,18,PENDING,B
APP00005521,CUST004389,BR0021,2025-09-27,PERSONAL,1296756.28,12,APPROVED,D
APP00005522,CUST001166,BR0018,2025-11-18,PERSONAL,886381.97,24,PENDING,C
APP00005523,CUST001414,BR0025,2024-04-18,VEHICLE,920922.58,48,REJECTED,D
APP00005524,CUST003487,BR0009,2025-09-29,BUSINESS,1076424.6,24,REJECTED,C
APP00005525,CUST003404,BR0045,2025-07-02,PERSONAL,332034.67,60,APPROVED,C
APP00005526,CUST008446,BR0001,2025-11-03,PERSONAL,812091.76,12,APPROVED,B
APP00005527,CUST000747,BR0037,2025-01-30,PERSONAL,461875.71,12,APPROVED,A
APP00005528,CUST000160,BR0028,2024-08-15,BUSINESS,706677.23,60,APPROVED,C
APP00005529,CUST004984,BR0046,2024-06-22,BUSINESS,1097437.73,18,APPROVED,C
APP00005530,CUST006067,BR0023,2025-01-24,VEHICLE,1955205.8,24,APPROVED,D
APP00005531,CUST005445,BR0033,2026-01-24,BUSINESS,640839.96,48,APPROVED,A
APP00005532,CUST003650,BR0032,2024-02-20,VEHICLE,1225262.74,12,APPROVED,C
APP00005533,CUST009205,BR0012,2024-03-28,PERSONAL,1248822.17,36,APPROVED,A
APP00005534,CUST004998,BR0031,2025-11-13,PERSONAL,1736830.16,48,PENDING,B
APP00005535,CUST006880,BR0036,2024-11-13,PERSONAL,725435.79,48,APPROVED,C
APP00005536,CUST000146,BR0020,2026-07-20,CONSUMER_DURABLE,1134632.72,60,APPROVED,D
APP00005537,CUST006364,BR0021,2025-10-09,VEHICLE,637244.27,36,APPROVED,D
APP00005538,CUST003915,BR0039,2026-03-27,PERSONAL,1035796.83,12,REJECTED,B
APP00005539,CUST007575,BR0018,2026-03-02,CONSUMER_DURABLE,482322.09,48,PENDING,E
APP00005540,CUST001239,BR0026,2025-01-09,CONSUMER_DURABLE,1466939.81,36,APPROVED,A
APP00005541,CUST002029,BR0020,2025-08-27,VEHICLE,886286.01,48,PENDING,D
APP00005542,CUST009336,BR0018,2026-01-11,CONSUMER_DURABLE,917370.28,18,REJECTED,D
APP00005543,CUST001586,BR0044,2024-06-04,BUSINESS,1087745.96,12,APPROVED,B
APP00005544,CUST008178,BR0045,2026-04-11,VEHICLE,538685.15,12,APPROVED,D
APP00005545,CUST002536,BR0023,2024-02-04,BUSINESS,1362205.89,60,APPROVED,A
APP00005546,CUST009608,BR0001,2026-04-06,CONSUMER_DURABLE,653794.54,48,APPROVED,B
APP00005547,CUST006759,BR0026,2024-04-17,VEHICLE,790876.53,12,PENDING,C
APP00005548,CUST005160,BR0013,2024-05-11,PERSONAL,399808.9,36,APPROVED,C
APP00005549,CUST005589,BR0023,2025-02-11,BUSINESS,1057305.79,36,PENDING,B
APP00005550,CUST004049,BR0033,2025-03-10,CONSUMER_DURABLE,325175.53,24,REJECTED,C
APP00005551,CUST002517,BR0011,2026-07-26,CONSUMER_DURABLE,137045.61,18,REJECTED,C
APP00005552,CUST008831,BR0036,2026-02-01,VEHICLE,1561789.86,36,APPROVED,E
APP00005553,CUST002201,BR0045,2025-04-10,CONSUMER_DURABLE,413609.39,18,PENDING,E
APP00005554,CUST009391,BR0023,2024-02-22,VEHICLE,486669.1,18,PENDING,E
APP00005555,CUST000189,BR0017,2025-11-27,PERSONAL,219922.23,48,APPROVED,E
APP00005556,CUST007607,BR0041,2026-08-17,BUSINESS,1492622.6,36,PENDING,B
APP00005557,CUST009110,BR0042,2025-12-09,BUSINESS,1148284.15,18,REJECTED,A
APP00005558,CUST002117,BR0016,2024-07-31,CONSUMER_DURABLE,1437593.96,36,PENDING,B
APP00005559,CUST006280,BR0016,2025-09-07,CONSUMER_DURABLE,514167.28,24,APPROVED,B
APP00005560,CUST008104,BR0041,2025-11-26,BUSINESS,1707406.63,36,APPROVED,A
APP00005561,CUST007546,BR0017,2024-06-06,BUSINESS,380601.93,48,REJECTED,D
APP00005562,CUST007614,BR0035,2024-12-11,PERSONAL,313430.66,24,APPROVED,B
APP00005563,CUST009769,BR0037,2025-12-07,BUSINESS,1548847.04,24,APPROVED,C
APP00005564,CUST001465,BR0006,2024-09-15,PERSONAL,605737.88,12,APPROVED,A
APP00005565,CUST005733,BR0007,2026-02-24,CONSUMER_DURABLE,1706437.9,18,REJECTED,B
APP00005566,CUST000160,BR0008,2026-03-01,VEHICLE,1576463.61,18,PENDING,D
APP00005567,CUST008204,BR0022,2026-03-21,BUSINESS,1046632.62,60,REJECTED,B
APP00005568,CUST008890,BR0027,2026-03-31,VEHICLE,1357263.07,18,APPROVED,B
APP00005569,CUST005699,BR0048,2024-01-19,BUSINESS,80929.98,12,REJECTED,E
APP00005570,CUST002537,BR0011,2024-07-07,CONSUMER_DURABLE,1324453.41,12,PENDING,D
APP00005571,CUST002276,BR0002,2025-09-02,PERSONAL,1548528.34,24,PENDING,C
APP00005572,CUST001942,BR0034,2025-06-26,VEHICLE,1478873.0,18,PENDING,E
APP00005573,CUST003206,BR0029,2026-05-18,VEHICLE,1182414.11,36,REJECTED,A
APP00005574,CUST000823,BR0029,2025-07-25,VEHICLE,1726032.91,48,APPROVED,D
APP00005575,CUST002401,BR0014,2025-09-06,BUSINESS,901009.33,12,REJECTED,B
APP00005576,CUST006403,BR0005,2024-08-17,VEHICLE,738289.06,12,APPROVED,D
APP00005577,CUST008552,BR0040,2024-01-28,BUSINESS,1895365.32,36,APPROVED,D
APP00005578,CUST000760,BR0028,2026-02-18,PERSONAL,1410481.86,60,APPROVED,B
APP00005579,CUST002629,BR0042,2024-02-10,BUSINESS,72410.69,36,APPROVED,E
APP00005580,CUST005046,BR0033,2025-02-18,PERSONAL,714946.1,48,PENDING,B
APP00005581,CUST007495,BR0002,2025-03-11,CONSUMER_DURABLE,424567.59,48,APPROVED,E
APP00005582,CUST007935,BR0008,2026-04-20,PERSONAL,1724111.0,18,PENDING,A
APP00005583,CUST006640,BR0005,2024-02-11,BUSINESS,967162.38,18,PENDING,E
APP00005584,CUST005435,BR0015,2024-09-26,PERSONAL,462710.46,18,APPROVED,D
APP00005585,CUST007772,BR0004,2025-11-07,BUSINESS,1962516.79,60,PENDING,D
APP00005586,CUST002415,BR0030,2025-05-05,PERSONAL,562352.45,36,REJECTED,C
APP00005587,CUST003364,BR0043,2026-09-16,PERSONAL,594815.99,36,PENDING,B
APP00005588,CUST003828,BR0028,2025-11-02,CONSUMER_DURABLE,1945309.29,12,REJECTED,B
APP00005589,CUST000554,BR0029,2025-09-28,CONSUMER_DURABLE,1216360.19,60,APPROVED,A
APP00005590,CUST005301,BR0019,2024-03-31,CONSUMER_DURABLE,1512671.64,24,APPROVED,E
APP00005591,CUST005345,BR0037,2025-06-04,PERSONAL,1283939.85,48,REJECTED,E
APP00005592,CUST008030,BR0004,2026-03-13,CONSUMER_DURABLE,74129.13,48,APPROVED,E
APP00005593,CUST003260,BR0005,2025-01-15,VEHICLE,1673360.23,18,APPROVED,D
APP00005594,CUST009818,BR0015,2026-05-19,CONSUMER_DURABLE,833258.71,48,PENDING,D
APP00005595,CUST008806,BR0049,2025-01-15,BUSINESS,1717661.79,12,APPROVED,D
APP00005596,CUST001383,BR0039,2025-02-12,CONSUMER_DURABLE,1223592.29,60,PENDING,A
APP00005597,CUST006968,BR0011,2025-08-27,PERSONAL,898045.38,60,APPROVED,E
APP00005598,CUST007436,BR0046,2024-10-31,CONSUMER_DURABLE,424591.12,24,APPROVED,C
APP00005599,CUST007775,BR0024,2025-06-06,PERSONAL,886368.26,18,APPROVED,E
APP00005600,CUST000649,BR0045,2025-08-09,PERSONAL,508243.31,18,APPROVED,D
APP00005601,CUST004827,BR0043,2024-09-01,VEHICLE,1624289.41,36,APPROVED,A
APP00005602,CUST005325,BR0042,2025-05-24,VEHICLE,411254.24,60,APPROVED,D
APP00005603,CUST005063,BR0046,2024-01-03,CONSUMER_DURABLE,1520091.55,18,REJECTED,E
APP00005604,CUST004722,BR0021,2024-05-10,PERSONAL,833347.2,24,REJECTED,A
APP00005605,CUST001561,BR0037,2024-06-10,VEHICLE,1006560.62,12,APPROVED,C
APP00005606,CUST003527,BR0031,2026-01-29,CONSUMER_DURABLE,1276995.87,60,APPROVED,C
APP00005607,CUST007645,BR0020,2026-08-12,VEHICLE,1331714.69,36,PENDING,B
APP00005608,CUST006495,BR0035,2025-08-02,BUSINESS,1822696.76,60,APPROVED,C
APP00005609,CUST009664,BR0011,2025-09-17,BUSINESS,316879.64,36,APPROVED,B
APP00005610,CUST000863,BR0048,2024-02-08,PERSONAL,1651920.88,48,REJECTED,E
APP00005611,CUST004439,BR0018,2024-12-15,VEHICLE,339151.54,24,APPROVED,C
APP00005612,CUST003700,BR0038,2024-11-29,BUSINESS,1883451.64,12,REJECTED,C
APP00005613,CUST006908,BR0005,2025-05-07,BUSINESS,1568502.1,48,APPROVED,A
APP00005614,CUST002165,BR0014,2026-09-09,VEHICLE,1860367.47,24,APPROVED,E
APP00005615,CUST008432,BR0020,2025-03-16,BUSINESS,494818.16,60,APPROVED,A
APP00005616,CUST000503,BR0007,2026-02-13,CONSUMER_DURABLE,1393405.05,18,APPROVED,E
APP00005617,CUST001161,BR0020,2026-09-02,VEHICLE,1692600.76,36,REJECTED,B
APP00005618,CUST002189,BR0011,2024-07-14,VEHICLE,1933050.58,48,PENDING,B
APP00005619,CUST004497,BR0029,2024-06-15,PERSONAL,583952.76,24,APPROVED,D
APP00005620,CUST001617,BR0031,2025-11-21,BUSINESS,970223.52,36,REJECTED,B
APP00005621,CUST003253,BR0036,2026-02-27,PERSONAL,1086971.38,60,APPROVED,E
APP00005622,CUST003420,BR0005,2024-01-12,VEHICLE,850360.48,36,APPROVED,B
APP00005623,CUST006442,BR0038,2026-01-28,VEHICLE,1811248.09,36,APPROVED,D
APP00005624,CUST009290,BR0038,2025-01-11,VEHICLE,1424624.08,48,APPROVED,E
APP00005625,CUST003652,BR0007,2025-09-05,VEHICLE,640475.18,18,APPROVED,C
APP00005626,CUST000401,BR0038,2026-04-19,BUSINESS,1578990.31,36,APPROVED,A
APP00005627,CUST007591,BR0027,2024-05-13,CONSUMER_DURABLE,1528778.48,36,REJECTED,D
APP00005628,CUST000382,BR0043,2024-07-06,BUSINESS,492950.86,12,APPROVED,E
APP00005629,CUST002417,BR0013,2024-06-06,PERSONAL,653742.38,18,APPROVED,E
APP00005630,CUST005892,BR0023,2024-01-13,BUSINESS,1247385.64,18,REJECTED,D
APP00005631,CUST002061,BR0043,2025-05-04,CONSUMER_DURABLE,830954.6,24,PENDING,A
APP00005632,CUST006542,BR0037,2025-03-15,PERSONAL,1408658.76,18,APPROVED,C
APP00005633,CUST002859,BR0028,2026-03-28,PERSONAL,974499.27,60,APPROVED,C
APP00005634,CUST009990,BR0016,2025-07-14,BUSINESS,285029.34,18,REJECTED,C
APP00005635,CUST002740,BR0023,2026-01-02,PERSONAL,1791115.91,18,PENDING,C
APP00005636,CUST004082,BR0008,2026-03-08,PERSONAL,817703.47,18,PENDING,A
APP00005637,CUST008737,BR0007,2025-06-11,BUSINESS,78290.07,60,APPROVED,B
APP00005638,CUST000837,BR0034,2024-04-08,BUSINESS,1452363.25,24,PENDING,B
APP00005639,CUST002126,BR0022,2026-04-10,BUSINESS,555244.27,60,APPROVED,E
APP00005640,CUST000250,BR0038,2026-08-04,VEHICLE,1680052.45,60,PENDING,E
APP00005641,CUST007683,BR0050,2025-02-14,CONSUMER_DURABLE,1929423.09,36,REJECTED,A
APP00005642,CUST008630,BR0023,2026-02-04,PERSONAL,1306131.02,60,APPROVED,D
APP00005643,CUST001730,BR0044,2026-03-02,CONSUMER_DURABLE,379979.33,60,REJECTED,A
APP00005644,CUST005201,BR0013,2024-07-13,CONSUMER_DURABLE,1519021.89,36,PENDING,C
APP00005645,CUST008828,BR0036,2025-03-29,BUSINESS,1907788.13,12,APPROVED,B
APP00005646,CUST006939,BR0020,2026-06-24,PERSONAL,257959.08,12,PENDING,B
APP00005647,CUST006085,BR0001,2024-06-21,PERSONAL,1535291.86,24,PENDING,A
APP00005648,CUST000647,BR0038,2024-08-09,PERSONAL,137209.57,24,PENDING,A
APP00005649,CUST007570,BR0022,2026-02-23,BUSINESS,1070218.31,36,APPROVED,A
APP00005650,CUST006096,BR0001,2024-08-31,BUSINESS,1803203.02,24,PENDING,E
APP00005651,CUST004296,BR0047,2024-08-26,PERSONAL,182046.1,12,APPROVED,C
APP00005652,CUST003511,BR0023,2026-02-12,PERSONAL,1650213.04,12,PENDING,C
APP00005653,CUST006293,BR0046,2025-12-17,CONSUMER_DURABLE,913312.23,24,PENDING,D
APP00005654,CUST009580,BR0023,2025-06-18,BUSINESS,1780911.44,18,APPROVED,E
APP00005655,CUST006695,BR0010,2026-02-03,PERSONAL,1524182.16,36,APPROVED,B
APP00005656,CUST007287,BR0004,2025-06-04,BUSINESS,331954.85,12,REJECTED,B
APP00005657,CUST006457,BR0001,2024-10-09,VEHICLE,1068037.41,36,APPROVED,E
APP00005658,CUST001701,BR0017,2025-12-30,VEHICLE,1808727.69,36,APPROVED,A
APP00005659,CUST002356,BR0023,2026-05-24,CONSUMER_DURABLE,1059299.08,18,APPROVED,D
APP00005660,CUST007108,BR0016,2024-12-20,PERSONAL,1850558.22,60,PENDING,B
APP00005661,CUST005995,BR0037,2024-07-03,BUSINESS,1401144.46,24,APPROVED,D
APP00005662,CUST000127,BR0037,2025-02-22,CONSUMER_DURABLE,1347762.87,48,APPROVED,B
APP00005663,CUST003040,BR0032,2026-04-14,VEHICLE,1605397.06,12,APPROVED,D
APP00005664,CUST009243,BR0007,2026-04-02,BUSINESS,1700670.85,36,APPROVED,E
APP00005665,CUST003282,BR0018,2026-05-01,VEHICLE,209354.8,48,APPROVED,D
APP00005666,CUST001474,BR0014,2026-07-31,VEHICLE,855431.21,36,REJECTED,A
APP00005667,CUST005081,BR0021,2024-07-07,CONSUMER_DURABLE,1951017.46,60,APPROVED,B
APP00005668,CUST008724,BR0028,2024-08-11,CONSUMER_DURABLE,1049185.4,18,REJECTED,C
APP00005669,CUST008345,BR0029,2025-02-06,VEHICLE,1710930.13,18,REJECTED,D
APP00005670,CUST009835,BR0043,2026-05-03,PERSONAL,1422550.66,48,APPROVED,E
APP00005671,CUST009832,BR0020,2024-03-02,BUSINESS,996053.0,36,APPROVED,D
APP00005672,CUST002505,BR0007,2024-03-09,CONSUMER_DURABLE,322681.01,48,PENDING,E
APP00005673,CUST008481,BR0042,2024-08-10,VEHICLE,1506045.95,36,REJECTED,A
APP00005674,CUST001870,BR0039,2024-09-07,CONSUMER_DURABLE,1122390.37,36,APPROVED,B
APP00005675,CUST002347,BR0044,2024-06-26,CONSUMER_DURABLE,1884718.08,36,APPROVED,A
APP00005676,CUST002612,BR0029,2024-11-03,PERSONAL,781610.95,24,REJECTED,D
APP00005677,CUST001482,BR0034,2024-12-27,CONSUMER_DURABLE,1402650.85,36,REJECTED,B
APP00005678,CUST004357,BR0050,2025-01-30,CONSUMER_DURABLE,1666242.28,60,REJECTED,A
APP00005679,CUST001563,BR0020,2024-07-19,CONSUMER_DURABLE,1558020.46,48,APPROVED,C
APP00005680,CUST003238,BR0015,2025-05-17,BUSINESS,774985.94,24,APPROVED,B
APP00005681,CUST007520,BR0037,2026-05-28,CONSUMER_DURABLE,1268100.45,48,REJECTED,E
APP00005682,CUST008305,BR0038,2026-04-11,BUSINESS,1226580.89,12,APPROVED,A
APP00005683,CUST001489,BR0009,2025-12-31,PERSONAL,1755415.53,24,APPROVED,B
APP00005684,CUST005739,BR0011,2024-04-26,PERSONAL,1627229.89,18,APPROVED,C
APP00005685,CUST002231,BR0004,2024-04-30,BUSINESS,1927071.64,36,REJECTED,C
APP00005686,CUST007431,BR0015,2025-02-23,BUSINESS,153225.49,18,REJECTED,E
APP00005687,CUST003767,BR0050,2025-11-30,CONSUMER_DURABLE,1781474.52,18,REJECTED,D
APP00005688,CUST004791,BR0006,2024-09-04,BUSINESS,1812443.94,18,REJECTED,A
APP00005689,CUST009640,BR0041,2025-06-14,CONSUMER_DURABLE,277420.72,12,PENDING,C
APP00005690,CUST007625,BR0043,2024-07-13,CONSUMER_DURABLE,128989.34,18,REJECTED,A
APP00005691,CUST005846,BR0016,2026-07-14,VEHICLE,259645.74,24,PENDING,E
APP00005692,CUST005627,BR0041,2024-08-14,CONSUMER_DURABLE,626830.04,12,APPROVED,B
APP00005693,CUST007169,BR0028,2024-07-26,BUSINESS,1867814.94,18,APPROVED,D
APP00005694,CUST005515,BR0022,2026-04-16,CONSUMER_DURABLE,1194801.8,24,REJECTED,B
APP00005695,CUST005008,BR0028,2024-05-30,PERSONAL,1260743.99,18,APPROVED,D
APP00005696,CUST005442,BR0050,2025-06-25,VEHICLE,1576374.79,12,REJECTED,B
APP00005697,CUST004154,BR0050,2025-11-11,PERSONAL,1781153.5,18,APPROVED,C
APP00005698,CUST000333,BR0006,2025-07-14,VEHICLE,1890030.5,36,APPROVED,C
APP00005699,CUST000932,BR0024,2025-10-29,VEHICLE,699113.97,18,PENDING,E
APP00005700,CUST006741,BR0033,2026-03-14,CONSUMER_DURABLE,1425474.96,36,REJECTED,D
APP00005701,CUST005778,BR0036,2026-09-17,BUSINESS,1031028.8,36,PENDING,A
APP00005702,CUST001203,BR0010,2025-10-04,CONSUMER_DURABLE,1259684.57,24,APPROVED,B
APP00005703,CUST005989,BR0021,2025-07-09,BUSINESS,656188.46,24,APPROVED,D
APP00005704,CUST000936,BR0048,2026-01-08,VEHICLE,619334.44,48,APPROVED,E
APP00005705,CUST008192,BR0006,2026-03-27,CONSUMER_DURABLE,876937.42,18,PENDING,E
APP00005706,CUST009316,BR0045,2024-07-14,BUSINESS,253732.09,24,APPROVED,B
APP00005707,CUST001503,BR0030,2025-11-22,PERSONAL,1725997.36,12,REJECTED,C
APP00005708,CUST001797,BR0019,2025-11-05,CONSUMER_DURABLE,500806.49,48,APPROVED,C
APP00005709,CUST006249,BR0014,2025-10-24,CONSUMER_DURABLE,319874.81,18,APPROVED,C
APP00005710,CUST005945,BR0048,2026-04-08,CONSUMER_DURABLE,1043679.84,36,APPROVED,E
APP00005711,CUST007942,BR0021,2025-09-12,CONSUMER_DURABLE,1156944.21,12,APPROVED,A
APP00005712,CUST005434,BR0027,2024-07-05,PERSONAL,562546.17,48,PENDING,C
APP00005713,CUST008092,BR0019,2025-08-18,VEHICLE,740130.47,36,APPROVED,B
APP00005714,CUST008064,BR0021,2026-03-21,PERSONAL,587203.1,18,APPROVED,E
APP00005715,CUST006030,BR0041,2025-08-01,CONSUMER_DURABLE,1717092.65,36,APPROVED,E
APP00005716,CUST009122,BR0024,2024-07-08,CONSUMER_DURABLE,860840.67,24,APPROVED,A
APP00005717,CUST004245,BR0028,2025-08-19,PERSONAL,500348.3,24,REJECTED,C
APP00005718,CUST008494,BR0017,2025-12-18,VEHICLE,736439.51,48,REJECTED,E
APP00005719,CUST008434,BR0004,2025-10-19,CONSUMER_DURABLE,1971518.75,18,APPROVED,D
APP00005720,CUST000480,BR0037,2025-06-21,BUSINESS,1717212.66,12,APPROVED,B
APP00005721,CUST003968,BR0046,2026-01-04,BUSINESS,1153868.98,60,APPROVED,B
APP00005722,CUST002049,BR0050,2025-09-22,PERSONAL,886187.61,48,APPROVED,E
APP00005723,CUST001302,BR0039,2025-02-23,BUSINESS,1174695.87,60,REJECTED,D
APP00005724,CUST004070,BR0033,2024-06-23,VEHICLE,262333.98,60,APPROVED,D
APP00005725,CUST001348,BR0005,2025-08-04,PERSONAL,155548.52,24,APPROVED,C
APP00005726,CUST009400,BR0040,2026-03-24,PERSONAL,1584909.84,36,PENDING,A
APP00005727,CUST003132,BR0037,2025-09-24,VEHICLE,417601.06,36,APPROVED,B
APP00005728,CUST006848,BR0031,2025-09-14,PERSONAL,688966.18,48,APPROVED,B
APP00005729,CUST001980,BR0019,2024-07-29,PERSONAL,1420787.47,36,REJECTED,B
APP00005730,CUST009224,BR0046,2024-12-06,CONSUMER_DURABLE,1497331.13,36,REJECTED,E
APP00005731,CUST007260,BR0024,2024-12-05,BUSINESS,1053669.95,24,APPROVED,B
APP00005732,CUST007417,BR0029,2024-05-10,PERSONAL,593870.65,12,APPROVED,A
APP00005733,CUST003516,BR0036,2024-05-29,CONSUMER_DURABLE,1369198.9,18,REJECTED,B
APP00005734,CUST001636,BR0027,2026-03-01,BUSINESS,1719567.8,12,APPROVED,D
APP00005735,CUST002804,BR0050,2025-07-04,PERSONAL,1478365.02,12,REJECTED,D
APP00005736,CUST007862,BR0020,2024-02-19,BUSINESS,342509.2,24,APPROVED,A
APP00005737,CUST004001,BR0019,2025-04-09,BUSINESS,1302931.97,12,APPROVED,A
APP00005738,CUST002803,BR0008,2024-01-30,PERSONAL,96537.2,48,APPROVED,A
APP00005739,CUST008078,BR0018,2025-10-12,BUSINESS,116278.28,36,PENDING,B
APP00005740,CUST002033,BR0029,2026-06-08,CONSUMER_DURABLE,777174.68,36,REJECTED,D
APP00005741,CUST008287,BR0042,2025-09-09,BUSINESS,970021.1,24,APPROVED,E
APP00005742,CUST007238,BR0031,2024-09-01,BUSINESS,368466.84,18,REJECTED,B
APP00005743,CUST008770,BR0038,2024-04-26,VEHICLE,713950.81,18,APPROVED,A
APP00005744,CUST000329,BR0023,2024-12-05,PERSONAL,1457330.33,24,APPROVED,B
APP00005745,CUST007242,BR0016,2024-07-17,VEHICLE,592218.02,48,APPROVED,B
APP00005746,CUST006283,BR0040,2025-09-08,VEHICLE,1163698.72,18,APPROVED,D
APP00005747,CUST006069,BR0021,2025-04-08,PERSONAL,55849.05,36,PENDING,E
APP00005748,CUST001228,BR0023,2024-10-26,VEHICLE,1879733.46,12,PENDING,C
APP00005749,CUST009115,BR0048,2025-09-16,CONSUMER_DURABLE,1073403.79,24,APPROVED,C
APP00005750,CUST002649,BR0028,2024-09-24,PERSONAL,117194.58,60,REJECTED,B
APP00005751,CUST009874,BR0023,2026-05-13,PERSONAL,1379716.15,12,APPROVED,E
APP00005752,CUST007061,BR0021,2026-07-14,PERSONAL,1407145.19,18,REJECTED,D
APP00005753,CUST002320,BR0036,2024-08-06,CONSUMER_DURABLE,1388296.58,24,PENDING,D
APP00005754,CUST005584,BR0012,2026-07-29,BUSINESS,1359858.95,60,APPROVED,B
APP00005755,CUST004495,BR0044,2025-05-11,VEHICLE,977652.91,48,APPROVED,D
APP00005756,CUST008204,BR0016,2025-10-11,CONSUMER_DURABLE,351762.04,12,REJECTED,B
APP00005757,CUST005976,BR0008,2024-03-08,VEHICLE,1529218.05,60,APPROVED,E
APP00005758,CUST001359,BR0001,2024-11-23,CONSUMER_DURABLE,351366.39,24,APPROVED,E
APP00005759,CUST007277,BR0030,2025-11-24,BUSINESS,861415.29,60,APPROVED,A
APP00005760,CUST009912,BR0031,2025-05-24,PERSONAL,498555.53,24,APPROVED,C
APP00005761,CUST001823,BR0047,2025-07-12,VEHICLE,592130.95,36,APPROVED,A
APP00005762,CUST000030,BR0003,2025-11-26,VEHICLE,1127745.65,18,REJECTED,A
APP00005763,CUST005947,BR0007,2025-03-07,BUSINESS,1985132.99,48,PENDING,D
APP00005764,CUST004653,BR0012,2025-12-02,PERSONAL,527627.54,18,APPROVED,C
APP00005765,CUST004974,BR0001,2025-05-19,BUSINESS,664051.8,36,APPROVED,D
APP00005766,CUST005873,BR0027,2025-06-30,CONSUMER_DURABLE,1068047.77,36,PENDING,E
APP00005767,CUST009948,BR0005,2024-08-18,BUSINESS,239958.87,24,APPROVED,C
APP00005768,CUST002240,BR0046,2024-04-17,VEHICLE,351752.89,36,REJECTED,A
APP00005769,CUST005471,BR0039,2025-08-29,PERSONAL,457661.47,12,REJECTED,B
APP00005770,CUST009940,BR0029,2025-09-20,VEHICLE,1218694.59,24,REJECTED,E
APP00005771,CUST003238,BR0014,2024-08-25,CONSUMER_DURABLE,1317801.37,24,PENDING,B
APP00005772,CUST005916,BR0027,2024-04-30,BUSINESS,1761752.38,12,PENDING,B
APP00005773,CUST008022,BR0008,2024-04-20,VEHICLE,577398.24,24,REJECTED,C
APP00005774,CUST008655,BR0002,2025-05-23,VEHICLE,117111.73,12,REJECTED,E
APP00005775,CUST007327,BR0026,2026-04-16,BUSINESS,1733352.45,36,APPROVED,C
APP00005776,CUST004076,BR0023,2026-02-13,CONSUMER_DURABLE,521904.21,18,REJECTED,B
APP00005777,CUST006092,BR0007,2024-03-19,CONSUMER_DURABLE,206957.36,36,REJECTED,A
APP00005778,CUST001977,BR0036,2026-01-03,VEHICLE,1499896.8,24,REJECTED,A
APP00005779,CUST000078,BR0032,2024-10-11,VEHICLE,482440.54,18,APPROVED,B
APP00005780,CUST006894,BR0037,2024-04-23,PERSONAL,729290.74,48,REJECTED,E
APP00005781,CUST001564,BR0012,2025-07-30,CONSUMER_DURABLE,1044390.44,24,PENDING,E
APP00005782,CUST005680,BR0037,2026-08-30,CONSUMER_DURABLE,87355.38,24,APPROVED,D
APP00005783,CUST000839,BR0031,2024-12-09,PERSONAL,1454309.67,48,APPROVED,A
APP00005784,CUST005994,BR0009,2025-06-22,VEHICLE,523586.71,12,PENDING,A
APP00005785,CUST009995,BR0004,2025-08-16,PERSONAL,817866.48,18,REJECTED,A
APP00005786,CUST000708,BR0044,2024-01-29,PERSONAL,931203.37,60,PENDING,C
APP00005787,CUST004948,BR0027,2026-04-09,VEHICLE,1859627.37,36,REJECTED,A
APP00005788,CUST000123,BR0040,2025-03-21,BUSINESS,979831.48,12,PENDING,E
APP00005789,CUST001305,BR0046,2025-02-20,BUSINESS,809856.9,18,REJECTED,B
APP00005790,CUST006462,BR0029,2026-01-26,BUSINESS,1651147.9,48,REJECTED,A
APP00005791,CUST009846,BR0026,2026-04-11,PERSONAL,193753.56,18,APPROVED,D
APP00005792,CUST003580,BR0027,2024-07-08,VEHICLE,910154.81,18,REJECTED,E
APP00005793,CUST001095,BR0037,2024-01-08,VEHICLE,793465.72,12,APPROVED,E
APP00005794,CUST006632,BR0041,2026-09-10,CONSUMER_DURABLE,1826356.84,18,REJECTED,D
APP00005795,CUST007174,BR0003,2025-11-15,PERSONAL,1347783.6,48,PENDING,D
APP00005796,CUST006876,BR0010,2026-09-25,VEHICLE,1285059.34,36,APPROVED,C
APP00005797,CUST008008,BR0029,2026-01-17,VEHICLE,866091.2,24,APPROVED,A
APP00005798,CUST006844,BR0023,2025-12-26,CONSUMER_DURABLE,709694.13,12,APPROVED,C
APP00005799,CUST004971,BR0023,2025-07-14,PERSONAL,1258618.44,12,REJECTED,B
APP00005800,CUST001507,BR0035,2025-04-14,BUSINESS,1174296.7,36,APPROVED,B
APP00005801,CUST009518,BR0023,2026-08-13,BUSINESS,891654.62,36,PENDING,A
APP00005802,CUST003007,BR0015,2024-08-21,BUSINESS,89179.34,24,REJECTED,D
APP00005803,CUST006681,BR0006,2026-07-15,BUSINESS,67650.65,36,APPROVED,C
APP00005804,CUST005345,BR0026,2024-12-17,VEHICLE,1032388.69,12,APPROVED,C
APP00005805,CUST005359,BR0033,2025-07-18,VEHICLE,1201760.01,48,APPROVED,D
APP00005806,CUST006451,BR0010,2025-03-08,VEHICLE,547906.5,12,REJECTED,D
APP00005807,CUST007883,BR0001,2025-12-08,VEHICLE,574288.24,12,REJECTED,D
APP00005808,CUST002221,BR0038,2025-09-29,CONSUMER_DURABLE,956576.64,60,APPROVED,D
APP00005809,CUST004220,BR0007,2024-03-02,CONSUMER_DURABLE,388187.7,36,APPROVED,C
APP00005810,CUST006910,BR0001,2024-02-21,VEHICLE,715130.91,36,PENDING,D
APP00005811,CUST005912,BR0006,2024-07-30,PERSONAL,167297.13,12,APPROVED,A
APP00005812,CUST008843,BR0021,2024-02-10,PERSONAL,1613255.8,36,APPROVED,D
APP00005813,CUST009146,BR0003,2024-07-01,PERSONAL,1785398.57,12,PENDING,E
APP00005814,CUST008922,BR0019,2025-04-25,BUSINESS,94605.54,60,APPROVED,B
APP00005815,CUST001893,BR0026,2025-10-24,CONSUMER_DURABLE,855922.47,12,REJECTED,D
APP00005816,CUST000696,BR0045,2025-08-31,VEHICLE,103596.78,36,PENDING,E
APP00005817,CUST004184,BR0021,2025-12-27,CONSUMER_DURABLE,1014512.95,12,APPROVED,E
APP00005818,CUST001897,BR0028,2024-06-29,BUSINESS,1299581.99,60,APPROVED,D
APP00005819,CUST004046,BR0018,2025-12-08,BUSINESS,937030.5,60,APPROVED,B
APP00005820,CUST006646,BR0028,2026-06-22,PERSONAL,1600798.76,48,REJECTED,C
APP00005821,CUST005298,BR0023,2026-01-20,BUSINESS,421745.56,18,APPROVED,C
APP00005822,CUST004847,BR0043,2026-05-21,CONSUMER_DURABLE,987576.15,18,PENDING,A
APP00005823,CUST007151,BR0035,2025-06-11,VEHICLE,1256129.99,60,REJECTED,D
APP00005824,CUST006349,BR0018,2025-12-05,BUSINESS,97202.82,12,REJECTED,D
APP00005825,CUST003397,BR0043,2026-03-17,CONSUMER_DURABLE,1722464.04,12,APPROVED,D
APP00005826,CUST003351,BR0008,2025-12-28,CONSUMER_DURABLE,1903527.69,60,REJECTED,B
APP00005827,CUST005301,BR0003,2026-02-09,CONSUMER_DURABLE,1548103.01,12,APPROVED,E
APP00005828,CUST003374,BR0044,2026-07-07,CONSUMER_DURABLE,1335117.63,36,PENDING,B
APP00005829,CUST002114,BR0032,2024-03-30,BUSINESS,776483.44,48,APPROVED,A
APP00005830,CUST001289,BR0050,2024-10-04,VEHICLE,573985.69,36,APPROVED,A
APP00005831,CUST009627,BR0030,2025-09-25,PERSONAL,115550.12,18,APPROVED,E
APP00005832,CUST009801,BR0031,2025-09-04,VEHICLE,399915.23,36,APPROVED,A
APP00005833,CUST009128,BR0031,2024-11-06,PERSONAL,921093.43,36,APPROVED,E
APP00005834,CUST004419,BR0001,2025-03-08,PERSONAL,1287465.59,24,APPROVED,C
APP00005835,CUST009250,BR0030,2025-08-08,BUSINESS,673287.27,60,REJECTED,B
APP00005836,CUST007793,BR0019,2025-02-23,CONSUMER_DURABLE,952241.8,60,PENDING,B
APP00005837,CUST001651,BR0011,2026-05-20,PERSONAL,1283306.52,60,REJECTED,E
APP00005838,CUST009279,BR0031,2026-08-24,CONSUMER_DURABLE,1703034.62,36,REJECTED,C
APP00005839,CUST007557,BR0016,2024-08-28,PERSONAL,438116.38,60,REJECTED,C
APP00005840,CUST001323,BR0007,2025-03-06,PERSONAL,266823.84,12,PENDING,D
APP00005841,CUST005184,BR0008,2024-05-25,PERSONAL,1090423.62,48,REJECTED,B
APP00005842,CUST009062,BR0042,2024-09-23,CONSUMER_DURABLE,82232.31,24,PENDING,A
APP00005843,CUST001713,BR0014,2025-01-14,VEHICLE,638728.55,24,APPROVED,E
APP00005844,CUST004415,BR0040,2025-05-23,BUSINESS,1153738.07,12,APPROVED,B
APP00005845,CUST006535,BR0016,2025-06-08,PERSONAL,381702.25,18,PENDING,D
APP00005846,CUST006803,BR0005,2024-01-12,PERSONAL,303428.89,36,APPROVED,C
APP00005847,CUST009943,BR0031,2026-06-10,CONSUMER_DURABLE,1694339.67,24,REJECTED,D
APP00005848,CUST005941,BR0025,2025-12-11,BUSINESS,528663.06,36,APPROVED,A
APP00005849,CUST009121,BR0030,2024-10-11,VEHICLE,640445.52,18,REJECTED,C
APP00005850,CUST008214,BR0044,2026-03-19,BUSINESS,918923.71,36,REJECTED,C
APP00005851,CUST002353,BR0033,2025-05-31,VEHICLE,1621428.75,60,APPROVED,A
APP00005852,CUST009059,BR0021,2026-07-18,VEHICLE,1179240.7,60,APPROVED,D
APP00005853,CUST006298,BR0008,2026-05-13,PERSONAL,172168.99,12,APPROVED,E
APP00005854,CUST002199,BR0012,2025-01-10,CONSUMER_DURABLE,730400.96,12,PENDING,E
APP00005855,CUST000802,BR0005,2026-02-23,VEHICLE,1198075.85,24,APPROVED,A
APP00005856,CUST001980,BR0004,2026-09-14,PERSONAL,1703246.85,36,REJECTED,E
APP00005857,CUST004123,BR0025,2024-05-09,CONSUMER_DURABLE,456414.52,36,APPROVED,B
APP00005858,CUST004271,BR0024,2026-08-31,CONSUMER_DURABLE,708966.17,48,REJECTED,D
APP00005859,CUST006265,BR0041,2025-10-21,VEHICLE,909764.76,48,REJECTED,C
APP00005860,CUST005052,BR0004,2024-02-21,PERSONAL,1154600.79,36,APPROVED,A
APP00005861,CUST006759,BR0020,2026-04-20,BUSINESS,225970.64,24,APPROVED,D
APP00005862,CUST007875,BR0007,2026-01-19,CONSUMER_DURABLE,420926.69,24,APPROVED,E
APP00005863,CUST002881,BR0025,2025-11-24,PERSONAL,1341189.36,36,APPROVED,A
APP00005864,CUST009552,BR0030,2024-11-15,VEHICLE,1225124.88,48,APPROVED,B
APP00005865,CUST006949,BR0049,2024-10-08,BUSINESS,1821750.81,36,APPROVED,B
APP00005866,CUST005392,BR0041,2025-07-07,PERSONAL,1697509.74,36,PENDING,E
APP00005867,CUST009754,BR0006,2025-04-11,PERSONAL,83367.8,18,APPROVED,A
APP00005868,CUST007536,BR0030,2026-02-15,VEHICLE,1554485.76,24,REJECTED,A
APP00005869,CUST008490,BR0044,2025-12-19,VEHICLE,869852.42,48,APPROVED,C
APP00005870,CUST002698,BR0037,2024-05-24,CONSUMER_DURABLE,1818192.9,12,APPROVED,B
APP00005871,CUST005274,BR0040,2025-07-06,CONSUMER_DURABLE,419152.48,24,APPROVED,E
APP00005872,CUST005719,BR0035,2024-03-31,PERSONAL,258008.22,12,REJECTED,D
APP00005873,CUST007641,BR0037,2025-02-24,VEHICLE,1612848.58,60,APPROVED,E
APP00005874,CUST000942,BR0041,2024-11-09,VEHICLE,128264.25,18,APPROVED,E
APP00005875,CUST006399,BR0020,2024-05-19,PERSONAL,545467.45,48,APPROVED,D
APP00005876,CUST003702,BR0038,2024-12-09,PERSONAL,1780929.32,36,REJECTED,D
APP00005877,CUST003122,BR0050,2026-02-26,PERSONAL,330288.76,18,REJECTED,B
APP00005878,CUST009710,BR0017,2025-04-05,PERSONAL,1696653.28,36,APPROVED,E
APP00005879,CUST007063,BR0009,2025-09-24,BUSINESS,251808.57,12,REJECTED,A
APP00005880,CUST000581,BR0045,2025-07-12,VEHICLE,856830.88,48,APPROVED,A
APP00005881,CUST006216,BR0032,2024-02-08,PERSONAL,1954216.73,60,PENDING,E
APP00005882,CUST006490,BR0035,2026-07-01,BUSINESS,189765.26,18,PENDING,E
APP00005883,CUST004788,BR0019,2025-01-11,PERSONAL,943289.96,12,REJECTED,C
APP00005884,CUST007103,BR0007,2026-05-14,PERSONAL,1246512.81,60,REJECTED,C
APP00005885,CUST001378,BR0019,2025-03-09,PERSONAL,1232483.39,18,APPROVED,A
APP00005886,CUST006284,BR0041,2024-01-22,BUSINESS,1978977.64,18,REJECTED,A
APP00005887,CUST008312,BR0014,2024-12-19,CONSUMER_DURABLE,1019529.23,12,PENDING,E
APP00005888,CUST003718,BR0024,2026-06-30,CONSUMER_DURABLE,1135629.39,48,APPROVED,B
APP00005889,CUST004788,BR0048,2024-12-16,CONSUMER_DURABLE,335661.43,24,APPROVED,B
APP00005890,CUST004701,BR0014,2025-09-24,VEHICLE,1281672.42,24,REJECTED,E
APP00005891,CUST003460,BR0008,2025-05-01,BUSINESS,126010.09,18,APPROVED,B
APP00005892,CUST007109,BR0011,2024-08-10,PERSONAL,1268468.09,36,APPROVED,D
APP00005893,CUST009254,BR0010,2026-04-25,BUSINESS,391714.85,36,APPROVED,E
APP00005894,CUST002065,BR0043,2026-05-10,BUSINESS,1697203.01,24,REJECTED,E
APP00005895,CUST002909,BR0034,2026-02-28,PERSONAL,1731188.65,24,REJECTED,D
APP00005896,CUST002166,BR0001,2026-06-04,CONSUMER_DURABLE,1283667.16,48,APPROVED,D
APP00005897,CUST003650,BR0033,2025-02-02,VEHICLE,185636.07,18,REJECTED,D
APP00005898,CUST002660,BR0034,2025-01-04,PERSONAL,1818114.07,48,REJECTED,A
APP00005899,CUST001038,BR0049,2024-04-04,BUSINESS,849810.68,12,REJECTED,C
APP00005900,CUST003752,BR0018,2026-05-23,VEHICLE,688753.23,36,APPROVED,A
APP00005901,CUST005690,BR0049,2024-05-08,CONSUMER_DURABLE,1987990.55,48,PENDING,E
APP00005902,CUST001081,BR0037,2026-05-16,VEHICLE,1556307.24,18,PENDING,B
APP00005903,CUST001503,BR0043,2024-02-26,PERSONAL,284599.77,36,REJECTED,A
APP00005904,CUST001747,BR0035,2024-09-24,CONSUMER_DURABLE,1072898.34,18,REJECTED,B
APP00005905,CUST006682,BR0017,2026-08-17,CONSUMER_DURABLE,801956.2,18,APPROVED,A
APP00005906,CUST005220,BR0046,2025-10-15,VEHICLE,857152.48,24,APPROVED,D
APP00005907,CUST007676,BR0037,2024-04-25,VEHICLE,139574.74,48,REJECTED,D
APP00005908,CUST004960,BR0037,2025-05-15,BUSINESS,887484.86,12,APPROVED,D
APP00005909,CUST005829,BR0008,2025-01-06,VEHICLE,1953263.24,18,APPROVED,A
APP00005910,CUST004971,BR0006,2024-11-20,PERSONAL,1791005.56,60,REJECTED,D
APP00005911,CUST000948,BR0040,2024-04-07,BUSINESS,906530.02,36,APPROVED,A
APP00005912,CUST002706,BR0036,2025-01-13,PERSONAL,1704755.48,60,APPROVED,C
APP00005913,CUST003330,BR0035,2026-06-26,VEHICLE,397613.11,48,PENDING,E
APP00005914,CUST002961,BR0022,2026-04-22,VEHICLE,1776719.04,60,PENDING,D
APP00005915,CUST006010,BR0018,2025-08-20,PERSONAL,1583297.32,60,REJECTED,C
APP00005916,CUST004677,BR0043,2025-07-08,VEHICLE,1408392.27,18,REJECTED,C
APP00005917,CUST004927,BR0002,2025-03-28,PERSONAL,1405394.3,18,APPROVED,E
APP00005918,CUST004373,BR0005,2024-03-10,CONSUMER_DURABLE,805706.44,18,APPROVED,B
APP00005919,CUST000989,BR0039,2026-03-21,PERSONAL,1041087.56,36,APPROVED,D
APP00005920,CUST005147,BR0033,2025-06-30,PERSONAL,1931912.89,36,PENDING,D
APP00005921,CUST000897,BR0048,2024-12-09,VEHICLE,120533.78,12,REJECTED,D
APP00005922,CUST001336,BR0030,2025-11-16,CONSUMER_DURABLE,893319.73,36,REJECTED,E
APP00005923,CUST004537,BR0011,2025-11-14,BUSINESS,770043.31,12,APPROVED,A
APP00005924,CUST004021,BR0008,2025-05-31,BUSINESS,1828545.19,60,PENDING,E
APP00005925,CUST003261,BR0014,2026-07-03,CONSUMER_DURABLE,82889.26,36,PENDING,A
APP00005926,CUST001361,BR0022,2024-11-10,PERSONAL,306473.37,12,APPROVED,E
APP00005927,CUST001324,BR0020,2025-06-20,BUSINESS,639030.48,36,APPROVED,E
APP00005928,CUST001415,BR0011,2025-07-07,BUSINESS,1615530.38,36,PENDING,D
APP00005929,CUST005490,BR0034,2026-01-17,PERSONAL,374702.94,12,APPROVED,B
APP00005930,CUST008191,BR0020,2024-08-02,CONSUMER_DURABLE,1911878.99,12,REJECTED,C
APP00005931,CUST001668,BR0050,2026-01-31,PERSONAL,1317253.97,24,APPROVED,D
APP00005932,CUST007429,BR0042,2025-05-02,VEHICLE,1217501.0,12,APPROVED,D
APP00005933,CUST003524,BR0044,2025-10-02,CONSUMER_DURABLE,1440613.66,18,APPROVED,C
APP00005934,CUST002897,BR0030,2025-02-26,CONSUMER_DURABLE,1795519.67,24,APPROVED,B
APP00005935,CUST003487,BR0037,2025-12-24,CONSUMER_DURABLE,1144214.08,18,PENDING,D
APP00005936,CUST000409,BR0042,2024-02-27,VEHICLE,1673342.29,36,REJECTED,C
APP00005937,CUST009487,BR0045,2024-10-08,CONSUMER_DURABLE,1879631.58,18,PENDING,D
APP00005938,CUST007579,BR0003,2026-01-08,BUSINESS,1001937.15,36,REJECTED,D
APP00005939,CUST009087,BR0043,2024-01-05,CONSUMER_DURABLE,971062.96,48,REJECTED,C
APP00005940,CUST005941,BR0012,2024-10-12,PERSONAL,1048456.76,12,PENDING,C
APP00005941,CUST008212,BR0045,2024-10-22,PERSONAL,1865311.06,12,PENDING,C
APP00005942,CUST003513,BR0042,2026-03-09,BUSINESS,1736540.95,18,REJECTED,C
APP00005943,CUST005999,BR0014,2024-05-31,BUSINESS,1853161.01,48,PENDING,A
APP00005944,CUST006248,BR0002,2025-01-02,VEHICLE,1112678.73,18,REJECTED,A
APP00005945,CUST009492,BR0043,2024-05-03,PERSONAL,1418489.49,36,APPROVED,D
APP00005946,CUST000860,BR0041,2026-07-17,VEHICLE,827464.86,18,REJECTED,A
APP00005947,CUST002365,BR0030,2026-06-26,BUSINESS,1699632.65,12,PENDING,E
APP00005948,CUST005964,BR0045,2024-12-18,VEHICLE,713786.94,18,APPROVED,E
APP00005949,CUST002180,BR0033,2024-06-24,PERSONAL,63462.71,60,PENDING,E
APP00005950,CUST002435,BR0033,2025-06-30,CONSUMER_DURABLE,1564270.67,24,APPROVED,B
APP00005951,CUST005078,BR0015,2026-08-23,CONSUMER_DURABLE,762491.34,12,APPROVED,D
APP00005952,CUST006681,BR0038,2024-04-13,CONSUMER_DURABLE,1433591.3,36,PENDING,B
APP00005953,CUST003186,BR0035,2024-12-31,CONSUMER_DURABLE,1769620.41,18,APPROVED,C
APP00005954,CUST000504,BR0008,2024-10-13,PERSONAL,118137.08,48,APPROVED,D
APP00005955,CUST002648,BR0044,2024-03-20,CONSUMER_DURABLE,195129.17,48,APPROVED,E
APP00005956,CUST004078,BR0034,2025-12-07,VEHICLE,1147069.85,18,PENDING,C
APP00005957,CUST003774,BR0015,2025-10-05,VEHICLE,1465150.27,18,APPROVED,D
APP00005958,CUST000201,BR0001,2026-04-26,BUSINESS,411792.42,12,REJECTED,D
APP00005959,CUST007383,BR0030,2024-06-12,PERSONAL,900839.99,48,APPROVED,A
APP00005960,CUST000178,BR0010,2025-06-06,BUSINESS,993845.03,18,PENDING,C
APP00005961,CUST003717,BR0007,2026-09-17,BUSINESS,1899726.9,12,APPROVED,D
APP00005962,CUST003978,BR0007,2025-05-26,VEHICLE,487073.53,18,APPROVED,E
APP00005963,CUST008255,BR0047,2026-07-22,CONSUMER_DURABLE,1272933.65,18,APPROVED,D
APP00005964,CUST008843,BR0005,2024-11-29,VEHICLE,660158.17,36,APPROVED,C
APP00005965,CUST007792,BR0035,2025-12-18,CONSUMER_DURABLE,1537533.8,48,APPROVED,C
APP00005966,CUST009611,BR0042,2025-09-06,VEHICLE,1644280.95,48,APPROVED,C
APP00005967,CUST002556,BR0002,2025-01-22,PERSONAL,247954.31,60,PENDING,C
APP00005968,CUST009220,BR0014,2024-11-29,BUSINESS,800347.04,60,APPROVED,D
APP00005969,CUST003664,BR0041,2025-02-15,PERSONAL,1241798.12,48,APPROVED,E
APP00005970,CUST003527,BR0043,2025-03-25,VEHICLE,179047.29,36,APPROVED,E
APP00005971,CUST004955,BR0003,2024-09-10,BUSINESS,739158.73,48,PENDING,C
APP00005972,CUST006686,BR0049,2024-10-08,BUSINESS,618440.18,48,REJECTED,E
APP00005973,CUST003153,BR0018,2026-07-26,PERSONAL,761137.77,48,PENDING,D
APP00005974,CUST009466,BR0002,2024-05-30,PERSONAL,1219158.97,18,APPROVED,B
APP00005975,CUST004996,BR0047,2025-02-27,BUSINESS,297354.39,36,APPROVED,A
APP00005976,CUST006423,BR0043,2025-09-10,BUSINESS,1721627.88,36,APPROVED,A
APP00005977,CUST001316,BR0005,2025-10-23,PERSONAL,1741015.3,24,REJECTED,A
APP00005978,CUST007537,BR0018,2024-12-24,CONSUMER_DURABLE,516350.75,60,APPROVED,D
APP00005979,CUST003201,BR0031,2025-11-23,CONSUMER_DURABLE,1297013.66,18,REJECTED,D
APP00005980,CUST006532,BR0005,2025-08-29,BUSINESS,1802826.19,48,APPROVED,B
APP00005981,CUST000228,BR0032,2025-03-22,CONSUMER_DURABLE,714097.16,48,REJECTED,C
APP00005982,CUST006509,BR0011,2026-04-28,PERSONAL,907107.49,60,APPROVED,E
APP00005983,CUST006164,BR0039,2024-05-13,CONSUMER_DURABLE,105123.17,24,PENDING,D
APP00005984,CUST007046,BR0042,2025-08-26,CONSUMER_DURABLE,1692164.19,60,APPROVED,B
APP00005985,CUST008039,BR0027,2024-09-25,CONSUMER_DURABLE,1109470.01,60,APPROVED,E
APP00005986,CUST001860,BR0046,2025-03-26,CONSUMER_DURABLE,1809182.29,36,PENDING,A
APP00005987,CUST007251,BR0035,2024-03-27,BUSINESS,218523.33,24,PENDING,B
APP00005988,CUST003298,BR0046,2025-08-23,CONSUMER_DURABLE,1919391.14,18,REJECTED,E
APP00005989,CUST007467,BR0039,2026-02-09,CONSUMER_DURABLE,1850387.87,60,PENDING,B
APP00005990,CUST004225,BR0032,2025-02-27,CONSUMER_DURABLE,1194873.71,48,APPROVED,E
APP00005991,CUST001864,BR0003,2026-02-05,CONSUMER_DURABLE,917046.3,18,APPROVED,A
APP00005992,CUST004551,BR0037,2025-01-25,PERSONAL,1923294.58,36,APPROVED,E
APP00005993,CUST003513,BR0018,2025-08-07,BUSINESS,162959.49,12,APPROVED,C
APP00005994,CUST007300,BR0038,2024-05-24,CONSUMER_DURABLE,464251.16,24,PENDING,D
APP00005995,CUST006838,BR0015,2026-03-10,VEHICLE,479376.37,60,APPROVED,D
APP00005996,CUST001044,BR0018,2024-04-18,PERSONAL,531012.67,36,APPROVED,D
APP00005997,CUST000749,BR0050,2024-05-12,VEHICLE,1502246.66,24,REJECTED,B
APP00005998,CUST003407,BR0049,2026-02-15,VEHICLE,696947.16,36,APPROVED,A
APP00005999,CUST004042,BR0027,2025-01-05,PERSONAL,570272.13,24,APPROVED,E
APP00006000,CUST000488,BR0022,2026-08-09,PERSONAL,890781.32,48,APPROVED,E
APP00006001,CUST006247,BR0019,2025-03-12,PERSONAL,1218868.87,12,REJECTED,A
APP00006002,CUST002283,BR0007,2024-01-28,PERSONAL,1359204.73,12,PENDING,B
APP00006003,CUST000989,BR0004,2026-04-06,VEHICLE,1223694.6,36,APPROVED,B
APP00006004,CUST001967,BR0026,2025-01-24,BUSINESS,789318.82,60,REJECTED,C
APP00006005,CUST001641,BR0047,2025-06-05,BUSINESS,1186969.48,48,REJECTED,E
APP00006006,CUST003792,BR0047,2025-12-24,BUSINESS,360591.52,48,APPROVED,B
APP00006007,CUST003749,BR0022,2025-11-15,BUSINESS,779127.02,60,REJECTED,A
APP00006008,CUST002362,BR0025,2024-02-08,VEHICLE,1693267.39,36,APPROVED,D
APP00006009,CUST005453,BR0043,2025-08-30,VEHICLE,51360.86,12,REJECTED,B
APP00006010,CUST004799,BR0017,2026-04-25,VEHICLE,1227706.69,60,APPROVED,A
APP00006011,CUST006123,BR0015,2026-07-17,VEHICLE,422044.98,24,APPROVED,B
APP00006012,CUST007202,BR0044,2026-01-13,BUSINESS,1764189.22,36,REJECTED,C
APP00006013,CUST009239,BR0005,2025-07-13,BUSINESS,1082471.04,36,PENDING,C
APP00006014,CUST003609,BR0027,2024-02-20,PERSONAL,1275248.84,12,APPROVED,B
APP00006015,CUST008930,BR0039,2026-08-26,BUSINESS,634305.64,60,PENDING,E
APP00006016,CUST008897,BR0015,2026-04-18,CONSUMER_DURABLE,1852838.73,24,REJECTED,D
APP00006017,CUST004420,BR0037,2025-05-09,BUSINESS,1794100.25,36,PENDING,C
APP00006018,CUST007300,BR0009,2026-03-20,BUSINESS,1503048.77,48,APPROVED,E
APP00006019,CUST005668,BR0047,2026-02-01,CONSUMER_DURABLE,1006491.24,48,PENDING,A
APP00006020,CUST004939,BR0005,2024-02-03,VEHICLE,1610268.38,48,PENDING,D
APP00006021,CUST001912,BR0050,2025-12-24,VEHICLE,1416560.16,24,PENDING,B
APP00006022,CUST003356,BR0019,2025-06-13,CONSUMER_DURABLE,1990080.13,12,REJECTED,C
APP00006023,CUST008162,BR0015,2026-05-27,PERSONAL,568471.77,12,PENDING,B
APP00006024,CUST005385,BR0039,2026-02-20,BUSINESS,1702602.46,48,REJECTED,B
APP00006025,CUST002326,BR0013,2025-08-20,PERSONAL,1880855.11,24,PENDING,B
APP00006026,CUST005382,BR0032,2026-04-08,BUSINESS,1028297.26,18,APPROVED,E
APP00006027,CUST002928,BR0005,2025-06-24,CONSUMER_DURABLE,1368687.43,48,APPROVED,B
APP00006028,CUST009053,BR0014,2024-04-26,VEHICLE,1440458.82,24,APPROVED,E
APP00006029,CUST000978,BR0008,2026-09-17,BUSINESS,1401829.27,18,APPROVED,C
APP00006030,CUST003772,BR0038,2024-07-14,BUSINESS,869352.52,12,APPROVED,A
APP00006031,CUST004513,BR0031,2024-12-01,CONSUMER_DURABLE,1438067.98,36,REJECTED,A
APP00006032,CUST003377,BR0005,2024-03-10,VEHICLE,1969611.04,48,REJECTED,A
APP00006033,CUST004768,BR0045,2026-09-30,PERSONAL,188579.25,48,PENDING,D
APP00006034,CUST001679,BR0025,2025-07-18,PERSONAL,101516.04,60,REJECTED,B
APP00006035,CUST001899,BR0009,2024-01-23,PERSONAL,294813.12,60,APPROVED,C
APP00006036,CUST005724,BR0002,2025-01-27,PERSONAL,182063.08,36,REJECTED,D
APP00006037,CUST001075,BR0011,2025-04-28,PERSONAL,1850962.67,60,REJECTED,A
APP00006038,CUST005367,BR0047,2026-06-22,BUSINESS,650087.67,60,APPROVED,E
APP00006039,CUST009719,BR0044,2024-07-19,VEHICLE,574106.34,24,PENDING,E
APP00006040,CUST009020,BR0018,2024-01-12,BUSINESS,102881.16,36,REJECTED,C
APP00006041,CUST003811,BR0021,2025-11-10,CONSUMER_DURABLE,450638.66,60,REJECTED,D
APP00006042,CUST006825,BR0041,2025-12-30,PERSONAL,803186.57,48,REJECTED,D
APP00006043,CUST006884,BR0032,2024-01-19,VEHICLE,1087593.5,18,APPROVED,A
APP00006044,CUST005237,BR0002,2024-11-01,CONSUMER_DURABLE,454676.36,60,APPROVED,C
APP00006045,CUST009121,BR0033,2026-04-01,CONSUMER_DURABLE,668142.89,18,PENDING,D
APP00006046,CUST007867,BR0047,2026-04-12,PERSONAL,1033459.4,24,APPROVED,A
APP00006047,CUST001122,BR0021,2026-09-19,PERSONAL,1024604.12,18,APPROVED,C
APP00006048,CUST009500,BR0029,2026-05-16,BUSINESS,712234.74,24,REJECTED,B
APP00006049,CUST006211,BR0021,2025-06-08,PERSONAL,403940.92,12,APPROVED,B
APP00006050,CUST002165,BR0049,2025-02-17,BUSINESS,1917117.25,36,REJECTED,E
APP00006051,CUST004469,BR0040,2025-03-31,PERSONAL,579661.53,24,APPROVED,B
APP00006052,CUST005380,BR0050,2026-03-29,VEHICLE,1260653.6,48,PENDING,D
APP00006053,CUST004384,BR0048,2024-12-09,CONSUMER_DURABLE,98036.0,48,REJECTED,B
APP00006054,CUST003076,BR0003,2024-04-30,VEHICLE,1129388.12,24,REJECTED,E
APP00006055,CUST006714,BR0033,2025-08-11,BUSINESS,1188171.58,24,PENDING,B
APP00006056,CUST003449,BR0003,2024-01-06,CONSUMER_DURABLE,1953034.96,60,PENDING,D
APP00006057,CUST008391,BR0044,2026-03-22,CONSUMER_DURABLE,1257506.12,12,APPROVED,D
APP00006058,CUST004540,BR0020,2024-01-17,CONSUMER_DURABLE,747526.7,12,APPROVED,B
APP00006059,CUST003284,BR0032,2024-12-19,PERSONAL,602982.15,18,APPROVED,B
APP00006060,CUST007843,BR0049,2024-03-22,BUSINESS,612300.22,36,REJECTED,A
APP00006061,CUST002453,BR0030,2025-05-31,CONSUMER_DURABLE,1119402.97,18,PENDING,C
APP00006062,CUST009236,BR0002,2026-04-08,CONSUMER_DURABLE,851820.49,18,APPROVED,D
APP00006063,CUST005528,BR0009,2026-06-06,VEHICLE,1358334.89,24,APPROVED,D
APP00006064,CUST007924,BR0030,2025-12-06,VEHICLE,465479.01,48,APPROVED,B
APP00006065,CUST004064,BR0009,2026-08-24,BUSINESS,208776.97,18,REJECTED,C
APP00006066,CUST006079,BR0039,2026-03-20,BUSINESS,372788.42,48,APPROVED,D
APP00006067,CUST002910,BR0007,2025-10-17,PERSONAL,1014967.1,18,APPROVED,E
APP00006068,CUST005336,BR0040,2024-10-25,CONSUMER_DURABLE,1183047.83,12,APPROVED,A
APP00006069,CUST000205,BR0043,2024-07-09,VEHICLE,1707790.66,60,APPROVED,E
APP00006070,CUST009242,BR0032,2026-04-15,BUSINESS,1173942.53,12,APPROVED,A
APP00006071,CUST008097,BR0018,2025-09-10,VEHICLE,1505307.77,12,APPROVED,C
APP00006072,CUST004825,BR0016,2026-05-08,VEHICLE,897377.56,18,APPROVED,C
APP00006073,CUST005353,BR0047,2025-06-09,PERSONAL,283409.4,12,APPROVED,B
APP00006074,CUST002560,BR0034,2024-04-19,BUSINESS,923681.63,12,PENDING,A
APP00006075,CUST000918,BR0048,2025-08-21,CONSUMER_DURABLE,1495913.3,18,REJECTED,B
APP00006076,CUST008644,BR0024,2024-04-03,CONSUMER_DURABLE,1268990.4,12,APPROVED,D
APP00006077,CUST009839,BR0038,2026-05-19,CONSUMER_DURABLE,516694.96,36,PENDING,D
APP00006078,CUST009380,BR0026,2025-12-13,VEHICLE,1998869.63,36,REJECTED,B
APP00006079,CUST004717,BR0003,2025-01-24,CONSUMER_DURABLE,1831325.98,48,APPROVED,D
APP00006080,CUST004172,BR0036,2026-01-25,BUSINESS,1078121.3,36,APPROVED,A
APP00006081,CUST006023,BR0035,2024-11-21,VEHICLE,702759.18,12,PENDING,C
APP00006082,CUST009951,BR0013,2025-11-16,PERSONAL,146924.35,18,APPROVED,B
APP00006083,CUST001623,BR0013,2025-10-21,CONSUMER_DURABLE,1266664.38,12,REJECTED,D
APP00006084,CUST008108,BR0011,2026-08-06,PERSONAL,1796918.61,48,REJECTED,E
APP00006085,CUST006926,BR0023,2026-06-06,CONSUMER_DURABLE,984614.66,18,APPROVED,E
APP00006086,CUST005834,BR0029,2024-12-20,BUSINESS,1726434.72,36,APPROVED,A
APP00006087,CUST006586,BR0012,2024-10-21,BUSINESS,1949431.74,18,REJECTED,E
APP00006088,CUST000395,BR0047,2024-10-31,PERSONAL,1461687.96,24,REJECTED,E
APP00006089,CUST000859,BR0010,2024-08-03,VEHICLE,1938200.13,36,REJECTED,A
APP00006090,CUST003264,BR0004,2024-01-09,BUSINESS,1525083.94,60,PENDING,E
APP00006091,CUST008137,BR0031,2025-04-06,CONSUMER_DURABLE,208264.95,60,REJECTED,E
APP00006092,CUST009677,BR0029,2024-03-08,CONSUMER_DURABLE,1533643.04,12,PENDING,B
APP00006093,CUST001056,BR0045,2026-03-19,PERSONAL,659489.81,24,REJECTED,B
APP00006094,CUST000843,BR0037,2026-05-13,BUSINESS,797600.21,48,APPROVED,A
APP00006095,CUST004715,BR0003,2025-11-15,PERSONAL,572071.75,24,APPROVED,B
APP00006096,CUST000895,BR0049,2024-01-21,CONSUMER_DURABLE,1283530.38,48,PENDING,C
APP00006097,CUST005227,BR0003,2026-08-31,VEHICLE,629099.81,24,REJECTED,B
APP00006098,CUST006577,BR0024,2024-12-26,PERSONAL,1553800.58,36,REJECTED,C
APP00006099,CUST006548,BR0010,2024-12-08,PERSONAL,1937877.13,24,PENDING,D
APP00006100,CUST007345,BR0027,2024-06-09,CONSUMER_DURABLE,1723234.26,48,REJECTED,C
APP00006101,CUST000299,BR0022,2025-05-29,BUSINESS,1573700.32,60,APPROVED,C
APP00006102,CUST002734,BR0041,2024-02-17,BUSINESS,879170.34,60,REJECTED,A
APP00006103,CUST001853,BR0048,2025-07-22,PERSONAL,1376356.89,36,APPROVED,C
APP00006104,CUST000899,BR0049,2026-05-13,BUSINESS,1750200.95,48,PENDING,B
APP00006105,CUST005856,BR0040,2024-03-10,PERSONAL,566663.03,60,PENDING,A
APP00006106,CUST000268,BR0004,2024-07-16,CONSUMER_DURABLE,401278.85,12,APPROVED,A
APP00006107,CUST008527,BR0045,2024-08-14,CONSUMER_DURABLE,590865.19,60,APPROVED,C
APP00006108,CUST000956,BR0044,2025-02-14,VEHICLE,172628.57,18,PENDING,C
APP00006109,CUST000911,BR0039,2024-01-24,BUSINESS,957271.81,60,PENDING,A
APP00006110,CUST007413,BR0002,2025-09-01,PERSONAL,1006804.52,36,PENDING,A
APP00006111,CUST008179,BR0010,2024-11-09,VEHICLE,1543941.25,48,APPROVED,E
APP00006112,CUST002551,BR0045,2026-05-03,BUSINESS,910104.56,24,APPROVED,D
APP00006113,CUST000249,BR0036,2025-08-12,PERSONAL,447967.87,12,APPROVED,D
APP00006114,CUST003310,BR0019,2024-04-24,VEHICLE,1436784.06,18,PENDING,E
APP00006115,CUST006002,BR0009,2024-04-18,CONSUMER_DURABLE,1316483.56,12,PENDING,B
APP00006116,CUST008358,BR0030,2024-11-15,BUSINESS,1017683.86,60,APPROVED,D
APP00006117,CUST004224,BR0030,2025-11-24,BUSINESS,1809608.66,60,APPROVED,D
APP00006118,CUST007936,BR0037,2025-02-18,CONSUMER_DURABLE,867851.62,36,APPROVED,D
APP00006119,CUST003665,BR0012,2025-02-02,CONSUMER_DURABLE,1548839.66,18,APPROVED,B
APP00006120,CUST007335,BR0032,2026-08-22,VEHICLE,606034.17,24,REJECTED,A
APP00006121,CUST002745,BR0027,2024-07-07,VEHICLE,1009416.76,12,PENDING,A
APP00006122,CUST000732,BR0026,2024-11-23,CONSUMER_DURABLE,971319.49,24,REJECTED,C
APP00006123,CUST000398,BR0003,2025-03-29,PERSONAL,494327.91,36,PENDING,E
APP00006124,CUST000525,BR0042,2026-04-05,CONSUMER_DURABLE,551202.88,48,APPROVED,A
APP00006125,CUST000573,BR0009,2024-09-11,CONSUMER_DURABLE,1138032.32,60,PENDING,E
APP00006126,CUST006908,BR0009,2026-08-30,CONSUMER_DURABLE,1631339.87,12,REJECTED,D
APP00006127,CUST004752,BR0043,2025-12-06,VEHICLE,1645194.68,36,APPROVED,C
APP00006128,CUST001516,BR0041,2025-09-16,PERSONAL,75229.42,24,APPROVED,A
APP00006129,CUST000688,BR0043,2026-03-29,BUSINESS,1615685.67,24,APPROVED,D
APP00006130,CUST007818,BR0047,2025-12-13,BUSINESS,702349.8,18,PENDING,C
APP00006131,CUST002798,BR0040,2024-10-11,BUSINESS,1888358.66,18,APPROVED,D
APP00006132,CUST005752,BR0034,2026-02-02,VEHICLE,1481766.29,18,REJECTED,A
APP00006133,CUST000339,BR0004,2026-03-17,CONSUMER_DURABLE,524038.64,24,APPROVED,C
APP00006134,CUST005010,BR0033,2024-06-01,CONSUMER_DURABLE,1600082.24,36,APPROVED,A
APP00006135,CUST005881,BR0046,2026-03-09,VEHICLE,1142430.89,18,PENDING,C
APP00006136,CUST007589,BR0024,2024-05-01,CONSUMER_DURABLE,1951026.05,36,REJECTED,A
APP00006137,CUST007636,BR0001,2024-07-06,PERSONAL,1318454.03,36,REJECTED,C
APP00006138,CUST004338,BR0029,2024-07-22,BUSINESS,737042.89,24,APPROVED,E
APP00006139,CUST005476,BR0041,2026-09-03,VEHICLE,1642419.08,18,PENDING,E
APP00006140,CUST003134,BR0043,2024-09-19,PERSONAL,1047077.42,36,APPROVED,D
APP00006141,CUST006735,BR0014,2024-11-12,BUSINESS,1099877.35,12,PENDING,B
APP00006142,CUST008781,BR0002,2024-10-06,PERSONAL,925189.52,60,APPROVED,D
APP00006143,CUST009456,BR0016,2025-03-01,BUSINESS,369153.0,24,APPROVED,C
APP00006144,CUST001553,BR0046,2024-04-15,VEHICLE,267809.45,60,APPROVED,C
APP00006145,CUST002995,BR0039,2025-09-22,VEHICLE,805107.34,24,APPROVED,D
APP00006146,CUST007744,BR0028,2024-11-28,BUSINESS,1989163.5,12,APPROVED,B
APP00006147,CUST004612,BR0027,2025-11-19,BUSINESS,1865384.02,12,APPROVED,C
APP00006148,CUST002226,BR0026,2025-10-17,CONSUMER_DURABLE,1459742.46,12,APPROVED,B
APP00006149,CUST000354,BR0028,2024-01-06,VEHICLE,1189313.5,12,REJECTED,E
APP00006150,CUST008652,BR0010,2025-08-19,PERSONAL,497221.88,36,REJECTED,E
APP00006151,CUST004306,BR0004,2025-11-26,PERSONAL,1137221.64,18,APPROVED,C
APP00006152,CUST001708,BR0011,2026-03-17,CONSUMER_DURABLE,1989069.81,24,APPROVED,C
APP00006153,CUST003901,BR0019,2025-10-22,CONSUMER_DURABLE,1011413.12,60,APPROVED,E
APP00006154,CUST004616,BR0021,2024-12-15,PERSONAL,670985.42,18,APPROVED,C
APP00006155,CUST001432,BR0047,2025-05-22,CONSUMER_DURABLE,1293933.37,24,APPROVED,C
APP00006156,CUST004145,BR0022,2026-04-05,BUSINESS,1195612.56,12,APPROVED,C
APP00006157,CUST008768,BR0033,2025-03-23,VEHICLE,174186.6,12,PENDING,B
APP00006158,CUST007134,BR0027,2026-07-18,CONSUMER_DURABLE,1282827.3,48,APPROVED,D
APP00006159,CUST001971,BR0008,2025-04-19,VEHICLE,1451310.08,60,APPROVED,A
APP00006160,CUST008122,BR0036,2025-11-28,CONSUMER_DURABLE,1307311.15,18,APPROVED,A
APP00006161,CUST003829,BR0043,2026-01-25,PERSONAL,177802.36,12,APPROVED,D
APP00006162,CUST000813,BR0013,2024-07-05,VEHICLE,118912.88,18,PENDING,B
APP00006163,CUST007984,BR0009,2024-02-24,BUSINESS,1825063.32,60,REJECTED,D
APP00006164,CUST005831,BR0038,2026-07-14,VEHICLE,433986.35,12,PENDING,A
APP00006165,CUST000151,BR0041,2025-04-16,CONSUMER_DURABLE,1893492.96,48,APPROVED,A
APP00006166,CUST002298,BR0013,2024-12-10,BUSINESS,1229632.07,36,APPROVED,C
APP00006167,CUST001583,BR0008,2024-08-17,CONSUMER_DURABLE,504081.81,36,PENDING,A
APP00006168,CUST001106,BR0021,2025-04-19,CONSUMER_DURABLE,1636834.55,60,APPROVED,D
APP00006169,CUST002441,BR0007,2024-01-18,BUSINESS,1730114.24,48,APPROVED,A
APP00006170,CUST008732,BR0040,2025-06-23,CONSUMER_DURABLE,189574.82,48,REJECTED,A
APP00006171,CUST007363,BR0005,2025-12-03,CONSUMER_DURABLE,1449343.43,12,APPROVED,D
APP00006172,CUST004988,BR0049,2024-09-03,BUSINESS,1142534.79,48,APPROVED,A
APP00006173,CUST008080,BR0021,2025-10-11,PERSONAL,404530.51,36,REJECTED,C
APP00006174,CUST006687,BR0036,2025-07-09,VEHICLE,122739.12,24,APPROVED,D
APP00006175,CUST009136,BR0014,2025-12-23,VEHICLE,1282575.79,48,REJECTED,B
APP00006176,CUST004539,BR0040,2026-02-02,CONSUMER_DURABLE,1443499.55,12,REJECTED,E
APP00006177,CUST003070,BR0014,2025-04-07,VEHICLE,909453.69,18,APPROVED,D
APP00006178,CUST001492,BR0017,2026-09-09,CONSUMER_DURABLE,925094.16,60,PENDING,D
APP00006179,CUST001937,BR0004,2026-04-13,VEHICLE,957431.84,60,APPROVED,D
APP00006180,CUST009905,BR0040,2025-03-19,PERSONAL,1160027.83,60,APPROVED,D
APP00006181,CUST009005,BR0016,2025-03-19,BUSINESS,1265543.25,60,APPROVED,B
APP00006182,CUST009205,BR0005,2025-05-10,BUSINESS,1151170.74,36,REJECTED,C
APP00006183,CUST003338,BR0017,2025-06-06,PERSONAL,1260411.58,18,APPROVED,E
APP00006184,CUST006678,BR0018,2025-01-05,CONSUMER_DURABLE,748138.98,18,REJECTED,B
APP00006185,CUST006808,BR0033,2025-11-20,VEHICLE,1710327.56,12,APPROVED,A
APP00006186,CUST009107,BR0028,2024-09-02,PERSONAL,1172939.15,48,APPROVED,D
APP00006187,CUST005892,BR0045,2025-05-06,CONSUMER_DURABLE,1399147.5,60,APPROVED,C
APP00006188,CUST003396,BR0005,2024-11-05,CONSUMER_DURABLE,1643372.24,36,PENDING,A
APP00006189,CUST009920,BR0026,2024-12-12,CONSUMER_DURABLE,730834.42,18,REJECTED,E
APP00006190,CUST007105,BR0032,2025-05-08,VEHICLE,1729835.01,36,APPROVED,A
APP00006191,CUST009656,BR0027,2024-10-23,BUSINESS,1263269.61,36,APPROVED,C
APP00006192,CUST006316,BR0049,2024-03-13,BUSINESS,589108.25,12,REJECTED,C
APP00006193,CUST007122,BR0038,2024-04-08,PERSONAL,1467172.46,48,APPROVED,B
APP00006194,CUST003895,BR0044,2025-04-19,BUSINESS,547128.21,24,REJECTED,A
APP00006195,CUST005209,BR0034,2025-02-22,BUSINESS,1895894.83,60,PENDING,C
APP00006196,CUST003532,BR0012,2025-05-15,VEHICLE,670834.21,36,REJECTED,D
APP00006197,CUST002497,BR0002,2024-10-10,BUSINESS,363399.39,18,PENDING,D
APP00006198,CUST004354,BR0033,2025-04-23,BUSINESS,1160663.65,48,REJECTED,C
APP00006199,CUST002636,BR0043,2025-11-29,CONSUMER_DURABLE,838482.3,24,APPROVED,C
APP00006200,CUST002199,BR0008,2026-05-02,BUSINESS,1802219.93,60,REJECTED,A
APP00006201,CUST003442,BR0037,2026-02-19,BUSINESS,1141072.75,36,APPROVED,E
APP00006202,CUST004862,BR0016,2025-02-22,PERSONAL,142618.88,36,APPROVED,D
APP00006203,CUST005204,BR0043,2025-06-10,CONSUMER_DURABLE,481508.52,48,PENDING,B
APP00006204,CUST008864,BR0010,2025-01-08,VEHICLE,794433.31,60,PENDING,E
APP00006205,CUST007687,BR0050,2025-10-07,BUSINESS,1835378.27,48,PENDING,C
APP00006206,CUST007232,BR0047,2026-07-26,VEHICLE,267496.65,18,APPROVED,E
APP00006207,CUST004597,BR0044,2026-01-09,VEHICLE,1019092.71,24,REJECTED,E
APP00006208,CUST000517,BR0025,2025-06-24,BUSINESS,1218897.45,18,APPROVED,A
APP00006209,CUST001390,BR0042,2025-01-17,CONSUMER_DURABLE,857719.35,48,APPROVED,B
APP00006210,CUST007733,BR0012,2026-05-01,BUSINESS,497346.95,36,PENDING,E
APP00006211,CUST008499,BR0012,2024-11-29,BUSINESS,1899252.04,36,APPROVED,C
APP00006212,CUST007650,BR0031,2025-09-05,VEHICLE,114694.89,36,PENDING,A
APP00006213,CUST002224,BR0037,2026-09-05,BUSINESS,1252761.69,18,PENDING,C
APP00006214,CUST000448,BR0010,2024-01-20,PERSONAL,1466073.0,36,APPROVED,A
APP00006215,CUST006368,BR0038,2026-04-10,PERSONAL,1366499.68,12,REJECTED,E
APP00006216,CUST005484,BR0020,2026-08-14,PERSONAL,367576.03,48,REJECTED,D
APP00006217,CUST006690,BR0029,2025-02-22,CONSUMER_DURABLE,337271.92,60,APPROVED,B
APP00006218,CUST003015,BR0028,2025-01-18,CONSUMER_DURABLE,919448.31,12,APPROVED,D
APP00006219,CUST002075,BR0045,2024-10-09,VEHICLE,978581.31,36,APPROVED,C
APP00006220,CUST000635,BR0009,2025-11-29,BUSINESS,599988.77,48,APPROVED,B
APP00006221,CUST006951,BR0026,2025-07-29,CONSUMER_DURABLE,1218619.0,24,PENDING,C
APP00006222,CUST005066,BR0016,2025-03-11,PERSONAL,1902963.34,12,PENDING,B
APP00006223,CUST007860,BR0009,2024-12-17,BUSINESS,1558607.54,12,APPROVED,B
APP00006224,CUST005251,BR0043,2024-12-27,VEHICLE,786652.79,18,APPROVED,A
APP00006225,CUST008252,BR0011,2025-01-31,VEHICLE,877270.42,48,APPROVED,C
APP00006226,CUST002640,BR0043,2025-07-06,VEHICLE,1288022.78,36,APPROVED,D
APP00006227,CUST008931,BR0019,2024-08-19,VEHICLE,1812892.77,24,APPROVED,C
APP00006228,CUST006377,BR0035,2025-11-08,CONSUMER_DURABLE,1441636.84,60,APPROVED,C
APP00006229,CUST008569,BR0025,2024-11-25,BUSINESS,922695.43,60,APPROVED,A
APP00006230,CUST007672,BR0047,2025-02-04,CONSUMER_DURABLE,484377.22,36,APPROVED,B
APP00006231,CUST000610,BR0019,2026-03-24,BUSINESS,238436.66,24,APPROVED,A
APP00006232,CUST008586,BR0039,2025-01-31,VEHICLE,1215492.22,48,PENDING,A
APP00006233,CUST008906,BR0045,2024-04-23,BUSINESS,1054544.58,18,REJECTED,A
APP00006234,CUST003929,BR0040,2025-05-10,BUSINESS,289068.86,24,APPROVED,D
APP00006235,CUST007964,BR0042,2025-12-18,VEHICLE,905002.2,60,PENDING,B
APP00006236,CUST003527,BR0034,2026-01-25,VEHICLE,261826.55,48,APPROVED,D
APP00006237,CUST006239,BR0037,2026-03-10,BUSINESS,1734123.97,60,APPROVED,B
APP00006238,CUST005789,BR0010,2024-12-02,BUSINESS,581787.52,12,APPROVED,D
APP00006239,CUST008476,BR0018,2025-04-29,VEHICLE,1360377.27,36,REJECTED,E
APP00006240,CUST003188,BR0011,2026-05-27,BUSINESS,1709759.69,36,APPROVED,B
APP00006241,CUST008171,BR0046,2024-07-28,CONSUMER_DURABLE,1617855.84,18,APPROVED,C
APP00006242,CUST006151,BR0021,2025-08-07,VEHICLE,903270.94,24,REJECTED,A
APP00006243,CUST009310,BR0009,2024-09-14,BUSINESS,753082.38,24,PENDING,A
APP00006244,CUST003615,BR0009,2026-04-12,BUSINESS,1479062.82,12,APPROVED,E
APP00006245,CUST008465,BR0019,2025-10-21,PERSONAL,1711861.02,12,PENDING,B
APP00006246,CUST000986,BR0042,2024-04-09,VEHICLE,934422.77,12,REJECTED,C
APP00006247,CUST007501,BR0034,2024-01-25,VEHICLE,1039616.13,60,REJECTED,B
APP00006248,CUST003379,BR0039,2024-12-09,CONSUMER_DURABLE,57880.68,48,APPROVED,C
APP00006249,CUST004921,BR0001,2026-06-30,BUSINESS,840559.79,12,APPROVED,A
APP00006250,CUST009527,BR0006,2025-10-18,PERSONAL,705966.54,18,REJECTED,B
APP00006251,CUST001829,BR0040,2024-03-13,BUSINESS,1003968.42,24,APPROVED,A
APP00006252,CUST004098,BR0030,2026-03-16,VEHICLE,1957617.81,12,PENDING,E
APP00006253,CUST004364,BR0021,2025-04-09,PERSONAL,1378690.24,24,REJECTED,D
APP00006254,CUST003338,BR0028,2026-02-13,BUSINESS,435915.95,24,PENDING,E
APP00006255,CUST002672,BR0050,2024-08-24,BUSINESS,1719401.08,60,PENDING,D
APP00006256,CUST006734,BR0025,2026-01-14,PERSONAL,1195809.19,24,APPROVED,E
APP00006257,CUST000069,BR0010,2026-05-10,BUSINESS,1333598.53,12,APPROVED,C
APP00006258,CUST008273,BR0022,2025-01-24,CONSUMER_DURABLE,258875.84,24,PENDING,E
APP00006259,CUST009711,BR0020,2024-10-24,BUSINESS,1956288.72,60,APPROVED,C
APP00006260,CUST009539,BR0042,2026-04-24,BUSINESS,533141.15,60,PENDING,E
APP00006261,CUST006621,BR0021,2024-09-22,PERSONAL,1463788.24,48,REJECTED,A
APP00006262,CUST005581,BR0021,2026-02-15,BUSINESS,849390.9,24,APPROVED,A
APP00006263,CUST000587,BR0035,2024-10-02,CONSUMER_DURABLE,1027694.68,48,PENDING,D
APP00006264,CUST001608,BR0047,2025-11-06,VEHICLE,1921981.3,12,APPROVED,E
APP00006265,CUST002772,BR0015,2025-07-13,VEHICLE,1447828.74,60,REJECTED,A
APP00006266,CUST008258,BR0046,2026-08-22,CONSUMER_DURABLE,826502.41,12,APPROVED,C
APP00006267,CUST004817,BR0016,2026-02-04,VEHICLE,150050.25,60,APPROVED,E
APP00006268,CUST009174,BR0013,2025-04-05,CONSUMER_DURABLE,178436.5,24,APPROVED,C
APP00006269,CUST008757,BR0007,2025-01-06,CONSUMER_DURABLE,1019945.06,48,REJECTED,C
APP00006270,CUST005327,BR0013,2026-06-24,PERSONAL,1206034.17,24,REJECTED,D
APP00006271,CUST006500,BR0037,2025-12-30,PERSONAL,1725170.42,60,APPROVED,A
APP00006272,CUST005654,BR0031,2025-09-23,CONSUMER_DURABLE,1635366.87,18,REJECTED,A
APP00006273,CUST001283,BR0016,2025-06-28,PERSONAL,502490.18,12,PENDING,E
APP00006274,CUST006717,BR0012,2024-11-10,BUSINESS,1187747.24,18,REJECTED,D
APP00006275,CUST003864,BR0041,2026-02-05,PERSONAL,503153.48,24,REJECTED,D
APP00006276,CUST001081,BR0018,2024-01-09,CONSUMER_DURABLE,1091815.11,36,PENDING,B
APP00006277,CUST006231,BR0031,2024-02-01,CONSUMER_DURABLE,774947.15,12,APPROVED,A
APP00006278,CUST006058,BR0020,2024-04-17,PERSONAL,1460942.71,12,REJECTED,E
APP00006279,CUST000977,BR0014,2025-08-14,BUSINESS,809784.69,12,REJECTED,D
APP00006280,CUST003049,BR0044,2025-10-15,BUSINESS,1812114.8,12,APPROVED,A
APP00006281,CUST002251,BR0022,2024-10-01,VEHICLE,1032875.47,24,REJECTED,A
APP00006282,CUST008032,BR0023,2026-09-08,PERSONAL,1251544.62,36,REJECTED,B
APP00006283,CUST002855,BR0028,2024-10-21,CONSUMER_DURABLE,1829860.49,48,REJECTED,B
APP00006284,CUST007502,BR0021,2026-06-16,VEHICLE,1407916.6,12,APPROVED,C
APP00006285,CUST005321,BR0026,2026-03-01,CONSUMER_DURABLE,1779398.96,18,PENDING,C
APP00006286,CUST006275,BR0009,2024-10-28,PERSONAL,408699.66,18,APPROVED,C
APP00006287,CUST009942,BR0028,2025-03-20,PERSONAL,331973.57,18,PENDING,C
APP00006288,CUST007628,BR0041,2026-02-17,BUSINESS,1488607.96,12,APPROVED,A
APP00006289,CUST000212,BR0011,2025-07-04,VEHICLE,690481.73,24,APPROVED,E
APP00006290,CUST002716,BR0037,2025-03-25,BUSINESS,423044.81,36,PENDING,A
APP00006291,CUST003470,BR0014,2026-07-07,VEHICLE,537554.46,36,PENDING,D
APP00006292,CUST008568,BR0005,2026-04-10,CONSUMER_DURABLE,133420.88,36,REJECTED,A
APP00006293,CUST007743,BR0029,2024-09-27,CONSUMER_DURABLE,519150.22,24,PENDING,A
APP00006294,CUST006422,BR0045,2026-09-04,CONSUMER_DURABLE,879566.81,60,REJECTED,A
APP00006295,CUST007993,BR0033,2026-07-16,CONSUMER_DURABLE,1295665.06,18,APPROVED,A
APP00006296,CUST007917,BR0027,2025-11-02,VEHICLE,1795243.21,24,APPROVED,B
APP00006297,CUST001364,BR0031,2025-02-12,PERSONAL,819194.71,48,REJECTED,C
APP00006298,CUST002143,BR0003,2024-03-10,PERSONAL,824206.15,36,APPROVED,E
APP00006299,CUST000969,BR0017,2024-08-05,BUSINESS,1556582.08,24,PENDING,A
APP00006300,CUST003034,BR0002,2025-10-07,PERSONAL,105161.38,12,APPROVED,D
APP00006301,CUST004242,BR0033,2024-08-15,VEHICLE,216718.34,12,PENDING,E
APP00006302,CUST006360,BR0049,2024-05-02,BUSINESS,1573135.35,48,APPROVED,A
APP00006303,CUST008810,BR0006,2026-09-04,PERSONAL,1568859.25,36,REJECTED,D
APP00006304,CUST008341,BR0025,2024-06-06,PERSONAL,757572.15,18,REJECTED,C
APP00006305,CUST002229,BR0021,2025-01-06,VEHICLE,1218831.35,36,APPROVED,D
APP00006306,CUST001372,BR0015,2025-10-02,VEHICLE,862971.08,12,REJECTED,B
APP00006307,CUST009836,BR0006,2024-07-29,CONSUMER_DURABLE,1601464.38,18,REJECTED,C
APP00006308,CUST001188,BR0025,2026-03-14,PERSONAL,1116579.89,24,APPROVED,A
APP00006309,CUST004672,BR0008,2026-02-27,PERSONAL,1561303.66,36,REJECTED,B
APP00006310,CUST005813,BR0038,2025-07-25,CONSUMER_DURABLE,683989.89,12,PENDING,E
APP00006311,CUST005316,BR0026,2025-10-10,PERSONAL,594195.22,24,REJECTED,E
APP00006312,CUST006988,BR0025,2025-07-31,VEHICLE,1233499.68,12,APPROVED,E
APP00006313,CUST005306,BR0040,2025-12-29,VEHICLE,1817342.26,24,APPROVED,E
APP00006314,CUST005607,BR0016,2024-02-04,CONSUMER_DURABLE,165127.08,18,APPROVED,E
APP00006315,CUST005872,BR0040,2026-09-24,PERSONAL,967585.93,24,APPROVED,B
APP00006316,CUST009871,BR0048,2024-07-17,BUSINESS,523045.65,18,APPROVED,A
APP00006317,CUST000171,BR0028,2025-10-12,PERSONAL,121260.33,48,APPROVED,A
APP00006318,CUST007959,BR0043,2024-04-28,BUSINESS,142146.73,18,REJECTED,E
APP00006319,CUST007564,BR0029,2025-04-24,PERSONAL,129644.34,12,REJECTED,B
APP00006320,CUST007153,BR0025,2025-04-20,CONSUMER_DURABLE,188807.62,36,APPROVED,E
APP00006321,CUST003452,BR0020,2026-04-23,PERSONAL,92684.66,60,APPROVED,B
APP00006322,CUST004968,BR0009,2024-11-17,VEHICLE,317736.79,24,REJECTED,E
APP00006323,CUST003778,BR0035,2025-04-12,CONSUMER_DURABLE,1877461.99,36,REJECTED,C
APP00006324,CUST007895,BR0002,2026-09-09,PERSONAL,659983.48,48,APPROVED,C
APP00006325,CUST003560,BR0002,2025-06-07,CONSUMER_DURABLE,297857.08,24,PENDING,A
APP00006326,CUST004885,BR0012,2024-05-31,BUSINESS,980991.88,24,PENDING,A
APP00006327,CUST003261,BR0008,2024-02-05,PERSONAL,1888756.35,36,PENDING,D
APP00006328,CUST005909,BR0004,2025-04-07,CONSUMER_DURABLE,662119.25,24,APPROVED,B
APP00006329,CUST008926,BR0041,2024-06-10,PERSONAL,1563953.92,12,APPROVED,C
APP00006330,CUST001741,BR0013,2024-07-07,CONSUMER_DURABLE,1219832.68,60,REJECTED,C
APP00006331,CUST001749,BR0032,2025-04-08,VEHICLE,584820.8,48,PENDING,D
APP00006332,CUST008175,BR0027,2025-02-28,PERSONAL,1137610.58,12,REJECTED,D
APP00006333,CUST003850,BR0021,2025-05-12,CONSUMER_DURABLE,1763367.79,18,APPROVED,D
APP00006334,CUST002342,BR0042,2024-11-02,BUSINESS,1082543.82,60,PENDING,C
APP00006335,CUST003766,BR0042,2024-03-12,BUSINESS,1908301.11,18,PENDING,C
APP00006336,CUST002098,BR0029,2025-02-11,BUSINESS,340657.33,24,APPROVED,A
APP00006337,CUST009737,BR0026,2025-06-07,VEHICLE,1439101.89,36,PENDING,E
APP00006338,CUST009118,BR0008,2024-07-10,CONSUMER_DURABLE,796085.18,60,REJECTED,B
APP00006339,CUST001427,BR0027,2024-12-18,VEHICLE,347521.05,12,APPROVED,E
APP00006340,CUST000492,BR0043,2024-12-31,CONSUMER_DURABLE,876043.03,24,PENDING,A
APP00006341,CUST000202,BR0033,2025-02-08,PERSONAL,109119.54,18,APPROVED,A
APP00006342,CUST002881,BR0030,2024-09-21,VEHICLE,1030662.89,60,APPROVED,D
APP00006343,CUST009346,BR0044,2026-06-05,VEHICLE,928214.02,60,REJECTED,A
APP00006344,CUST002123,BR0024,2026-03-19,PERSONAL,1419721.9,24,APPROVED,E
APP00006345,CUST007341,BR0006,2025-04-15,BUSINESS,1868454.2,12,PENDING,A
APP00006346,CUST007456,BR0043,2026-03-05,VEHICLE,325023.7,24,APPROVED,B
APP00006347,CUST008919,BR0016,2024-12-29,BUSINESS,1208341.66,36,APPROVED,E
APP00006348,CUST004396,BR0039,2024-01-01,BUSINESS,101228.1,48,APPROVED,C
APP00006349,CUST006383,BR0040,2026-05-08,PERSONAL,1014127.44,60,APPROVED,A
APP00006350,CUST008037,BR0032,2024-03-30,VEHICLE,1554506.11,18,PENDING,C
APP00006351,CUST003344,BR0017,2026-03-01,CONSUMER_DURABLE,343154.31,36,APPROVED,C
APP00006352,CUST009187,BR0028,2025-07-16,CONSUMER_DURABLE,1974963.59,60,APPROVED,A
APP00006353,CUST007012,BR0040,2026-07-15,PERSONAL,75233.97,18,APPROVED,E
APP00006354,CUST009923,BR0023,2026-09-06,VEHICLE,1439223.18,48,APPROVED,D
APP00006355,CUST009365,BR0027,2025-07-31,CONSUMER_DURABLE,1118708.67,18,APPROVED,B
APP00006356,CUST001341,BR0002,2026-03-21,BUSINESS,647572.18,60,REJECTED,A
APP00006357,CUST002275,BR0026,2024-09-07,BUSINESS,572767.66,18,PENDING,A
APP00006358,CUST009976,BR0020,2026-02-28,PERSONAL,890590.69,18,APPROVED,D
APP00006359,CUST005560,BR0050,2026-06-20,VEHICLE,180818.05,36,APPROVED,E
APP00006360,CUST009116,BR0036,2025-03-22,BUSINESS,1640867.87,36,APPROVED,B
APP00006361,CUST006706,BR0018,2025-03-21,CONSUMER_DURABLE,894833.7,48,APPROVED,A
APP00006362,CUST004347,BR0025,2024-02-22,BUSINESS,379086.53,48,PENDING,B
APP00006363,CUST002847,BR0039,2024-05-11,PERSONAL,334632.35,24,APPROVED,B
APP00006364,CUST001704,BR0008,2026-06-09,CONSUMER_DURABLE,1184142.23,36,REJECTED,C
APP00006365,CUST005836,BR0027,2026-01-01,PERSONAL,674786.43,24,PENDING,E
APP00006366,CUST000253,BR0015,2025-04-03,VEHICLE,246059.17,24,APPROVED,A
APP00006367,CUST008083,BR0048,2024-08-01,BUSINESS,881791.32,36,APPROVED,E
APP00006368,CUST005896,BR0039,2026-08-24,PERSONAL,713228.87,24,PENDING,B
APP00006369,CUST001605,BR0035,2025-11-29,CONSUMER_DURABLE,1522416.38,36,APPROVED,B
APP00006370,CUST005791,BR0009,2026-09-07,VEHICLE,749555.58,12,REJECTED,D
APP00006371,CUST009664,BR0038,2025-03-01,CONSUMER_DURABLE,400431.9,36,PENDING,E
APP00006372,CUST003159,BR0016,2024-10-22,BUSINESS,1918685.52,24,PENDING,B
APP00006373,CUST009994,BR0039,2026-02-06,VEHICLE,1280767.43,36,REJECTED,D
APP00006374,CUST006977,BR0039,2026-02-22,VEHICLE,197007.01,60,APPROVED,C
APP00006375,CUST006407,BR0029,2026-04-24,BUSINESS,90317.38,60,REJECTED,B
APP00006376,CUST006610,BR0009,2025-10-11,BUSINESS,1726553.01,36,APPROVED,D
APP00006377,CUST009068,BR0023,2024-07-05,BUSINESS,505642.9,48,APPROVED,C
APP00006378,CUST003539,BR0047,2025-09-03,BUSINESS,866349.78,12,APPROVED,A
APP00006379,CUST002164,BR0021,2025-09-07,PERSONAL,1515314.35,24,REJECTED,C
APP00006380,CUST002631,BR0046,2026-01-21,PERSONAL,217255.27,12,PENDING,E
APP00006381,CUST005960,BR0045,2025-03-07,CONSUMER_DURABLE,1816791.66,24,APPROVED,D
APP00006382,CUST008237,BR0045,2025-04-01,VEHICLE,1713514.14,12,APPROVED,D
APP00006383,CUST008388,BR0040,2026-04-26,CONSUMER_DURABLE,1857735.93,48,PENDING,E
APP00006384,CUST002264,BR0011,2025-07-14,VEHICLE,1759536.06,60,APPROVED,A
APP00006385,CUST007854,BR0028,2025-02-23,CONSUMER_DURABLE,1813046.04,18,REJECTED,A
APP00006386,CUST008122,BR0017,2025-10-15,VEHICLE,372652.66,60,APPROVED,A
APP00006387,CUST002509,BR0018,2026-08-12,BUSINESS,897445.17,18,PENDING,B
APP00006388,CUST003182,BR0027,2024-06-27,CONSUMER_DURABLE,1209066.32,12,REJECTED,E
APP00006389,CUST006024,BR0020,2026-04-10,BUSINESS,1979343.25,60,PENDING,D
APP00006390,CUST009337,BR0041,2024-10-01,PERSONAL,1660090.04,60,APPROVED,D
APP00006391,CUST002978,BR0003,2024-09-29,CONSUMER_DURABLE,1807269.6,18,REJECTED,E
APP00006392,CUST007827,BR0021,2024-02-18,PERSONAL,950604.16,12,APPROVED,B
APP00006393,CUST005399,BR0023,2026-08-25,PERSONAL,1691479.8,18,APPROVED,C
APP00006394,CUST009613,BR0041,2025-09-07,BUSINESS,881162.93,60,APPROVED,A
APP00006395,CUST005972,BR0050,2024-02-15,CONSUMER_DURABLE,1543407.48,12,APPROVED,A
APP00006396,CUST002776,BR0010,2026-02-04,BUSINESS,1939812.05,24,APPROVED,B
APP00006397,CUST008970,BR0011,2025-05-10,VEHICLE,99222.75,18,REJECTED,A
APP00006398,CUST009131,BR0026,2024-09-12,VEHICLE,1226246.27,12,APPROVED,B
APP00006399,CUST008992,BR0039,2024-10-08,PERSONAL,777869.41,18,APPROVED,E
APP00006400,CUST001718,BR0024,2025-07-19,PERSONAL,703546.89,36,APPROVED,A
APP00006401,CUST005717,BR0038,2025-11-30,VEHICLE,692582.14,36,REJECTED,B
APP00006402,CUST008992,BR0049,2024-12-29,CONSUMER_DURABLE,1644522.69,12,APPROVED,D
APP00006403,CUST001794,BR0043,2026-05-13,CONSUMER_DURABLE,1762729.55,18,APPROVED,A
APP00006404,CUST007597,BR0048,2024-06-05,PERSONAL,847323.54,12,PENDING,C
APP00006405,CUST004744,BR0005,2024-06-06,VEHICLE,1817707.86,12,APPROVED,E
APP00006406,CUST004748,BR0028,2026-02-06,PERSONAL,905213.29,18,REJECTED,C
APP00006407,CUST009895,BR0023,2026-07-09,BUSINESS,1121284.62,18,APPROVED,A
APP00006408,CUST001644,BR0013,2024-02-03,BUSINESS,296199.73,24,REJECTED,A
APP00006409,CUST007476,BR0044,2026-07-08,CONSUMER_DURABLE,603002.97,48,APPROVED,D
APP00006410,CUST002552,BR0035,2026-08-11,PERSONAL,1346003.71,60,REJECTED,C
APP00006411,CUST006530,BR0017,2025-02-16,PERSONAL,542188.98,36,REJECTED,C
APP00006412,CUST008506,BR0017,2024-12-05,VEHICLE,1277927.56,48,PENDING,E
APP00006413,CUST002512,BR0039,2025-10-06,PERSONAL,1059486.27,36,REJECTED,E
APP00006414,CUST008856,BR0022,2026-07-12,PERSONAL,89503.29,48,APPROVED,D
APP00006415,CUST007591,BR0008,2025-12-13,VEHICLE,155450.88,12,PENDING,A
APP00006416,CUST005152,BR0009,2024-09-10,CONSUMER_DURABLE,844854.4,24,APPROVED,D
APP00006417,CUST002262,BR0034,2026-07-20,BUSINESS,1141220.12,24,APPROVED,B
APP00006418,CUST003117,BR0049,2024-09-20,PERSONAL,528474.28,60,APPROVED,B
APP00006419,CUST004149,BR0012,2025-05-23,BUSINESS,596979.93,36,APPROVED,B
APP00006420,CUST005935,BR0046,2026-03-24,CONSUMER_DURABLE,1256834.7,24,APPROVED,B
APP00006421,CUST005562,BR0007,2025-05-26,PERSONAL,1134441.58,24,REJECTED,C
APP00006422,CUST005532,BR0013,2024-02-02,BUSINESS,385006.98,18,APPROVED,C
APP00006423,CUST006450,BR0026,2025-09-24,CONSUMER_DURABLE,1254034.26,24,APPROVED,A
APP00006424,CUST002495,BR0007,2024-04-13,VEHICLE,1256286.12,12,REJECTED,E
APP00006425,CUST008837,BR0029,2024-07-30,PERSONAL,1950726.64,24,APPROVED,A
APP00006426,CUST000541,BR0020,2024-09-28,VEHICLE,764487.65,36,APPROVED,C
APP00006427,CUST001854,BR0024,2025-07-14,VEHICLE,1682842.18,12,APPROVED,C
APP00006428,CUST008082,BR0009,2025-10-04,CONSUMER_DURABLE,1067907.57,12,REJECTED,A
APP00006429,CUST000348,BR0004,2024-03-30,CONSUMER_DURABLE,752632.16,18,APPROVED,D
APP00006430,CUST000695,BR0024,2026-08-25,PERSONAL,1556644.56,24,REJECTED,A
APP00006431,CUST006988,BR0049,2024-01-30,PERSONAL,1624877.43,24,APPROVED,B
APP00006432,CUST008612,BR0009,2025-01-06,CONSUMER_DURABLE,399369.27,48,APPROVED,A
APP00006433,CUST006779,BR0041,2025-04-25,VEHICLE,1664262.55,24,PENDING,D
APP00006434,CUST002968,BR0050,2025-06-11,CONSUMER_DURABLE,205703.61,12,APPROVED,E
APP00006435,CUST003917,BR0041,2025-11-12,CONSUMER_DURABLE,1184797.4,12,APPROVED,E
APP00006436,CUST004947,BR0017,2025-06-14,BUSINESS,976662.57,12,REJECTED,D
APP00006437,CUST007322,BR0018,2025-05-15,VEHICLE,1746912.59,18,APPROVED,D
APP00006438,CUST007100,BR0005,2024-04-11,CONSUMER_DURABLE,1567589.14,48,APPROVED,A
APP00006439,CUST009070,BR0037,2025-12-10,VEHICLE,1363069.43,48,APPROVED,D
APP00006440,CUST006672,BR0030,2024-07-31,VEHICLE,1203224.75,36,REJECTED,E
APP00006441,CUST009151,BR0024,2026-08-17,PERSONAL,403544.56,36,PENDING,E
APP00006442,CUST004186,BR0047,2025-06-20,BUSINESS,254567.54,24,APPROVED,B
APP00006443,CUST006068,BR0041,2026-09-15,BUSINESS,293792.92,18,APPROVED,A
APP00006444,CUST000594,BR0006,2024-08-30,CONSUMER_DURABLE,286964.03,12,PENDING,C
APP00006445,CUST007947,BR0016,2026-04-09,VEHICLE,945302.76,12,APPROVED,D
APP00006446,CUST005573,BR0022,2024-02-08,VEHICLE,1570440.18,18,APPROVED,D
APP00006447,CUST009037,BR0011,2026-02-26,BUSINESS,1815854.66,12,REJECTED,A
APP00006448,CUST004976,BR0001,2026-03-04,CONSUMER_DURABLE,566374.39,48,APPROVED,E
APP00006449,CUST002961,BR0041,2025-03-19,PERSONAL,902861.06,60,PENDING,D
APP00006450,CUST006732,BR0011,2024-12-15,VEHICLE,1160810.05,24,APPROVED,C
APP00006451,CUST001839,BR0017,2025-06-30,VEHICLE,180640.2,18,APPROVED,B
APP00006452,CUST009621,BR0044,2024-12-29,VEHICLE,227781.6,24,PENDING,C
APP00006453,CUST006035,BR0021,2024-08-20,CONSUMER_DURABLE,1741945.76,18,REJECTED,D
APP00006454,CUST000174,BR0024,2026-04-05,CONSUMER_DURABLE,179589.06,36,PENDING,C
APP00006455,CUST003658,BR0050,2025-10-21,BUSINESS,1287325.27,24,PENDING,E
APP00006456,CUST004825,BR0021,2025-08-27,VEHICLE,651400.9,18,APPROVED,C
APP00006457,CUST005587,BR0037,2026-02-27,VEHICLE,252242.22,12,APPROVED,E
APP00006458,CUST006899,BR0009,2025-08-09,PERSONAL,1397384.0,36,APPROVED,E
APP00006459,CUST001210,BR0014,2025-07-04,CONSUMER_DURABLE,310744.36,12,PENDING,A
APP00006460,CUST001136,BR0035,2025-06-06,PERSONAL,1250418.87,60,APPROVED,E
APP00006461,CUST007261,BR0020,2024-02-14,PERSONAL,1785475.97,24,APPROVED,E
APP00006462,CUST003319,BR0003,2024-08-10,PERSONAL,798674.16,12,PENDING,D
APP00006463,CUST000452,BR0016,2024-06-11,CONSUMER_DURABLE,1000772.65,48,APPROVED,C
APP00006464,CUST008909,BR0040,2025-09-28,BUSINESS,268543.52,18,APPROVED,B
APP00006465,CUST007912,BR0028,2025-05-07,CONSUMER_DURABLE,911442.48,18,APPROVED,A
APP00006466,CUST007234,BR0022,2024-01-06,VEHICLE,1122577.12,18,APPROVED,A
APP00006467,CUST006571,BR0024,2024-01-14,CONSUMER_DURABLE,732428.99,36,REJECTED,E
APP00006468,CUST007571,BR0003,2026-01-23,BUSINESS,667548.62,48,PENDING,A
APP00006469,CUST003706,BR0005,2026-02-27,VEHICLE,1706420.48,36,APPROVED,C
APP00006470,CUST009857,BR0003,2024-06-25,CONSUMER_DURABLE,699641.99,24,APPROVED,E
APP00006471,CUST005799,BR0042,2026-06-14,CONSUMER_DURABLE,203782.72,36,REJECTED,B
APP00006472,CUST001036,BR0036,2025-01-04,BUSINESS,1755666.47,48,REJECTED,E
APP00006473,CUST002338,BR0040,2024-10-19,CONSUMER_DURABLE,421817.46,60,REJECTED,C
APP00006474,CUST005135,BR0024,2025-04-30,BUSINESS,1753080.46,12,PENDING,C
APP00006475,CUST007558,BR0017,2025-11-26,PERSONAL,1936505.2,48,APPROVED,E
APP00006476,CUST001076,BR0005,2026-03-02,VEHICLE,1734835.49,36,APPROVED,E
APP00006477,CUST009077,BR0001,2025-03-04,PERSONAL,594307.65,60,APPROVED,A
APP00006478,CUST003018,BR0034,2025-11-07,BUSINESS,435975.78,18,REJECTED,A
APP00006479,CUST007339,BR0045,2024-08-12,CONSUMER_DURABLE,1906181.62,48,APPROVED,B
APP00006480,CUST003885,BR0026,2025-10-11,VEHICLE,756204.8,18,PENDING,B
APP00006481,CUST005062,BR0044,2025-11-15,BUSINESS,1915711.16,24,PENDING,C
APP00006482,CUST006388,BR0031,2026-05-03,CONSUMER_DURABLE,1323008.64,60,REJECTED,E
APP00006483,CUST002620,BR0012,2026-07-20,VEHICLE,249967.35,48,APPROVED,C
APP00006484,CUST001899,BR0002,2024-08-02,CONSUMER_DURABLE,1318478.96,48,APPROVED,E
APP00006485,CUST004135,BR0038,2026-05-27,VEHICLE,1845905.28,18,PENDING,B
APP00006486,CUST004063,BR0011,2025-07-04,VEHICLE,203235.57,48,REJECTED,D
APP00006487,CUST009796,BR0034,2025-08-21,VEHICLE,1350925.61,48,PENDING,A
APP00006488,CUST001990,BR0023,2026-07-18,BUSINESS,773365.54,48,REJECTED,A
APP00006489,CUST002254,BR0030,2024-09-09,CONSUMER_DURABLE,1450047.81,24,PENDING,C
APP00006490,CUST009261,BR0043,2025-02-08,BUSINESS,1998607.26,48,APPROVED,D
APP00006491,CUST008894,BR0011,2026-09-28,PERSONAL,1339873.64,24,REJECTED,B
APP00006492,CUST006959,BR0010,2024-01-12,BUSINESS,1075721.32,60,APPROVED,A
APP00006493,CUST009988,BR0047,2026-02-17,PERSONAL,1354538.58,60,APPROVED,E
APP00006494,CUST006773,BR0015,2024-01-15,PERSONAL,844265.08,12,APPROVED,C
APP00006495,CUST008074,BR0041,2025-07-19,BUSINESS,526011.12,36,APPROVED,C
APP00006496,CUST009512,BR0009,2025-06-26,BUSINESS,174565.78,12,PENDING,A
APP00006497,CUST000523,BR0042,2025-08-13,PERSONAL,402164.63,18,PENDING,A
APP00006498,CUST006724,BR0015,2024-10-03,PERSONAL,901612.53,12,PENDING,D
APP00006499,CUST001884,BR0050,2026-08-09,VEHICLE,1706960.09,24,REJECTED,E
APP00006500,CUST009771,BR0004,2026-07-08,BUSINESS,1258883.95,60,APPROVED,E
APP00006501,CUST006009,BR0018,2025-01-14,BUSINESS,1998952.63,36,APPROVED,B
APP00006502,CUST003580,BR0050,2026-08-07,VEHICLE,555933.25,36,REJECTED,E
APP00006503,CUST009970,BR0047,2026-02-22,BUSINESS,699143.07,48,APPROVED,D
APP00006504,CUST008996,BR0039,2025-03-14,VEHICLE,1899969.84,36,PENDING,B
APP00006505,CUST002449,BR0034,2026-04-06,CONSUMER_DURABLE,726552.88,18,APPROVED,A
APP00006506,CUST009924,BR0041,2025-03-12,BUSINESS,872371.46,12,APPROVED,C
APP00006507,CUST006074,BR0029,2026-04-29,PERSONAL,298453.91,24,APPROVED,D
APP00006508,CUST006623,BR0009,2026-01-22,BUSINESS,1386847.67,24,APPROVED,E
APP00006509,CUST008876,BR0046,2025-03-29,BUSINESS,694116.89,48,PENDING,E
APP00006510,CUST000093,BR0048,2025-03-31,CONSUMER_DURABLE,765351.38,18,APPROVED,A
APP00006511,CUST001636,BR0022,2025-04-15,PERSONAL,1687570.19,24,REJECTED,A
APP00006512,CUST003202,BR0014,2024-02-10,VEHICLE,1241238.66,12,APPROVED,C
APP00006513,CUST009419,BR0009,2026-06-27,CONSUMER_DURABLE,222596.79,24,PENDING,D
APP00006514,CUST003958,BR0005,2026-05-17,PERSONAL,1952863.77,36,APPROVED,E
APP00006515,CUST009372,BR0032,2025-10-06,PERSONAL,1256358.75,36,APPROVED,E
APP00006516,CUST002965,BR0039,2026-06-20,BUSINESS,978986.64,24,PENDING,A
APP00006517,CUST008493,BR0002,2024-01-15,BUSINESS,209714.29,36,REJECTED,B
APP00006518,CUST004128,BR0001,2025-02-19,PERSONAL,154960.04,24,APPROVED,A
APP00006519,CUST000178,BR0004,2025-10-11,PERSONAL,1541426.74,12,REJECTED,B
APP00006520,CUST001657,BR0020,2026-01-29,VEHICLE,556913.84,12,APPROVED,E
APP00006521,CUST002307,BR0033,2024-06-01,VEHICLE,1232613.44,36,APPROVED,C
APP00006522,CUST007953,BR0047,2024-12-20,CONSUMER_DURABLE,1522481.71,12,APPROVED,C
APP00006523,CUST003021,BR0033,2026-06-12,VEHICLE,497852.69,18,APPROVED,C
APP00006524,CUST007910,BR0025,2024-10-31,VEHICLE,366794.9,18,APPROVED,E
APP00006525,CUST003814,BR0007,2024-06-26,PERSONAL,1139425.45,36,APPROVED,B
APP00006526,CUST007306,BR0030,2026-01-27,PERSONAL,1298029.96,12,PENDING,B
APP00006527,CUST005583,BR0044,2026-01-02,CONSUMER_DURABLE,1670559.41,60,APPROVED,C
APP00006528,CUST001582,BR0038,2025-01-10,CONSUMER_DURABLE,784594.91,12,APPROVED,B
APP00006529,CUST009819,BR0013,2026-05-24,VEHICLE,1235549.95,24,PENDING,B
APP00006530,CUST009245,BR0005,2025-05-04,PERSONAL,1972479.37,18,REJECTED,B
APP00006531,CUST008204,BR0008,2026-01-01,BUSINESS,1419722.36,60,PENDING,E
APP00006532,CUST009262,BR0046,2025-08-27,CONSUMER_DURABLE,1559002.44,36,APPROVED,C
APP00006533,CUST009707,BR0033,2026-07-25,BUSINESS,54926.31,18,APPROVED,D
APP00006534,CUST001728,BR0020,2026-09-13,BUSINESS,951629.3,12,APPROVED,A
APP00006535,CUST006600,BR0036,2026-06-14,CONSUMER_DURABLE,746323.01,18,PENDING,D
APP00006536,CUST005231,BR0045,2024-05-09,BUSINESS,499592.55,60,APPROVED,B
APP00006537,CUST002055,BR0033,2026-03-26,PERSONAL,755870.9,60,APPROVED,B
APP00006538,CUST002830,BR0026,2024-09-11,BUSINESS,202304.98,36,PENDING,E
APP00006539,CUST004300,BR0045,2025-06-16,CONSUMER_DURABLE,1600932.26,12,REJECTED,C
APP00006540,CUST004545,BR0020,2025-08-27,CONSUMER_DURABLE,768357.59,24,APPROVED,A
APP00006541,CUST007270,BR0021,2025-08-26,VEHICLE,1567111.94,36,REJECTED,E
APP00006542,CUST000142,BR0040,2024-03-19,PERSONAL,1162872.64,24,APPROVED,A
APP00006543,CUST004165,BR0018,2025-12-15,BUSINESS,286458.38,12,REJECTED,A
APP00006544,CUST004899,BR0034,2024-09-09,BUSINESS,1000893.08,48,APPROVED,D
APP00006545,CUST005328,BR0029,2026-09-05,PERSONAL,806531.32,48,REJECTED,D
APP00006546,CUST008796,BR0039,2024-04-10,BUSINESS,1384664.95,24,REJECTED,E
APP00006547,CUST002070,BR0012,2025-08-13,VEHICLE,763990.84,12,REJECTED,C
APP00006548,CUST002204,BR0031,2025-03-15,CONSUMER_DURABLE,165370.82,36,PENDING,E
APP00006549,CUST003260,BR0038,2025-12-28,PERSONAL,701398.5,12,REJECTED,E
APP00006550,CUST009118,BR0022,2025-09-09,VEHICLE,488009.54,48,REJECTED,E
APP00006551,CUST009393,BR0025,2025-11-26,BUSINESS,1013379.44,24,PENDING,C
APP00006552,CUST007603,BR0002,2025-03-12,BUSINESS,1735197.25,60,APPROVED,E
APP00006553,CUST002732,BR0047,2026-08-24,VEHICLE,123043.37,18,APPROVED,B
APP00006554,CUST004021,BR0048,2025-05-26,VEHICLE,896764.4,36,APPROVED,C
APP00006555,CUST008516,BR0040,2026-05-31,BUSINESS,1484737.45,12,PENDING,E
APP00006556,CUST000784,BR0049,2024-10-03,PERSONAL,740488.03,12,APPROVED,D
APP00006557,CUST006927,BR0015,2024-09-07,PERSONAL,1157557.51,60,APPROVED,A
APP00006558,CUST009803,BR0045,2025-10-24,VEHICLE,415654.36,18,APPROVED,E
APP00006559,CUST000668,BR0021,2026-03-31,VEHICLE,730449.92,60,APPROVED,B
APP00006560,CUST001981,BR0024,2024-01-28,VEHICLE,862006.44,60,APPROVED,B
APP00006561,CUST004570,BR0031,2025-09-30,BUSINESS,1863101.42,48,PENDING,D
APP00006562,CUST002593,BR0020,2024-02-26,PERSONAL,1356274.15,36,REJECTED,D
APP00006563,CUST004313,BR0013,2024-08-07,CONSUMER_DURABLE,861675.44,60,PENDING,C
APP00006564,CUST007723,BR0015,2026-04-25,BUSINESS,550222.22,12,REJECTED,E
APP00006565,CUST008986,BR0030,2025-04-11,VEHICLE,1633307.43,48,REJECTED,C
APP00006566,CUST002478,BR0024,2024-10-16,CONSUMER_DURABLE,1072653.38,18,APPROVED,D
APP00006567,CUST004719,BR0018,2026-02-19,PERSONAL,160753.94,36,APPROVED,E
APP00006568,CUST005065,BR0019,2026-07-14,CONSUMER_DURABLE,1585672.53,12,APPROVED,B
APP00006569,CUST003495,BR0004,2025-10-23,PERSONAL,1062855.66,24,PENDING,D
APP00006570,CUST000808,BR0016,2026-03-14,CONSUMER_DURABLE,1892050.5,48,REJECTED,A
APP00006571,CUST009941,BR0029,2024-09-05,CONSUMER_DURABLE,1460204.95,36,PENDING,D
APP00006572,CUST002148,BR0010,2025-09-18,CONSUMER_DURABLE,928584.67,18,APPROVED,C
APP00006573,CUST008206,BR0008,2024-11-20,CONSUMER_DURABLE,1929031.77,48,REJECTED,A
APP00006574,CUST003281,BR0032,2024-03-16,CONSUMER_DURABLE,1991357.34,18,REJECTED,C
APP00006575,CUST009975,BR0009,2025-11-03,BUSINESS,652332.59,18,APPROVED,C
APP00006576,CUST009246,BR0014,2025-05-13,PERSONAL,582198.72,36,APPROVED,B
APP00006577,CUST007292,BR0035,2026-07-28,PERSONAL,1394954.07,24,REJECTED,A
APP00006578,CUST001818,BR0010,2025-05-24,VEHICLE,56133.95,18,PENDING,A
APP00006579,CUST001552,BR0028,2024-09-13,VEHICLE,1283091.17,12,APPROVED,E
APP00006580,CUST002449,BR0031,2026-06-08,BUSINESS,241366.36,48,APPROVED,C
APP00006581,CUST001324,BR0015,2024-02-06,CONSUMER_DURABLE,1250291.19,36,REJECTED,A
APP00006582,CUST004431,BR0035,2025-12-11,CONSUMER_DURABLE,817032.42,48,APPROVED,A
APP00006583,CUST002709,BR0007,2024-08-07,PERSONAL,330688.31,12,APPROVED,E
APP00006584,CUST003839,BR0034,2025-06-26,BUSINESS,1782930.54,12,REJECTED,E
APP00006585,CUST007459,BR0049,2024-06-27,BUSINESS,1430060.0,36,APPROVED,A
APP00006586,CUST003192,BR0022,2024-04-04,CONSUMER_DURABLE,652275.94,24,REJECTED,A
APP00006587,CUST001618,BR0026,2026-03-21,BUSINESS,1407401.24,48,APPROVED,E
APP00006588,CUST002710,BR0016,2026-05-14,PERSONAL,310860.85,12,APPROVED,C
APP00006589,CUST002564,BR0025,2025-02-10,BUSINESS,1347709.41,36,PENDING,B
APP00006590,CUST009610,BR0032,2026-07-09,PERSONAL,1926901.57,24,APPROVED,C
APP00006591,CUST005652,BR0044,2025-07-22,BUSINESS,866900.14,48,APPROVED,A
APP00006592,CUST003903,BR0001,2025-06-15,VEHICLE,1823042.6,48,APPROVED,C
APP00006593,CUST009000,BR0042,2025-05-24,VEHICLE,688606.45,48,PENDING,E
APP00006594,CUST002923,BR0025,2025-03-04,CONSUMER_DURABLE,663315.23,18,APPROVED,C
APP00006595,CUST005843,BR0017,2025-04-23,BUSINESS,1554485.84,24,APPROVED,E
APP00006596,CUST007440,BR0038,2024-10-02,PERSONAL,735720.85,48,APPROVED,C
APP00006597,CUST007796,BR0035,2024-05-22,BUSINESS,293312.71,48,APPROVED,B
APP00006598,CUST008276,BR0049,2025-02-10,CONSUMER_DURABLE,567711.45,36,APPROVED,D
APP00006599,CUST005928,BR0015,2026-02-12,PERSONAL,1037777.52,48,APPROVED,C
APP00006600,CUST001063,BR0038,2026-05-09,BUSINESS,757292.43,36,APPROVED,D
APP00006601,CUST009424,BR0032,2026-05-30,PERSONAL,1067669.84,12,PENDING,A
APP00006602,CUST008048,BR0007,2024-08-06,BUSINESS,1691131.04,18,APPROVED,C
APP00006603,CUST007381,BR0043,2025-04-19,VEHICLE,1658901.77,48,PENDING,C
APP00006604,CUST007572,BR0040,2026-08-07,CONSUMER_DURABLE,357660.76,24,REJECTED,C
APP00006605,CUST009003,BR0016,2025-09-10,BUSINESS,891326.94,12,APPROVED,B
APP00006606,CUST003835,BR0038,2024-05-31,CONSUMER_DURABLE,553782.3,36,PENDING,A
APP00006607,CUST004329,BR0009,2024-08-22,PERSONAL,590704.6,24,APPROVED,E
APP00006608,CUST005524,BR0017,2024-12-07,PERSONAL,691310.23,24,REJECTED,B
APP00006609,CUST008392,BR0036,2026-01-01,BUSINESS,187907.17,24,REJECTED,C
APP00006610,CUST000634,BR0036,2026-04-08,CONSUMER_DURABLE,1797445.34,36,PENDING,C
APP00006611,CUST005860,BR0037,2025-09-22,PERSONAL,363936.63,36,APPROVED,B
APP00006612,CUST004688,BR0041,2026-07-12,BUSINESS,817721.07,18,REJECTED,E
APP00006613,CUST002531,BR0027,2026-01-14,VEHICLE,1856228.66,48,PENDING,A
APP00006614,CUST005300,BR0022,2025-12-11,PERSONAL,437987.08,24,APPROVED,E
APP00006615,CUST000059,BR0032,2025-03-01,PERSONAL,1630596.31,36,PENDING,E
APP00006616,CUST000622,BR0004,2024-01-20,VEHICLE,716412.08,18,APPROVED,B
APP00006617,CUST007093,BR0027,2024-09-25,CONSUMER_DURABLE,1268351.23,36,REJECTED,E
APP00006618,CUST002463,BR0020,2025-03-11,BUSINESS,1871302.44,60,PENDING,C
APP00006619,CUST005567,BR0027,2026-03-08,PERSONAL,57863.17,24,REJECTED,E
APP00006620,CUST001751,BR0024,2024-11-21,CONSUMER_DURABLE,1617555.32,12,PENDING,E
APP00006621,CUST000254,BR0028,2025-02-17,CONSUMER_DURABLE,1412676.28,24,PENDING,E
APP00006622,CUST002640,BR0037,2025-01-02,PERSONAL,421731.88,24,APPROVED,D
APP00006623,CUST008808,BR0021,2024-07-21,VEHICLE,1026970.72,12,APPROVED,A
APP00006624,CUST004121,BR0008,2026-07-09,CONSUMER_DURABLE,1058170.55,60,REJECTED,E
APP00006625,CUST008738,BR0015,2026-08-30,CONSUMER_DURABLE,898986.8,36,PENDING,B
APP00006626,CUST003932,BR0021,2024-08-04,PERSONAL,996778.37,12,APPROVED,A
APP00006627,CUST001120,BR0001,2025-04-05,CONSUMER_DURABLE,150130.03,18,APPROVED,A
APP00006628,CUST001114,BR0016,2026-08-31,BUSINESS,1828384.76,60,APPROVED,C
APP00006629,CUST008659,BR0045,2024-09-17,CONSUMER_DURABLE,1540471.63,18,APPROVED,E
APP00006630,CUST002513,BR0017,2024-11-20,VEHICLE,1448321.37,18,PENDING,E
APP00006631,CUST007074,BR0040,2024-01-11,PERSONAL,1835082.73,24,REJECTED,C
APP00006632,CUST006113,BR0046,2024-07-23,CONSUMER_DURABLE,1281069.43,60,REJECTED,E
APP00006633,CUST007164,BR0039,2026-03-30,VEHICLE,58556.29,36,APPROVED,A
APP00006634,CUST007114,BR0034,2024-01-15,PERSONAL,1772916.85,24,PENDING,C
APP00006635,CUST009164,BR0005,2024-01-05,PERSONAL,848337.05,36,APPROVED,B
APP00006636,CUST002426,BR0050,2025-08-17,CONSUMER_DURABLE,419022.99,18,PENDING,D
APP00006637,CUST004766,BR0015,2025-10-20,CONSUMER_DURABLE,803930.75,24,APPROVED,B
APP00006638,CUST002147,BR0024,2024-02-09,CONSUMER_DURABLE,866180.34,60,REJECTED,C
APP00006639,CUST006035,BR0029,2024-09-11,BUSINESS,640085.07,60,REJECTED,B
APP00006640,CUST001540,BR0013,2026-01-04,CONSUMER_DURABLE,988897.79,36,APPROVED,A
APP00006641,CUST008215,BR0041,2024-09-12,CONSUMER_DURABLE,825549.16,36,PENDING,A
APP00006642,CUST009717,BR0028,2026-06-26,VEHICLE,1457641.78,12,APPROVED,C
APP00006643,CUST008092,BR0001,2025-02-26,VEHICLE,1231372.16,18,APPROVED,A
APP00006644,CUST003108,BR0029,2024-09-18,VEHICLE,707438.18,18,REJECTED,E
APP00006645,CUST002262,BR0044,2024-09-17,CONSUMER_DURABLE,1527838.63,36,PENDING,E
APP00006646,CUST008115,BR0009,2025-10-18,VEHICLE,1182005.38,36,REJECTED,A
APP00006647,CUST009156,BR0013,2026-01-20,BUSINESS,415343.27,60,REJECTED,B
APP00006648,CUST009920,BR0021,2025-06-11,CONSUMER_DURABLE,58490.42,60,APPROVED,A
APP00006649,CUST009987,BR0009,2025-09-17,CONSUMER_DURABLE,1700538.44,18,APPROVED,E
APP00006650,CUST004593,BR0023,2024-12-30,PERSONAL,1684652.14,36,APPROVED,B
APP00006651,CUST005896,BR0015,2025-12-04,CONSUMER_DURABLE,1393525.86,12,REJECTED,C
APP00006652,CUST005163,BR0011,2024-12-23,VEHICLE,1296319.3,18,REJECTED,E
APP00006653,CUST008069,BR0048,2025-12-03,VEHICLE,1481424.37,48,REJECTED,D
APP00006654,CUST004524,BR0013,2026-08-27,VEHICLE,1537191.05,24,APPROVED,C
APP00006655,CUST001021,BR0048,2025-05-11,PERSONAL,1620176.74,48,PENDING,E
APP00006656,CUST002896,BR0036,2025-07-08,PERSONAL,1454839.65,60,APPROVED,A
APP00006657,CUST006052,BR0021,2024-05-23,CONSUMER_DURABLE,1829434.53,36,APPROVED,A
APP00006658,CUST009420,BR0022,2026-08-10,CONSUMER_DURABLE,1217248.38,24,REJECTED,E
APP00006659,CUST002025,BR0036,2024-10-04,PERSONAL,1560340.54,24,APPROVED,D
APP00006660,CUST000527,BR0019,2024-12-23,BUSINESS,1200909.25,18,PENDING,B
APP00006661,CUST006366,BR0002,2026-03-07,BUSINESS,467450.49,24,PENDING,C
APP00006662,CUST008409,BR0016,2025-06-03,PERSONAL,632137.88,60,PENDING,D
APP00006663,CUST002177,BR0032,2024-03-10,CONSUMER_DURABLE,1666242.51,36,PENDING,A
APP00006664,CUST003937,BR0035,2024-03-17,CONSUMER_DURABLE,843416.83,60,REJECTED,B
APP00006665,CUST003912,BR0042,2025-05-14,CONSUMER_DURABLE,1633071.16,48,APPROVED,D
APP00006666,CUST006988,BR0008,2024-09-16,CONSUMER_DURABLE,1043833.32,60,APPROVED,B
APP00006667,CUST003418,BR0021,2024-01-24,BUSINESS,1968362.35,24,APPROVED,C
APP00006668,CUST008894,BR0015,2025-12-05,BUSINESS,185940.44,12,REJECTED,E
APP00006669,CUST009719,BR0020,2024-09-21,BUSINESS,1179406.73,18,APPROVED,C
APP00006670,CUST009853,BR0032,2026-02-25,CONSUMER_DURABLE,752418.05,24,APPROVED,A
APP00006671,CUST004522,BR0049,2024-03-18,VEHICLE,549553.37,12,PENDING,A
APP00006672,CUST008974,BR0011,2025-02-25,CONSUMER_DURABLE,747367.21,60,PENDING,E
APP00006673,CUST000642,BR0029,2025-01-11,PERSONAL,161625.17,18,REJECTED,D
APP00006674,CUST004710,BR0030,2025-01-09,BUSINESS,1280202.68,12,REJECTED,B
APP00006675,CUST002532,BR0023,2026-02-23,VEHICLE,881719.21,18,APPROVED,B
APP00006676,CUST005169,BR0009,2024-08-14,CONSUMER_DURABLE,383003.21,60,APPROVED,D
APP00006677,CUST007912,BR0024,2026-07-21,VEHICLE,1437272.75,60,REJECTED,D
APP00006678,CUST002855,BR0001,2024-08-01,VEHICLE,292275.5,48,APPROVED,A
APP00006679,CUST006387,BR0026,2025-03-16,CONSUMER_DURABLE,1169971.99,36,PENDING,C
APP00006680,CUST009413,BR0032,2026-04-15,PERSONAL,1314559.65,60,APPROVED,C
APP00006681,CUST002027,BR0043,2026-06-30,PERSONAL,772783.65,18,APPROVED,C
APP00006682,CUST004682,BR0047,2025-11-09,VEHICLE,1893135.73,18,APPROVED,C
APP00006683,CUST009566,BR0018,2025-01-09,BUSINESS,198876.75,18,APPROVED,A
APP00006684,CUST008831,BR0019,2025-01-12,CONSUMER_DURABLE,459249.59,48,PENDING,B
APP00006685,CUST005247,BR0005,2025-11-14,PERSONAL,1880385.0,60,PENDING,D
APP00006686,CUST001917,BR0009,2024-03-17,VEHICLE,1298564.9,60,APPROVED,E
APP00006687,CUST006526,BR0030,2025-03-03,VEHICLE,349272.28,60,APPROVED,C
APP00006688,CUST009476,BR0037,2024-10-30,PERSONAL,1958932.36,48,PENDING,E
APP00006689,CUST008098,BR0029,2024-09-29,CONSUMER_DURABLE,1387363.0,60,APPROVED,E
APP00006690,CUST006790,BR0008,2024-08-19,PERSONAL,843827.56,12,APPROVED,B
APP00006691,CUST007132,BR0025,2025-08-01,BUSINESS,1309329.94,36,REJECTED,E
APP00006692,CUST009390,BR0029,2024-02-04,VEHICLE,417903.16,48,PENDING,C
APP00006693,CUST003955,BR0030,2024-05-15,VEHICLE,1745801.46,48,REJECTED,C
APP00006694,CUST008888,BR0025,2024-07-19,BUSINESS,1719305.16,24,APPROVED,E
APP00006695,CUST008625,BR0044,2025-01-19,BUSINESS,1064906.66,36,PENDING,D
APP00006696,CUST008265,BR0029,2025-10-01,CONSUMER_DURABLE,628077.51,48,PENDING,C
APP00006697,CUST005963,BR0046,2025-04-13,CONSUMER_DURABLE,1345824.0,24,REJECTED,E
APP00006698,CUST001744,BR0022,2024-03-19,CONSUMER_DURABLE,291276.39,18,REJECTED,B
APP00006699,CUST009045,BR0024,2024-09-06,BUSINESS,1915960.51,12,REJECTED,C
APP00006700,CUST004517,BR0039,2026-03-20,CONSUMER_DURABLE,1519178.37,60,APPROVED,C
APP00006701,CUST001982,BR0032,2024-10-15,CONSUMER_DURABLE,137399.38,60,PENDING,D
APP00006702,CUST006420,BR0013,2026-05-25,PERSONAL,399403.42,12,APPROVED,C
APP00006703,CUST008778,BR0026,2025-10-12,CONSUMER_DURABLE,290627.01,24,APPROVED,A
APP00006704,CUST001327,BR0020,2026-02-16,CONSUMER_DURABLE,1135592.26,18,APPROVED,E
APP00006705,CUST008633,BR0008,2024-04-07,VEHICLE,878311.02,18,REJECTED,B
APP00006706,CUST007111,BR0013,2025-09-27,VEHICLE,1552627.13,24,APPROVED,C
APP00006707,CUST003754,BR0029,2024-08-18,CONSUMER_DURABLE,912399.89,48,APPROVED,E
APP00006708,CUST001742,BR0007,2024-02-05,PERSONAL,279297.6,60,REJECTED,E
APP00006709,CUST004408,BR0045,2025-06-13,BUSINESS,1817644.9,36,PENDING,B
APP00006710,CUST009843,BR0026,2025-08-13,PERSONAL,798874.39,24,PENDING,E
APP00006711,CUST006508,BR0005,2026-03-14,PERSONAL,1858659.41,24,REJECTED,D
APP00006712,CUST003753,BR0046,2024-05-25,VEHICLE,385305.92,24,REJECTED,D
APP00006713,CUST006469,BR0003,2025-05-15,VEHICLE,917731.93,24,REJECTED,E
APP00006714,CUST007703,BR0044,2024-10-30,CONSUMER_DURABLE,1036470.65,18,APPROVED,D
APP00006715,CUST008816,BR0050,2025-11-21,VEHICLE,1031998.91,12,APPROVED,A
APP00006716,CUST000942,BR0021,2025-12-12,VEHICLE,590388.53,24,APPROVED,C
APP00006717,CUST001848,BR0034,2025-07-31,PERSONAL,216395.53,48,APPROVED,B
APP00006718,CUST009108,BR0019,2024-02-21,CONSUMER_DURABLE,360986.64,60,APPROVED,B
APP00006719,CUST005440,BR0037,2025-03-23,PERSONAL,1869509.67,12,REJECTED,B
APP00006720,CUST006702,BR0014,2026-01-13,BUSINESS,1151035.0,24,APPROVED,B
APP00006721,CUST001788,BR0001,2024-11-02,PERSONAL,932473.89,60,REJECTED,B
APP00006722,CUST002762,BR0002,2025-11-16,CONSUMER_DURABLE,937169.51,60,APPROVED,C
APP00006723,CUST000972,BR0002,2025-01-08,VEHICLE,1329867.46,48,PENDING,A
APP00006724,CUST007754,BR0029,2025-06-23,BUSINESS,1140269.54,36,REJECTED,B
APP00006725,CUST003718,BR0018,2025-02-01,CONSUMER_DURABLE,1360352.86,60,APPROVED,C
APP00006726,CUST007330,BR0037,2026-03-13,PERSONAL,1250113.86,48,APPROVED,D
APP00006727,CUST009042,BR0043,2025-07-30,VEHICLE,71822.49,60,PENDING,B
APP00006728,CUST000315,BR0020,2026-09-18,CONSUMER_DURABLE,801237.32,36,REJECTED,C
APP00006729,CUST008826,BR0001,2025-10-17,VEHICLE,525726.34,24,PENDING,B
APP00006730,CUST007482,BR0014,2024-07-07,CONSUMER_DURABLE,1851210.73,24,PENDING,C
APP00006731,CUST007134,BR0008,2024-07-03,PERSONAL,1846765.46,18,APPROVED,A
APP00006732,CUST009860,BR0017,2024-11-11,CONSUMER_DURABLE,956344.11,48,REJECTED,A
APP00006733,CUST000780,BR0012,2025-06-26,PERSONAL,467804.18,24,REJECTED,C
APP00006734,CUST001835,BR0028,2024-10-21,VEHICLE,1934203.37,24,PENDING,D
APP00006735,CUST003082,BR0028,2024-01-07,PERSONAL,419745.08,48,APPROVED,D
APP00006736,CUST003514,BR0004,2025-02-23,PERSONAL,558330.05,24,APPROVED,A
APP00006737,CUST002394,BR0020,2026-09-13,PERSONAL,512309.97,12,REJECTED,D
APP00006738,CUST002012,BR0005,2025-08-24,PERSONAL,1937181.18,36,APPROVED,E
APP00006739,CUST001120,BR0043,2024-06-07,CONSUMER_DURABLE,338305.15,18,APPROVED,A
APP00006740,CUST006559,BR0027,2025-11-13,CONSUMER_DURABLE,535770.59,60,APPROVED,B
APP00006741,CUST006006,BR0048,2025-10-02,VEHICLE,108735.98,24,REJECTED,B
APP00006742,CUST009095,BR0020,2024-02-21,BUSINESS,1912802.24,48,REJECTED,A
APP00006743,CUST004661,BR0032,2024-07-12,CONSUMER_DURABLE,1951982.1,12,PENDING,D
APP00006744,CUST000364,BR0016,2026-03-27,CONSUMER_DURABLE,637653.37,12,APPROVED,A
APP00006745,CUST008946,BR0046,2024-01-13,VEHICLE,126146.09,48,APPROVED,B
APP00006746,CUST003577,BR0038,2025-10-06,VEHICLE,457548.4,60,PENDING,A
APP00006747,CUST003184,BR0021,2026-03-05,CONSUMER_DURABLE,1028979.13,18,REJECTED,C
APP00006748,CUST009377,BR0008,2025-12-29,BUSINESS,483273.37,48,APPROVED,B
APP00006749,CUST003569,BR0048,2025-04-20,CONSUMER_DURABLE,1519246.38,12,PENDING,C
APP00006750,CUST003349,BR0043,2025-04-23,BUSINESS,1955758.08,18,PENDING,B
APP00006751,CUST001298,BR0003,2026-02-22,PERSONAL,527215.35,24,APPROVED,E
APP00006752,CUST004502,BR0050,2026-03-21,CONSUMER_DURABLE,633144.67,18,APPROVED,B
APP00006753,CUST000466,BR0035,2024-09-25,VEHICLE,1234751.27,18,REJECTED,E
APP00006754,CUST002447,BR0048,2025-01-06,PERSONAL,624274.52,12,PENDING,C
APP00006755,CUST008446,BR0017,2024-11-09,VEHICLE,1902462.48,36,APPROVED,A
APP00006756,CUST009005,BR0010,2026-06-30,VEHICLE,1662228.3,36,APPROVED,B
APP00006757,CUST003623,BR0008,2024-01-23,PERSONAL,1960905.8,18,REJECTED,D
APP00006758,CUST008244,BR0006,2025-05-11,BUSINESS,334327.23,24,PENDING,B
APP00006759,CUST002892,BR0013,2026-01-15,VEHICLE,800446.92,24,REJECTED,B
APP00006760,CUST002655,BR0014,2026-05-13,BUSINESS,1251800.51,18,PENDING,D
APP00006761,CUST002975,BR0036,2026-05-14,BUSINESS,1080934.84,36,REJECTED,D
APP00006762,CUST002713,BR0023,2024-06-25,BUSINESS,1507658.39,60,PENDING,D
APP00006763,CUST002495,BR0018,2025-06-16,PERSONAL,1070243.21,18,APPROVED,A
APP00006764,CUST000018,BR0042,2026-05-22,VEHICLE,248319.33,24,PENDING,A
APP00006765,CUST008320,BR0035,2026-08-17,VEHICLE,128115.68,36,APPROVED,A
APP00006766,CUST008804,BR0006,2025-12-07,CONSUMER_DURABLE,525525.26,18,REJECTED,E
APP00006767,CUST000324,BR0034,2026-06-15,VEHICLE,1081413.82,12,REJECTED,D
APP00006768,CUST004058,BR0048,2025-03-06,CONSUMER_DURABLE,509413.86,12,PENDING,E
APP00006769,CUST002871,BR0030,2024-08-20,BUSINESS,1243928.62,18,APPROVED,A
APP00006770,CUST001487,BR0011,2026-06-01,PERSONAL,339811.3,36,APPROVED,C
APP00006771,CUST000876,BR0029,2024-10-29,VEHICLE,301997.27,12,APPROVED,A
APP00006772,CUST009137,BR0033,2024-01-28,CONSUMER_DURABLE,407291.53,18,REJECTED,D
APP00006773,CUST003264,BR0037,2024-11-28,VEHICLE,529681.45,36,PENDING,D
APP00006774,CUST001678,BR0011,2026-03-06,CONSUMER_DURABLE,1195864.67,12,PENDING,E
APP00006775,CUST006611,BR0043,2025-10-19,CONSUMER_DURABLE,420220.22,36,REJECTED,B
APP00006776,CUST001080,BR0009,2024-09-29,VEHICLE,322155.35,24,APPROVED,E
APP00006777,CUST003893,BR0047,2024-10-12,CONSUMER_DURABLE,1835947.98,24,PENDING,E
APP00006778,CUST000726,BR0035,2025-10-05,CONSUMER_DURABLE,377707.76,48,PENDING,E
APP00006779,CUST005123,BR0004,2026-02-23,BUSINESS,929003.57,12,PENDING,E
APP00006780,CUST004065,BR0003,2025-08-03,CONSUMER_DURABLE,391532.63,36,APPROVED,E
APP00006781,CUST007715,BR0035,2024-11-13,PERSONAL,891245.48,60,PENDING,A
APP00006782,CUST009413,BR0044,2024-01-20,VEHICLE,1236417.02,24,APPROVED,A
APP00006783,CUST009682,BR0035,2024-04-05,CONSUMER_DURABLE,1611503.12,18,REJECTED,A
APP00006784,CUST003772,BR0018,2025-05-30,VEHICLE,1175888.78,24,APPROVED,C
APP00006785,CUST003358,BR0029,2026-03-23,PERSONAL,597841.86,12,REJECTED,B
APP00006786,CUST006156,BR0032,2025-12-08,PERSONAL,612354.44,12,REJECTED,A
APP00006787,CUST000726,BR0010,2026-01-13,VEHICLE,1945446.36,60,PENDING,A
APP00006788,CUST003310,BR0038,2026-02-23,CONSUMER_DURABLE,461572.72,60,REJECTED,C
APP00006789,CUST007798,BR0014,2025-03-15,PERSONAL,1196338.48,36,REJECTED,B
APP00006790,CUST007730,BR0035,2024-07-02,BUSINESS,1571384.68,60,APPROVED,E
APP00006791,CUST000517,BR0032,2025-02-16,BUSINESS,507955.62,36,REJECTED,C
APP00006792,CUST008529,BR0005,2025-02-13,VEHICLE,1206688.95,24,APPROVED,A
APP00006793,CUST008588,BR0022,2024-12-20,PERSONAL,359953.33,12,APPROVED,C
APP00006794,CUST007343,BR0037,2026-09-18,CONSUMER_DURABLE,412621.17,60,APPROVED,B
APP00006795,CUST007217,BR0023,2025-04-05,BUSINESS,1473897.41,24,APPROVED,B
APP00006796,CUST008860,BR0005,2024-12-20,VEHICLE,1043222.08,60,PENDING,E
APP00006797,CUST003425,BR0007,2025-08-27,VEHICLE,532228.73,18,REJECTED,E
APP00006798,CUST002130,BR0037,2025-09-14,CONSUMER_DURABLE,1244081.82,18,PENDING,C
APP00006799,CUST003812,BR0044,2024-07-19,CONSUMER_DURABLE,900724.91,60,APPROVED,B
APP00006800,CUST008755,BR0044,2025-03-11,CONSUMER_DURABLE,1731873.57,24,REJECTED,C
APP00006801,CUST002474,BR0033,2025-12-12,CONSUMER_DURABLE,595047.46,24,APPROVED,A
APP00006802,CUST007657,BR0033,2024-02-19,VEHICLE,114831.31,18,REJECTED,E
APP00006803,CUST008313,BR0031,2026-01-06,BUSINESS,1832834.51,36,APPROVED,E
APP00006804,CUST005660,BR0026,2025-12-31,CONSUMER_DURABLE,474874.19,18,PENDING,C
APP00006805,CUST003306,BR0024,2026-02-03,PERSONAL,1378750.94,24,REJECTED,B
APP00006806,CUST000076,BR0042,2026-04-20,VEHICLE,194552.1,36,REJECTED,A
APP00006807,CUST005086,BR0002,2025-05-30,CONSUMER_DURABLE,1379096.92,24,APPROVED,C
APP00006808,CUST009855,BR0005,2026-03-15,VEHICLE,673577.14,18,REJECTED,C
APP00006809,CUST006319,BR0020,2024-05-06,BUSINESS,1614840.72,12,REJECTED,B
APP00006810,CUST007826,BR0040,2026-09-03,BUSINESS,745367.8,18,APPROVED,B
APP00006811,CUST000911,BR0043,2026-03-01,PERSONAL,1945137.6,12,APPROVED,C
APP00006812,CUST003110,BR0030,2025-05-08,BUSINESS,977313.19,12,PENDING,C
APP00006813,CUST007817,BR0043,2025-07-19,CONSUMER_DURABLE,1658745.45,18,APPROVED,C
APP00006814,CUST009544,BR0033,2026-03-13,CONSUMER_DURABLE,877661.08,18,APPROVED,D
APP00006815,CUST000551,BR0027,2024-03-19,PERSONAL,1358757.41,12,APPROVED,D
APP00006816,CUST003462,BR0005,2026-01-11,BUSINESS,848139.0,36,REJECTED,C
APP00006817,CUST009766,BR0046,2024-07-02,PERSONAL,1075185.6,36,REJECTED,C
APP00006818,CUST003696,BR0039,2026-01-23,CONSUMER_DURABLE,1165162.1,24,PENDING,A
APP00006819,CUST009601,BR0045,2024-07-05,PERSONAL,1949301.1,18,APPROVED,D
APP00006820,CUST005622,BR0013,2025-10-02,PERSONAL,1919735.15,12,PENDING,A
APP00006821,CUST002317,BR0015,2025-12-16,BUSINESS,271786.02,12,PENDING,C
APP00006822,CUST000134,BR0036,2026-09-28,CONSUMER_DURABLE,159072.58,24,PENDING,A
APP00006823,CUST002803,BR0034,2026-02-10,VEHICLE,1189398.54,48,APPROVED,E
APP00006824,CUST005303,BR0036,2025-12-14,PERSONAL,299056.89,48,APPROVED,C
APP00006825,CUST008409,BR0035,2024-10-16,PERSONAL,435992.34,12,REJECTED,A
APP00006826,CUST003942,BR0046,2024-11-25,CONSUMER_DURABLE,1416756.17,12,REJECTED,A
APP00006827,CUST005492,BR0036,2024-09-19,BUSINESS,1335857.22,24,REJECTED,C
APP00006828,CUST009083,BR0039,2025-02-13,PERSONAL,191187.47,48,APPROVED,D
APP00006829,CUST004371,BR0031,2024-03-28,CONSUMER_DURABLE,576629.35,60,PENDING,D
APP00006830,CUST006803,BR0046,2025-03-22,VEHICLE,1289966.04,12,APPROVED,A
APP00006831,CUST006341,BR0034,2024-07-19,VEHICLE,186754.08,24,REJECTED,C
APP00006832,CUST006584,BR0037,2024-07-15,BUSINESS,633638.56,36,APPROVED,A
APP00006833,CUST004659,BR0010,2025-11-26,BUSINESS,1640806.38,60,REJECTED,C
APP00006834,CUST002105,BR0043,2024-09-04,PERSONAL,218041.23,24,REJECTED,C
APP00006835,CUST006052,BR0043,2025-09-30,CONSUMER_DURABLE,1307151.63,60,REJECTED,D
APP00006836,CUST008532,BR0034,2025-02-22,BUSINESS,549852.61,18,APPROVED,D
APP00006837,CUST009986,BR0020,2025-08-01,CONSUMER_DURABLE,1686941.83,36,PENDING,B
APP00006838,CUST001827,BR0022,2025-02-28,VEHICLE,398568.47,24,REJECTED,C
APP00006839,CUST007262,BR0047,2025-05-27,BUSINESS,1058558.49,36,APPROVED,B
APP00006840,CUST005756,BR0019,2026-04-22,PERSONAL,1276988.56,48,APPROVED,A
APP00006841,CUST006484,BR0034,2024-12-09,VEHICLE,1194395.8,60,APPROVED,E
APP00006842,CUST004787,BR0012,2024-07-09,CONSUMER_DURABLE,1813767.59,60,PENDING,E
APP00006843,CUST002519,BR0014,2024-02-24,PERSONAL,973251.72,60,PENDING,C
APP00006844,CUST003877,BR0006,2026-07-28,BUSINESS,1746176.85,60,PENDING,A
APP00006845,CUST008675,BR0005,2024-02-29,CONSUMER_DURABLE,934787.86,36,APPROVED,C
APP00006846,CUST002684,BR0028,2026-01-17,PERSONAL,1577385.26,18,PENDING,C
APP00006847,CUST004889,BR0028,2024-03-08,VEHICLE,1482863.65,18,PENDING,D
APP00006848,CUST006758,BR0049,2025-05-06,VEHICLE,765693.75,18,REJECTED,A
APP00006849,CUST006725,BR0028,2024-05-22,CONSUMER_DURABLE,1435888.78,36,APPROVED,B
APP00006850,CUST005282,BR0045,2024-05-05,BUSINESS,101617.6,36,REJECTED,D
APP00006851,CUST000196,BR0013,2025-11-16,VEHICLE,435870.44,48,PENDING,A
APP00006852,CUST005550,BR0018,2025-01-17,PERSONAL,1859197.68,60,PENDING,C
APP00006853,CUST000548,BR0029,2025-04-15,CONSUMER_DURABLE,1056006.99,12,PENDING,B
APP00006854,CUST003909,BR0013,2025-05-17,BUSINESS,1011488.9,18,REJECTED,D
APP00006855,CUST002136,BR0033,2026-04-20,BUSINESS,1161442.45,36,APPROVED,C
APP00006856,CUST003125,BR0036,2024-06-27,PERSONAL,1740443.77,18,PENDING,C
APP00006857,CUST006551,BR0023,2024-07-05,VEHICLE,1765392.53,36,APPROVED,B
APP00006858,CUST005676,BR0026,2025-12-12,VEHICLE,417221.71,48,REJECTED,B
APP00006859,CUST008535,BR0030,2025-05-12,BUSINESS,1165048.02,12,APPROVED,A
APP00006860,CUST002389,BR0022,2024-05-13,CONSUMER_DURABLE,1973142.47,36,APPROVED,D
APP00006861,CUST002937,BR0001,2025-02-06,CONSUMER_DURABLE,1946785.16,36,APPROVED,A
APP00006862,CUST002105,BR0047,2024-02-26,PERSONAL,237500.12,48,APPROVED,C
APP00006863,CUST009507,BR0005,2025-02-17,PERSONAL,1276630.45,60,APPROVED,E
APP00006864,CUST008286,BR0022,2024-03-21,CONSUMER_DURABLE,733195.46,36,APPROVED,E
APP00006865,CUST008028,BR0025,2026-09-03,PERSONAL,1888486.57,36,APPROVED,D
APP00006866,CUST000403,BR0048,2025-02-27,BUSINESS,308348.48,36,REJECTED,D
APP00006867,CUST007297,BR0033,2024-03-05,VEHICLE,1100881.28,60,APPROVED,B
APP00006868,CUST009881,BR0038,2025-09-12,PERSONAL,1463823.26,12,APPROVED,D
APP00006869,CUST009699,BR0034,2026-05-05,CONSUMER_DURABLE,1735895.69,24,APPROVED,B
APP00006870,CUST002155,BR0044,2024-08-10,BUSINESS,231012.57,24,APPROVED,A
APP00006871,CUST000551,BR0032,2026-04-22,VEHICLE,92252.53,48,PENDING,A
APP00006872,CUST001094,BR0010,2026-09-03,BUSINESS,821204.56,24,PENDING,C
APP00006873,CUST004876,BR0032,2024-04-14,PERSONAL,990278.53,48,REJECTED,B
APP00006874,CUST006825,BR0026,2025-06-01,PERSONAL,722531.87,36,REJECTED,D
APP00006875,CUST000888,BR0031,2024-03-23,VEHICLE,888265.14,12,APPROVED,B
APP00006876,CUST008773,BR0005,2025-01-03,PERSONAL,666760.64,36,PENDING,E
APP00006877,CUST005415,BR0001,2026-05-17,PERSONAL,1474767.75,18,APPROVED,E
APP00006878,CUST000650,BR0032,2024-01-01,VEHICLE,929021.79,60,REJECTED,D
APP00006879,CUST004115,BR0018,2026-01-07,PERSONAL,1327342.4,12,PENDING,C
APP00006880,CUST002351,BR0046,2024-10-25,PERSONAL,847154.72,18,APPROVED,E
APP00006881,CUST002331,BR0034,2025-01-09,BUSINESS,1382601.27,12,REJECTED,D
APP00006882,CUST009127,BR0001,2024-09-04,PERSONAL,420182.72,12,APPROVED,B
APP00006883,CUST008794,BR0046,2024-08-21,PERSONAL,462979.69,18,APPROVED,C
APP00006884,CUST007045,BR0046,2025-05-15,CONSUMER_DURABLE,1719848.22,48,APPROVED,C
APP00006885,CUST002020,BR0038,2026-07-17,PERSONAL,1922693.27,36,APPROVED,D
APP00006886,CUST009310,BR0018,2024-11-30,BUSINESS,1227553.08,48,APPROVED,B
APP00006887,CUST005098,BR0033,2024-08-24,BUSINESS,1865483.54,12,APPROVED,C
APP00006888,CUST003733,BR0017,2026-08-12,BUSINESS,241125.82,48,PENDING,D
APP00006889,CUST009182,BR0016,2024-08-22,VEHICLE,901257.76,12,PENDING,E
APP00006890,CUST009047,BR0028,2024-12-10,VEHICLE,1973597.74,24,APPROVED,A
APP00006891,CUST004274,BR0003,2026-05-21,VEHICLE,1720633.52,12,PENDING,E
APP00006892,CUST002828,BR0033,2024-03-24,VEHICLE,876845.93,48,APPROVED,E
APP00006893,CUST009344,BR0020,2024-10-16,PERSONAL,954330.93,48,REJECTED,C
APP00006894,CUST006512,BR0018,2026-02-17,VEHICLE,1224993.63,18,REJECTED,B
APP00006895,CUST002544,BR0048,2024-01-10,CONSUMER_DURABLE,1463492.17,18,APPROVED,A
APP00006896,CUST006177,BR0020,2025-07-17,PERSONAL,244510.38,24,REJECTED,B
APP00006897,CUST007809,BR0030,2024-01-13,CONSUMER_DURABLE,399315.76,18,APPROVED,A
APP00006898,CUST003397,BR0007,2024-07-21,VEHICLE,454823.92,48,APPROVED,A
APP00006899,CUST001178,BR0043,2026-05-03,VEHICLE,1035889.22,48,PENDING,B
APP00006900,CUST004937,BR0047,2025-04-19,PERSONAL,118382.9,36,REJECTED,C
APP00006901,CUST009491,BR0013,2024-09-24,PERSONAL,151372.97,48,APPROVED,D
APP00006902,CUST000931,BR0038,2026-03-30,CONSUMER_DURABLE,708240.08,18,PENDING,B
APP00006903,CUST003999,BR0019,2024-06-03,VEHICLE,1082328.49,12,APPROVED,E
APP00006904,CUST004145,BR0039,2025-12-05,BUSINESS,99930.86,36,PENDING,A
APP00006905,CUST003023,BR0046,2026-05-04,BUSINESS,1764662.46,60,PENDING,E
APP00006906,CUST001329,BR0019,2026-03-24,BUSINESS,1588625.58,24,REJECTED,A
APP00006907,CUST002913,BR0029,2026-09-03,BUSINESS,102146.65,48,APPROVED,A
APP00006908,CUST001543,BR0040,2026-08-15,VEHICLE,1296936.02,24,APPROVED,A
APP00006909,CUST000911,BR0016,2026-06-25,CONSUMER_DURABLE,178614.41,60,PENDING,C
APP00006910,CUST006138,BR0041,2025-02-20,VEHICLE,1761681.35,18,APPROVED,E
APP00006911,CUST008018,BR0006,2025-07-14,PERSONAL,247302.26,48,APPROVED,A
APP00006912,CUST001958,BR0037,2026-06-07,CONSUMER_DURABLE,1440809.54,48,APPROVED,A
APP00006913,CUST002415,BR0045,2024-01-21,VEHICLE,1806918.91,36,PENDING,C
APP00006914,CUST003565,BR0050,2026-01-24,PERSONAL,1952669.4,12,PENDING,C
APP00006915,CUST007475,BR0050,2024-12-16,VEHICLE,125351.92,48,APPROVED,E
APP00006916,CUST009854,BR0006,2026-06-02,CONSUMER_DURABLE,1437759.47,24,APPROVED,D
APP00006917,CUST008184,BR0025,2024-07-19,PERSONAL,1390760.77,18,PENDING,C
APP00006918,CUST008653,BR0025,2025-01-11,VEHICLE,83885.66,18,APPROVED,D
APP00006919,CUST001136,BR0043,2024-06-08,PERSONAL,503466.38,60,REJECTED,A
APP00006920,CUST000490,BR0010,2024-09-13,BUSINESS,781138.83,60,REJECTED,A
APP00006921,CUST006238,BR0003,2025-05-19,VEHICLE,399104.53,12,APPROVED,A
APP00006922,CUST003067,BR0041,2025-05-17,CONSUMER_DURABLE,889526.22,36,REJECTED,B
APP00006923,CUST003191,BR0037,2024-02-06,BUSINESS,1379641.91,12,APPROVED,B
APP00006924,CUST000356,BR0043,2025-04-02,BUSINESS,419700.92,12,REJECTED,B
APP00006925,CUST008689,BR0041,2024-12-25,BUSINESS,1925487.46,60,APPROVED,E
APP00006926,CUST009816,BR0050,2025-12-24,CONSUMER_DURABLE,1421698.75,24,PENDING,C
APP00006927,CUST004904,BR0039,2025-02-01,VEHICLE,987985.0,12,PENDING,B
APP00006928,CUST001577,BR0050,2024-06-16,VEHICLE,1920170.73,18,PENDING,A
APP00006929,CUST007469,BR0020,2024-09-18,CONSUMER_DURABLE,1727940.95,60,APPROVED,D
APP00006930,CUST009302,BR0023,2026-09-05,PERSONAL,1921714.52,24,REJECTED,C
APP00006931,CUST008750,BR0006,2024-09-03,CONSUMER_DURABLE,1334552.84,24,REJECTED,E
APP00006932,CUST005637,BR0028,2024-08-11,BUSINESS,824139.8,12,REJECTED,A
APP00006933,CUST005549,BR0031,2024-09-07,VEHICLE,1090712.12,36,APPROVED,C
APP00006934,CUST006121,BR0036,2026-04-02,VEHICLE,900056.27,36,REJECTED,C
APP00006935,CUST003749,BR0042,2024-03-31,BUSINESS,1179148.2,24,REJECTED,D
APP00006936,CUST004429,BR0047,2025-06-17,PERSONAL,1752980.27,60,APPROVED,A
APP00006937,CUST003138,BR0027,2026-03-04,VEHICLE,243892.41,18,PENDING,C
APP00006938,CUST000430,BR0049,2025-04-15,PERSONAL,746675.19,60,APPROVED,C
APP00006939,CUST007664,BR0027,2025-10-24,BUSINESS,1172066.78,12,APPROVED,A
APP00006940,CUST004250,BR0009,2026-08-25,PERSONAL,650928.68,24,PENDING,E
APP00006941,CUST002958,BR0034,2024-11-11,BUSINESS,1177294.8,18,PENDING,A
APP00006942,CUST002327,BR0043,2026-01-19,CONSUMER_DURABLE,1659421.68,36,APPROVED,D
APP00006943,CUST006059,BR0012,2024-11-10,CONSUMER_DURABLE,427211.63,48,APPROVED,B
APP00006944,CUST002138,BR0030,2025-12-23,BUSINESS,636267.83,36,PENDING,A
APP00006945,CUST000842,BR0010,2024-06-07,PERSONAL,1036906.52,18,REJECTED,B
APP00006946,CUST002004,BR0015,2024-07-21,VEHICLE,1008446.91,12,PENDING,E
APP00006947,CUST003924,BR0049,2024-06-20,VEHICLE,76992.17,18,APPROVED,B
APP00006948,CUST001629,BR0034,2024-03-14,PERSONAL,915893.43,48,REJECTED,B
APP00006949,CUST004684,BR0043,2025-09-27,CONSUMER_DURABLE,1773895.45,12,APPROVED,A
APP00006950,CUST002303,BR0008,2026-04-14,BUSINESS,1974046.61,60,PENDING,E
APP00006951,CUST009145,BR0006,2026-03-20,CONSUMER_DURABLE,475126.67,60,PENDING,B
APP00006952,CUST005162,BR0035,2025-03-05,PERSONAL,1128563.56,48,PENDING,D
APP00006953,CUST007261,BR0039,2025-09-18,PERSONAL,1557735.37,60,APPROVED,E
APP00006954,CUST004911,BR0015,2025-12-22,VEHICLE,1054411.43,48,REJECTED,A
APP00006955,CUST006719,BR0050,2024-08-25,BUSINESS,1461123.44,18,PENDING,C
APP00006956,CUST005532,BR0029,2026-09-03,BUSINESS,1135419.85,48,APPROVED,B
APP00006957,CUST006004,BR0003,2024-11-22,VEHICLE,1339269.98,48,APPROVED,E
APP00006958,CUST006060,BR0011,2024-12-16,BUSINESS,1985090.65,18,REJECTED,C
APP00006959,CUST009659,BR0002,2024-05-14,BUSINESS,163580.83,48,PENDING,C
APP00006960,CUST002910,BR0016,2025-08-21,VEHICLE,1423407.79,36,APPROVED,B
APP00006961,CUST000251,BR0014,2024-10-19,VEHICLE,1968178.74,12,REJECTED,D
APP00006962,CUST008496,BR0022,2024-06-02,VEHICLE,1941886.72,12,APPROVED,D
APP00006963,CUST006184,BR0035,2024-01-02,PERSONAL,1637701.46,60,APPROVED,D
APP00006964,CUST005411,BR0007,2025-03-08,VEHICLE,769657.58,60,APPROVED,A
APP00006965,CUST004856,BR0019,2025-11-15,CONSUMER_DURABLE,481901.76,12,PENDING,A
APP00006966,CUST003505,BR0033,2024-06-16,CONSUMER_DURABLE,1846199.92,36,APPROVED,E
APP00006967,CUST007342,BR0049,2024-09-09,PERSONAL,1276695.99,48,APPROVED,E
APP00006968,CUST006747,BR0033,2024-05-13,CONSUMER_DURABLE,1242493.39,48,PENDING,D
APP00006969,CUST009989,BR0010,2026-01-26,PERSONAL,1399835.96,36,PENDING,A
APP00006970,CUST009539,BR0030,2024-10-13,BUSINESS,410815.89,60,APPROVED,A
APP00006971,CUST000258,BR0037,2025-02-04,CONSUMER_DURABLE,1784179.19,18,APPROVED,C
APP00006972,CUST002823,BR0035,2025-03-04,VEHICLE,850741.72,24,APPROVED,B
APP00006973,CUST008605,BR0030,2026-06-09,PERSONAL,921755.25,36,REJECTED,D
APP00006974,CUST002352,BR0022,2024-02-10,VEHICLE,1863912.95,36,APPROVED,B
APP00006975,CUST000033,BR0034,2026-04-18,BUSINESS,159438.77,12,APPROVED,E
APP00006976,CUST000279,BR0035,2026-03-30,CONSUMER_DURABLE,360124.37,18,REJECTED,E
APP00006977,CUST003397,BR0046,2024-11-21,BUSINESS,1819109.92,24,REJECTED,D
APP00006978,CUST004963,BR0026,2025-02-05,BUSINESS,1554366.58,24,PENDING,A
APP00006979,CUST000463,BR0043,2026-08-23,PERSONAL,766746.4,60,APPROVED,A
APP00006980,CUST005946,BR0032,2025-05-05,VEHICLE,1048511.33,36,PENDING,D
APP00006981,CUST003368,BR0047,2025-03-07,CONSUMER_DURABLE,1143934.8,48,REJECTED,A
APP00006982,CUST006700,BR0002,2024-11-09,PERSONAL,664631.57,48,APPROVED,A
APP00006983,CUST003996,BR0043,2024-12-03,CONSUMER_DURABLE,1662481.64,12,REJECTED,C
APP00006984,CUST000232,BR0013,2025-10-19,BUSINESS,321895.23,24,APPROVED,E
APP00006985,CUST003441,BR0038,2024-09-22,BUSINESS,356268.77,12,APPROVED,B
APP00006986,CUST001679,BR0018,2025-04-18,PERSONAL,1084469.08,60,APPROVED,E
APP00006987,CUST005396,BR0015,2025-07-27,BUSINESS,218699.31,36,PENDING,A
APP00006988,CUST006250,BR0023,2024-05-04,PERSONAL,1054839.24,18,PENDING,E
APP00006989,CUST002894,BR0006,2024-12-06,BUSINESS,462891.38,36,PENDING,D
APP00006990,CUST002846,BR0029,2026-01-05,PERSONAL,784509.23,24,APPROVED,A
APP00006991,CUST000086,BR0016,2025-10-10,VEHICLE,142911.22,18,APPROVED,B
APP00006992,CUST002255,BR0020,2024-08-06,BUSINESS,1186079.57,18,REJECTED,D
APP00006993,CUST002910,BR0011,2025-11-19,BUSINESS,149516.78,36,REJECTED,E
APP00006994,CUST008870,BR0038,2026-07-12,CONSUMER_DURABLE,856922.33,18,APPROVED,B
APP00006995,CUST006993,BR0018,2025-07-24,BUSINESS,1074931.77,18,REJECTED,A
APP00006996,CUST008261,BR0023,2025-08-10,VEHICLE,79093.69,60,APPROVED,D
APP00006997,CUST004942,BR0045,2024-06-12,BUSINESS,1458962.17,12,APPROVED,C
APP00006998,CUST005261,BR0036,2025-04-29,VEHICLE,541909.48,24,APPROVED,C
APP00006999,CUST007190,BR0026,2026-08-23,PERSONAL,1983401.42,60,APPROVED,C
APP00007000,CUST001885,BR0033,2025-05-07,BUSINESS,1397824.59,60,APPROVED,B
APP00007001,CUST002512,BR0034,2025-08-15,BUSINESS,1637401.74,24,APPROVED,A
APP00007002,CUST004163,BR0001,2025-11-29,BUSINESS,1079102.39,36,APPROVED,A
APP00007003,CUST002308,BR0008,2026-03-08,PERSONAL,861320.46,36,APPROVED,D
APP00007004,CUST006633,BR0040,2024-05-29,CONSUMER_DURABLE,1016077.29,60,APPROVED,A
APP00007005,CUST003440,BR0025,2024-09-03,CONSUMER_DURABLE,322222.49,36,APPROVED,E
APP00007006,CUST005850,BR0031,2025-06-26,PERSONAL,1869917.33,48,APPROVED,C
APP00007007,CUST007654,BR0026,2025-02-08,CONSUMER_DURABLE,566902.29,36,PENDING,E
APP00007008,CUST001172,BR0006,2024-05-06,PERSONAL,956565.44,18,PENDING,B
APP00007009,CUST002609,BR0047,2026-06-12,VEHICLE,724258.87,48,REJECTED,C
APP00007010,CUST000682,BR0013,2025-01-16,VEHICLE,1163677.15,18,REJECTED,E
APP00007011,CUST008152,BR0016,2024-12-10,VEHICLE,113238.99,60,APPROVED,B
APP00007012,CUST007557,BR0050,2025-11-04,BUSINESS,1074189.59,12,PENDING,E
APP00007013,CUST005491,BR0017,2024-08-12,PERSONAL,1085314.66,60,REJECTED,D
APP00007014,CUST006319,BR0025,2024-09-18,VEHICLE,1225328.77,12,PENDING,E
APP00007015,CUST002575,BR0040,2025-05-22,CONSUMER_DURABLE,435833.55,36,REJECTED,C
APP00007016,CUST003594,BR0029,2025-09-02,VEHICLE,344620.99,36,APPROVED,E
APP00007017,CUST006328,BR0032,2024-05-11,CONSUMER_DURABLE,1753644.74,18,PENDING,D
APP00007018,CUST007748,BR0023,2026-04-18,PERSONAL,1540961.92,24,PENDING,D
APP00007019,CUST007069,BR0040,2025-08-20,BUSINESS,702084.08,36,REJECTED,C
APP00007020,CUST000158,BR0038,2024-08-13,BUSINESS,811456.61,12,APPROVED,B
APP00007021,CUST000942,BR0033,2026-06-07,CONSUMER_DURABLE,361895.89,48,APPROVED,E
APP00007022,CUST003287,BR0032,2024-06-03,CONSUMER_DURABLE,1463178.79,36,REJECTED,A
APP00007023,CUST003669,BR0048,2026-07-11,VEHICLE,190745.62,24,APPROVED,B
APP00007024,CUST002646,BR0035,2024-08-10,BUSINESS,1472506.41,48,APPROVED,C
APP00007025,CUST002283,BR0021,2024-09-23,PERSONAL,580452.3,18,APPROVED,D
APP00007026,CUST008088,BR0010,2024-04-22,CONSUMER_DURABLE,803163.75,18,REJECTED,A
APP00007027,CUST000179,BR0019,2026-03-24,PERSONAL,318847.25,24,APPROVED,C
APP00007028,CUST004891,BR0043,2025-11-21,VEHICLE,735255.86,36,PENDING,B
APP00007029,CUST009711,BR0033,2025-10-05,BUSINESS,611727.69,36,APPROVED,B
APP00007030,CUST004161,BR0016,2026-03-17,PERSONAL,1447674.79,60,APPROVED,C
APP00007031,CUST000960,BR0045,2024-08-29,VEHICLE,1701820.66,48,REJECTED,D
APP00007032,CUST006862,BR0048,2026-07-11,CONSUMER_DURABLE,175817.71,48,APPROVED,D
APP00007033,CUST006424,BR0032,2024-03-11,PERSONAL,1312782.58,36,REJECTED,A
APP00007034,CUST009683,BR0024,2024-11-28,CONSUMER_DURABLE,1770519.62,48,REJECTED,A
APP00007035,CUST006327,BR0029,2024-06-24,PERSONAL,1273521.51,36,APPROVED,D
APP00007036,CUST004584,BR0031,2025-10-10,VEHICLE,1496986.78,48,REJECTED,D
APP00007037,CUST005829,BR0009,2026-09-11,PERSONAL,1883810.01,18,APPROVED,A
APP00007038,CUST000346,BR0008,2025-06-10,PERSONAL,1931056.5,48,PENDING,D
APP00007039,CUST008690,BR0010,2025-04-08,VEHICLE,516253.06,48,APPROVED,E
APP00007040,CUST001426,BR0008,2024-09-03,BUSINESS,1721475.57,60,PENDING,E
APP00007041,CUST003335,BR0024,2024-05-03,CONSUMER_DURABLE,1074200.58,18,APPROVED,A
APP00007042,CUST005194,BR0027,2026-02-27,BUSINESS,778112.21,36,APPROVED,E
APP00007043,CUST002029,BR0012,2025-11-10,VEHICLE,866570.57,12,APPROVED,C
APP00007044,CUST004251,BR0044,2026-07-11,CONSUMER_DURABLE,1853274.34,12,APPROVED,E
APP00007045,CUST006080,BR0045,2024-12-26,VEHICLE,1160391.46,24,APPROVED,D
APP00007046,CUST001819,BR0014,2024-11-14,PERSONAL,1013439.69,60,APPROVED,E
APP00007047,CUST003166,BR0010,2026-05-17,BUSINESS,1279686.69,18,APPROVED,B
APP00007048,CUST003721,BR0035,2025-12-10,PERSONAL,393207.34,24,APPROVED,A
APP00007049,CUST005827,BR0009,2024-03-30,VEHICLE,1262134.39,60,APPROVED,E
APP00007050,CUST002043,BR0044,2024-06-16,CONSUMER_DURABLE,313910.56,12,REJECTED,A
APP00007051,CUST003490,BR0015,2024-02-20,PERSONAL,264212.19,12,PENDING,A
APP00007052,CUST008944,BR0011,2026-02-25,CONSUMER_DURABLE,1690805.22,18,APPROVED,B
APP00007053,CUST005432,BR0035,2024-09-25,PERSONAL,50541.87,12,APPROVED,E
APP00007054,CUST002735,BR0022,2026-03-02,VEHICLE,1174052.12,24,APPROVED,C
APP00007055,CUST000977,BR0002,2024-08-18,VEHICLE,949931.3,48,PENDING,C
APP00007056,CUST002265,BR0028,2026-06-17,PERSONAL,1018991.85,24,REJECTED,E
APP00007057,CUST004136,BR0035,2025-04-29,VEHICLE,1052153.77,12,REJECTED,C
APP00007058,CUST003270,BR0033,2024-11-24,VEHICLE,154515.27,12,APPROVED,A
APP00007059,CUST008404,BR0037,2025-10-09,CONSUMER_DURABLE,354722.63,18,PENDING,B
APP00007060,CUST006492,BR0040,2024-06-17,PERSONAL,315430.38,48,APPROVED,E
APP00007061,CUST009346,BR0047,2026-05-16,VEHICLE,1503017.32,24,APPROVED,D
APP00007062,CUST001029,BR0001,2025-12-20,PERSONAL,804326.11,36,APPROVED,E
APP00007063,CUST002963,BR0038,2025-09-05,BUSINESS,598843.87,18,APPROVED,B
APP00007064,CUST000030,BR0014,2024-06-12,BUSINESS,1166897.0,18,PENDING,B
APP00007065,CUST008679,BR0022,2025-01-02,VEHICLE,1043534.18,12,APPROVED,A
APP00007066,CUST007592,BR0027,2025-05-16,BUSINESS,350597.17,24,PENDING,D
APP00007067,CUST005617,BR0020,2025-12-30,CONSUMER_DURABLE,1872138.93,24,APPROVED,C
APP00007068,CUST004690,BR0034,2025-01-25,BUSINESS,1497914.64,36,REJECTED,E
APP00007069,CUST005166,BR0007,2024-01-29,VEHICLE,1294929.85,36,PENDING,E
APP00007070,CUST002335,BR0035,2024-01-26,CONSUMER_DURABLE,1199408.91,36,APPROVED,B
APP00007071,CUST000887,BR0010,2024-03-30,BUSINESS,1810443.13,48,APPROVED,A
APP00007072,CUST004722,BR0035,2024-01-07,PERSONAL,176388.86,36,PENDING,D
APP00007073,CUST001062,BR0030,2025-08-11,VEHICLE,1016293.04,60,PENDING,D
APP00007074,CUST000538,BR0033,2024-03-19,CONSUMER_DURABLE,1834843.92,18,APPROVED,A
APP00007075,CUST004619,BR0038,2024-05-10,CONSUMER_DURABLE,1343315.98,36,PENDING,C
APP00007076,CUST008785,BR0030,2025-06-15,CONSUMER_DURABLE,611296.54,48,REJECTED,B
APP00007077,CUST002878,BR0026,2024-04-12,PERSONAL,150856.15,60,APPROVED,E
APP00007078,CUST003906,BR0042,2025-08-26,BUSINESS,963148.75,18,APPROVED,D
APP00007079,CUST001690,BR0024,2026-05-02,CONSUMER_DURABLE,1871312.15,18,APPROVED,A
APP00007080,CUST006296,BR0027,2025-10-22,CONSUMER_DURABLE,1694722.94,24,REJECTED,D
APP00007081,CUST007128,BR0006,2026-09-14,BUSINESS,770163.79,36,APPROVED,C
APP00007082,CUST008914,BR0019,2025-06-09,VEHICLE,1582518.52,24,PENDING,D
APP00007083,CUST004194,BR0039,2024-03-24,BUSINESS,731797.04,36,REJECTED,C
APP00007084,CUST006597,BR0015,2025-09-04,VEHICLE,1036199.67,24,REJECTED,B
APP00007085,CUST001357,BR0009,2025-05-17,PERSONAL,1529964.86,60,PENDING,E
APP00007086,CUST008195,BR0026,2025-11-12,BUSINESS,1787353.36,36,REJECTED,E
APP00007087,CUST007086,BR0010,2026-09-29,VEHICLE,603606.99,48,APPROVED,E
APP00007088,CUST008859,BR0030,2026-03-20,BUSINESS,1652451.51,36,PENDING,C
APP00007089,CUST006587,BR0016,2025-08-24,PERSONAL,1497581.5,60,APPROVED,A
APP00007090,CUST006575,BR0025,2025-12-20,BUSINESS,1619504.21,18,REJECTED,B
APP00007091,CUST002155,BR0001,2026-09-01,CONSUMER_DURABLE,1016118.7,60,REJECTED,E
APP00007092,CUST008645,BR0010,2024-11-07,PERSONAL,1365864.67,24,APPROVED,B
APP00007093,CUST000983,BR0008,2025-02-13,BUSINESS,1774160.16,24,APPROVED,D
APP00007094,CUST007890,BR0016,2024-03-27,CONSUMER_DURABLE,233052.96,60,REJECTED,B
APP00007095,CUST005039,BR0007,2026-08-08,CONSUMER_DURABLE,1826155.95,12,APPROVED,A
APP00007096,CUST003909,BR0032,2024-08-12,VEHICLE,545816.36,18,APPROVED,B
APP00007097,CUST008791,BR0003,2024-12-07,BUSINESS,872453.05,18,PENDING,D
APP00007098,CUST004310,BR0041,2025-07-27,BUSINESS,1623319.51,36,REJECTED,A
APP00007099,CUST008783,BR0021,2026-08-27,VEHICLE,1305071.95,24,REJECTED,E
APP00007100,CUST006450,BR0019,2026-08-06,VEHICLE,1052569.88,18,PENDING,C
APP00007101,CUST004906,BR0029,2025-12-21,CONSUMER_DURABLE,1011149.18,36,APPROVED,B
APP00007102,CUST005677,BR0027,2026-07-22,BUSINESS,282383.85,36,PENDING,C
APP00007103,CUST007501,BR0005,2024-05-23,CONSUMER_DURABLE,1423249.13,48,PENDING,A
APP00007104,CUST004799,BR0022,2026-07-25,BUSINESS,1177755.27,36,APPROVED,D
APP00007105,CUST003922,BR0043,2026-06-14,BUSINESS,1601849.41,60,REJECTED,D
APP00007106,CUST005882,BR0044,2026-07-04,PERSONAL,1477821.16,60,APPROVED,C
APP00007107,CUST006734,BR0036,2025-05-19,VEHICLE,563228.68,48,APPROVED,D
APP00007108,CUST007218,BR0037,2025-05-01,VEHICLE,371891.03,12,APPROVED,B
APP00007109,CUST007417,BR0031,2024-09-20,CONSUMER_DURABLE,1094325.88,60,REJECTED,C
APP00007110,CUST000877,BR0034,2025-11-08,BUSINESS,924137.89,12,PENDING,B
APP00007111,CUST001499,BR0035,2025-09-03,CONSUMER_DURABLE,1726504.84,48,APPROVED,E
APP00007112,CUST006719,BR0011,2025-09-17,BUSINESS,235134.14,12,PENDING,A
APP00007113,CUST009720,BR0021,2025-02-19,PERSONAL,584236.69,12,REJECTED,C
APP00007114,CUST000274,BR0013,2025-11-02,PERSONAL,582296.86,24,APPROVED,B
APP00007115,CUST009046,BR0035,2024-04-21,BUSINESS,108433.44,18,APPROVED,D
APP00007116,CUST007751,BR0033,2026-02-04,CONSUMER_DURABLE,362932.02,12,REJECTED,A
APP00007117,CUST001322,BR0042,2025-10-20,PERSONAL,1330230.03,60,REJECTED,A
APP00007118,CUST006133,BR0015,2024-07-12,CONSUMER_DURABLE,1075713.96,12,REJECTED,A
APP00007119,CUST007499,BR0017,2024-10-05,VEHICLE,163435.03,36,APPROVED,D
APP00007120,CUST000280,BR0046,2024-09-10,CONSUMER_DURABLE,798372.12,60,REJECTED,B
APP00007121,CUST000587,BR0012,2024-03-12,BUSINESS,1018995.97,36,PENDING,E
APP00007122,CUST007642,BR0037,2024-03-21,PERSONAL,1857525.67,48,APPROVED,B
APP00007123,CUST000735,BR0014,2026-03-05,BUSINESS,771589.49,18,APPROVED,A
APP00007124,CUST008348,BR0036,2026-01-25,PERSONAL,519639.78,60,PENDING,E
APP00007125,CUST003535,BR0012,2025-01-17,CONSUMER_DURABLE,409272.38,48,PENDING,A
APP00007126,CUST000523,BR0007,2025-11-15,BUSINESS,1482952.13,48,APPROVED,D
APP00007127,CUST002976,BR0041,2024-02-25,BUSINESS,865183.0,60,APPROVED,D
APP00007128,CUST002279,BR0002,2026-08-14,VEHICLE,1013099.5,12,APPROVED,A
APP00007129,CUST005564,BR0018,2025-08-20,CONSUMER_DURABLE,1314434.8,18,REJECTED,A
APP00007130,CUST006732,BR0024,2025-02-16,CONSUMER_DURABLE,138180.11,18,APPROVED,D
APP00007131,CUST000369,BR0013,2025-10-03,CONSUMER_DURABLE,1970059.33,48,APPROVED,B
APP00007132,CUST003102,BR0044,2025-06-30,VEHICLE,292039.61,24,APPROVED,C
APP00007133,CUST002781,BR0030,2025-02-19,PERSONAL,270853.28,36,PENDING,B
APP00007134,CUST003103,BR0017,2024-01-27,VEHICLE,812809.56,48,PENDING,C
APP00007135,CUST005280,BR0011,2024-05-06,CONSUMER_DURABLE,337064.08,12,REJECTED,B
APP00007136,CUST005431,BR0029,2024-06-27,BUSINESS,449765.67,18,REJECTED,E
APP00007137,CUST001775,BR0008,2024-01-21,PERSONAL,1976162.72,24,REJECTED,B
APP00007138,CUST001952,BR0047,2026-09-01,PERSONAL,1070983.52,60,APPROVED,B
APP00007139,CUST004960,BR0012,2025-05-16,VEHICLE,639140.84,12,APPROVED,D
APP00007140,CUST007701,BR0009,2024-12-09,CONSUMER_DURABLE,741739.02,60,APPROVED,B
APP00007141,CUST009985,BR0009,2026-02-17,BUSINESS,552911.61,60,REJECTED,A
APP00007142,CUST006102,BR0005,2025-09-26,BUSINESS,1636653.81,12,APPROVED,A
APP00007143,CUST002880,BR0021,2024-08-26,CONSUMER_DURABLE,880033.38,24,PENDING,C
APP00007144,CUST004663,BR0046,2025-09-02,VEHICLE,368389.45,60,REJECTED,C
APP00007145,CUST004177,BR0021,2025-03-09,CONSUMER_DURABLE,1513744.2,18,REJECTED,C
APP00007146,CUST006814,BR0035,2024-04-16,PERSONAL,1535226.33,18,REJECTED,B
APP00007147,CUST007202,BR0004,2025-03-12,VEHICLE,682317.82,12,APPROVED,E
APP00007148,CUST000727,BR0014,2025-03-20,BUSINESS,383605.36,18,APPROVED,C
APP00007149,CUST007353,BR0026,2025-05-03,VEHICLE,1465191.46,60,PENDING,C
APP00007150,CUST003319,BR0044,2024-01-20,CONSUMER_DURABLE,722108.67,48,APPROVED,A
APP00007151,CUST009525,BR0008,2025-11-23,VEHICLE,190874.4,24,APPROVED,A
APP00007152,CUST002649,BR0003,2026-07-22,CONSUMER_DURABLE,1009329.31,36,APPROVED,C
APP00007153,CUST009228,BR0036,2026-08-03,CONSUMER_DURABLE,304675.07,60,APPROVED,D
APP00007154,CUST008746,BR0049,2025-12-01,VEHICLE,383457.97,24,PENDING,B
APP00007155,CUST005696,BR0034,2025-04-12,VEHICLE,116491.83,12,PENDING,A
APP00007156,CUST006877,BR0039,2026-04-03,VEHICLE,320198.15,60,REJECTED,D
APP00007157,CUST002284,BR0027,2024-07-28,PERSONAL,1670200.12,18,APPROVED,E
APP00007158,CUST002194,BR0014,2026-08-11,PERSONAL,1453783.9,12,PENDING,C
APP00007159,CUST009757,BR0043,2026-06-03,BUSINESS,501743.8,60,APPROVED,B
APP00007160,CUST001812,BR0031,2025-11-25,VEHICLE,724630.47,60,PENDING,C
APP00007161,CUST004261,BR0033,2026-08-01,PERSONAL,1580188.05,36,APPROVED,A
APP00007162,CUST000413,BR0029,2025-10-05,PERSONAL,682759.4,60,APPROVED,D
APP00007163,CUST001388,BR0008,2026-08-06,BUSINESS,1250202.94,48,PENDING,C
APP00007164,CUST007639,BR0036,2024-03-23,PERSONAL,1021804.5,18,REJECTED,E
APP00007165,CUST001711,BR0001,2024-06-22,PERSONAL,459565.3,24,APPROVED,D
APP00007166,CUST004552,BR0037,2024-07-04,CONSUMER_DURABLE,1863503.95,18,REJECTED,A
APP00007167,CUST005893,BR0049,2025-05-16,BUSINESS,1035138.57,24,PENDING,B
APP00007168,CUST006624,BR0027,2025-10-18,CONSUMER_DURABLE,1465763.11,48,PENDING,A
APP00007169,CUST000656,BR0045,2024-12-04,VEHICLE,277985.95,60,PENDING,C
APP00007170,CUST008542,BR0048,2025-12-13,CONSUMER_DURABLE,1638103.92,60,APPROVED,C
APP00007171,CUST002152,BR0002,2025-09-05,VEHICLE,350553.66,12,PENDING,A
APP00007172,CUST003019,BR0012,2025-03-17,BUSINESS,1398971.91,60,APPROVED,E
APP00007173,CUST003127,BR0022,2026-06-09,PERSONAL,1850488.61,48,APPROVED,D
APP00007174,CUST006614,BR0049,2025-03-23,VEHICLE,1136560.24,12,REJECTED,C
APP00007175,CUST000176,BR0019,2026-01-30,PERSONAL,816319.66,24,APPROVED,C
APP00007176,CUST001861,BR0024,2024-01-24,PERSONAL,1257293.31,36,PENDING,B
APP00007177,CUST003787,BR0009,2024-03-22,PERSONAL,1556267.82,48,REJECTED,D
APP00007178,CUST001736,BR0050,2026-04-12,VEHICLE,1034635.34,18,APPROVED,C
APP00007179,CUST006560,BR0030,2024-07-15,PERSONAL,1467644.76,24,APPROVED,E
APP00007180,CUST007128,BR0031,2026-01-02,VEHICLE,178562.45,48,APPROVED,A
APP00007181,CUST006589,BR0040,2025-04-06,PERSONAL,1089532.03,60,APPROVED,E
APP00007182,CUST009449,BR0044,2025-10-21,PERSONAL,1026887.17,18,REJECTED,D
APP00007183,CUST007891,BR0016,2026-07-04,BUSINESS,409745.56,12,APPROVED,C
APP00007184,CUST006525,BR0048,2024-05-19,VEHICLE,1142159.51,12,APPROVED,C
APP00007185,CUST000498,BR0024,2024-04-08,CONSUMER_DURABLE,1679663.85,48,APPROVED,B
APP00007186,CUST004061,BR0049,2024-01-26,PERSONAL,497025.6,24,PENDING,A
APP00007187,CUST008915,BR0018,2025-05-31,BUSINESS,1400576.88,48,APPROVED,A
APP00007188,CUST008807,BR0031,2024-10-02,BUSINESS,75292.52,18,APPROVED,D
APP00007189,CUST007611,BR0016,2025-01-06,VEHICLE,72748.01,48,APPROVED,E
APP00007190,CUST005112,BR0041,2024-09-26,VEHICLE,874567.74,12,REJECTED,B
APP00007191,CUST001150,BR0016,2024-03-03,VEHICLE,136445.72,48,REJECTED,D
APP00007192,CUST007841,BR0045,2026-04-22,VEHICLE,1114584.88,60,APPROVED,A
APP00007193,CUST008856,BR0035,2026-07-06,BUSINESS,1112699.8,12,PENDING,D
APP00007194,CUST000809,BR0013,2024-05-10,BUSINESS,1749193.42,48,APPROVED,D
APP00007195,CUST004494,BR0037,2026-05-26,BUSINESS,1819819.18,18,PENDING,C
APP00007196,CUST005154,BR0014,2024-09-26,VEHICLE,1014971.21,18,APPROVED,C
APP00007197,CUST009171,BR0040,2024-02-15,PERSONAL,390715.4,12,APPROVED,E
APP00007198,CUST000998,BR0021,2026-08-03,CONSUMER_DURABLE,1499224.22,48,APPROVED,D
APP00007199,CUST001442,BR0041,2025-12-02,PERSONAL,1801099.38,60,PENDING,B
APP00007200,CUST007586,BR0034,2025-09-15,BUSINESS,1171428.02,48,REJECTED,E
APP00007201,CUST002909,BR0008,2025-05-23,PERSONAL,1285433.01,24,APPROVED,D
APP00007202,CUST009371,BR0019,2026-05-30,VEHICLE,1756574.13,60,APPROVED,A
APP00007203,CUST005808,BR0026,2026-01-19,CONSUMER_DURABLE,1816233.55,24,APPROVED,D
APP00007204,CUST006562,BR0035,2025-07-16,VEHICLE,1167629.72,48,APPROVED,B
APP00007205,CUST008196,BR0004,2026-05-27,VEHICLE,1625079.94,48,APPROVED,A
APP00007206,CUST004104,BR0018,2024-06-10,VEHICLE,1231364.23,48,APPROVED,E
APP00007207,CUST008467,BR0021,2024-07-31,BUSINESS,1556596.36,60,APPROVED,E
APP00007208,CUST009864,BR0042,2025-07-25,VEHICLE,1728915.1,18,REJECTED,A
APP00007209,CUST005473,BR0029,2025-11-27,PERSONAL,1570790.9,60,APPROVED,D
APP00007210,CUST001759,BR0038,2024-01-24,BUSINESS,1064324.3,18,PENDING,A
APP00007211,CUST003720,BR0012,2024-10-11,BUSINESS,1857096.45,12,REJECTED,B
APP00007212,CUST001687,BR0037,2024-10-12,CONSUMER_DURABLE,863532.9,48,APPROVED,B
APP00007213,CUST002685,BR0033,2026-01-30,VEHICLE,261933.98,36,REJECTED,D
APP00007214,CUST004764,BR0039,2025-09-19,PERSONAL,448619.86,12,REJECTED,B
APP00007215,CUST006367,BR0014,2026-02-05,VEHICLE,621643.74,18,PENDING,D
APP00007216,CUST005025,BR0038,2025-03-26,VEHICLE,1461308.45,36,PENDING,E
APP00007217,CUST001205,BR0005,2024-12-23,PERSONAL,1211949.74,12,APPROVED,C
APP00007218,CUST005573,BR0015,2024-12-09,VEHICLE,514546.67,60,REJECTED,C
APP00007219,CUST004844,BR0043,2024-10-13,BUSINESS,1201379.77,18,APPROVED,C
APP00007220,CUST007727,BR0006,2025-05-10,PERSONAL,1968727.44,24,APPROVED,E
APP00007221,CUST000770,BR0015,2025-03-31,BUSINESS,1875859.74,18,APPROVED,E
APP00007222,CUST008188,BR0048,2025-11-07,VEHICLE,1486851.92,60,APPROVED,E
APP00007223,CUST009989,BR0006,2024-08-23,BUSINESS,1246457.1,18,PENDING,C
APP00007224,CUST006630,BR0019,2026-02-06,VEHICLE,855021.47,60,REJECTED,E
APP00007225,CUST000834,BR0023,2025-04-23,VEHICLE,1861804.48,48,APPROVED,C
APP00007226,CUST001352,BR0049,2026-03-01,PERSONAL,957498.18,12,APPROVED,E
APP00007227,CUST001301,BR0028,2024-11-14,BUSINESS,1638466.96,18,REJECTED,E
APP00007228,CUST003664,BR0034,2025-06-16,CONSUMER_DURABLE,1405062.04,24,PENDING,E
APP00007229,CUST006139,BR0014,2024-02-08,VEHICLE,455961.03,18,PENDING,A
APP00007230,CUST004742,BR0029,2026-04-03,PERSONAL,1423870.89,24,PENDING,B
APP00007231,CUST001055,BR0013,2025-06-20,PERSONAL,830668.24,60,PENDING,C
APP00007232,CUST006471,BR0005,2024-10-10,BUSINESS,1034367.43,60,APPROVED,D
APP00007233,CUST008074,BR0037,2024-05-23,PERSONAL,1042802.77,48,APPROVED,A
APP00007234,CUST001205,BR0019,2025-05-25,PERSONAL,1762059.14,18,REJECTED,C
APP00007235,CUST005163,BR0017,2024-03-12,CONSUMER_DURABLE,1643637.4,18,APPROVED,E
APP00007236,CUST005148,BR0041,2026-09-10,CONSUMER_DURABLE,1346421.56,24,PENDING,B
APP00007237,CUST001080,BR0020,2026-04-02,CONSUMER_DURABLE,1359709.16,36,APPROVED,D
APP00007238,CUST006527,BR0001,2026-03-06,PERSONAL,1481947.38,12,PENDING,E
APP00007239,CUST009170,BR0006,2026-06-21,BUSINESS,1082298.76,18,APPROVED,D
APP00007240,CUST006152,BR0019,2024-03-30,VEHICLE,983033.49,18,APPROVED,C
APP00007241,CUST002106,BR0042,2026-07-08,VEHICLE,443611.15,18,REJECTED,B
APP00007242,CUST000089,BR0029,2026-04-09,VEHICLE,1825640.3,36,APPROVED,B
APP00007243,CUST004421,BR0007,2024-04-30,VEHICLE,454893.85,60,REJECTED,E
APP00007244,CUST009591,BR0024,2024-07-17,VEHICLE,691539.42,60,APPROVED,D
APP00007245,CUST003560,BR0034,2025-07-20,PERSONAL,730825.63,48,REJECTED,E
APP00007246,CUST005292,BR0005,2025-09-13,VEHICLE,77306.98,18,APPROVED,D
APP00007247,CUST008228,BR0046,2025-03-25,VEHICLE,1680015.53,18,APPROVED,E
APP00007248,CUST004647,BR0006,2026-03-31,CONSUMER_DURABLE,451956.27,24,REJECTED,C
APP00007249,CUST005971,BR0005,2025-04-24,VEHICLE,395266.61,60,APPROVED,A
APP00007250,CUST006080,BR0024,2025-01-26,PERSONAL,1167923.12,24,REJECTED,D
APP00007251,CUST007866,BR0049,2026-05-18,VEHICLE,1802757.47,60,PENDING,C
APP00007252,CUST009283,BR0046,2026-04-04,CONSUMER_DURABLE,93849.85,36,APPROVED,A
APP00007253,CUST000928,BR0047,2025-05-19,VEHICLE,1113868.21,18,APPROVED,B
APP00007254,CUST008162,BR0017,2026-04-20,PERSONAL,397352.0,12,REJECTED,E
APP00007255,CUST002124,BR0019,2024-06-03,PERSONAL,1770374.39,12,REJECTED,D
APP00007256,CUST007880,BR0024,2025-12-08,VEHICLE,1262922.48,36,REJECTED,A
APP00007257,CUST005538,BR0012,2025-12-04,PERSONAL,1207753.68,48,REJECTED,C
APP00007258,CUST005394,BR0018,2025-04-13,PERSONAL,1131294.2,12,PENDING,A
APP00007259,CUST006273,BR0009,2026-04-06,CONSUMER_DURABLE,1039672.11,36,REJECTED,C
APP00007260,CUST006515,BR0047,2025-03-31,PERSONAL,924593.72,60,REJECTED,B
APP00007261,CUST001199,BR0012,2026-03-19,VEHICLE,144121.78,36,APPROVED,E
APP00007262,CUST004046,BR0031,2025-12-27,PERSONAL,712115.46,36,PENDING,D
APP00007263,CUST007587,BR0035,2026-02-20,BUSINESS,921817.04,12,REJECTED,C
APP00007264,CUST000614,BR0039,2026-02-09,VEHICLE,832908.97,36,REJECTED,C
APP00007265,CUST003371,BR0014,2024-02-16,CONSUMER_DURABLE,1475491.41,36,PENDING,B
APP00007266,CUST000325,BR0030,2025-10-28,BUSINESS,832478.28,24,APPROVED,A
APP00007267,CUST000875,BR0009,2024-04-21,CONSUMER_DURABLE,1958665.18,60,REJECTED,D
APP00007268,CUST000889,BR0049,2024-02-08,CONSUMER_DURABLE,853484.38,18,APPROVED,D
APP00007269,CUST007935,BR0042,2025-07-12,PERSONAL,619619.38,36,PENDING,D
APP00007270,CUST001679,BR0027,2025-08-15,CONSUMER_DURABLE,275097.84,36,REJECTED,E
APP00007271,CUST004939,BR0038,2026-04-05,BUSINESS,1941013.34,24,APPROVED,B
APP00007272,CUST001033,BR0013,2025-02-20,CONSUMER_DURABLE,478700.26,12,APPROVED,E
APP00007273,CUST007945,BR0019,2026-09-15,VEHICLE,583179.44,60,REJECTED,E
APP00007274,CUST001293,BR0024,2025-11-09,VEHICLE,194252.72,36,APPROVED,A
APP00007275,CUST009321,BR0041,2026-08-22,VEHICLE,836569.91,48,APPROVED,A
APP00007276,CUST000839,BR0021,2025-01-21,BUSINESS,163187.61,60,APPROVED,E
APP00007277,CUST002920,BR0034,2026-06-01,PERSONAL,1529102.78,12,REJECTED,E
APP00007278,CUST006588,BR0029,2025-03-04,BUSINESS,1942883.31,36,PENDING,C
APP00007279,CUST005437,BR0016,2025-07-04,VEHICLE,1792270.19,18,APPROVED,C
APP00007280,CUST004341,BR0033,2024-09-19,CONSUMER_DURABLE,1268753.12,48,REJECTED,B
APP00007281,CUST003073,BR0005,2024-08-28,CONSUMER_DURABLE,1444681.27,18,APPROVED,C
APP00007282,CUST001204,BR0023,2025-08-13,VEHICLE,172282.72,18,APPROVED,E
APP00007283,CUST008553,BR0040,2025-09-20,PERSONAL,1727885.67,36,APPROVED,A
APP00007284,CUST005273,BR0040,2025-06-15,CONSUMER_DURABLE,1763026.94,24,APPROVED,A
APP00007285,CUST008280,BR0043,2025-02-14,BUSINESS,1158072.15,36,APPROVED,B
APP00007286,CUST005818,BR0002,2026-02-28,BUSINESS,1154559.35,24,REJECTED,D
APP00007287,CUST003662,BR0028,2024-04-07,PERSONAL,337005.71,48,APPROVED,C
APP00007288,CUST007954,BR0011,2025-12-25,PERSONAL,1475574.88,18,PENDING,B
APP00007289,CUST003026,BR0044,2025-12-07,CONSUMER_DURABLE,1959702.6,48,APPROVED,E
APP00007290,CUST005439,BR0004,2024-11-04,VEHICLE,531593.23,48,PENDING,C
APP00007291,CUST007837,BR0027,2025-11-03,VEHICLE,1745987.72,60,APPROVED,D
APP00007292,CUST003397,BR0027,2026-08-21,BUSINESS,1184158.9,48,APPROVED,A
APP00007293,CUST000161,BR0012,2025-06-24,PERSONAL,1658779.25,12,PENDING,B
APP00007294,CUST003118,BR0015,2025-06-21,VEHICLE,1435454.14,48,APPROVED,E
APP00007295,CUST006902,BR0039,2025-02-25,PERSONAL,986576.62,60,REJECTED,E
APP00007296,CUST005010,BR0001,2026-05-09,CONSUMER_DURABLE,768290.21,24,APPROVED,B
APP00007297,CUST004409,BR0031,2024-12-23,VEHICLE,1758931.59,48,PENDING,B
APP00007298,CUST008864,BR0029,2026-05-28,VEHICLE,59390.56,12,APPROVED,D
APP00007299,CUST004414,BR0004,2026-05-27,PERSONAL,1655694.15,24,REJECTED,B
APP00007300,CUST007061,BR0010,2025-11-16,VEHICLE,674322.88,36,REJECTED,A
APP00007301,CUST004293,BR0025,2025-01-16,VEHICLE,1687891.73,48,PENDING,E
APP00007302,CUST004462,BR0041,2026-08-13,CONSUMER_DURABLE,1173850.81,18,APPROVED,C
APP00007303,CUST007531,BR0023,2025-10-22,VEHICLE,1060153.31,36,PENDING,E
APP00007304,CUST009143,BR0026,2026-07-16,CONSUMER_DURABLE,600758.29,60,REJECTED,D
APP00007305,CUST007044,BR0018,2024-09-01,BUSINESS,1468332.72,60,REJECTED,A
APP00007306,CUST000186,BR0039,2025-05-13,VEHICLE,1751209.18,18,REJECTED,E
APP00007307,CUST005030,BR0027,2025-01-02,BUSINESS,440385.24,36,APPROVED,D
APP00007308,CUST003127,BR0015,2025-06-19,VEHICLE,1651036.52,18,REJECTED,E
APP00007309,CUST004401,BR0019,2024-07-16,BUSINESS,389283.32,18,APPROVED,C
APP00007310,CUST008721,BR0004,2024-12-11,BUSINESS,79298.3,60,APPROVED,D
APP00007311,CUST007525,BR0041,2024-12-20,PERSONAL,381289.3,36,REJECTED,D
APP00007312,CUST004724,BR0014,2026-06-03,BUSINESS,1300345.01,48,REJECTED,B
APP00007313,CUST002002,BR0024,2025-10-20,PERSONAL,1097462.75,48,REJECTED,A
APP00007314,CUST005470,BR0017,2025-09-03,VEHICLE,1657170.78,60,PENDING,E
APP00007315,CUST000357,BR0012,2024-12-25,PERSONAL,1095766.48,48,APPROVED,A
APP00007316,CUST006146,BR0040,2025-04-22,VEHICLE,1057360.31,24,PENDING,E
APP00007317,CUST002138,BR0012,2026-08-03,BUSINESS,1599780.77,36,PENDING,D
APP00007318,CUST008945,BR0022,2025-12-26,CONSUMER_DURABLE,1942039.24,12,REJECTED,E
APP00007319,CUST001611,BR0045,2026-06-11,BUSINESS,1350651.34,12,APPROVED,E
APP00007320,CUST002374,BR0039,2026-02-04,PERSONAL,1017147.47,12,APPROVED,A
APP00007321,CUST001457,BR0027,2026-04-03,PERSONAL,1851859.31,12,PENDING,B
APP00007322,CUST005870,BR0011,2024-07-27,PERSONAL,1241211.86,36,REJECTED,C
APP00007323,CUST008639,BR0037,2026-07-05,PERSONAL,1194589.57,36,PENDING,C
APP00007324,CUST005391,BR0023,2024-04-21,BUSINESS,1750411.38,12,APPROVED,D
APP00007325,CUST007533,BR0027,2024-01-09,CONSUMER_DURABLE,1358325.61,12,APPROVED,B
APP00007326,CUST002025,BR0032,2024-07-21,CONSUMER_DURABLE,1642430.09,36,APPROVED,D
APP00007327,CUST007690,BR0044,2025-03-21,BUSINESS,791703.95,36,PENDING,C
APP00007328,CUST000890,BR0041,2025-05-23,VEHICLE,546141.18,48,APPROVED,B
APP00007329,CUST007649,BR0003,2025-07-14,CONSUMER_DURABLE,822027.89,60,PENDING,A
APP00007330,CUST008742,BR0015,2025-08-12,PERSONAL,117555.99,60,REJECTED,B
APP00007331,CUST003931,BR0003,2024-08-09,PERSONAL,1430112.52,36,APPROVED,A
APP00007332,CUST002776,BR0011,2025-07-07,VEHICLE,1123337.37,60,APPROVED,E
APP00007333,CUST005213,BR0010,2024-08-25,BUSINESS,1272050.85,48,REJECTED,D
APP00007334,CUST002080,BR0048,2025-08-31,CONSUMER_DURABLE,1103131.7,48,PENDING,B
APP00007335,CUST004372,BR0028,2024-04-01,BUSINESS,714030.79,60,APPROVED,B
APP00007336,CUST003976,BR0050,2026-02-02,BUSINESS,736480.27,36,REJECTED,D
APP00007337,CUST007220,BR0019,2024-06-26,BUSINESS,1389381.12,24,APPROVED,D
APP00007338,CUST009436,BR0030,2024-03-17,CONSUMER_DURABLE,1862265.56,48,APPROVED,B
APP00007339,CUST004013,BR0029,2026-06-19,VEHICLE,279692.97,36,APPROVED,A
APP00007340,CUST000294,BR0045,2026-04-10,BUSINESS,575089.5,18,APPROVED,B
APP00007341,CUST002475,BR0037,2026-04-16,CONSUMER_DURABLE,1770248.05,48,APPROVED,C
APP00007342,CUST008472,BR0037,2026-02-04,PERSONAL,1926904.79,36,APPROVED,B
APP00007343,CUST008530,BR0038,2026-09-20,BUSINESS,1155070.79,24,APPROVED,E
APP00007344,CUST004021,BR0023,2024-08-31,PERSONAL,1764833.92,18,REJECTED,A
APP00007345,CUST007196,BR0028,2026-01-10,PERSONAL,1718390.39,48,REJECTED,B
APP00007346,CUST003207,BR0012,2025-06-15,CONSUMER_DURABLE,1794852.46,18,APPROVED,D
APP00007347,CUST004015,BR0017,2026-08-19,VEHICLE,1711083.93,18,APPROVED,A
APP00007348,CUST003064,BR0003,2026-07-26,BUSINESS,890561.35,48,PENDING,A
APP00007349,CUST006376,BR0049,2024-10-31,BUSINESS,1734210.38,60,REJECTED,A
APP00007350,CUST008369,BR0005,2024-04-25,CONSUMER_DURABLE,361539.31,24,PENDING,B
APP00007351,CUST008464,BR0001,2025-06-25,PERSONAL,1451895.03,24,APPROVED,B
APP00007352,CUST003656,BR0019,2024-09-17,PERSONAL,1096128.11,12,PENDING,C
APP00007353,CUST008772,BR0027,2024-08-20,CONSUMER_DURABLE,1374113.27,18,REJECTED,A
APP00007354,CUST003726,BR0024,2024-08-18,VEHICLE,307331.59,24,APPROVED,B
APP00007355,CUST000183,BR0015,2024-12-30,PERSONAL,364627.13,12,APPROVED,D
APP00007356,CUST004653,BR0024,2024-06-30,BUSINESS,208657.43,12,APPROVED,B
APP00007357,CUST009290,BR0019,2025-11-25,PERSONAL,1565997.13,60,REJECTED,C
APP00007358,CUST007482,BR0024,2026-05-08,BUSINESS,1779951.93,18,APPROVED,B
APP00007359,CUST009521,BR0040,2026-01-31,CONSUMER_DURABLE,1584769.27,12,APPROVED,E
APP00007360,CUST005719,BR0023,2026-04-07,CONSUMER_DURABLE,144377.76,12,PENDING,B
APP00007361,CUST003179,BR0022,2024-08-31,PERSONAL,1604713.73,36,REJECTED,A
APP00007362,CUST006568,BR0016,2025-01-29,CONSUMER_DURABLE,1728954.38,48,APPROVED,E
APP00007363,CUST004535,BR0025,2025-09-03,BUSINESS,1547856.37,24,REJECTED,E
APP00007364,CUST007412,BR0006,2025-04-07,CONSUMER_DURABLE,1547718.09,12,REJECTED,B
APP00007365,CUST000945,BR0021,2024-08-29,VEHICLE,451171.79,18,REJECTED,D
APP00007366,CUST001056,BR0015,2024-12-21,CONSUMER_DURABLE,1804478.24,60,APPROVED,D
APP00007367,CUST000479,BR0027,2024-06-20,PERSONAL,1404989.62,48,REJECTED,A
APP00007368,CUST008156,BR0043,2026-03-11,BUSINESS,1706745.1,36,APPROVED,C
APP00007369,CUST000607,BR0012,2025-01-20,VEHICLE,225129.86,60,PENDING,D
APP00007370,CUST000661,BR0029,2026-05-01,CONSUMER_DURABLE,1084193.17,12,APPROVED,C
APP00007371,CUST000360,BR0011,2026-07-30,BUSINESS,566958.62,48,PENDING,E
APP00007372,CUST005220,BR0035,2025-11-30,VEHICLE,707169.93,18,APPROVED,B
APP00007373,CUST001161,BR0020,2025-02-03,CONSUMER_DURABLE,1787955.89,60,APPROVED,A
APP00007374,CUST003430,BR0017,2025-04-16,CONSUMER_DURABLE,739560.68,36,REJECTED,E
APP00007375,CUST001969,BR0024,2025-08-20,CONSUMER_DURABLE,1578336.3,60,REJECTED,A
APP00007376,CUST003116,BR0005,2025-12-01,BUSINESS,1426675.13,60,APPROVED,E
APP00007377,CUST008556,BR0044,2024-08-27,VEHICLE,1689929.81,12,REJECTED,A
APP00007378,CUST001167,BR0048,2026-01-08,VEHICLE,109363.79,12,REJECTED,D
APP00007379,CUST007479,BR0012,2025-04-05,BUSINESS,1764297.5,18,APPROVED,A
APP00007380,CUST002047,BR0041,2024-05-06,PERSONAL,259466.68,48,APPROVED,D
APP00007381,CUST008436,BR0003,2026-05-09,PERSONAL,1998082.32,18,APPROVED,C
APP00007382,CUST006358,BR0036,2026-03-16,BUSINESS,794056.98,24,APPROVED,E
APP00007383,CUST003441,BR0039,2025-01-09,CONSUMER_DURABLE,1644282.42,36,REJECTED,E
APP00007384,CUST002208,BR0050,2026-06-30,BUSINESS,1446814.28,18,APPROVED,A
APP00007385,CUST004294,BR0010,2024-03-22,PERSONAL,1166950.22,24,PENDING,B
APP00007386,CUST007660,BR0025,2024-05-15,CONSUMER_DURABLE,770740.56,12,PENDING,A
APP00007387,CUST007036,BR0005,2025-11-10,PERSONAL,312657.74,18,PENDING,E
APP00007388,CUST001341,BR0037,2025-04-29,PERSONAL,1327780.17,24,APPROVED,B
APP00007389,CUST006882,BR0023,2025-12-16,VEHICLE,1475230.45,36,REJECTED,D
APP00007390,CUST002128,BR0018,2025-09-23,BUSINESS,297891.29,48,APPROVED,B
APP00007391,CUST006993,BR0032,2024-04-19,BUSINESS,1313002.45,36,REJECTED,D
APP00007392,CUST008292,BR0007,2024-10-08,VEHICLE,893883.73,36,APPROVED,D
APP00007393,CUST003060,BR0047,2026-09-11,VEHICLE,1603331.65,36,APPROVED,B
APP00007394,CUST002992,BR0034,2024-03-01,CONSUMER_DURABLE,1509799.25,18,REJECTED,A
APP00007395,CUST008863,BR0039,2024-01-25,BUSINESS,1697411.87,18,APPROVED,D
APP00007396,CUST008722,BR0007,2025-09-28,PERSONAL,293608.97,24,APPROVED,B
APP00007397,CUST000375,BR0013,2024-12-31,CONSUMER_DURABLE,1415488.54,18,APPROVED,C
APP00007398,CUST004942,BR0050,2025-11-19,CONSUMER_DURABLE,404347.5,60,APPROVED,D
APP00007399,CUST004666,BR0004,2025-09-13,VEHICLE,975690.51,60,APPROVED,E
APP00007400,CUST008135,BR0031,2025-01-21,VEHICLE,1203920.33,24,APPROVED,E
APP00007401,CUST008326,BR0011,2024-03-14,CONSUMER_DURABLE,1660665.97,18,REJECTED,B
APP00007402,CUST005914,BR0031,2024-05-29,PERSONAL,456754.48,18,PENDING,C
APP00007403,CUST001477,BR0020,2026-07-20,PERSONAL,1748335.43,12,PENDING,A
APP00007404,CUST002798,BR0018,2025-10-24,VEHICLE,281371.46,12,APPROVED,C
APP00007405,CUST000707,BR0049,2024-10-19,BUSINESS,1405236.28,48,PENDING,D
APP00007406,CUST005868,BR0046,2025-04-13,PERSONAL,530874.02,48,REJECTED,B
APP00007407,CUST002908,BR0049,2026-08-06,BUSINESS,201707.41,48,REJECTED,A
APP00007408,CUST004895,BR0047,2025-03-13,BUSINESS,60979.62,18,APPROVED,A
APP00007409,CUST009189,BR0029,2026-08-29,CONSUMER_DURABLE,632684.97,60,APPROVED,A
APP00007410,CUST003696,BR0001,2026-01-05,CONSUMER_DURABLE,178068.22,12,PENDING,C
APP00007411,CUST003644,BR0048,2026-04-26,CONSUMER_DURABLE,1466428.35,24,APPROVED,A
APP00007412,CUST009769,BR0004,2026-07-23,BUSINESS,800600.96,24,APPROVED,C
APP00007413,CUST002306,BR0038,2025-06-20,CONSUMER_DURABLE,1596871.24,60,PENDING,C
APP00007414,CUST002053,BR0020,2026-03-25,CONSUMER_DURABLE,788499.83,18,PENDING,E
APP00007415,CUST005945,BR0047,2025-01-04,VEHICLE,339101.06,48,PENDING,D
APP00007416,CUST008785,BR0017,2024-06-12,VEHICLE,741078.63,18,APPROVED,E
APP00007417,CUST004649,BR0022,2024-05-18,BUSINESS,382217.79,36,APPROVED,E
APP00007418,CUST000042,BR0036,2024-11-14,CONSUMER_DURABLE,1695475.04,12,APPROVED,B
APP00007419,CUST007175,BR0009,2025-05-04,VEHICLE,688455.13,48,APPROVED,E
APP00007420,CUST006193,BR0023,2024-06-14,BUSINESS,1905858.47,18,APPROVED,B
APP00007421,CUST001986,BR0032,2025-02-26,BUSINESS,974897.14,18,REJECTED,C
APP00007422,CUST009224,BR0032,2024-05-26,CONSUMER_DURABLE,103472.13,36,REJECTED,D
APP00007423,CUST002769,BR0021,2024-11-19,CONSUMER_DURABLE,647370.96,36,PENDING,D
APP00007424,CUST000210,BR0028,2024-12-11,BUSINESS,1827688.27,48,APPROVED,E
APP00007425,CUST007331,BR0042,2024-10-23,VEHICLE,567577.83,12,APPROVED,C
APP00007426,CUST000046,BR0003,2024-11-15,BUSINESS,779372.54,24,PENDING,D
APP00007427,CUST004321,BR0024,2025-07-18,CONSUMER_DURABLE,1301717.69,12,REJECTED,A
APP00007428,CUST009827,BR0020,2025-08-21,BUSINESS,695466.58,12,APPROVED,B
APP00007429,CUST007874,BR0028,2025-02-27,BUSINESS,1837866.21,36,PENDING,B
APP00007430,CUST008260,BR0038,2024-11-07,PERSONAL,690640.24,36,REJECTED,D
APP00007431,CUST009911,BR0008,2024-04-24,PERSONAL,770952.73,36,APPROVED,E
APP00007432,CUST005371,BR0002,2026-01-07,VEHICLE,1837374.33,48,REJECTED,E
APP00007433,CUST007325,BR0043,2026-03-19,VEHICLE,878113.52,36,REJECTED,D
APP00007434,CUST006012,BR0017,2026-01-04,CONSUMER_DURABLE,729130.91,60,APPROVED,E
APP00007435,CUST008724,BR0046,2025-05-29,PERSONAL,1027362.76,48,REJECTED,B
APP00007436,CUST008165,BR0014,2024-01-25,PERSONAL,1397204.55,12,APPROVED,C
APP00007437,CUST009399,BR0044,2026-04-27,CONSUMER_DURABLE,1020573.04,36,APPROVED,E
APP00007438,CUST002826,BR0040,2024-04-28,PERSONAL,164761.08,18,PENDING,A
APP00007439,CUST004944,BR0042,2025-11-17,PERSONAL,538386.09,24,APPROVED,C
APP00007440,CUST005973,BR0045,2025-04-03,VEHICLE,1357714.23,48,APPROVED,D
APP00007441,CUST000105,BR0032,2024-04-16,CONSUMER_DURABLE,1093509.6,24,APPROVED,C
APP00007442,CUST001616,BR0017,2024-02-10,CONSUMER_DURABLE,1862376.72,12,PENDING,A
APP00007443,CUST004120,BR0009,2026-02-16,BUSINESS,1323993.95,60,PENDING,B
APP00007444,CUST007854,BR0016,2025-04-28,VEHICLE,1906150.89,24,APPROVED,C
APP00007445,CUST007569,BR0014,2025-06-27,PERSONAL,813642.25,36,APPROVED,E
APP00007446,CUST004138,BR0021,2026-02-12,PERSONAL,1379145.47,60,APPROVED,E
APP00007447,CUST009889,BR0023,2026-09-10,VEHICLE,1603928.62,12,PENDING,B
APP00007448,CUST007775,BR0017,2026-07-17,BUSINESS,294294.25,36,APPROVED,B
APP00007449,CUST006811,BR0036,2024-11-10,CONSUMER_DURABLE,988684.71,24,REJECTED,B
APP00007450,CUST009466,BR0001,2026-05-16,BUSINESS,1234485.76,12,APPROVED,B
APP00007451,CUST003686,BR0014,2025-06-09,PERSONAL,1518836.26,18,APPROVED,E
APP00007452,CUST009418,BR0042,2024-10-18,CONSUMER_DURABLE,1683551.2,18,PENDING,C
APP00007453,CUST002906,BR0007,2024-11-14,CONSUMER_DURABLE,1617118.43,12,APPROVED,C
APP00007454,CUST006795,BR0014,2026-05-03,PERSONAL,1251564.91,60,PENDING,A
APP00007455,CUST008902,BR0016,2026-02-13,VEHICLE,1224160.94,24,PENDING,A
APP00007456,CUST005514,BR0039,2024-08-16,CONSUMER_DURABLE,1791312.73,60,APPROVED,B
APP00007457,CUST003326,BR0009,2025-05-11,BUSINESS,885465.02,24,PENDING,A
APP00007458,CUST000785,BR0042,2024-11-18,PERSONAL,534569.25,12,REJECTED,C
APP00007459,CUST007078,BR0030,2025-04-18,BUSINESS,241798.43,12,APPROVED,B
APP00007460,CUST002152,BR0049,2025-08-29,CONSUMER_DURABLE,1359422.81,12,APPROVED,D
APP00007461,CUST002252,BR0021,2026-06-22,BUSINESS,1133322.85,12,APPROVED,B
APP00007462,CUST007068,BR0002,2025-05-19,CONSUMER_DURABLE,356772.17,24,APPROVED,A
APP00007463,CUST001786,BR0046,2025-12-01,BUSINESS,1488104.09,24,REJECTED,D
APP00007464,CUST007888,BR0042,2025-08-31,CONSUMER_DURABLE,1777172.87,12,APPROVED,B
APP00007465,CUST007199,BR0008,2024-12-05,VEHICLE,1838543.53,60,APPROVED,D
APP00007466,CUST009301,BR0014,2025-08-26,BUSINESS,663475.27,36,APPROVED,B
APP00007467,CUST005976,BR0028,2025-05-30,BUSINESS,782650.77,48,APPROVED,C
APP00007468,CUST000556,BR0007,2024-05-13,CONSUMER_DURABLE,1326541.45,48,REJECTED,B
APP00007469,CUST007846,BR0041,2024-12-07,PERSONAL,420513.8,12,REJECTED,B
APP00007470,CUST000741,BR0007,2025-10-13,VEHICLE,1414827.86,36,APPROVED,A
APP00007471,CUST008118,BR0025,2024-08-17,BUSINESS,1007899.61,18,PENDING,A
APP00007472,CUST007690,BR0041,2025-09-24,VEHICLE,266514.29,36,PENDING,D
APP00007473,CUST009079,BR0038,2025-04-15,PERSONAL,1531069.21,12,PENDING,A
APP00007474,CUST001560,BR0047,2024-03-15,BUSINESS,913181.5,36,PENDING,D
APP00007475,CUST006321,BR0004,2025-03-21,PERSONAL,880309.64,24,REJECTED,D
APP00007476,CUST003085,BR0035,2024-01-22,CONSUMER_DURABLE,1185047.98,24,APPROVED,E
APP00007477,CUST001954,BR0029,2024-11-29,PERSONAL,163523.98,24,APPROVED,D
APP00007478,CUST006210,BR0013,2026-08-21,BUSINESS,1972864.16,24,APPROVED,A
APP00007479,CUST006877,BR0040,2025-07-30,BUSINESS,1901352.1,12,APPROVED,B
APP00007480,CUST000857,BR0044,2024-03-20,CONSUMER_DURABLE,1469837.52,12,PENDING,B
APP00007481,CUST000798,BR0032,2025-06-11,VEHICLE,1241809.1,48,PENDING,D
APP00007482,CUST003831,BR0037,2026-04-12,BUSINESS,1786332.26,48,REJECTED,A
APP00007483,CUST005848,BR0037,2025-08-04,CONSUMER_DURABLE,1029247.85,36,APPROVED,E
APP00007484,CUST004699,BR0001,2025-09-16,PERSONAL,1130559.13,24,APPROVED,D
APP00007485,CUST005222,BR0015,2025-12-26,CONSUMER_DURABLE,853465.82,12,PENDING,C
APP00007486,CUST000091,BR0035,2026-01-16,VEHICLE,1875370.9,24,PENDING,B
APP00007487,CUST004475,BR0013,2024-04-23,BUSINESS,660899.76,48,PENDING,D
APP00007488,CUST007733,BR0023,2026-09-18,VEHICLE,1594149.38,24,APPROVED,A
APP00007489,CUST003891,BR0013,2025-10-19,CONSUMER_DURABLE,524519.12,18,APPROVED,C
APP00007490,CUST000830,BR0040,2026-01-14,CONSUMER_DURABLE,335085.55,36,PENDING,B
APP00007491,CUST006512,BR0034,2026-01-01,VEHICLE,1677931.11,36,APPROVED,D
APP00007492,CUST001026,BR0048,2026-09-20,CONSUMER_DURABLE,1243084.58,12,PENDING,C
APP00007493,CUST005414,BR0008,2026-04-08,VEHICLE,1521128.05,60,PENDING,E
APP00007494,CUST006941,BR0010,2025-02-26,VEHICLE,1565247.34,18,PENDING,C
APP00007495,CUST006434,BR0043,2026-09-03,BUSINESS,795907.67,36,APPROVED,E
APP00007496,CUST002471,BR0012,2026-04-28,PERSONAL,820567.84,48,PENDING,D
APP00007497,CUST001788,BR0008,2025-08-31,VEHICLE,1932363.63,48,PENDING,B
APP00007498,CUST004633,BR0033,2024-06-05,PERSONAL,1242534.04,24,APPROVED,D
APP00007499,CUST008387,BR0008,2024-12-07,VEHICLE,504445.76,12,APPROVED,A
APP00007500,CUST000159,BR0038,2024-12-11,CONSUMER_DURABLE,1400668.28,60,PENDING,D
APP00007501,CUST005889,BR0032,2024-05-03,VEHICLE,915310.28,18,APPROVED,E
APP00007502,CUST000637,BR0003,2026-01-22,PERSONAL,277381.47,24,APPROVED,A
APP00007503,CUST008493,BR0012,2025-06-27,BUSINESS,125616.95,12,PENDING,E
APP00007504,CUST008948,BR0009,2025-06-06,CONSUMER_DURABLE,70810.2,36,REJECTED,A
APP00007505,CUST006942,BR0018,2026-05-27,VEHICLE,447145.57,24,REJECTED,E
APP00007506,CUST004163,BR0004,2026-04-11,CONSUMER_DURABLE,167088.52,12,PENDING,A
APP00007507,CUST009262,BR0026,2025-10-29,BUSINESS,754658.0,36,PENDING,D
APP00007508,CUST009652,BR0009,2026-06-04,CONSUMER_DURABLE,1740443.87,18,REJECTED,D
APP00007509,CUST009985,BR0049,2026-04-27,VEHICLE,856922.01,12,PENDING,B
APP00007510,CUST000382,BR0020,2026-06-03,CONSUMER_DURABLE,666864.52,24,PENDING,E
APP00007511,CUST000439,BR0013,2025-09-26,CONSUMER_DURABLE,635442.19,36,APPROVED,A
APP00007512,CUST001659,BR0047,2025-03-10,BUSINESS,862485.32,18,REJECTED,C
APP00007513,CUST007064,BR0040,2024-06-04,VEHICLE,144006.87,48,PENDING,D
APP00007514,CUST004924,BR0002,2026-05-31,CONSUMER_DURABLE,931456.3,12,APPROVED,C
APP00007515,CUST002093,BR0024,2024-04-26,VEHICLE,473422.06,18,APPROVED,A
APP00007516,CUST009225,BR0018,2026-08-31,VEHICLE,386131.78,18,PENDING,B
APP00007517,CUST009387,BR0030,2026-07-08,CONSUMER_DURABLE,1090192.73,36,REJECTED,C
APP00007518,CUST002537,BR0042,2024-09-15,CONSUMER_DURABLE,342555.82,12,REJECTED,C
APP00007519,CUST002709,BR0012,2024-09-09,BUSINESS,1229355.08,36,REJECTED,A
APP00007520,CUST009441,BR0024,2026-02-15,BUSINESS,1956773.82,48,APPROVED,A
APP00007521,CUST006767,BR0030,2024-11-12,VEHICLE,1767129.99,48,REJECTED,E
APP00007522,CUST005760,BR0031,2025-12-08,BUSINESS,1434957.37,60,APPROVED,A
APP00007523,CUST002256,BR0034,2026-07-03,VEHICLE,1523098.17,60,REJECTED,D
APP00007524,CUST008336,BR0014,2024-01-01,PERSONAL,985357.22,18,APPROVED,B
APP00007525,CUST004986,BR0036,2025-12-26,VEHICLE,978534.58,12,REJECTED,C
APP00007526,CUST001136,BR0049,2025-03-28,PERSONAL,1500749.87,12,APPROVED,B
APP00007527,CUST005385,BR0026,2024-04-03,PERSONAL,1334810.93,18,APPROVED,D
APP00007528,CUST005655,BR0001,2025-12-08,BUSINESS,1945194.94,18,APPROVED,A
APP00007529,CUST003761,BR0008,2026-08-09,CONSUMER_DURABLE,1325954.57,18,APPROVED,B
APP00007530,CUST004060,BR0009,2025-06-25,VEHICLE,850521.72,12,REJECTED,E
APP00007531,CUST001227,BR0029,2025-08-20,VEHICLE,1715479.48,60,REJECTED,E
APP00007532,CUST000840,BR0018,2024-07-18,VEHICLE,604031.42,18,REJECTED,B
APP00007533,CUST003970,BR0033,2024-09-26,PERSONAL,163399.79,48,APPROVED,A
APP00007534,CUST004138,BR0049,2026-02-03,BUSINESS,1003555.27,18,APPROVED,D
APP00007535,CUST004006,BR0020,2026-04-22,CONSUMER_DURABLE,90039.99,48,REJECTED,D
APP00007536,CUST000360,BR0012,2025-06-11,CONSUMER_DURABLE,413451.88,60,PENDING,B
APP00007537,CUST009451,BR0035,2026-05-11,BUSINESS,1472591.41,18,PENDING,C
APP00007538,CUST007060,BR0013,2024-08-15,BUSINESS,493509.28,12,APPROVED,B
APP00007539,CUST008331,BR0002,2025-07-02,BUSINESS,1368177.18,36,APPROVED,D
APP00007540,CUST005533,BR0012,2026-06-18,PERSONAL,225052.39,48,APPROVED,E
APP00007541,CUST008377,BR0024,2026-02-06,PERSONAL,537127.05,24,APPROVED,C
APP00007542,CUST008865,BR0018,2025-09-22,CONSUMER_DURABLE,261211.9,60,PENDING,A
APP00007543,CUST008727,BR0014,2025-03-06,VEHICLE,1942470.51,12,APPROVED,E
APP00007544,CUST007062,BR0025,2025-12-14,VEHICLE,646911.59,24,APPROVED,A
APP00007545,CUST006900,BR0013,2024-07-07,PERSONAL,1262111.17,18,REJECTED,C
APP00007546,CUST008898,BR0035,2024-05-20,VEHICLE,1081725.86,36,REJECTED,C
APP00007547,CUST005408,BR0017,2026-09-24,VEHICLE,664695.1,36,APPROVED,D
APP00007548,CUST008172,BR0026,2026-02-28,VEHICLE,1375810.32,24,APPROVED,D
APP00007549,CUST008343,BR0018,2026-06-22,CONSUMER_DURABLE,373662.99,24,REJECTED,E
APP00007550,CUST000206,BR0044,2025-06-22,VEHICLE,256859.05,48,PENDING,A
APP00007551,CUST001952,BR0022,2024-09-09,VEHICLE,1786891.32,18,APPROVED,E
APP00007552,CUST002460,BR0045,2025-07-29,VEHICLE,967912.08,60,APPROVED,A
APP00007553,CUST001036,BR0010,2024-11-20,BUSINESS,437704.39,60,APPROVED,E
APP00007554,CUST005457,BR0030,2025-05-27,PERSONAL,795700.17,12,APPROVED,A
APP00007555,CUST002972,BR0017,2024-01-14,PERSONAL,1010670.53,36,APPROVED,B
APP00007556,CUST002307,BR0036,2026-06-22,PERSONAL,1648861.57,60,APPROVED,A
APP00007557,CUST007471,BR0041,2026-07-23,PERSONAL,1463314.9,12,APPROVED,D
APP00007558,CUST004773,BR0005,2025-01-30,BUSINESS,1711175.86,48,REJECTED,B
APP00007559,CUST005002,BR0025,2026-01-06,PERSONAL,633727.8,48,APPROVED,E
APP00007560,CUST005817,BR0006,2026-03-20,PERSONAL,1029954.38,60,PENDING,E
APP00007561,CUST005931,BR0033,2026-09-24,CONSUMER_DURABLE,690705.76,18,APPROVED,C
APP00007562,CUST008146,BR0007,2025-11-04,CONSUMER_DURABLE,1308966.91,60,APPROVED,B
APP00007563,CUST008016,BR0011,2026-05-20,CONSUMER_DURABLE,973160.33,24,APPROVED,A
APP00007564,CUST000021,BR0028,2025-06-12,VEHICLE,861348.24,60,APPROVED,B
APP00007565,CUST005556,BR0028,2026-05-02,CONSUMER_DURABLE,1348388.77,18,REJECTED,C
APP00007566,CUST003650,BR0006,2026-01-03,VEHICLE,968550.09,12,APPROVED,A
APP00007567,CUST004247,BR0035,2024-02-20,BUSINESS,769360.05,36,PENDING,D
APP00007568,CUST002254,BR0045,2025-09-11,BUSINESS,358489.33,36,PENDING,C
APP00007569,CUST007983,BR0036,2026-01-16,VEHICLE,1674900.29,24,APPROVED,C
APP00007570,CUST003626,BR0019,2025-09-20,CONSUMER_DURABLE,747797.57,12,REJECTED,D
APP00007571,CUST002722,BR0049,2024-04-05,PERSONAL,400967.52,24,APPROVED,C
APP00007572,CUST007628,BR0010,2025-01-16,PERSONAL,1184399.68,12,APPROVED,A
APP00007573,CUST004048,BR0034,2025-03-03,BUSINESS,141371.97,18,APPROVED,C
APP00007574,CUST006989,BR0016,2026-09-26,CONSUMER_DURABLE,501366.53,60,APPROVED,E
APP00007575,CUST009453,BR0025,2025-01-19,PERSONAL,1971571.74,48,APPROVED,B
APP00007576,CUST004963,BR0012,2026-09-16,BUSINESS,1065460.04,60,REJECTED,E
APP00007577,CUST001310,BR0005,2025-09-28,VEHICLE,1573842.35,12,REJECTED,B
APP00007578,CUST000985,BR0027,2024-03-25,CONSUMER_DURABLE,1452179.55,60,APPROVED,E
APP00007579,CUST008805,BR0012,2025-10-19,PERSONAL,1387348.13,24,PENDING,A
APP00007580,CUST000741,BR0020,2024-01-09,PERSONAL,471405.91,48,APPROVED,D
APP00007581,CUST005906,BR0028,2025-01-05,BUSINESS,1730075.78,36,APPROVED,C
APP00007582,CUST004419,BR0001,2025-11-30,CONSUMER_DURABLE,227536.79,24,REJECTED,D
APP00007583,CUST007657,BR0023,2024-08-31,PERSONAL,197500.82,36,APPROVED,E
APP00007584,CUST005677,BR0012,2024-03-22,PERSONAL,129876.62,48,APPROVED,D
APP00007585,CUST008475,BR0030,2026-04-28,BUSINESS,1812481.72,18,REJECTED,C
APP00007586,CUST002773,BR0031,2025-02-23,BUSINESS,1957355.39,60,REJECTED,D
APP00007587,CUST005232,BR0014,2025-12-14,PERSONAL,1272230.07,24,APPROVED,A
APP00007588,CUST007734,BR0017,2025-07-22,CONSUMER_DURABLE,407077.68,12,REJECTED,A
APP00007589,CUST005118,BR0043,2026-01-05,CONSUMER_DURABLE,238127.29,12,REJECTED,B
APP00007590,CUST002376,BR0031,2025-12-16,CONSUMER_DURABLE,708146.66,48,PENDING,B
APP00007591,CUST002625,BR0030,2026-07-22,VEHICLE,1823991.64,12,APPROVED,E
APP00007592,CUST000378,BR0028,2025-12-19,VEHICLE,1701506.29,36,APPROVED,A
APP00007593,CUST008774,BR0023,2024-06-23,VEHICLE,1845565.4,12,APPROVED,B
APP00007594,CUST006652,BR0042,2024-08-07,CONSUMER_DURABLE,262619.64,48,APPROVED,A
APP00007595,CUST007914,BR0044,2024-08-10,PERSONAL,693925.38,60,PENDING,D
APP00007596,CUST006940,BR0047,2026-08-09,VEHICLE,1319437.51,60,APPROVED,D
APP00007597,CUST000550,BR0013,2026-02-17,PERSONAL,1590689.99,36,APPROVED,E
APP00007598,CUST004464,BR0011,2024-10-19,VEHICLE,1875181.81,12,PENDING,B
APP00007599,CUST005441,BR0005,2026-01-11,CONSUMER_DURABLE,275266.99,18,REJECTED,D
APP00007600,CUST001880,BR0015,2024-04-23,CONSUMER_DURABLE,448432.32,24,APPROVED,E
APP00007601,CUST000928,BR0042,2024-01-27,CONSUMER_DURABLE,525627.05,60,APPROVED,E
APP00007602,CUST008553,BR0043,2024-09-16,CONSUMER_DURABLE,501084.08,48,APPROVED,E
APP00007603,CUST008846,BR0030,2025-11-30,BUSINESS,1045490.86,36,REJECTED,C
APP00007604,CUST009748,BR0005,2024-04-01,PERSONAL,1560373.87,60,APPROVED,A
APP00007605,CUST000616,BR0015,2025-05-06,PERSONAL,989516.31,60,APPROVED,D
APP00007606,CUST009450,BR0030,2026-05-28,BUSINESS,1071132.08,48,PENDING,A
APP00007607,CUST006762,BR0040,2026-02-20,PERSONAL,1566071.24,12,REJECTED,B
APP00007608,CUST008521,BR0019,2025-02-24,VEHICLE,571871.71,60,APPROVED,A
APP00007609,CUST008107,BR0029,2026-05-25,PERSONAL,389278.09,48,REJECTED,B
APP00007610,CUST002789,BR0021,2025-08-01,CONSUMER_DURABLE,1339530.77,24,REJECTED,E
APP00007611,CUST009863,BR0013,2025-03-13,BUSINESS,674328.0,36,PENDING,D
APP00007612,CUST008192,BR0033,2025-05-05,BUSINESS,1966127.68,12,REJECTED,B
APP00007613,CUST000773,BR0031,2025-09-06,CONSUMER_DURABLE,530586.05,48,APPROVED,E
APP00007614,CUST007248,BR0025,2025-01-23,CONSUMER_DURABLE,1567146.98,12,APPROVED,A
APP00007615,CUST005428,BR0017,2025-08-26,BUSINESS,963349.61,18,APPROVED,C
APP00007616,CUST005902,BR0038,2026-08-23,VEHICLE,1484662.15,18,PENDING,E
APP00007617,CUST004374,BR0048,2025-12-28,BUSINESS,1125424.77,24,APPROVED,E
APP00007618,CUST000675,BR0044,2024-01-20,PERSONAL,592813.62,18,APPROVED,D
APP00007619,CUST002463,BR0012,2024-08-26,BUSINESS,1682748.46,36,PENDING,E
APP00007620,CUST000518,BR0010,2025-06-06,PERSONAL,1635191.58,36,APPROVED,B
APP00007621,CUST004304,BR0022,2025-10-01,CONSUMER_DURABLE,432468.31,48,PENDING,E
APP00007622,CUST003117,BR0014,2024-01-10,CONSUMER_DURABLE,1707417.58,24,REJECTED,C
APP00007623,CUST000998,BR0010,2025-04-10,PERSONAL,497597.35,24,APPROVED,D
APP00007624,CUST004665,BR0002,2024-10-12,PERSONAL,1738220.35,12,REJECTED,A
APP00007625,CUST000121,BR0020,2025-03-13,PERSONAL,397123.21,24,APPROVED,D
APP00007626,CUST001881,BR0028,2026-09-19,CONSUMER_DURABLE,486206.44,18,APPROVED,D
APP00007627,CUST007701,BR0034,2024-08-29,VEHICLE,483337.78,60,APPROVED,D
APP00007628,CUST003390,BR0036,2024-05-03,PERSONAL,112059.02,24,PENDING,D
APP00007629,CUST007603,BR0008,2025-07-04,BUSINESS,1363248.1,36,REJECTED,A
APP00007630,CUST007365,BR0015,2026-06-23,CONSUMER_DURABLE,894959.84,24,REJECTED,B
APP00007631,CUST009522,BR0040,2025-10-08,BUSINESS,975847.23,12,APPROVED,A
APP00007632,CUST009134,BR0030,2024-10-06,CONSUMER_DURABLE,410352.46,36,APPROVED,A
APP00007633,CUST004808,BR0010,2025-10-26,PERSONAL,1826975.1,18,APPROVED,D
APP00007634,CUST000012,BR0026,2024-06-26,VEHICLE,657316.79,12,PENDING,B
APP00007635,CUST001577,BR0040,2024-07-13,CONSUMER_DURABLE,1170213.59,24,PENDING,E
APP00007636,CUST001745,BR0035,2025-04-02,CONSUMER_DURABLE,332636.87,60,PENDING,D
APP00007637,CUST004393,BR0035,2025-01-20,VEHICLE,1460702.82,60,APPROVED,C
APP00007638,CUST000874,BR0015,2024-06-24,CONSUMER_DURABLE,316837.42,18,REJECTED,E
APP00007639,CUST006922,BR0007,2025-04-04,PERSONAL,455881.15,48,REJECTED,D
APP00007640,CUST007676,BR0042,2024-09-28,PERSONAL,347309.83,36,APPROVED,E
APP00007641,CUST002950,BR0032,2025-10-15,VEHICLE,429381.11,60,APPROVED,A
APP00007642,CUST005254,BR0046,2026-04-11,BUSINESS,1794179.0,48,REJECTED,B
APP00007643,CUST008942,BR0035,2024-01-26,BUSINESS,1614668.75,12,REJECTED,E
APP00007644,CUST002840,BR0014,2025-02-27,CONSUMER_DURABLE,1282902.94,24,APPROVED,A
APP00007645,CUST001566,BR0010,2024-03-31,CONSUMER_DURABLE,1174227.16,12,APPROVED,A
APP00007646,CUST005879,BR0036,2026-07-13,BUSINESS,346585.63,12,REJECTED,A
APP00007647,CUST005860,BR0011,2026-03-06,BUSINESS,902920.98,36,REJECTED,C
APP00007648,CUST000516,BR0033,2026-03-09,PERSONAL,1397316.64,48,PENDING,E
APP00007649,CUST007251,BR0025,2025-02-16,VEHICLE,1693489.86,36,APPROVED,D
APP00007650,CUST003285,BR0014,2025-09-16,VEHICLE,1769040.48,60,REJECTED,E
APP00007651,CUST005985,BR0016,2026-07-01,CONSUMER_DURABLE,926202.66,36,PENDING,A
APP00007652,CUST003870,BR0006,2024-01-25,CONSUMER_DURABLE,263072.25,12,REJECTED,E
APP00007653,CUST006863,BR0033,2024-03-08,CONSUMER_DURABLE,750740.76,48,PENDING,B
APP00007654,CUST006218,BR0020,2025-06-07,VEHICLE,1766271.24,12,APPROVED,B
APP00007655,CUST002798,BR0034,2026-01-08,PERSONAL,1111235.96,12,REJECTED,C
APP00007656,CUST007235,BR0032,2026-08-01,CONSUMER_DURABLE,1380308.38,18,APPROVED,B
APP00007657,CUST001671,BR0006,2026-01-27,CONSUMER_DURABLE,927243.55,60,REJECTED,A
APP00007658,CUST005909,BR0032,2026-08-23,VEHICLE,992642.86,18,REJECTED,C
APP00007659,CUST004015,BR0009,2024-11-12,VEHICLE,1881072.65,24,APPROVED,A
APP00007660,CUST000495,BR0043,2025-07-30,BUSINESS,832903.62,60,APPROVED,B
APP00007661,CUST008462,BR0048,2024-01-21,PERSONAL,1557240.52,48,APPROVED,E
APP00007662,CUST006138,BR0044,2025-11-29,CONSUMER_DURABLE,1377170.1,36,APPROVED,A
APP00007663,CUST003393,BR0028,2025-04-17,CONSUMER_DURABLE,64878.76,18,REJECTED,C
APP00007664,CUST000823,BR0030,2024-05-29,BUSINESS,1774628.63,12,REJECTED,C
APP00007665,CUST003005,BR0012,2025-02-07,VEHICLE,468968.55,24,APPROVED,E
APP00007666,CUST009403,BR0008,2026-03-22,PERSONAL,1245130.25,18,APPROVED,C
APP00007667,CUST004930,BR0018,2025-02-16,CONSUMER_DURABLE,1082228.3,36,APPROVED,B
APP00007668,CUST005040,BR0033,2025-11-01,BUSINESS,750379.72,36,REJECTED,C
APP00007669,CUST007092,BR0034,2025-11-22,BUSINESS,344799.58,48,APPROVED,A
APP00007670,CUST007120,BR0037,2025-10-09,PERSONAL,1087201.74,18,APPROVED,C
APP00007671,CUST005492,BR0013,2024-07-04,PERSONAL,1178495.6,36,REJECTED,E
APP00007672,CUST008236,BR0034,2025-11-22,VEHICLE,1572935.79,48,REJECTED,D
APP00007673,CUST004597,BR0012,2025-03-06,CONSUMER_DURABLE,938833.43,12,PENDING,D
APP00007674,CUST009027,BR0026,2026-02-04,CONSUMER_DURABLE,529403.09,12,PENDING,D
APP00007675,CUST005115,BR0010,2025-12-25,VEHICLE,1360891.54,36,REJECTED,B
APP00007676,CUST003600,BR0041,2025-10-27,CONSUMER_DURABLE,1269416.66,60,REJECTED,A
APP00007677,CUST006782,BR0014,2024-01-04,PERSONAL,754647.07,60,PENDING,D
APP00007678,CUST009731,BR0046,2026-06-17,VEHICLE,1012347.85,48,PENDING,C
APP00007679,CUST003875,BR0036,2025-08-17,VEHICLE,365775.17,24,APPROVED,A
APP00007680,CUST004097,BR0044,2026-02-24,BUSINESS,1134830.55,60,APPROVED,A
APP00007681,CUST008214,BR0027,2024-11-10,CONSUMER_DURABLE,1882460.17,24,APPROVED,D
APP00007682,CUST000008,BR0045,2026-02-11,VEHICLE,1025438.9,18,APPROVED,A
APP00007683,CUST003949,BR0012,2026-08-18,BUSINESS,1340124.9,24,APPROVED,B
APP00007684,CUST000524,BR0033,2024-09-21,CONSUMER_DURABLE,561507.33,24,APPROVED,C
APP00007685,CUST006571,BR0021,2025-09-21,BUSINESS,757026.39,18,APPROVED,D
APP00007686,CUST001670,BR0013,2025-06-03,PERSONAL,279004.76,18,APPROVED,A
APP00007687,CUST007541,BR0025,2024-09-30,BUSINESS,941196.06,12,APPROVED,D
APP00007688,CUST002796,BR0016,2025-11-15,PERSONAL,1539085.28,12,REJECTED,E
APP00007689,CUST005075,BR0040,2024-06-12,CONSUMER_DURABLE,1983390.12,36,APPROVED,E
APP00007690,CUST008093,BR0042,2024-09-10,PERSONAL,61295.19,18,PENDING,E
APP00007691,CUST001767,BR0040,2024-03-16,CONSUMER_DURABLE,1775044.18,60,APPROVED,C
APP00007692,CUST003867,BR0012,2025-07-10,CONSUMER_DURABLE,667697.78,12,APPROVED,B
APP00007693,CUST008597,BR0028,2026-04-23,PERSONAL,219794.09,48,APPROVED,A
APP00007694,CUST009471,BR0036,2026-05-19,CONSUMER_DURABLE,470029.64,48,PENDING,C
APP00007695,CUST002119,BR0018,2024-08-18,BUSINESS,1223658.65,60,APPROVED,E
APP00007696,CUST007985,BR0034,2024-10-01,BUSINESS,835359.16,12,APPROVED,C
APP00007697,CUST005371,BR0034,2024-02-15,PERSONAL,1432954.6,18,APPROVED,C
APP00007698,CUST004008,BR0009,2025-03-30,PERSONAL,788922.83,60,REJECTED,D
APP00007699,CUST009646,BR0017,2024-09-08,PERSONAL,520589.86,12,PENDING,A
APP00007700,CUST003150,BR0004,2024-06-11,BUSINESS,1360530.92,60,APPROVED,A
APP00007701,CUST004948,BR0024,2024-01-15,PERSONAL,574514.65,36,REJECTED,A
APP00007702,CUST000343,BR0005,2025-04-08,CONSUMER_DURABLE,633446.54,18,PENDING,B
APP00007703,CUST002259,BR0029,2025-06-17,VEHICLE,515551.01,18,PENDING,E
APP00007704,CUST007860,BR0040,2026-05-11,CONSUMER_DURABLE,453531.16,12,APPROVED,D
APP00007705,CUST008789,BR0013,2026-06-07,BUSINESS,261551.95,12,REJECTED,A
APP00007706,CUST005755,BR0017,2025-07-05,PERSONAL,1716715.3,12,REJECTED,C
APP00007707,CUST009189,BR0009,2024-11-03,CONSUMER_DURABLE,1232375.26,60,PENDING,C
APP00007708,CUST001587,BR0034,2024-03-24,CONSUMER_DURABLE,1058019.89,12,PENDING,E
APP00007709,CUST008892,BR0035,2024-01-01,CONSUMER_DURABLE,876780.36,12,APPROVED,B
APP00007710,CUST009583,BR0016,2025-12-27,BUSINESS,533010.26,24,PENDING,B
APP00007711,CUST005607,BR0018,2024-06-21,CONSUMER_DURABLE,182995.26,24,REJECTED,D
APP00007712,CUST004921,BR0028,2026-09-16,PERSONAL,582950.23,18,REJECTED,E
APP00007713,CUST008101,BR0030,2025-04-24,CONSUMER_DURABLE,1325997.01,24,APPROVED,D
APP00007714,CUST002970,BR0050,2025-12-23,VEHICLE,1171764.25,36,APPROVED,E
APP00007715,CUST008025,BR0031,2026-01-17,BUSINESS,906368.09,12,PENDING,D
APP00007716,CUST001723,BR0041,2026-06-04,VEHICLE,939277.35,48,APPROVED,A
APP00007717,CUST000246,BR0019,2025-09-10,BUSINESS,705524.05,48,REJECTED,B
APP00007718,CUST001995,BR0013,2024-03-17,VEHICLE,823863.18,48,PENDING,E
APP00007719,CUST000458,BR0025,2024-06-24,BUSINESS,145796.64,18,PENDING,A
APP00007720,CUST001531,BR0011,2025-04-18,VEHICLE,1279830.56,24,REJECTED,B
APP00007721,CUST008892,BR0043,2025-06-18,BUSINESS,1423790.48,36,APPROVED,D
APP00007722,CUST006665,BR0016,2024-05-01,CONSUMER_DURABLE,515501.72,36,APPROVED,C
APP00007723,CUST005659,BR0049,2025-03-28,VEHICLE,697244.9,12,REJECTED,E
APP00007724,CUST007192,BR0040,2026-03-06,PERSONAL,487648.45,12,REJECTED,C
APP00007725,CUST000877,BR0049,2025-02-01,BUSINESS,749156.12,60,APPROVED,A
APP00007726,CUST007520,BR0001,2026-07-09,PERSONAL,129457.77,48,APPROVED,E
APP00007727,CUST005561,BR0050,2024-07-20,VEHICLE,1961504.09,12,REJECTED,A
APP00007728,CUST007673,BR0031,2025-02-27,BUSINESS,1348820.24,36,PENDING,E
APP00007729,CUST009459,BR0023,2024-07-18,CONSUMER_DURABLE,110975.55,60,REJECTED,D
APP00007730,CUST007596,BR0019,2025-12-20,CONSUMER_DURABLE,1671267.6,24,REJECTED,C
APP00007731,CUST000764,BR0020,2026-04-06,CONSUMER_DURABLE,1515540.83,36,APPROVED,C
APP00007732,CUST001901,BR0004,2026-01-04,VEHICLE,67414.69,60,PENDING,C
APP00007733,CUST006108,BR0040,2024-08-24,PERSONAL,1094949.17,24,APPROVED,B
APP00007734,CUST004578,BR0046,2026-03-12,CONSUMER_DURABLE,1941761.03,12,APPROVED,E
APP00007735,CUST006459,BR0038,2026-06-20,BUSINESS,423107.07,60,REJECTED,B
APP00007736,CUST004463,BR0044,2025-05-09,PERSONAL,1118196.32,36,APPROVED,A
APP00007737,CUST000888,BR0029,2025-03-26,VEHICLE,102784.73,48,APPROVED,C
APP00007738,CUST000294,BR0026,2026-02-21,BUSINESS,1775813.29,12,APPROVED,D
APP00007739,CUST001372,BR0009,2025-07-16,BUSINESS,404196.87,60,PENDING,A
APP00007740,CUST004407,BR0017,2024-02-18,BUSINESS,1745468.5,18,APPROVED,C
APP00007741,CUST007491,BR0035,2025-05-03,CONSUMER_DURABLE,1219411.13,18,REJECTED,B
APP00007742,CUST008679,BR0042,2025-06-04,VEHICLE,1377608.52,18,REJECTED,A
APP00007743,CUST002388,BR0025,2025-08-18,BUSINESS,155673.76,48,APPROVED,C
APP00007744,CUST004085,BR0041,2025-02-28,VEHICLE,119348.73,36,PENDING,E
APP00007745,CUST008802,BR0016,2024-07-02,PERSONAL,1340606.46,60,PENDING,C
APP00007746,CUST009958,BR0038,2025-12-08,CONSUMER_DURABLE,123652.28,12,PENDING,E
APP00007747,CUST003665,BR0041,2024-01-02,VEHICLE,998295.05,36,APPROVED,E
APP00007748,CUST004988,BR0018,2025-08-31,VEHICLE,1898771.77,60,PENDING,B
APP00007749,CUST005087,BR0038,2024-12-22,VEHICLE,303161.8,18,APPROVED,C
APP00007750,CUST008271,BR0034,2026-06-30,CONSUMER_DURABLE,627024.67,36,REJECTED,E
APP00007751,CUST003759,BR0039,2026-04-14,CONSUMER_DURABLE,592057.32,24,APPROVED,C
APP00007752,CUST008339,BR0026,2026-02-16,CONSUMER_DURABLE,1932024.7,36,PENDING,A
APP00007753,CUST002523,BR0009,2024-05-31,CONSUMER_DURABLE,95424.05,48,REJECTED,B
APP00007754,CUST002125,BR0035,2025-06-06,CONSUMER_DURABLE,1525363.56,24,APPROVED,A
APP00007755,CUST004033,BR0026,2024-08-04,BUSINESS,718591.61,36,APPROVED,B
APP00007756,CUST007188,BR0016,2024-05-14,VEHICLE,1119676.37,60,REJECTED,A
APP00007757,CUST005373,BR0025,2024-04-30,VEHICLE,729037.45,36,REJECTED,B
APP00007758,CUST005868,BR0038,2026-09-28,VEHICLE,1411855.41,36,APPROVED,C
APP00007759,CUST001421,BR0010,2026-04-13,VEHICLE,940138.23,60,REJECTED,D
APP00007760,CUST008717,BR0046,2024-08-17,PERSONAL,517351.52,48,REJECTED,A
APP00007761,CUST003174,BR0033,2026-07-26,PERSONAL,705308.13,48,REJECTED,D
APP00007762,CUST002761,BR0044,2025-03-17,BUSINESS,1753805.38,24,APPROVED,C
APP00007763,CUST006192,BR0041,2024-01-14,VEHICLE,247317.34,24,PENDING,E
APP00007764,CUST007643,BR0019,2024-08-07,CONSUMER_DURABLE,226743.29,36,APPROVED,C
APP00007765,CUST001956,BR0016,2024-05-23,BUSINESS,763467.47,12,APPROVED,B
APP00007766,CUST008886,BR0007,2025-10-17,CONSUMER_DURABLE,652619.24,60,APPROVED,A
APP00007767,CUST000903,BR0003,2026-05-13,PERSONAL,154874.13,36,APPROVED,E
APP00007768,CUST006372,BR0025,2025-02-10,BUSINESS,1597959.45,24,REJECTED,A
APP00007769,CUST002660,BR0046,2026-01-30,BUSINESS,266744.51,60,APPROVED,B
APP00007770,CUST008812,BR0012,2026-06-14,VEHICLE,1479761.58,60,PENDING,A
APP00007771,CUST008367,BR0014,2024-10-06,PERSONAL,897939.1,48,APPROVED,B
APP00007772,CUST004805,BR0043,2024-07-09,CONSUMER_DURABLE,285591.63,36,APPROVED,E
APP00007773,CUST006401,BR0033,2026-01-02,PERSONAL,146302.42,48,APPROVED,A
APP00007774,CUST005792,BR0038,2025-10-30,VEHICLE,1138317.84,60,PENDING,A
APP00007775,CUST006700,BR0025,2025-01-19,PERSONAL,312246.18,60,REJECTED,C
APP00007776,CUST001768,BR0043,2026-04-25,VEHICLE,1254257.25,12,APPROVED,D
APP00007777,CUST009983,BR0001,2026-05-07,PERSONAL,831533.7,24,APPROVED,B
APP00007778,CUST004708,BR0020,2025-08-07,VEHICLE,1224144.21,12,APPROVED,C
APP00007779,CUST004772,BR0017,2024-08-15,BUSINESS,567587.74,36,REJECTED,B
APP00007780,CUST005129,BR0047,2026-02-16,PERSONAL,850615.26,48,PENDING,C
APP00007781,CUST009486,BR0008,2025-01-23,BUSINESS,265151.5,60,REJECTED,D
APP00007782,CUST000289,BR0017,2025-01-14,BUSINESS,1586282.85,48,PENDING,B
APP00007783,CUST001199,BR0049,2026-03-06,BUSINESS,1590442.46,60,APPROVED,B
APP00007784,CUST005043,BR0026,2024-04-28,PERSONAL,946732.2,18,APPROVED,E
APP00007785,CUST004530,BR0008,2024-11-25,BUSINESS,374459.74,48,REJECTED,A
APP00007786,CUST006126,BR0001,2026-09-19,PERSONAL,1255054.77,48,REJECTED,E
APP00007787,CUST004393,BR0027,2026-03-25,BUSINESS,1563771.53,24,APPROVED,E
APP00007788,CUST001270,BR0016,2024-10-08,BUSINESS,1891688.85,18,PENDING,B
APP00007789,CUST006962,BR0012,2024-05-18,VEHICLE,1436153.79,36,APPROVED,C
APP00007790,CUST002542,BR0005,2024-08-21,PERSONAL,928798.42,18,APPROVED,E
APP00007791,CUST003191,BR0040,2024-09-20,BUSINESS,855144.15,18,PENDING,B
APP00007792,CUST001568,BR0017,2026-05-13,PERSONAL,1515100.01,18,APPROVED,C
APP00007793,CUST004008,BR0031,2024-02-05,VEHICLE,829032.6,48,APPROVED,C
APP00007794,CUST005930,BR0012,2025-03-04,PERSONAL,1309145.8,12,APPROVED,C
APP00007795,CUST003254,BR0005,2024-02-08,VEHICLE,1874988.73,18,APPROVED,B
APP00007796,CUST000619,BR0011,2026-05-19,CONSUMER_DURABLE,424751.14,48,PENDING,E
APP00007797,CUST001473,BR0048,2026-08-22,BUSINESS,668673.82,60,REJECTED,D
APP00007798,CUST006106,BR0005,2025-05-21,CONSUMER_DURABLE,1226296.37,12,APPROVED,D
APP00007799,CUST000914,BR0043,2025-12-16,BUSINESS,207723.72,24,APPROVED,A
APP00007800,CUST007849,BR0014,2025-12-10,VEHICLE,1327618.87,60,PENDING,B
APP00007801,CUST001597,BR0010,2026-08-10,PERSONAL,459601.48,48,APPROVED,C
APP00007802,CUST005787,BR0041,2024-07-24,PERSONAL,1056136.27,12,APPROVED,E
APP00007803,CUST001706,BR0042,2026-03-29,VEHICLE,1843035.73,60,APPROVED,A
APP00007804,CUST000822,BR0003,2025-11-18,CONSUMER_DURABLE,1182521.74,60,REJECTED,E
APP00007805,CUST000561,BR0036,2025-04-01,PERSONAL,1702399.31,48,APPROVED,B
APP00007806,CUST003403,BR0032,2025-03-19,PERSONAL,1991771.47,12,REJECTED,D
APP00007807,CUST002630,BR0002,2025-10-19,VEHICLE,1787773.57,36,PENDING,B
APP00007808,CUST003439,BR0024,2024-04-17,PERSONAL,1356044.2,36,REJECTED,D
APP00007809,CUST009172,BR0023,2026-05-16,BUSINESS,315664.55,36,PENDING,B
APP00007810,CUST009459,BR0031,2024-05-03,CONSUMER_DURABLE,1043499.65,60,PENDING,B
APP00007811,CUST000835,BR0031,2025-10-08,BUSINESS,80752.83,24,REJECTED,D
APP00007812,CUST009973,BR0028,2025-02-19,PERSONAL,634594.43,36,REJECTED,A
APP00007813,CUST006471,BR0045,2024-02-20,PERSONAL,1097227.66,60,APPROVED,B
APP00007814,CUST008329,BR0035,2025-09-11,PERSONAL,1006672.09,36,APPROVED,D
APP00007815,CUST009838,BR0019,2024-04-17,BUSINESS,1169168.73,12,REJECTED,B
APP00007816,CUST005269,BR0029,2026-09-04,PERSONAL,1854511.96,24,REJECTED,C
APP00007817,CUST000462,BR0004,2026-04-16,VEHICLE,1217928.52,12,REJECTED,C
APP00007818,CUST007476,BR0013,2026-08-14,BUSINESS,1479740.78,24,REJECTED,A
APP00007819,CUST007738,BR0016,2026-02-02,CONSUMER_DURABLE,1336215.58,48,APPROVED,B
APP00007820,CUST002115,BR0032,2025-04-23,VEHICLE,172252.83,60,PENDING,E
APP00007821,CUST009443,BR0031,2025-02-06,CONSUMER_DURABLE,927896.24,36,REJECTED,C
APP00007822,CUST006730,BR0022,2025-09-22,BUSINESS,163223.76,36,APPROVED,E
APP00007823,CUST000599,BR0035,2024-03-10,VEHICLE,423132.19,60,PENDING,D
APP00007824,CUST002935,BR0003,2026-07-26,PERSONAL,598125.27,18,APPROVED,B
APP00007825,CUST009232,BR0031,2025-09-23,BUSINESS,1151267.31,60,PENDING,E
APP00007826,CUST006309,BR0038,2025-02-20,CONSUMER_DURABLE,739598.13,12,APPROVED,C
APP00007827,CUST004034,BR0022,2026-05-20,PERSONAL,505210.99,24,REJECTED,C
APP00007828,CUST007696,BR0027,2026-01-05,PERSONAL,964832.23,12,PENDING,C
APP00007829,CUST006551,BR0047,2024-05-05,VEHICLE,1285795.18,48,APPROVED,D
APP00007830,CUST005800,BR0039,2026-04-14,BUSINESS,500485.39,36,REJECTED,B
APP00007831,CUST005652,BR0010,2025-01-22,CONSUMER_DURABLE,1895659.52,48,PENDING,B
APP00007832,CUST006042,BR0004,2025-03-02,VEHICLE,267597.68,18,APPROVED,A
APP00007833,CUST003818,BR0028,2024-09-26,BUSINESS,1541805.82,60,APPROVED,C
APP00007834,CUST003882,BR0037,2025-12-08,VEHICLE,1460586.66,36,APPROVED,A
APP00007835,CUST002492,BR0019,2026-07-14,BUSINESS,1786890.07,18,APPROVED,E
APP00007836,CUST004792,BR0003,2024-06-29,VEHICLE,791750.43,60,REJECTED,D
APP00007837,CUST002816,BR0044,2026-04-04,PERSONAL,253116.61,36,APPROVED,D
APP00007838,CUST009195,BR0027,2026-09-10,BUSINESS,1709096.04,36,APPROVED,D
APP00007839,CUST009172,BR0007,2024-10-21,VEHICLE,361291.83,60,PENDING,C
APP00007840,CUST007513,BR0037,2025-03-19,VEHICLE,1029081.11,24,REJECTED,C
APP00007841,CUST006619,BR0022,2025-12-13,BUSINESS,607034.82,60,PENDING,D
APP00007842,CUST005690,BR0022,2024-01-16,CONSUMER_DURABLE,356142.27,12,REJECTED,A
APP00007843,CUST004866,BR0020,2025-07-08,BUSINESS,1494762.33,18,APPROVED,C
APP00007844,CUST004186,BR0022,2024-02-16,VEHICLE,1988900.01,48,APPROVED,B
APP00007845,CUST003795,BR0007,2025-12-11,CONSUMER_DURABLE,246666.25,24,APPROVED,A
APP00007846,CUST008780,BR0028,2025-10-02,PERSONAL,449034.19,12,REJECTED,D
APP00007847,CUST004347,BR0033,2026-05-03,VEHICLE,1091326.94,12,APPROVED,A
APP00007848,CUST005270,BR0022,2024-09-18,BUSINESS,1303980.79,60,PENDING,A
APP00007849,CUST007474,BR0007,2024-10-02,CONSUMER_DURABLE,1680108.52,18,PENDING,C
APP00007850,CUST006497,BR0041,2024-02-22,PERSONAL,145931.32,12,APPROVED,D
APP00007851,CUST002725,BR0023,2025-02-25,BUSINESS,1278042.25,60,APPROVED,B
APP00007852,CUST006854,BR0039,2026-01-11,CONSUMER_DURABLE,849480.51,18,REJECTED,C
APP00007853,CUST007046,BR0002,2024-10-14,PERSONAL,113038.68,12,APPROVED,D
APP00007854,CUST008103,BR0041,2025-10-23,CONSUMER_DURABLE,1281677.32,18,PENDING,B
APP00007855,CUST007354,BR0049,2024-03-23,CONSUMER_DURABLE,1978147.04,48,PENDING,E
APP00007856,CUST007190,BR0012,2024-10-23,CONSUMER_DURABLE,434469.56,24,APPROVED,E
APP00007857,CUST004893,BR0050,2024-01-15,CONSUMER_DURABLE,1607164.59,18,PENDING,D
APP00007858,CUST001858,BR0005,2026-06-28,BUSINESS,1707584.11,12,REJECTED,D
APP00007859,CUST006942,BR0043,2024-07-31,BUSINESS,1002627.48,48,APPROVED,A
APP00007860,CUST006712,BR0011,2025-03-17,CONSUMER_DURABLE,758148.73,48,PENDING,E
APP00007861,CUST001809,BR0011,2024-08-11,BUSINESS,526914.37,12,PENDING,B
APP00007862,CUST001269,BR0018,2026-08-14,BUSINESS,1119172.86,36,APPROVED,E
APP00007863,CUST003803,BR0030,2024-02-10,BUSINESS,1364164.2,18,APPROVED,C
APP00007864,CUST001363,BR0024,2026-07-01,PERSONAL,797951.46,48,APPROVED,C
APP00007865,CUST008847,BR0027,2026-08-07,VEHICLE,1673783.25,48,PENDING,A
APP00007866,CUST002007,BR0003,2025-03-29,CONSUMER_DURABLE,899505.62,18,APPROVED,A
APP00007867,CUST006294,BR0006,2024-03-11,BUSINESS,649485.16,60,APPROVED,C
APP00007868,CUST006076,BR0025,2026-07-22,PERSONAL,1017849.04,18,APPROVED,E
APP00007869,CUST006222,BR0047,2025-06-17,PERSONAL,1312165.21,60,APPROVED,E
APP00007870,CUST008223,BR0043,2025-08-31,VEHICLE,1342878.13,36,PENDING,E
APP00007871,CUST004837,BR0030,2025-04-11,VEHICLE,1892107.83,48,PENDING,A
APP00007872,CUST000413,BR0006,2026-04-09,VEHICLE,384600.31,48,APPROVED,B
APP00007873,CUST009440,BR0034,2024-01-10,VEHICLE,968102.66,36,APPROVED,D
APP00007874,CUST000510,BR0014,2024-04-23,VEHICLE,1948156.19,18,PENDING,B
APP00007875,CUST009079,BR0007,2024-08-04,BUSINESS,1506261.08,48,REJECTED,E
APP00007876,CUST009578,BR0017,2025-08-17,PERSONAL,497257.31,18,REJECTED,E
APP00007877,CUST008749,BR0014,2026-09-07,VEHICLE,924610.02,18,REJECTED,E
APP00007878,CUST006642,BR0028,2024-05-03,BUSINESS,1840140.12,12,PENDING,D
APP00007879,CUST009977,BR0028,2024-04-26,BUSINESS,1037606.24,18,APPROVED,C
APP00007880,CUST003229,BR0039,2025-08-27,PERSONAL,1097704.58,48,REJECTED,A
APP00007881,CUST004586,BR0042,2025-03-27,VEHICLE,929785.96,18,APPROVED,B
APP00007882,CUST009930,BR0035,2024-11-29,VEHICLE,1013120.01,60,PENDING,C
APP00007883,CUST004930,BR0029,2025-12-25,BUSINESS,386557.19,18,REJECTED,E
APP00007884,CUST000544,BR0002,2024-04-18,CONSUMER_DURABLE,1117937.91,48,PENDING,D
APP00007885,CUST004581,BR0049,2026-09-11,BUSINESS,1272340.66,60,REJECTED,B
APP00007886,CUST009290,BR0047,2026-04-06,BUSINESS,1920781.48,36,APPROVED,A
APP00007887,CUST005608,BR0011,2025-03-27,VEHICLE,466078.43,36,APPROVED,C
APP00007888,CUST002856,BR0037,2024-11-12,VEHICLE,156110.44,12,REJECTED,B
APP00007889,CUST007366,BR0042,2025-02-10,PERSONAL,515526.1,48,PENDING,E
APP00007890,CUST002863,BR0022,2025-11-20,BUSINESS,399793.93,18,REJECTED,B
APP00007891,CUST007308,BR0028,2026-08-23,VEHICLE,1794872.37,48,APPROVED,D
APP00007892,CUST005840,BR0002,2026-07-05,BUSINESS,423642.72,36,REJECTED,A
APP00007893,CUST001297,BR0024,2026-07-05,VEHICLE,1309993.56,36,APPROVED,A
APP00007894,CUST004285,BR0008,2024-10-29,VEHICLE,1130652.95,12,APPROVED,E
APP00007895,CUST005333,BR0028,2024-05-29,VEHICLE,1575641.29,12,APPROVED,D
APP00007896,CUST004456,BR0050,2024-12-31,VEHICLE,1379380.47,24,PENDING,D
APP00007897,CUST005816,BR0015,2026-09-01,PERSONAL,961113.93,36,PENDING,E
APP00007898,CUST005629,BR0021,2025-09-24,VEHICLE,1713746.68,18,APPROVED,D
APP00007899,CUST002470,BR0032,2025-10-01,VEHICLE,1806959.06,36,REJECTED,C
APP00007900,CUST001661,BR0016,2026-06-06,CONSUMER_DURABLE,1938113.43,60,PENDING,D
APP00007901,CUST007797,BR0023,2026-07-19,PERSONAL,1370100.27,60,APPROVED,C
APP00007902,CUST001225,BR0036,2024-12-01,PERSONAL,1194469.58,18,APPROVED,B
APP00007903,CUST006790,BR0003,2026-01-20,PERSONAL,766499.6,18,APPROVED,D
APP00007904,CUST005342,BR0031,2026-05-18,BUSINESS,1353238.06,24,APPROVED,D
APP00007905,CUST009825,BR0019,2024-11-16,BUSINESS,1261903.69,36,APPROVED,B
APP00007906,CUST004310,BR0016,2024-05-08,PERSONAL,1004255.36,36,REJECTED,B
APP00007907,CUST006319,BR0022,2025-11-27,BUSINESS,719258.78,36,PENDING,C
APP00007908,CUST009065,BR0044,2026-03-30,CONSUMER_DURABLE,1121746.22,12,APPROVED,C
APP00007909,CUST005781,BR0004,2025-06-21,BUSINESS,1368975.98,60,PENDING,B
APP00007910,CUST003727,BR0025,2025-04-01,CONSUMER_DURABLE,887836.33,48,PENDING,B
APP00007911,CUST003285,BR0048,2025-12-05,BUSINESS,1208992.13,18,APPROVED,D
APP00007912,CUST002411,BR0048,2025-03-10,PERSONAL,256358.96,36,APPROVED,B
APP00007913,CUST003915,BR0038,2025-06-05,PERSONAL,289458.09,24,APPROVED,A
APP00007914,CUST001225,BR0024,2024-04-20,VEHICLE,170663.9,12,PENDING,C
APP00007915,CUST006376,BR0006,2024-07-19,BUSINESS,644339.14,36,PENDING,A
APP00007916,CUST006054,BR0004,2025-02-20,BUSINESS,137378.81,36,REJECTED,A
APP00007917,CUST005568,BR0020,2024-12-21,BUSINESS,967930.86,48,REJECTED,B
APP00007918,CUST005594,BR0043,2025-10-19,PERSONAL,108014.24,12,PENDING,A
APP00007919,CUST000292,BR0007,2024-06-04,VEHICLE,660739.89,24,APPROVED,B
APP00007920,CUST006806,BR0045,2024-02-27,PERSONAL,1386538.36,60,REJECTED,D
APP00007921,CUST002820,BR0030,2026-08-06,CONSUMER_DURABLE,1527225.85,12,APPROVED,D
APP00007922,CUST003438,BR0018,2024-01-02,BUSINESS,100367.16,60,REJECTED,D
APP00007923,CUST006552,BR0005,2026-03-19,PERSONAL,865490.07,18,REJECTED,A
APP00007924,CUST007177,BR0040,2025-03-13,PERSONAL,1260333.93,36,PENDING,B
APP00007925,CUST000458,BR0013,2025-10-05,VEHICLE,447749.37,36,REJECTED,B
APP00007926,CUST004230,BR0038,2025-01-15,VEHICLE,1614379.12,18,APPROVED,C
APP00007927,CUST008672,BR0004,2025-02-24,PERSONAL,651535.55,48,APPROVED,C
APP00007928,CUST002797,BR0013,2026-06-04,BUSINESS,599954.44,36,REJECTED,A
APP00007929,CUST003445,BR0008,2025-04-25,BUSINESS,1723221.28,18,APPROVED,D
APP00007930,CUST009572,BR0009,2024-04-06,BUSINESS,103879.57,24,APPROVED,C
APP00007931,CUST003473,BR0020,2024-11-23,PERSONAL,1570562.45,24,REJECTED,E
APP00007932,CUST000272,BR0011,2026-09-13,BUSINESS,651420.0,24,APPROVED,C
APP00007933,CUST005212,BR0044,2025-10-20,CONSUMER_DURABLE,264989.33,48,REJECTED,A
APP00007934,CUST004856,BR0037,2026-08-04,VEHICLE,1928136.77,48,REJECTED,A
APP00007935,CUST006462,BR0046,2025-05-09,VEHICLE,646618.8,24,REJECTED,D
APP00007936,CUST003160,BR0043,2024-12-28,BUSINESS,1139933.05,24,APPROVED,D
APP00007937,CUST003741,BR0050,2026-08-20,CONSUMER_DURABLE,603382.1,18,REJECTED,E
APP00007938,CUST004926,BR0024,2025-11-16,BUSINESS,1424695.13,48,REJECTED,D
APP00007939,CUST005438,BR0047,2026-09-12,PERSONAL,1879316.16,24,PENDING,D
APP00007940,CUST009217,BR0025,2024-04-02,CONSUMER_DURABLE,218609.64,18,APPROVED,D
APP00007941,CUST007898,BR0028,2025-04-23,BUSINESS,971174.57,24,APPROVED,B
APP00007942,CUST005427,BR0050,2026-04-14,BUSINESS,483901.67,18,REJECTED,D
APP00007943,CUST007818,BR0017,2026-09-02,BUSINESS,532223.59,60,PENDING,D
APP00007944,CUST008541,BR0026,2024-11-09,VEHICLE,202489.03,12,APPROVED,C
APP00007945,CUST001157,BR0016,2024-12-01,VEHICLE,828702.3,24,PENDING,E
APP00007946,CUST000594,BR0047,2025-09-21,PERSONAL,847564.66,24,PENDING,A
APP00007947,CUST010000,BR0020,2024-12-17,CONSUMER_DURABLE,1241150.95,12,APPROVED,D
APP00007948,CUST009465,BR0005,2025-01-11,PERSONAL,1254283.95,18,REJECTED,E
APP00007949,CUST005625,BR0014,2025-06-26,PERSONAL,792200.62,18,PENDING,D
APP00007950,CUST009325,BR0010,2024-03-09,BUSINESS,958147.38,24,APPROVED,A
APP00007951,CUST009169,BR0019,2025-11-01,CONSUMER_DURABLE,1338756.21,48,PENDING,A
APP00007952,CUST008398,BR0023,2026-03-28,VEHICLE,1124634.5,60,PENDING,B
APP00007953,CUST007801,BR0020,2025-02-16,BUSINESS,293006.87,36,APPROVED,D
APP00007954,CUST002690,BR0021,2024-10-22,BUSINESS,1870384.1,24,APPROVED,D
APP00007955,CUST000212,BR0026,2025-07-08,VEHICLE,1019034.08,60,APPROVED,D
APP00007956,CUST005752,BR0024,2024-07-09,PERSONAL,1867447.44,36,REJECTED,B
APP00007957,CUST006728,BR0021,2024-04-12,CONSUMER_DURABLE,1184346.04,12,PENDING,B
APP00007958,CUST008028,BR0009,2025-01-16,BUSINESS,1798892.01,48,APPROVED,B
APP00007959,CUST003120,BR0042,2025-08-18,CONSUMER_DURABLE,423204.24,12,PENDING,A
APP00007960,CUST001324,BR0005,2025-12-22,CONSUMER_DURABLE,798238.6,36,PENDING,A
APP00007961,CUST004718,BR0002,2024-09-08,PERSONAL,811820.91,48,APPROVED,C
APP00007962,CUST002459,BR0006,2026-01-21,VEHICLE,1733228.53,24,PENDING,D
APP00007963,CUST000542,BR0001,2025-10-08,CONSUMER_DURABLE,1217962.41,12,APPROVED,E
APP00007964,CUST004496,BR0011,2025-02-15,CONSUMER_DURABLE,1127924.18,18,APPROVED,B
APP00007965,CUST006533,BR0001,2026-07-07,PERSONAL,1145010.16,48,APPROVED,A
APP00007966,CUST007929,BR0018,2025-02-23,VEHICLE,1733816.97,18,APPROVED,C
APP00007967,CUST004334,BR0017,2025-09-20,PERSONAL,1081161.11,24,APPROVED,B
APP00007968,CUST005285,BR0029,2026-03-26,CONSUMER_DURABLE,522313.52,18,APPROVED,A
APP00007969,CUST004909,BR0049,2024-07-15,PERSONAL,1063776.3,36,PENDING,D
APP00007970,CUST002443,BR0007,2026-02-20,BUSINESS,1306259.41,24,REJECTED,E
APP00007971,CUST001741,BR0010,2024-11-09,BUSINESS,1298989.95,36,APPROVED,D
APP00007972,CUST004512,BR0040,2025-02-12,VEHICLE,701524.08,48,PENDING,B
APP00007973,CUST009797,BR0029,2026-01-13,BUSINESS,938005.84,18,PENDING,E
APP00007974,CUST006644,BR0021,2024-09-03,CONSUMER_DURABLE,1072872.67,24,APPROVED,A
APP00007975,CUST009635,BR0023,2024-12-12,CONSUMER_DURABLE,1900262.71,12,APPROVED,B
APP00007976,CUST000585,BR0012,2024-05-09,CONSUMER_DURABLE,710815.01,36,APPROVED,B
APP00007977,CUST009339,BR0035,2025-04-04,BUSINESS,435253.94,12,APPROVED,D
APP00007978,CUST003505,BR0024,2026-03-16,VEHICLE,745749.71,12,APPROVED,C
APP00007979,CUST005684,BR0006,2026-08-20,VEHICLE,967122.8,60,PENDING,A
APP00007980,CUST001400,BR0019,2026-08-28,CONSUMER_DURABLE,1767818.27,18,APPROVED,E
APP00007981,CUST006760,BR0009,2025-11-14,BUSINESS,1158497.75,48,APPROVED,E
APP00007982,CUST001752,BR0014,2024-03-05,PERSONAL,275865.39,18,APPROVED,C
APP00007983,CUST004914,BR0031,2024-12-11,BUSINESS,403154.87,60,REJECTED,B
APP00007984,CUST000870,BR0049,2025-10-15,CONSUMER_DURABLE,494952.93,12,REJECTED,D
APP00007985,CUST006361,BR0023,2026-02-23,BUSINESS,1825951.61,48,REJECTED,B
APP00007986,CUST000113,BR0032,2025-05-21,PERSONAL,1965329.63,24,APPROVED,E
APP00007987,CUST009356,BR0020,2026-06-30,PERSONAL,526871.18,48,APPROVED,E
APP00007988,CUST000665,BR0016,2025-07-08,PERSONAL,1540556.59,24,APPROVED,E
APP00007989,CUST004690,BR0041,2024-08-06,VEHICLE,463081.25,48,APPROVED,E
APP00007990,CUST007904,BR0011,2025-12-09,BUSINESS,1901043.22,48,APPROVED,D
APP00007991,CUST009758,BR0025,2025-11-11,CONSUMER_DURABLE,971589.64,36,APPROVED,A
APP00007992,CUST005037,BR0017,2026-07-27,BUSINESS,146801.57,36,APPROVED,E
APP00007993,CUST005704,BR0047,2026-02-13,BUSINESS,1684910.18,24,APPROVED,A
APP00007994,CUST000583,BR0010,2024-06-21,BUSINESS,1971616.11,36,PENDING,D
APP00007995,CUST006552,BR0038,2024-08-04,CONSUMER_DURABLE,694557.91,18,REJECTED,C
APP00007996,CUST004869,BR0021,2026-09-01,PERSONAL,571908.1,36,APPROVED,C
APP00007997,CUST001691,BR0030,2026-06-19,CONSUMER_DURABLE,635053.16,48,PENDING,A
APP00007998,CUST006439,BR0023,2024-01-18,BUSINESS,1873402.19,48,REJECTED,B
APP00007999,CUST000751,BR0047,2025-06-14,VEHICLE,1741970.47,60,PENDING,E
APP00008000,CUST002018,BR0012,2025-03-19,BUSINESS,1752238.39,36,APPROVED,C
APP00008001,CUST002568,BR0035,2024-05-26,CONSUMER_DURABLE,826056.79,48,REJECTED,B
APP00008002,CUST002631,BR0039,2025-12-22,PERSONAL,514592.05,36,APPROVED,A
APP00008003,CUST005652,BR0020,2024-02-23,CONSUMER_DURABLE,1558329.86,48,REJECTED,D
APP00008004,CUST005184,BR0018,2024-11-19,VEHICLE,800907.36,18,APPROVED,D
APP00008005,CUST000959,BR0034,2025-09-03,CONSUMER_DURABLE,1749798.03,12,APPROVED,B
APP00008006,CUST004668,BR0029,2025-01-30,CONSUMER_DURABLE,1628264.72,48,APPROVED,A
APP00008007,CUST001940,BR0037,2026-04-01,PERSONAL,920016.23,48,REJECTED,A
APP00008008,CUST002607,BR0049,2025-08-30,PERSONAL,1567684.02,12,REJECTED,D
APP00008009,CUST000142,BR0014,2026-04-29,CONSUMER_DURABLE,1555184.78,12,APPROVED,C
APP00008010,CUST002822,BR0014,2026-08-03,CONSUMER_DURABLE,521582.12,48,APPROVED,E
APP00008011,CUST003119,BR0042,2024-10-06,CONSUMER_DURABLE,1718963.61,48,PENDING,A
APP00008012,CUST008347,BR0037,2026-08-20,CONSUMER_DURABLE,1488549.43,12,APPROVED,C
APP00008013,CUST002314,BR0022,2024-11-26,CONSUMER_DURABLE,1030538.63,48,APPROVED,C
APP00008014,CUST000913,BR0047,2024-10-16,VEHICLE,819279.76,36,REJECTED,D
APP00008015,CUST007413,BR0044,2024-07-31,VEHICLE,1974339.58,60,PENDING,A
APP00008016,CUST007027,BR0039,2026-09-15,PERSONAL,754633.14,60,REJECTED,B
APP00008017,CUST003710,BR0034,2026-07-07,CONSUMER_DURABLE,387345.07,36,REJECTED,A
APP00008018,CUST009497,BR0021,2025-06-30,BUSINESS,1648173.61,60,PENDING,C
APP00008019,CUST007973,BR0008,2024-02-07,VEHICLE,746408.03,24,APPROVED,D
APP00008020,CUST003932,BR0022,2024-09-26,BUSINESS,1829815.59,48,PENDING,B
APP00008021,CUST002271,BR0043,2025-03-23,PERSONAL,1884630.83,36,PENDING,B
APP00008022,CUST004274,BR0019,2024-11-23,BUSINESS,1581063.0,12,APPROVED,C
APP00008023,CUST002893,BR0017,2025-06-22,VEHICLE,1162672.29,12,APPROVED,B
APP00008024,CUST002654,BR0010,2025-06-16,BUSINESS,1672303.95,18,REJECTED,E
APP00008025,CUST008784,BR0043,2024-09-25,CONSUMER_DURABLE,1790898.58,60,APPROVED,E
APP00008026,CUST005740,BR0028,2025-09-02,CONSUMER_DURABLE,1687260.98,18,PENDING,A
APP00008027,CUST009877,BR0048,2024-05-04,VEHICLE,1709845.23,24,PENDING,C
APP00008028,CUST001304,BR0015,2024-09-14,BUSINESS,164655.73,48,APPROVED,A
APP00008029,CUST008025,BR0003,2026-03-27,VEHICLE,1293606.9,36,APPROVED,B
APP00008030,CUST009934,BR0037,2025-07-09,PERSONAL,1933052.9,24,PENDING,B
APP00008031,CUST001935,BR0039,2024-12-04,VEHICLE,576140.67,48,REJECTED,D
APP00008032,CUST001508,BR0030,2026-05-30,VEHICLE,1003083.67,48,PENDING,C
APP00008033,CUST002651,BR0007,2025-03-23,PERSONAL,1511052.33,24,APPROVED,B
APP00008034,CUST006641,BR0001,2024-06-09,VEHICLE,1278448.47,48,APPROVED,B
APP00008035,CUST007869,BR0025,2026-02-26,PERSONAL,1323478.12,48,PENDING,D
APP00008036,CUST002252,BR0002,2026-01-06,PERSONAL,321770.16,48,PENDING,E
APP00008037,CUST003531,BR0018,2025-07-10,BUSINESS,786576.99,36,APPROVED,A
APP00008038,CUST000701,BR0044,2025-09-23,BUSINESS,435352.76,36,APPROVED,E
APP00008039,CUST005590,BR0014,2025-08-22,PERSONAL,1532589.5,60,PENDING,E
APP00008040,CUST003545,BR0003,2024-09-09,VEHICLE,834924.46,18,APPROVED,A
APP00008041,CUST008315,BR0034,2025-09-13,PERSONAL,1545321.58,48,PENDING,D
APP00008042,CUST005983,BR0020,2024-01-10,BUSINESS,963171.1,36,REJECTED,D
APP00008043,CUST001672,BR0013,2026-08-01,CONSUMER_DURABLE,915710.19,18,APPROVED,E
APP00008044,CUST006554,BR0032,2026-09-21,BUSINESS,1492080.07,12,APPROVED,A
APP00008045,CUST006811,BR0015,2024-10-31,PERSONAL,634134.73,60,APPROVED,D
APP00008046,CUST009056,BR0048,2024-07-14,BUSINESS,1354999.11,36,APPROVED,C
APP00008047,CUST000724,BR0049,2025-05-24,CONSUMER_DURABLE,513922.32,36,APPROVED,C
APP00008048,CUST009955,BR0039,2025-04-30,CONSUMER_DURABLE,1378167.43,48,APPROVED,B
APP00008049,CUST001257,BR0013,2024-01-18,CONSUMER_DURABLE,1961380.8,12,PENDING,E
APP00008050,CUST003769,BR0043,2025-03-27,PERSONAL,1652283.99,12,PENDING,C
APP00008051,CUST003063,BR0009,2024-03-26,PERSONAL,208154.13,18,PENDING,A
APP00008052,CUST003195,BR0050,2025-03-17,CONSUMER_DURABLE,681388.23,48,APPROVED,C
APP00008053,CUST001373,BR0047,2025-10-13,BUSINESS,922557.95,60,REJECTED,D
APP00008054,CUST006230,BR0009,2024-11-05,VEHICLE,1611264.58,24,REJECTED,A
APP00008055,CUST002307,BR0002,2024-08-10,VEHICLE,1087985.26,48,PENDING,B
APP00008056,CUST008546,BR0048,2024-09-13,PERSONAL,1958232.23,60,APPROVED,A
APP00008057,CUST002172,BR0040,2025-10-20,BUSINESS,1092953.81,60,APPROVED,B
APP00008058,CUST003482,BR0035,2026-07-16,PERSONAL,929312.8,24,REJECTED,A
APP00008059,CUST006097,BR0039,2024-04-09,BUSINESS,947493.61,60,PENDING,C
APP00008060,CUST008409,BR0001,2025-04-02,VEHICLE,786513.24,60,APPROVED,A
APP00008061,CUST008106,BR0030,2026-07-29,CONSUMER_DURABLE,1492759.66,24,APPROVED,C
APP00008062,CUST009247,BR0029,2025-05-15,BUSINESS,242695.29,36,REJECTED,E
APP00008063,CUST009425,BR0043,2025-08-02,BUSINESS,1476578.05,24,PENDING,A
APP00008064,CUST006679,BR0026,2024-05-08,PERSONAL,716325.21,24,REJECTED,D
APP00008065,CUST006015,BR0025,2026-08-05,PERSONAL,589331.24,60,PENDING,E
APP00008066,CUST002953,BR0027,2026-06-26,PERSONAL,650997.38,48,APPROVED,E
APP00008067,CUST006126,BR0047,2026-04-04,PERSONAL,1059303.59,18,PENDING,A
APP00008068,CUST000088,BR0004,2026-03-03,VEHICLE,790234.46,18,APPROVED,B
APP00008069,CUST006008,BR0038,2026-03-29,PERSONAL,1264610.57,48,PENDING,A
APP00008070,CUST005772,BR0006,2024-04-05,PERSONAL,785174.84,18,PENDING,B
APP00008071,CUST008908,BR0002,2026-04-18,BUSINESS,1935047.4,48,APPROVED,A
APP00008072,CUST003049,BR0004,2024-11-02,PERSONAL,242177.67,24,PENDING,D
APP00008073,CUST001839,BR0016,2025-11-27,CONSUMER_DURABLE,1242841.47,48,REJECTED,E
APP00008074,CUST003506,BR0012,2024-07-29,PERSONAL,391042.64,12,APPROVED,D
APP00008075,CUST004303,BR0041,2025-03-30,CONSUMER_DURABLE,590718.29,36,REJECTED,B
APP00008076,CUST001366,BR0016,2026-04-09,PERSONAL,1218996.23,60,APPROVED,B
APP00008077,CUST001431,BR0026,2024-08-15,CONSUMER_DURABLE,839899.87,60,APPROVED,D
APP00008078,CUST002080,BR0014,2024-08-06,BUSINESS,640645.49,48,APPROVED,C
APP00008079,CUST005716,BR0014,2026-06-19,BUSINESS,860130.81,18,APPROVED,A
APP00008080,CUST003793,BR0008,2026-08-21,VEHICLE,522043.62,36,APPROVED,C
APP00008081,CUST008543,BR0030,2025-06-17,BUSINESS,920194.99,18,REJECTED,E
APP00008082,CUST000759,BR0035,2025-08-11,PERSONAL,298588.25,12,PENDING,A
APP00008083,CUST008478,BR0045,2025-12-03,PERSONAL,1089232.05,60,APPROVED,B
APP00008084,CUST007471,BR0025,2024-01-23,PERSONAL,173805.62,24,APPROVED,C
APP00008085,CUST001542,BR0027,2025-08-18,PERSONAL,139002.17,48,APPROVED,D
APP00008086,CUST008392,BR0044,2024-06-17,PERSONAL,369009.58,12,REJECTED,C
APP00008087,CUST003774,BR0002,2026-01-23,BUSINESS,1828876.58,18,APPROVED,E
APP00008088,CUST008282,BR0004,2024-02-07,VEHICLE,1431056.2,60,REJECTED,C
APP00008089,CUST005058,BR0016,2025-04-07,VEHICLE,340149.81,18,REJECTED,B
APP00008090,CUST008924,BR0026,2025-04-10,PERSONAL,1583815.04,48,APPROVED,D
APP00008091,CUST006698,BR0008,2024-08-26,CONSUMER_DURABLE,785687.18,60,APPROVED,C
APP00008092,CUST007073,BR0013,2025-12-07,BUSINESS,425797.84,60,REJECTED,C
APP00008093,CUST008532,BR0006,2024-07-21,BUSINESS,1733046.64,24,APPROVED,C
APP00008094,CUST001752,BR0019,2025-01-21,CONSUMER_DURABLE,767998.9,36,APPROVED,B
APP00008095,CUST008877,BR0026,2025-07-06,CONSUMER_DURABLE,340215.84,60,APPROVED,C
APP00008096,CUST006033,BR0044,2024-10-15,PERSONAL,456627.73,18,REJECTED,D
APP00008097,CUST003511,BR0041,2024-01-16,PERSONAL,1614800.01,18,REJECTED,E
APP00008098,CUST000563,BR0014,2024-12-03,BUSINESS,660572.97,36,PENDING,A
APP00008099,CUST001785,BR0037,2026-03-21,PERSONAL,365558.25,12,APPROVED,A
APP00008100,CUST006959,BR0042,2024-02-03,BUSINESS,633446.83,36,APPROVED,E
APP00008101,CUST007828,BR0014,2026-02-09,CONSUMER_DURABLE,437067.34,12,REJECTED,A
APP00008102,CUST001699,BR0014,2024-05-08,CONSUMER_DURABLE,1272233.17,24,REJECTED,E
APP00008103,CUST008126,BR0039,2024-01-26,BUSINESS,1717635.5,24,REJECTED,E
APP00008104,CUST004372,BR0043,2026-05-16,BUSINESS,402261.92,18,REJECTED,E
APP00008105,CUST007362,BR0006,2025-09-01,BUSINESS,1154478.33,36,PENDING,D
APP00008106,CUST005599,BR0038,2024-12-27,PERSONAL,705003.3,12,APPROVED,B
APP00008107,CUST000245,BR0042,2025-12-28,BUSINESS,1221128.11,48,REJECTED,B
APP00008108,CUST007595,BR0009,2026-09-10,PERSONAL,1509646.66,24,APPROVED,E
APP00008109,CUST000978,BR0049,2025-08-13,CONSUMER_DURABLE,559895.27,60,APPROVED,C
APP00008110,CUST001624,BR0008,2024-03-09,BUSINESS,481436.29,48,APPROVED,E
APP00008111,CUST009159,BR0017,2026-05-14,CONSUMER_DURABLE,1325072.57,48,APPROVED,E
APP00008112,CUST001715,BR0026,2025-11-03,VEHICLE,1549079.49,18,APPROVED,A
APP00008113,CUST003316,BR0018,2026-01-06,PERSONAL,406465.68,24,REJECTED,A
APP00008114,CUST000033,BR0047,2025-10-17,PERSONAL,460437.38,60,APPROVED,E
APP00008115,CUST002590,BR0023,2026-04-15,BUSINESS,414353.51,60,APPROVED,A
APP00008116,CUST003121,BR0011,2025-04-02,PERSONAL,494051.03,36,APPROVED,D
APP00008117,CUST004838,BR0034,2026-09-20,BUSINESS,843407.05,18,REJECTED,A
APP00008118,CUST009699,BR0043,2026-08-21,VEHICLE,695794.24,60,APPROVED,A
APP00008119,CUST002552,BR0044,2026-01-29,PERSONAL,61559.37,60,APPROVED,E
APP00008120,CUST004759,BR0013,2024-09-15,VEHICLE,947411.32,60,PENDING,C
APP00008121,CUST007788,BR0024,2026-02-02,CONSUMER_DURABLE,179005.54,36,APPROVED,E
APP00008122,CUST002741,BR0044,2026-03-25,BUSINESS,1452702.49,60,APPROVED,E
APP00008123,CUST000283,BR0001,2024-07-09,VEHICLE,1518076.25,18,APPROVED,C
APP00008124,CUST000414,BR0012,2026-06-26,VEHICLE,295685.12,60,PENDING,D
APP00008125,CUST002067,BR0023,2024-12-30,BUSINESS,276605.59,36,APPROVED,D
APP00008126,CUST006921,BR0023,2026-07-25,VEHICLE,1862416.07,60,PENDING,C
APP00008127,CUST000889,BR0043,2025-03-15,BUSINESS,471029.54,36,REJECTED,B
APP00008128,CUST007000,BR0012,2024-09-16,CONSUMER_DURABLE,1220521.02,48,REJECTED,E
APP00008129,CUST000260,BR0043,2025-11-15,PERSONAL,1226469.54,24,REJECTED,D
APP00008130,CUST005733,BR0032,2025-01-21,BUSINESS,111208.85,48,APPROVED,E
APP00008131,CUST004644,BR0031,2024-08-09,CONSUMER_DURABLE,162427.0,48,REJECTED,E
APP00008132,CUST003511,BR0021,2025-07-16,BUSINESS,216750.42,48,REJECTED,A
APP00008133,CUST009723,BR0033,2024-03-09,BUSINESS,602753.03,24,PENDING,B
APP00008134,CUST002129,BR0044,2026-02-24,VEHICLE,1242366.79,60,REJECTED,E
APP00008135,CUST008441,BR0036,2024-07-14,PERSONAL,201355.49,18,APPROVED,C
APP00008136,CUST000032,BR0015,2024-05-22,CONSUMER_DURABLE,1567173.96,24,APPROVED,C
APP00008137,CUST001006,BR0033,2024-05-31,PERSONAL,381353.9,24,APPROVED,E
APP00008138,CUST006911,BR0042,2024-12-30,BUSINESS,1454857.61,36,REJECTED,C
APP00008139,CUST005749,BR0006,2024-01-01,VEHICLE,1488599.91,48,APPROVED,D
APP00008140,CUST003109,BR0029,2024-01-06,VEHICLE,606093.01,18,PENDING,E
APP00008141,CUST004179,BR0035,2024-12-31,BUSINESS,863279.86,36,PENDING,D
APP00008142,CUST008396,BR0029,2024-07-11,VEHICLE,338207.96,24,REJECTED,D
APP00008143,CUST008779,BR0033,2024-10-20,BUSINESS,896033.28,48,PENDING,D
APP00008144,CUST003660,BR0002,2026-07-07,VEHICLE,162827.09,60,APPROVED,B
APP00008145,CUST000751,BR0027,2026-08-07,BUSINESS,1833754.03,18,REJECTED,B
APP00008146,CUST008066,BR0009,2026-09-03,VEHICLE,1362001.98,18,REJECTED,C
APP00008147,CUST006857,BR0048,2026-02-05,BUSINESS,838561.08,12,REJECTED,A
APP00008148,CUST000895,BR0033,2024-10-27,BUSINESS,519455.71,36,PENDING,C
APP00008149,CUST005788,BR0016,2025-09-24,VEHICLE,970834.21,18,PENDING,C
APP00008150,CUST001137,BR0022,2024-10-08,CONSUMER_DURABLE,1871376.99,60,APPROVED,B
APP00008151,CUST007568,BR0013,2025-11-07,VEHICLE,318546.75,48,APPROVED,A
APP00008152,CUST003710,BR0015,2026-02-15,VEHICLE,988080.04,24,APPROVED,A
APP00008153,CUST009124,BR0002,2024-01-19,PERSONAL,1532665.13,48,APPROVED,C
APP00008154,CUST003227,BR0021,2026-03-17,PERSONAL,820468.09,48,REJECTED,B
APP00008155,CUST002149,BR0031,2025-04-12,PERSONAL,122290.64,48,REJECTED,E
APP00008156,CUST000690,BR0038,2026-08-12,VEHICLE,1525623.17,18,APPROVED,B
APP00008157,CUST008316,BR0042,2024-09-04,PERSONAL,843476.07,48,REJECTED,C
APP00008158,CUST004025,BR0047,2024-04-07,CONSUMER_DURABLE,189793.9,24,PENDING,D
APP00008159,CUST006327,BR0038,2024-01-22,VEHICLE,64777.98,12,APPROVED,B
APP00008160,CUST002548,BR0028,2026-03-02,VEHICLE,877383.39,18,PENDING,D
APP00008161,CUST007328,BR0013,2025-07-04,BUSINESS,1078610.98,36,PENDING,B
APP00008162,CUST001871,BR0016,2025-05-22,CONSUMER_DURABLE,324848.91,24,APPROVED,E
APP00008163,CUST003339,BR0012,2025-02-01,PERSONAL,240430.01,18,APPROVED,D
APP00008164,CUST009148,BR0045,2024-11-16,BUSINESS,301930.34,60,APPROVED,B
APP00008165,CUST003989,BR0028,2025-09-10,VEHICLE,1006200.85,48,REJECTED,D
APP00008166,CUST008462,BR0009,2026-01-16,CONSUMER_DURABLE,1695239.77,24,REJECTED,E
APP00008167,CUST006473,BR0039,2024-05-26,BUSINESS,1831287.48,12,APPROVED,A
APP00008168,CUST009034,BR0049,2026-09-05,PERSONAL,222457.36,36,REJECTED,C
APP00008169,CUST001768,BR0001,2025-01-16,BUSINESS,708800.45,12,PENDING,A
APP00008170,CUST000131,BR0004,2025-09-11,VEHICLE,212889.82,36,REJECTED,B
APP00008171,CUST007406,BR0036,2025-08-04,VEHICLE,122004.36,48,APPROVED,C
APP00008172,CUST007823,BR0020,2026-07-27,BUSINESS,1637488.49,24,APPROVED,E
APP00008173,CUST008399,BR0001,2024-07-03,VEHICLE,410857.46,12,REJECTED,A
APP00008174,CUST008011,BR0027,2024-06-22,VEHICLE,1464363.99,36,APPROVED,A
APP00008175,CUST004816,BR0017,2026-03-25,PERSONAL,1707691.73,36,REJECTED,C
APP00008176,CUST005122,BR0047,2026-09-30,PERSONAL,1618187.39,18,PENDING,A
APP00008177,CUST005996,BR0050,2024-06-28,BUSINESS,1754317.8,48,PENDING,D
APP00008178,CUST007589,BR0026,2024-01-12,VEHICLE,1828217.63,60,APPROVED,A
APP00008179,CUST009332,BR0040,2024-04-22,CONSUMER_DURABLE,1624259.57,60,REJECTED,C
APP00008180,CUST007911,BR0010,2024-10-25,BUSINESS,1670103.22,12,APPROVED,C
APP00008181,CUST000330,BR0011,2024-04-09,VEHICLE,284903.78,36,REJECTED,B
APP00008182,CUST003548,BR0029,2024-01-13,BUSINESS,1536112.34,12,APPROVED,E
APP00008183,CUST003567,BR0002,2025-12-07,VEHICLE,897812.52,48,PENDING,A
APP00008184,CUST003532,BR0047,2025-10-19,BUSINESS,128566.78,18,APPROVED,D
APP00008185,CUST001316,BR0046,2024-06-30,PERSONAL,209163.81,24,APPROVED,E
APP00008186,CUST002428,BR0009,2024-02-21,CONSUMER_DURABLE,1150332.48,48,PENDING,E
APP00008187,CUST002129,BR0041,2025-11-23,VEHICLE,450741.82,60,REJECTED,E
APP00008188,CUST009550,BR0004,2026-06-11,CONSUMER_DURABLE,245429.49,48,APPROVED,E
APP00008189,CUST002035,BR0028,2025-12-06,BUSINESS,204669.62,48,APPROVED,B
APP00008190,CUST003901,BR0044,2024-02-07,VEHICLE,1437440.49,24,PENDING,B
APP00008191,CUST004532,BR0031,2025-07-27,VEHICLE,1064918.78,60,PENDING,E
APP00008192,CUST008084,BR0016,2025-07-11,VEHICLE,339781.71,24,PENDING,D
APP00008193,CUST007692,BR0032,2025-03-16,BUSINESS,530048.49,48,APPROVED,B
APP00008194,CUST009228,BR0019,2026-08-03,VEHICLE,1042323.74,12,APPROVED,D
APP00008195,CUST005050,BR0041,2025-08-08,BUSINESS,803430.67,12,REJECTED,D
APP00008196,CUST000495,BR0046,2025-02-02,CONSUMER_DURABLE,158061.26,48,APPROVED,A
APP00008197,CUST009469,BR0014,2024-01-22,VEHICLE,240747.79,36,REJECTED,E
APP00008198,CUST005413,BR0004,2026-07-02,CONSUMER_DURABLE,1118617.54,18,APPROVED,E
APP00008199,CUST006551,BR0017,2026-08-11,CONSUMER_DURABLE,1629934.7,18,APPROVED,A
APP00008200,CUST003054,BR0031,2025-11-08,CONSUMER_DURABLE,368452.29,60,APPROVED,C
APP00008201,CUST003660,BR0027,2024-12-18,PERSONAL,496448.13,18,APPROVED,A
APP00008202,CUST001033,BR0050,2024-07-29,PERSONAL,1038797.7,18,APPROVED,E
APP00008203,CUST003853,BR0014,2024-05-29,BUSINESS,136972.52,60,APPROVED,D
APP00008204,CUST007274,BR0014,2024-11-19,BUSINESS,637370.01,48,APPROVED,E
APP00008205,CUST008104,BR0004,2026-04-22,VEHICLE,1699439.76,12,APPROVED,A
APP00008206,CUST004059,BR0031,2024-02-12,PERSONAL,1617035.07,24,APPROVED,B
APP00008207,CUST003390,BR0038,2026-08-04,VEHICLE,850273.66,60,PENDING,C
APP00008208,CUST004964,BR0033,2024-08-13,CONSUMER_DURABLE,539052.56,36,PENDING,B
APP00008209,CUST003929,BR0020,2024-06-14,PERSONAL,1689539.65,12,APPROVED,B
APP00008210,CUST006736,BR0034,2025-11-04,PERSONAL,595994.31,12,REJECTED,C
APP00008211,CUST007857,BR0012,2026-06-22,CONSUMER_DURABLE,1219172.12,12,APPROVED,B
APP00008212,CUST008416,BR0024,2024-07-12,BUSINESS,68648.68,12,APPROVED,A
APP00008213,CUST001362,BR0011,2025-04-24,VEHICLE,1689087.36,60,PENDING,E
APP00008214,CUST008945,BR0004,2026-08-12,CONSUMER_DURABLE,1452037.8,48,PENDING,D
APP00008215,CUST003465,BR0023,2025-05-18,BUSINESS,1979157.69,18,APPROVED,C
APP00008216,CUST005098,BR0009,2025-01-08,CONSUMER_DURABLE,236676.14,48,APPROVED,C
APP00008217,CUST003895,BR0028,2024-03-06,PERSONAL,1794065.22,36,PENDING,B
APP00008218,CUST003178,BR0044,2025-03-28,VEHICLE,254014.05,60,APPROVED,E
APP00008219,CUST000483,BR0020,2024-01-08,BUSINESS,578271.94,24,APPROVED,A
APP00008220,CUST003592,BR0047,2025-11-14,PERSONAL,1630082.12,48,APPROVED,E
APP00008221,CUST009241,BR0031,2025-02-23,VEHICLE,1799449.96,24,APPROVED,D
APP00008222,CUST003773,BR0025,2026-07-26,VEHICLE,1890101.43,60,APPROVED,B
APP00008223,CUST005085,BR0039,2024-08-28,VEHICLE,249386.43,48,PENDING,A
APP00008224,CUST001881,BR0043,2026-09-16,PERSONAL,1454457.54,48,APPROVED,A
APP00008225,CUST008676,BR0044,2024-11-09,BUSINESS,747997.06,24,REJECTED,C
APP00008226,CUST000864,BR0009,2025-04-23,PERSONAL,737520.86,60,REJECTED,E
APP00008227,CUST000606,BR0039,2026-03-02,PERSONAL,1448291.44,60,PENDING,A
APP00008228,CUST005554,BR0050,2024-03-28,VEHICLE,454909.26,12,REJECTED,C
APP00008229,CUST003712,BR0043,2025-03-11,CONSUMER_DURABLE,1765490.92,36,APPROVED,A
APP00008230,CUST007273,BR0016,2024-07-03,CONSUMER_DURABLE,1525848.33,60,REJECTED,E
APP00008231,CUST007199,BR0006,2025-08-16,BUSINESS,742936.16,60,APPROVED,E
APP00008232,CUST008307,BR0030,2025-03-17,VEHICLE,900843.67,36,PENDING,B
APP00008233,CUST001156,BR0024,2025-06-04,CONSUMER_DURABLE,561112.52,24,REJECTED,A
APP00008234,CUST007420,BR0046,2025-12-30,BUSINESS,1612182.33,24,APPROVED,C
APP00008235,CUST003251,BR0027,2024-01-18,PERSONAL,83842.99,12,REJECTED,A
APP00008236,CUST006504,BR0026,2025-08-28,BUSINESS,588886.38,24,APPROVED,C
APP00008237,CUST001475,BR0035,2025-09-02,CONSUMER_DURABLE,1637337.8,48,APPROVED,B
APP00008238,CUST002232,BR0032,2025-06-09,BUSINESS,1626869.66,24,APPROVED,B
APP00008239,CUST000378,BR0046,2026-08-15,VEHICLE,1211632.92,36,APPROVED,B
APP00008240,CUST007102,BR0043,2026-09-20,BUSINESS,1900017.48,48,APPROVED,D
APP00008241,CUST000706,BR0048,2026-07-12,BUSINESS,1583801.65,36,REJECTED,A
APP00008242,CUST006390,BR0028,2026-04-27,CONSUMER_DURABLE,1330833.4,48,APPROVED,A
APP00008243,CUST001468,BR0026,2025-07-28,VEHICLE,470860.48,24,PENDING,B
APP00008244,CUST000687,BR0017,2024-07-04,VEHICLE,804617.99,24,APPROVED,A
APP00008245,CUST006930,BR0023,2025-07-11,PERSONAL,763798.68,60,APPROVED,B
APP00008246,CUST002101,BR0009,2025-09-30,PERSONAL,740523.25,18,REJECTED,C
APP00008247,CUST003813,BR0037,2025-08-13,BUSINESS,1094861.77,60,APPROVED,E
APP00008248,CUST004567,BR0024,2024-05-28,VEHICLE,319399.43,36,APPROVED,C
APP00008249,CUST008352,BR0011,2024-09-08,CONSUMER_DURABLE,484261.99,12,APPROVED,E
APP00008250,CUST000101,BR0036,2025-10-21,PERSONAL,1879798.04,36,APPROVED,A
APP00008251,CUST006392,BR0043,2024-01-11,BUSINESS,191261.02,24,APPROVED,C
APP00008252,CUST001310,BR0021,2025-11-25,PERSONAL,277277.93,60,APPROVED,A
APP00008253,CUST001219,BR0008,2026-05-04,VEHICLE,226624.53,36,APPROVED,D
APP00008254,CUST009923,BR0002,2025-04-26,PERSONAL,103643.98,18,PENDING,E
APP00008255,CUST005547,BR0024,2026-07-17,PERSONAL,225908.31,48,REJECTED,A
APP00008256,CUST002445,BR0049,2026-03-26,VEHICLE,1105643.72,12,APPROVED,A
APP00008257,CUST002370,BR0018,2024-12-12,CONSUMER_DURABLE,695524.93,12,APPROVED,A
APP00008258,CUST003022,BR0011,2026-02-16,VEHICLE,1487278.15,60,APPROVED,D
APP00008259,CUST009216,BR0034,2025-05-08,BUSINESS,1466409.32,24,APPROVED,E
APP00008260,CUST003013,BR0025,2024-06-02,BUSINESS,1337170.69,36,PENDING,D
APP00008261,CUST003878,BR0004,2024-09-29,CONSUMER_DURABLE,1138536.88,24,REJECTED,A
APP00008262,CUST004658,BR0042,2025-03-24,BUSINESS,1826390.46,60,PENDING,C
APP00008263,CUST001130,BR0036,2026-09-23,CONSUMER_DURABLE,283668.29,48,APPROVED,B
APP00008264,CUST004968,BR0019,2025-04-13,PERSONAL,1288445.31,48,REJECTED,D
APP00008265,CUST005649,BR0001,2026-07-27,VEHICLE,205166.41,48,PENDING,A
APP00008266,CUST008374,BR0009,2026-08-24,VEHICLE,866886.93,36,PENDING,C
APP00008267,CUST006483,BR0012,2024-06-19,CONSUMER_DURABLE,1988130.11,60,PENDING,C
APP00008268,CUST006026,BR0031,2025-10-14,BUSINESS,966747.22,18,PENDING,E
APP00008269,CUST001145,BR0037,2024-01-03,VEHICLE,1954251.75,48,APPROVED,C
APP00008270,CUST000552,BR0045,2026-05-28,BUSINESS,909691.04,12,APPROVED,B
APP00008271,CUST006129,BR0050,2026-06-29,BUSINESS,374325.43,24,APPROVED,E
APP00008272,CUST001265,BR0013,2024-01-09,BUSINESS,141469.79,12,PENDING,D
APP00008273,CUST006562,BR0013,2025-01-19,BUSINESS,929458.5,60,APPROVED,D
APP00008274,CUST009038,BR0044,2026-08-28,VEHICLE,1365376.67,36,APPROVED,A
APP00008275,CUST005646,BR0005,2024-10-03,PERSONAL,724265.73,24,APPROVED,E
APP00008276,CUST007731,BR0021,2026-01-09,VEHICLE,1807687.16,36,APPROVED,A
APP00008277,CUST000499,BR0024,2024-07-22,CONSUMER_DURABLE,1722880.64,18,APPROVED,E
APP00008278,CUST009202,BR0003,2025-02-16,VEHICLE,512274.81,60,APPROVED,E
APP00008279,CUST006001,BR0033,2026-06-25,CONSUMER_DURABLE,1555299.2,18,REJECTED,A
APP00008280,CUST000655,BR0050,2025-02-23,CONSUMER_DURABLE,321673.01,48,REJECTED,C
APP00008281,CUST003199,BR0010,2026-03-10,CONSUMER_DURABLE,1417826.61,24,REJECTED,E
APP00008282,CUST002142,BR0021,2025-06-10,VEHICLE,397429.4,36,APPROVED,B
APP00008283,CUST008091,BR0034,2026-03-25,BUSINESS,1720617.01,12,APPROVED,E
APP00008284,CUST001295,BR0015,2024-11-16,BUSINESS,182421.66,36,REJECTED,A
APP00008285,CUST009869,BR0031,2025-11-29,CONSUMER_DURABLE,394679.62,60,PENDING,A
APP00008286,CUST007542,BR0045,2024-08-18,CONSUMER_DURABLE,1392567.27,24,PENDING,A
APP00008287,CUST005972,BR0043,2024-02-05,PERSONAL,420831.4,24,APPROVED,E
APP00008288,CUST007233,BR0039,2024-11-02,CONSUMER_DURABLE,1121348.17,36,APPROVED,A
APP00008289,CUST003019,BR0005,2025-01-15,PERSONAL,1729529.77,24,PENDING,C
APP00008290,CUST008277,BR0009,2026-07-07,CONSUMER_DURABLE,1076882.69,36,PENDING,E
APP00008291,CUST008199,BR0048,2024-12-04,BUSINESS,1755698.16,18,APPROVED,A
APP00008292,CUST006614,BR0033,2026-06-21,PERSONAL,482027.08,12,APPROVED,E
APP00008293,CUST009513,BR0016,2024-03-15,BUSINESS,794731.72,48,APPROVED,A
APP00008294,CUST003061,BR0050,2025-10-13,VEHICLE,166484.85,24,PENDING,A
APP00008295,CUST009372,BR0006,2026-07-06,CONSUMER_DURABLE,770720.99,12,APPROVED,B
APP00008296,CUST004740,BR0018,2024-11-19,CONSUMER_DURABLE,1595601.83,48,PENDING,E
APP00008297,CUST000378,BR0018,2026-03-23,BUSINESS,488232.26,18,PENDING,A
APP00008298,CUST002318,BR0010,2025-09-09,VEHICLE,212635.77,18,APPROVED,C
APP00008299,CUST005088,BR0006,2024-10-07,VEHICLE,216935.96,18,APPROVED,B
APP00008300,CUST006728,BR0011,2026-08-06,CONSUMER_DURABLE,1164770.13,12,REJECTED,D
APP00008301,CUST009181,BR0021,2026-01-20,PERSONAL,308166.32,48,APPROVED,B
APP00008302,CUST004109,BR0020,2025-08-24,CONSUMER_DURABLE,1982579.39,60,PENDING,E
APP00008303,CUST007191,BR0035,2026-08-11,PERSONAL,562941.86,36,PENDING,D
APP00008304,CUST006402,BR0046,2024-07-23,PERSONAL,588153.92,24,PENDING,A
APP00008305,CUST005706,BR0041,2025-12-04,BUSINESS,51400.75,36,PENDING,E
APP00008306,CUST009915,BR0050,2025-11-02,PERSONAL,153317.75,36,PENDING,B
APP00008307,CUST002851,BR0008,2025-08-15,VEHICLE,1339394.71,60,APPROVED,B
APP00008308,CUST006183,BR0001,2024-08-12,CONSUMER_DURABLE,447894.72,24,REJECTED,E
APP00008309,CUST007415,BR0049,2024-04-16,VEHICLE,1412745.89,36,REJECTED,E
APP00008310,CUST003451,BR0047,2025-11-19,BUSINESS,1908916.08,60,PENDING,B
APP00008311,CUST006157,BR0007,2025-08-13,CONSUMER_DURABLE,401241.87,48,PENDING,B
APP00008312,CUST009905,BR0002,2024-06-14,BUSINESS,1136980.83,36,APPROVED,E
APP00008313,CUST007297,BR0005,2025-12-31,CONSUMER_DURABLE,1183009.96,36,REJECTED,D
APP00008314,CUST002383,BR0030,2025-12-24,BUSINESS,1735241.24,12,PENDING,D
APP00008315,CUST003192,BR0032,2025-02-16,BUSINESS,1239125.53,60,REJECTED,C
APP00008316,CUST003833,BR0049,2025-10-24,BUSINESS,290666.26,18,APPROVED,E
APP00008317,CUST004912,BR0017,2024-06-24,CONSUMER_DURABLE,1145707.97,60,REJECTED,D
APP00008318,CUST002119,BR0028,2025-10-04,PERSONAL,889312.04,24,PENDING,E
APP00008319,CUST001790,BR0019,2025-07-27,BUSINESS,610798.14,18,PENDING,C
APP00008320,CUST005753,BR0033,2025-07-19,VEHICLE,1528864.64,12,REJECTED,E
APP00008321,CUST005987,BR0006,2024-05-05,VEHICLE,295175.57,60,REJECTED,E
APP00008322,CUST000379,BR0006,2026-01-25,VEHICLE,1896093.9,36,APPROVED,C
APP00008323,CUST003815,BR0016,2025-10-03,VEHICLE,1707661.07,60,REJECTED,B
APP00008324,CUST008879,BR0039,2025-10-24,VEHICLE,1651501.0,24,PENDING,C
APP00008325,CUST008701,BR0007,2025-05-20,VEHICLE,1867464.47,24,APPROVED,D
APP00008326,CUST008489,BR0030,2024-04-08,BUSINESS,1214901.88,18,REJECTED,E
APP00008327,CUST004550,BR0033,2025-10-05,VEHICLE,875172.32,60,APPROVED,C
APP00008328,CUST002288,BR0024,2025-03-04,BUSINESS,753410.87,24,APPROVED,D
APP00008329,CUST007371,BR0032,2025-01-01,PERSONAL,1225095.7,18,REJECTED,B
APP00008330,CUST003749,BR0001,2024-02-06,VEHICLE,794718.23,48,PENDING,E
APP00008331,CUST005555,BR0047,2025-03-14,BUSINESS,303515.6,36,PENDING,E
APP00008332,CUST005754,BR0029,2024-02-12,BUSINESS,1623247.03,12,APPROVED,A
APP00008333,CUST005089,BR0021,2026-05-01,CONSUMER_DURABLE,1835436.41,18,APPROVED,B
APP00008334,CUST003129,BR0037,2026-02-28,BUSINESS,430245.64,36,PENDING,C
APP00008335,CUST000212,BR0039,2024-09-20,VEHICLE,1853129.86,24,APPROVED,E
APP00008336,CUST004276,BR0010,2026-06-03,BUSINESS,360006.36,48,PENDING,A
APP00008337,CUST005126,BR0015,2025-12-09,PERSONAL,568610.65,12,APPROVED,C
APP00008338,CUST003826,BR0021,2025-10-15,BUSINESS,1365002.83,36,APPROVED,B
APP00008339,CUST006079,BR0005,2026-02-16,CONSUMER_DURABLE,247786.44,48,PENDING,C
APP00008340,CUST007602,BR0009,2026-09-20,CONSUMER_DURABLE,590902.95,48,REJECTED,D
APP00008341,CUST006742,BR0031,2024-12-24,BUSINESS,1514820.34,48,APPROVED,E
APP00008342,CUST005335,BR0046,2025-03-12,PERSONAL,304523.77,36,APPROVED,E
APP00008343,CUST006985,BR0030,2025-03-07,PERSONAL,178442.22,12,PENDING,E
APP00008344,CUST006180,BR0035,2025-02-14,VEHICLE,1346829.23,24,APPROVED,D
APP00008345,CUST002673,BR0005,2026-09-18,BUSINESS,120951.28,18,APPROVED,C
APP00008346,CUST005890,BR0008,2024-04-02,BUSINESS,439712.67,12,APPROVED,E
APP00008347,CUST004460,BR0034,2024-06-15,BUSINESS,371507.87,24,REJECTED,E
APP00008348,CUST007650,BR0019,2026-07-31,BUSINESS,171462.19,18,REJECTED,E
APP00008349,CUST005846,BR0045,2025-03-10,PERSONAL,1723868.93,36,APPROVED,B
APP00008350,CUST001183,BR0012,2026-04-19,BUSINESS,981336.19,36,APPROVED,D
APP00008351,CUST008148,BR0041,2025-03-18,CONSUMER_DURABLE,87688.71,60,APPROVED,D
APP00008352,CUST000827,BR0012,2026-07-09,BUSINESS,1042407.83,60,APPROVED,C
APP00008353,CUST000874,BR0005,2024-10-01,CONSUMER_DURABLE,1073256.24,60,APPROVED,B
APP00008354,CUST009942,BR0011,2024-08-27,VEHICLE,399613.98,12,APPROVED,D
APP00008355,CUST000031,BR0022,2025-05-18,PERSONAL,884657.88,60,REJECTED,D
APP00008356,CUST009971,BR0028,2025-06-27,CONSUMER_DURABLE,823299.64,48,REJECTED,B
APP00008357,CUST008070,BR0002,2024-09-28,PERSONAL,709185.94,18,APPROVED,E
APP00008358,CUST003734,BR0011,2025-11-21,CONSUMER_DURABLE,683526.24,60,APPROVED,D
APP00008359,CUST005584,BR0020,2025-04-27,BUSINESS,757871.84,24,PENDING,B
APP00008360,CUST004597,BR0047,2024-03-16,CONSUMER_DURABLE,1722650.98,36,REJECTED,B
APP00008361,CUST002253,BR0044,2024-01-19,VEHICLE,272314.37,48,APPROVED,A
APP00008362,CUST000785,BR0034,2024-12-24,VEHICLE,128105.26,60,APPROVED,C
APP00008363,CUST006758,BR0045,2026-07-13,VEHICLE,1344403.57,60,PENDING,D
APP00008364,CUST002776,BR0049,2026-08-01,PERSONAL,910529.93,36,REJECTED,B
APP00008365,CUST008549,BR0027,2026-06-02,CONSUMER_DURABLE,1639988.66,24,APPROVED,C
APP00008366,CUST009111,BR0011,2025-11-11,VEHICLE,59281.34,36,REJECTED,E
APP00008367,CUST008597,BR0020,2026-02-18,CONSUMER_DURABLE,769814.36,12,REJECTED,D
APP00008368,CUST002956,BR0022,2025-07-22,VEHICLE,248131.96,12,PENDING,A
APP00008369,CUST001220,BR0020,2026-01-12,VEHICLE,419231.87,24,APPROVED,A
APP00008370,CUST008632,BR0014,2025-04-09,PERSONAL,1650851.18,18,REJECTED,C
APP00008371,CUST007872,BR0049,2024-09-01,CONSUMER_DURABLE,981104.49,36,PENDING,B
APP00008372,CUST005499,BR0010,2025-07-06,PERSONAL,1348025.74,36,APPROVED,A
APP00008373,CUST000515,BR0016,2026-05-22,CONSUMER_DURABLE,1046636.16,24,APPROVED,C
APP00008374,CUST008580,BR0016,2025-09-21,CONSUMER_DURABLE,75099.79,18,REJECTED,E
APP00008375,CUST004998,BR0001,2025-02-17,VEHICLE,1231160.27,18,REJECTED,E
APP00008376,CUST000265,BR0027,2026-07-05,VEHICLE,1567691.98,60,APPROVED,E
APP00008377,CUST005672,BR0035,2024-10-16,CONSUMER_DURABLE,782738.95,36,PENDING,D
APP00008378,CUST005284,BR0021,2024-10-26,BUSINESS,1451413.86,60,APPROVED,A
APP00008379,CUST000651,BR0035,2024-12-06,CONSUMER_DURABLE,1782767.6,24,REJECTED,C
APP00008380,CUST004682,BR0032,2026-09-04,CONSUMER_DURABLE,1088468.94,18,PENDING,C
APP00008381,CUST001459,BR0005,2024-07-12,BUSINESS,1006105.89,36,PENDING,B
APP00008382,CUST006844,BR0050,2024-09-04,CONSUMER_DURABLE,420597.96,48,APPROVED,C
APP00008383,CUST005649,BR0044,2025-12-10,BUSINESS,568639.24,24,PENDING,A
APP00008384,CUST003145,BR0048,2024-05-13,PERSONAL,1759886.32,24,APPROVED,A
APP00008385,CUST004650,BR0015,2024-08-02,PERSONAL,677914.35,60,PENDING,E
APP00008386,CUST002371,BR0012,2026-03-11,PERSONAL,1832389.92,12,APPROVED,C
APP00008387,CUST009114,BR0010,2024-06-16,PERSONAL,1568422.51,18,PENDING,A
APP00008388,CUST001197,BR0002,2025-06-19,PERSONAL,1677398.89,24,PENDING,D
APP00008389,CUST001207,BR0020,2024-02-28,PERSONAL,658599.43,24,APPROVED,C
APP00008390,CUST002658,BR0047,2026-04-18,CONSUMER_DURABLE,278992.28,18,REJECTED,A
APP00008391,CUST009526,BR0011,2025-07-09,BUSINESS,73149.18,24,APPROVED,A
APP00008392,CUST003878,BR0035,2024-03-12,VEHICLE,1604514.68,60,APPROVED,D
APP00008393,CUST008994,BR0021,2024-04-17,VEHICLE,233587.1,24,APPROVED,E
APP00008394,CUST005295,BR0044,2025-02-11,VEHICLE,1135338.32,48,APPROVED,A
APP00008395,CUST006958,BR0043,2026-01-10,BUSINESS,394470.52,12,PENDING,B
APP00008396,CUST005700,BR0005,2026-06-26,CONSUMER_DURABLE,1302975.44,36,PENDING,E
APP00008397,CUST008410,BR0038,2026-07-11,CONSUMER_DURABLE,165395.73,18,PENDING,E
APP00008398,CUST006307,BR0003,2024-10-18,VEHICLE,864413.34,24,REJECTED,D
APP00008399,CUST000912,BR0041,2026-07-03,CONSUMER_DURABLE,656216.74,36,APPROVED,D
APP00008400,CUST007898,BR0019,2026-03-06,VEHICLE,720572.09,12,PENDING,A
APP00008401,CUST003660,BR0036,2024-11-02,VEHICLE,71241.5,12,APPROVED,D
APP00008402,CUST003929,BR0008,2024-05-04,CONSUMER_DURABLE,1091644.16,48,APPROVED,A
APP00008403,CUST009432,BR0008,2024-01-26,CONSUMER_DURABLE,1801256.91,12,APPROVED,E
APP00008404,CUST003063,BR0022,2026-07-02,PERSONAL,1525488.31,12,APPROVED,D
APP00008405,CUST005010,BR0045,2025-07-07,PERSONAL,1020084.57,48,REJECTED,C
APP00008406,CUST005580,BR0015,2026-05-09,CONSUMER_DURABLE,1002178.4,24,APPROVED,A
APP00008407,CUST005335,BR0011,2024-04-03,PERSONAL,79087.27,18,APPROVED,D
APP00008408,CUST009651,BR0005,2024-09-07,BUSINESS,1794803.78,12,APPROVED,D
APP00008409,CUST006393,BR0014,2024-03-19,VEHICLE,1884885.22,60,APPROVED,C
APP00008410,CUST007004,BR0008,2026-03-06,CONSUMER_DURABLE,507407.36,48,APPROVED,E
APP00008411,CUST004321,BR0042,2025-10-31,PERSONAL,1190558.65,24,APPROVED,D
APP00008412,CUST000676,BR0010,2025-08-22,CONSUMER_DURABLE,1645963.26,36,APPROVED,D
APP00008413,CUST007883,BR0043,2026-02-22,BUSINESS,1107943.18,48,APPROVED,D
APP00008414,CUST008281,BR0008,2024-04-27,VEHICLE,1272138.72,12,REJECTED,A
APP00008415,CUST003445,BR0023,2025-10-06,PERSONAL,1956428.88,24,APPROVED,E
APP00008416,CUST005968,BR0014,2024-12-26,VEHICLE,147167.59,60,PENDING,C
APP00008417,CUST001147,BR0034,2025-01-22,BUSINESS,1780121.78,48,APPROVED,B
APP00008418,CUST001434,BR0002,2024-08-06,VEHICLE,731323.02,60,APPROVED,D
APP00008419,CUST005045,BR0025,2026-04-09,VEHICLE,1356153.98,12,APPROVED,A
APP00008420,CUST002611,BR0019,2025-04-13,CONSUMER_DURABLE,847953.44,60,PENDING,C
APP00008421,CUST001331,BR0047,2025-05-02,PERSONAL,1758086.51,60,APPROVED,E
APP00008422,CUST008411,BR0023,2025-04-12,BUSINESS,1786064.55,36,PENDING,B
APP00008423,CUST000843,BR0035,2025-09-30,CONSUMER_DURABLE,672894.55,48,PENDING,C
APP00008424,CUST008110,BR0028,2024-03-19,VEHICLE,163395.1,48,PENDING,D
APP00008425,CUST008455,BR0048,2024-09-12,VEHICLE,1473319.59,48,PENDING,B
APP00008426,CUST006361,BR0001,2025-04-18,BUSINESS,492249.1,36,PENDING,E
APP00008427,CUST001766,BR0001,2026-07-30,VEHICLE,779264.89,12,APPROVED,D
APP00008428,CUST005009,BR0023,2025-11-19,PERSONAL,1563550.24,60,APPROVED,B
APP00008429,CUST002736,BR0040,2025-04-09,BUSINESS,105557.31,60,REJECTED,E
APP00008430,CUST007154,BR0030,2024-07-02,CONSUMER_DURABLE,323096.33,18,APPROVED,C
APP00008431,CUST009756,BR0036,2026-04-22,PERSONAL,1833188.47,60,PENDING,C
APP00008432,CUST008733,BR0040,2024-09-27,BUSINESS,798774.45,60,APPROVED,B
APP00008433,CUST001711,BR0010,2026-08-28,PERSONAL,1095220.45,48,APPROVED,C
APP00008434,CUST005556,BR0034,2025-07-11,CONSUMER_DURABLE,1135012.89,24,APPROVED,B
APP00008435,CUST009590,BR0015,2026-02-03,VEHICLE,383530.24,12,PENDING,C
APP00008436,CUST001503,BR0016,2024-01-04,CONSUMER_DURABLE,979540.31,12,APPROVED,B
APP00008437,CUST002911,BR0044,2024-03-28,BUSINESS,1086297.44,12,REJECTED,D
APP00008438,CUST003438,BR0018,2026-08-16,CONSUMER_DURABLE,1825897.0,18,APPROVED,A
APP00008439,CUST003036,BR0045,2025-01-14,VEHICLE,1797117.2,12,PENDING,D
APP00008440,CUST001510,BR0034,2025-02-15,CONSUMER_DURABLE,537472.02,48,REJECTED,C
APP00008441,CUST006757,BR0009,2025-07-02,CONSUMER_DURABLE,1060100.31,60,APPROVED,B
APP00008442,CUST007569,BR0001,2025-11-26,BUSINESS,1071709.76,60,APPROVED,B
APP00008443,CUST006044,BR0038,2026-08-04,PERSONAL,1756099.64,60,REJECTED,E
APP00008444,CUST001292,BR0044,2024-12-13,PERSONAL,889182.69,48,PENDING,E
APP00008445,CUST002258,BR0045,2024-03-10,VEHICLE,875679.94,60,PENDING,A
APP00008446,CUST004456,BR0025,2024-08-23,CONSUMER_DURABLE,1340196.21,24,APPROVED,E
APP00008447,CUST009215,BR0009,2026-01-13,PERSONAL,1786817.54,36,REJECTED,A
APP00008448,CUST002432,BR0012,2025-12-12,PERSONAL,790378.21,36,APPROVED,A
APP00008449,CUST000611,BR0030,2024-02-10,CONSUMER_DURABLE,1550247.75,12,PENDING,D
APP00008450,CUST006996,BR0031,2024-02-27,PERSONAL,1453980.21,36,APPROVED,B
APP00008451,CUST009843,BR0032,2024-02-02,CONSUMER_DURABLE,1245905.12,12,REJECTED,A
APP00008452,CUST003875,BR0020,2024-07-27,PERSONAL,1903490.99,36,APPROVED,D
APP00008453,CUST009524,BR0008,2026-02-01,VEHICLE,506178.73,18,REJECTED,D
APP00008454,CUST003294,BR0015,2024-02-29,CONSUMER_DURABLE,1924844.82,12,APPROVED,E
APP00008455,CUST004013,BR0013,2026-09-16,BUSINESS,376088.14,12,APPROVED,D
APP00008456,CUST007755,BR0049,2024-10-02,BUSINESS,1902977.57,12,APPROVED,B
APP00008457,CUST002579,BR0035,2024-03-23,PERSONAL,759048.39,12,APPROVED,E
APP00008458,CUST008085,BR0036,2025-11-21,CONSUMER_DURABLE,1127089.63,60,APPROVED,C
APP00008459,CUST001462,BR0001,2024-04-09,BUSINESS,1793199.2,12,PENDING,B
APP00008460,CUST001698,BR0039,2026-07-26,BUSINESS,381499.68,36,PENDING,E
APP00008461,CUST009224,BR0024,2024-12-19,CONSUMER_DURABLE,1695066.72,60,PENDING,C
APP00008462,CUST005084,BR0044,2025-11-29,BUSINESS,87656.25,48,PENDING,E
APP00008463,CUST009751,BR0031,2024-06-30,BUSINESS,973480.19,12,PENDING,C
APP00008464,CUST007511,BR0034,2025-09-17,BUSINESS,699800.94,12,PENDING,B
APP00008465,CUST007243,BR0001,2024-09-01,VEHICLE,1825705.0,36,PENDING,D
APP00008466,CUST005739,BR0027,2024-09-15,VEHICLE,1757130.1,60,APPROVED,E
APP00008467,CUST008563,BR0032,2026-08-22,CONSUMER_DURABLE,576432.31,48,REJECTED,B
APP00008468,CUST002451,BR0017,2026-03-28,CONSUMER_DURABLE,253983.26,36,REJECTED,B
APP00008469,CUST005086,BR0037,2025-10-18,PERSONAL,1249415.43,18,PENDING,D
APP00008470,CUST008302,BR0030,2026-08-05,CONSUMER_DURABLE,1493565.2,60,PENDING,E
APP00008471,CUST002352,BR0046,2024-12-17,BUSINESS,1532756.53,48,REJECTED,E
APP00008472,CUST005013,BR0013,2026-05-29,VEHICLE,725431.36,60,APPROVED,C
APP00008473,CUST000897,BR0016,2024-08-26,BUSINESS,1878112.27,36,APPROVED,A
APP00008474,CUST004772,BR0039,2025-08-06,CONSUMER_DURABLE,520250.09,24,APPROVED,E
APP00008475,CUST007906,BR0005,2025-06-20,CONSUMER_DURABLE,1367471.66,12,APPROVED,D
APP00008476,CUST004407,BR0044,2024-08-22,PERSONAL,1206705.26,18,APPROVED,E
APP00008477,CUST009956,BR0034,2024-03-17,BUSINESS,300628.31,12,REJECTED,B
APP00008478,CUST004644,BR0029,2025-11-12,BUSINESS,1680831.36,60,APPROVED,D
APP00008479,CUST001289,BR0026,2024-11-19,BUSINESS,313696.67,24,APPROVED,C
APP00008480,CUST000035,BR0040,2024-03-21,PERSONAL,85778.51,24,PENDING,D
APP00008481,CUST003254,BR0006,2026-01-09,PERSONAL,1938774.29,18,PENDING,C
APP00008482,CUST009821,BR0024,2026-05-22,VEHICLE,1908999.26,36,APPROVED,A
APP00008483,CUST001043,BR0017,2025-06-11,VEHICLE,1548569.28,60,PENDING,C
APP00008484,CUST005265,BR0020,2024-01-08,CONSUMER_DURABLE,114379.86,60,APPROVED,D
APP00008485,CUST000197,BR0040,2024-12-14,CONSUMER_DURABLE,932364.98,12,APPROVED,D
APP00008486,CUST003265,BR0037,2025-08-24,PERSONAL,1636439.52,36,APPROVED,E
APP00008487,CUST000918,BR0007,2026-07-30,BUSINESS,758244.39,60,REJECTED,C
APP00008488,CUST002189,BR0010,2025-06-27,PERSONAL,1177008.83,48,APPROVED,E
APP00008489,CUST000977,BR0038,2024-10-04,PERSONAL,1455680.6,18,APPROVED,E
APP00008490,CUST000198,BR0011,2026-05-16,PERSONAL,1293340.32,12,PENDING,B
APP00008491,CUST002106,BR0041,2025-09-22,PERSONAL,1082666.05,18,APPROVED,B
APP00008492,CUST000975,BR0001,2024-07-29,PERSONAL,430386.39,48,PENDING,C
APP00008493,CUST003131,BR0047,2026-05-04,VEHICLE,1466671.63,60,PENDING,C
APP00008494,CUST003717,BR0046,2026-04-21,VEHICLE,1544885.4,18,REJECTED,A
APP00008495,CUST001561,BR0041,2026-06-03,BUSINESS,1133875.54,48,APPROVED,B
APP00008496,CUST001852,BR0016,2026-04-10,CONSUMER_DURABLE,602544.63,24,APPROVED,E
APP00008497,CUST003786,BR0042,2024-08-05,PERSONAL,1357567.0,24,REJECTED,C
APP00008498,CUST007242,BR0007,2024-11-26,PERSONAL,1129827.16,60,PENDING,A
APP00008499,CUST003699,BR0031,2024-02-12,CONSUMER_DURABLE,1779105.51,48,APPROVED,A
APP00008500,CUST003028,BR0045,2025-04-29,BUSINESS,68360.67,60,REJECTED,B
APP00008501,CUST003435,BR0046,2025-02-22,PERSONAL,1856778.46,18,APPROVED,D
APP00008502,CUST002273,BR0039,2025-07-12,CONSUMER_DURABLE,1647391.23,36,PENDING,C
APP00008503,CUST009859,BR0044,2025-07-08,PERSONAL,1394281.37,24,REJECTED,D
APP00008504,CUST002249,BR0028,2025-03-19,VEHICLE,1462659.95,60,REJECTED,C
APP00008505,CUST006529,BR0031,2026-08-09,PERSONAL,1918757.52,18,APPROVED,A
APP00008506,CUST006440,BR0049,2025-10-01,PERSONAL,799464.13,48,REJECTED,A
APP00008507,CUST000473,BR0032,2025-11-21,BUSINESS,1066348.05,48,REJECTED,B
APP00008508,CUST003506,BR0030,2024-09-02,VEHICLE,409884.14,60,APPROVED,A
APP00008509,CUST002270,BR0001,2024-01-15,VEHICLE,928522.89,36,REJECTED,A
APP00008510,CUST003186,BR0035,2026-04-07,BUSINESS,1955953.25,18,APPROVED,D
APP00008511,CUST004072,BR0050,2025-10-30,CONSUMER_DURABLE,559238.77,24,APPROVED,A
APP00008512,CUST004761,BR0013,2026-07-20,CONSUMER_DURABLE,929667.31,36,REJECTED,A
APP00008513,CUST009032,BR0017,2024-09-14,BUSINESS,1651939.33,24,APPROVED,B
APP00008514,CUST000965,BR0028,2026-08-24,VEHICLE,1519694.06,24,PENDING,D
APP00008515,CUST002273,BR0025,2025-03-21,PERSONAL,1002764.15,36,REJECTED,A
APP00008516,CUST008304,BR0042,2024-11-16,PERSONAL,729556.1,36,APPROVED,C
APP00008517,CUST007867,BR0021,2026-01-21,CONSUMER_DURABLE,1143909.7,60,REJECTED,C
APP00008518,CUST001936,BR0007,2025-10-06,CONSUMER_DURABLE,1719019.48,24,APPROVED,D
APP00008519,CUST000317,BR0008,2026-08-17,VEHICLE,853584.87,18,REJECTED,B
APP00008520,CUST002967,BR0016,2025-01-18,VEHICLE,747616.72,24,APPROVED,B
APP00008521,CUST009103,BR0030,2024-05-23,CONSUMER_DURABLE,828823.43,24,REJECTED,D
APP00008522,CUST004052,BR0022,2025-07-01,BUSINESS,1516883.85,24,APPROVED,A
APP00008523,CUST001462,BR0037,2024-03-14,VEHICLE,848351.9,18,APPROVED,D
APP00008524,CUST007486,BR0038,2024-09-21,CONSUMER_DURABLE,1017095.63,60,APPROVED,D
APP00008525,CUST006522,BR0036,2024-07-20,CONSUMER_DURABLE,1474993.84,36,PENDING,E
APP00008526,CUST004619,BR0026,2024-12-23,PERSONAL,1913552.31,48,APPROVED,B
APP00008527,CUST003013,BR0005,2026-06-02,BUSINESS,957481.86,48,APPROVED,E
APP00008528,CUST006277,BR0010,2025-06-15,VEHICLE,743658.06,18,APPROVED,A
APP00008529,CUST008397,BR0030,2024-05-25,VEHICLE,432379.1,48,REJECTED,A
APP00008530,CUST007361,BR0005,2024-03-30,CONSUMER_DURABLE,1390753.9,24,APPROVED,D
APP00008531,CUST004099,BR0050,2024-10-04,VEHICLE,157958.12,36,REJECTED,A
APP00008532,CUST006635,BR0030,2025-08-04,BUSINESS,1721936.91,60,APPROVED,E
APP00008533,CUST000862,BR0006,2024-02-06,BUSINESS,1718094.41,60,PENDING,B
APP00008534,CUST006063,BR0039,2024-02-06,PERSONAL,1721075.26,60,PENDING,C
APP00008535,CUST007201,BR0007,2025-12-21,BUSINESS,53424.19,24,REJECTED,A
APP00008536,CUST001018,BR0044,2025-03-29,PERSONAL,418175.1,60,REJECTED,B
APP00008537,CUST001266,BR0030,2025-05-19,PERSONAL,1544714.15,24,REJECTED,E
APP00008538,CUST007478,BR0045,2025-02-02,PERSONAL,570331.87,60,PENDING,B
APP00008539,CUST006354,BR0020,2024-07-10,PERSONAL,258398.62,18,APPROVED,C
APP00008540,CUST009677,BR0045,2026-09-02,BUSINESS,181074.05,18,APPROVED,A
APP00008541,CUST004366,BR0030,2024-09-04,BUSINESS,809841.3,18,PENDING,D
APP00008542,CUST006788,BR0021,2026-05-19,BUSINESS,1319682.4,24,APPROVED,C
APP00008543,CUST002466,BR0033,2025-11-19,PERSONAL,1660826.94,60,APPROVED,B
APP00008544,CUST007542,BR0008,2024-11-05,CONSUMER_DURABLE,884520.85,60,REJECTED,D
APP00008545,CUST005316,BR0035,2026-04-17,PERSONAL,1477393.58,12,APPROVED,D
APP00008546,CUST001204,BR0047,2025-08-10,VEHICLE,1629294.84,24,REJECTED,B
APP00008547,CUST006644,BR0016,2025-12-14,PERSONAL,216397.07,12,PENDING,C
APP00008548,CUST007065,BR0030,2024-04-06,PERSONAL,205627.18,48,PENDING,A
APP00008549,CUST003768,BR0049,2026-02-23,CONSUMER_DURABLE,53099.05,18,APPROVED,E
APP00008550,CUST001562,BR0032,2025-02-03,CONSUMER_DURABLE,1675855.25,48,APPROVED,A
APP00008551,CUST005457,BR0015,2026-09-22,PERSONAL,1390843.51,18,REJECTED,C
APP00008552,CUST004843,BR0018,2024-05-03,CONSUMER_DURABLE,1406282.74,18,APPROVED,E
APP00008553,CUST008846,BR0046,2024-04-03,CONSUMER_DURABLE,765414.19,36,APPROVED,C
APP00008554,CUST004860,BR0046,2024-09-08,CONSUMER_DURABLE,1001077.14,60,REJECTED,C
APP00008555,CUST005796,BR0001,2025-09-05,CONSUMER_DURABLE,1692791.45,60,APPROVED,B
APP00008556,CUST002459,BR0025,2025-07-20,BUSINESS,530803.35,48,PENDING,C
APP00008557,CUST008588,BR0024,2025-12-14,VEHICLE,562825.72,24,APPROVED,C
APP00008558,CUST009078,BR0005,2025-03-09,PERSONAL,630631.77,48,REJECTED,E
APP00008559,CUST003906,BR0033,2026-04-16,VEHICLE,105274.56,36,APPROVED,D
APP00008560,CUST006750,BR0003,2026-04-17,BUSINESS,1878625.78,18,APPROVED,C
APP00008561,CUST000133,BR0033,2025-10-28,VEHICLE,411143.36,60,APPROVED,B
APP00008562,CUST004665,BR0024,2026-06-21,VEHICLE,1992206.01,36,REJECTED,C
APP00008563,CUST004241,BR0020,2026-03-27,VEHICLE,81178.3,24,PENDING,D
APP00008564,CUST000634,BR0027,2025-12-07,VEHICLE,655225.05,36,REJECTED,A
APP00008565,CUST004450,BR0028,2025-05-13,VEHICLE,1766345.74,60,REJECTED,D
APP00008566,CUST008944,BR0026,2025-03-25,PERSONAL,549721.99,36,APPROVED,C
APP00008567,CUST006693,BR0046,2024-06-22,VEHICLE,1809557.84,12,APPROVED,C
APP00008568,CUST002884,BR0015,2024-12-04,PERSONAL,1351518.86,12,PENDING,B
APP00008569,CUST007472,BR0020,2025-07-31,BUSINESS,925520.14,18,APPROVED,B
APP00008570,CUST007463,BR0050,2025-09-27,PERSONAL,225307.62,24,APPROVED,D
APP00008571,CUST003724,BR0005,2026-07-10,VEHICLE,1888073.46,36,APPROVED,A
APP00008572,CUST008209,BR0011,2025-06-15,CONSUMER_DURABLE,1989681.74,24,REJECTED,E
APP00008573,CUST007626,BR0048,2024-05-10,VEHICLE,343714.37,36,PENDING,D
APP00008574,CUST002579,BR0048,2025-01-20,VEHICLE,613981.79,18,PENDING,D
APP00008575,CUST006175,BR0020,2026-01-16,PERSONAL,580218.94,48,PENDING,E
APP00008576,CUST006034,BR0046,2025-09-21,BUSINESS,944438.15,24,PENDING,B
APP00008577,CUST008441,BR0017,2025-11-21,VEHICLE,1721489.19,12,PENDING,C
APP00008578,CUST007321,BR0046,2025-06-16,PERSONAL,857665.97,12,PENDING,E
APP00008579,CUST009937,BR0031,2025-06-24,VEHICLE,1398019.29,24,PENDING,B
APP00008580,CUST009434,BR0011,2024-10-27,VEHICLE,1190281.39,60,APPROVED,B
APP00008581,CUST008451,BR0032,2025-11-12,BUSINESS,235980.83,60,PENDING,C
APP00008582,CUST006439,BR0002,2025-06-06,PERSONAL,1583577.92,24,APPROVED,A
APP00008583,CUST004909,BR0038,2026-05-07,PERSONAL,1707368.35,12,APPROVED,D
APP00008584,CUST007593,BR0028,2026-03-05,PERSONAL,1515301.72,18,PENDING,C
APP00008585,CUST004438,BR0016,2025-02-23,VEHICLE,1967154.28,12,APPROVED,D
APP00008586,CUST003411,BR0023,2026-03-25,CONSUMER_DURABLE,695625.5,24,APPROVED,B
APP00008587,CUST004567,BR0037,2026-06-24,PERSONAL,673873.56,48,PENDING,A
APP00008588,CUST000792,BR0010,2025-02-08,BUSINESS,244620.59,12,APPROVED,B
APP00008589,CUST000648,BR0035,2026-04-27,PERSONAL,1468772.1,60,APPROVED,E
APP00008590,CUST006817,BR0037,2026-08-07,PERSONAL,441797.18,60,PENDING,D
APP00008591,CUST005173,BR0041,2024-05-28,VEHICLE,1127467.5,60,PENDING,E
APP00008592,CUST006622,BR0037,2025-10-21,VEHICLE,1333733.69,60,PENDING,A
APP00008593,CUST002283,BR0048,2025-08-25,CONSUMER_DURABLE,248999.18,36,PENDING,B
APP00008594,CUST009914,BR0043,2025-02-19,PERSONAL,1800641.04,18,APPROVED,B
APP00008595,CUST008965,BR0030,2024-10-23,CONSUMER_DURABLE,320888.65,12,PENDING,B
APP00008596,CUST007271,BR0005,2025-11-09,BUSINESS,1944423.03,12,PENDING,E
APP00008597,CUST000876,BR0007,2025-11-05,VEHICLE,1119897.48,60,PENDING,D
APP00008598,CUST007882,BR0046,2026-06-03,PERSONAL,268056.03,36,APPROVED,A
APP00008599,CUST000791,BR0048,2026-04-16,CONSUMER_DURABLE,142479.52,48,REJECTED,C
APP00008600,CUST003270,BR0034,2026-03-18,VEHICLE,1089421.73,24,REJECTED,A
APP00008601,CUST003038,BR0046,2024-07-02,CONSUMER_DURABLE,118837.65,48,REJECTED,D
APP00008602,CUST008815,BR0029,2026-04-07,VEHICLE,548542.46,60,REJECTED,C
APP00008603,CUST005121,BR0019,2026-03-05,VEHICLE,1414221.84,12,REJECTED,A
APP00008604,CUST005986,BR0047,2025-05-24,BUSINESS,428655.42,48,APPROVED,E
APP00008605,CUST006770,BR0019,2025-02-03,BUSINESS,1506434.05,24,PENDING,A
APP00008606,CUST003121,BR0050,2025-09-25,BUSINESS,1564823.43,60,APPROVED,B
APP00008607,CUST009011,BR0010,2024-06-23,PERSONAL,1022749.56,12,APPROVED,E
APP00008608,CUST006208,BR0046,2024-01-11,CONSUMER_DURABLE,1452099.54,18,PENDING,E
APP00008609,CUST003233,BR0014,2024-11-11,BUSINESS,128679.2,12,REJECTED,E
APP00008610,CUST003478,BR0041,2024-12-16,PERSONAL,695741.8,60,APPROVED,D
APP00008611,CUST004290,BR0046,2026-02-13,BUSINESS,951427.25,12,APPROVED,E
APP00008612,CUST002025,BR0050,2024-02-19,BUSINESS,1098425.45,18,APPROVED,B
APP00008613,CUST000697,BR0027,2025-10-07,VEHICLE,1423078.38,12,APPROVED,C
APP00008614,CUST007806,BR0015,2024-06-12,PERSONAL,370787.45,36,APPROVED,E
APP00008615,CUST008479,BR0043,2025-02-10,PERSONAL,660346.19,36,APPROVED,B
APP00008616,CUST002650,BR0036,2026-03-27,PERSONAL,925271.17,48,REJECTED,B
APP00008617,CUST009292,BR0038,2024-04-16,CONSUMER_DURABLE,1429783.23,24,REJECTED,E
APP00008618,CUST009300,BR0048,2024-12-27,PERSONAL,852237.22,48,APPROVED,B
APP00008619,CUST006108,BR0031,2025-11-23,VEHICLE,1145569.71,24,REJECTED,A
APP00008620,CUST006672,BR0005,2025-09-09,PERSONAL,929064.77,48,APPROVED,D
APP00008621,CUST004578,BR0038,2025-11-13,CONSUMER_DURABLE,1350101.42,24,REJECTED,A
APP00008622,CUST006244,BR0018,2025-10-21,CONSUMER_DURABLE,549514.92,60,PENDING,C
APP00008623,CUST007748,BR0034,2024-09-02,BUSINESS,819343.77,24,REJECTED,B
APP00008624,CUST008444,BR0031,2024-04-05,PERSONAL,608355.28,24,REJECTED,A
APP00008625,CUST000358,BR0010,2024-02-06,BUSINESS,688114.46,36,APPROVED,C
APP00008626,CUST001107,BR0030,2025-10-14,CONSUMER_DURABLE,128289.76,48,PENDING,B
APP00008627,CUST004541,BR0015,2024-11-27,PERSONAL,1011241.26,48,REJECTED,D
APP00008628,CUST007223,BR0012,2024-06-02,PERSONAL,772470.77,60,PENDING,A
APP00008629,CUST006678,BR0024,2026-06-18,BUSINESS,709162.03,60,REJECTED,B
APP00008630,CUST009816,BR0003,2026-07-26,CONSUMER_DURABLE,1458161.89,48,APPROVED,C
APP00008631,CUST009366,BR0041,2026-01-22,CONSUMER_DURABLE,1911670.43,24,REJECTED,D
APP00008632,CUST003544,BR0033,2025-11-18,CONSUMER_DURABLE,903523.75,60,APPROVED,B
APP00008633,CUST003933,BR0034,2024-09-15,PERSONAL,1717760.38,48,APPROVED,C
APP00008634,CUST003129,BR0028,2024-07-17,BUSINESS,1759084.2,36,PENDING,B
APP00008635,CUST007448,BR0038,2025-02-02,BUSINESS,1539979.9,48,REJECTED,C
APP00008636,CUST007011,BR0022,2025-07-21,CONSUMER_DURABLE,1675411.95,18,APPROVED,E
APP00008637,CUST008635,BR0046,2025-08-28,BUSINESS,261847.54,60,PENDING,B
APP00008638,CUST007259,BR0049,2026-07-23,BUSINESS,1935195.82,60,PENDING,D
APP00008639,CUST002025,BR0022,2025-02-28,VEHICLE,1508607.59,60,APPROVED,B
APP00008640,CUST004552,BR0030,2024-09-20,PERSONAL,1237879.63,12,APPROVED,A
APP00008641,CUST002952,BR0018,2026-05-17,CONSUMER_DURABLE,767823.84,18,PENDING,D
APP00008642,CUST001215,BR0012,2024-01-16,CONSUMER_DURABLE,211657.48,24,APPROVED,A
APP00008643,CUST005552,BR0030,2026-03-25,BUSINESS,356478.93,18,APPROVED,E
APP00008644,CUST008910,BR0030,2025-06-19,BUSINESS,1481504.18,18,APPROVED,B
APP00008645,CUST003406,BR0001,2026-05-13,PERSONAL,533344.49,60,REJECTED,E
APP00008646,CUST007488,BR0020,2024-10-15,VEHICLE,1885678.41,12,APPROVED,A
APP00008647,CUST007398,BR0049,2026-01-13,CONSUMER_DURABLE,1491251.76,18,PENDING,A
APP00008648,CUST008680,BR0048,2024-11-01,BUSINESS,353501.43,12,APPROVED,B
APP00008649,CUST003420,BR0047,2025-03-03,CONSUMER_DURABLE,1090344.72,60,APPROVED,E
APP00008650,CUST003442,BR0030,2024-04-18,BUSINESS,1926309.62,12,REJECTED,A
APP00008651,CUST005545,BR0047,2026-04-24,CONSUMER_DURABLE,331802.75,12,APPROVED,D
APP00008652,CUST000166,BR0014,2024-05-26,CONSUMER_DURABLE,318972.97,24,PENDING,C
APP00008653,CUST005217,BR0016,2026-09-13,BUSINESS,1195657.41,24,APPROVED,B
APP00008654,CUST006958,BR0026,2026-02-27,BUSINESS,480513.11,60,APPROVED,A
APP00008655,CUST005283,BR0028,2026-01-21,CONSUMER_DURABLE,1076027.41,36,APPROVED,A
APP00008656,CUST001864,BR0009,2024-01-16,PERSONAL,768882.24,24,APPROVED,E
APP00008657,CUST006878,BR0031,2026-09-19,BUSINESS,1280061.33,12,APPROVED,A
APP00008658,CUST008214,BR0003,2025-11-26,PERSONAL,862770.77,12,PENDING,C
APP00008659,CUST006503,BR0042,2025-05-30,PERSONAL,1403439.37,36,REJECTED,E
APP00008660,CUST008355,BR0011,2025-09-01,CONSUMER_DURABLE,1909682.63,60,APPROVED,A
APP00008661,CUST000144,BR0040,2025-09-04,VEHICLE,1075691.65,24,PENDING,D
APP00008662,CUST006340,BR0039,2026-02-18,BUSINESS,1352344.77,60,APPROVED,C
APP00008663,CUST008356,BR0047,2024-12-12,BUSINESS,1795900.0,36,REJECTED,D
APP00008664,CUST004869,BR0037,2024-05-09,PERSONAL,1353718.15,48,REJECTED,D
APP00008665,CUST005152,BR0016,2025-09-18,VEHICLE,578515.06,18,PENDING,D
APP00008666,CUST008041,BR0034,2024-11-20,BUSINESS,1728499.82,60,REJECTED,E
APP00008667,CUST007477,BR0027,2025-10-01,VEHICLE,1181573.58,48,PENDING,C
APP00008668,CUST003071,BR0022,2024-05-23,PERSONAL,1052077.98,12,APPROVED,B
APP00008669,CUST004846,BR0009,2025-11-15,VEHICLE,890675.83,12,APPROVED,A
APP00008670,CUST009875,BR0018,2024-09-13,PERSONAL,634902.77,12,PENDING,B
APP00008671,CUST006305,BR0013,2025-05-06,CONSUMER_DURABLE,1817365.47,18,PENDING,C
APP00008672,CUST007831,BR0004,2024-10-27,PERSONAL,449362.53,24,APPROVED,D
APP00008673,CUST002624,BR0031,2025-10-30,CONSUMER_DURABLE,1535831.7,12,APPROVED,A
APP00008674,CUST007260,BR0048,2025-07-23,CONSUMER_DURABLE,1694933.84,36,PENDING,C
APP00008675,CUST001401,BR0011,2024-09-30,PERSONAL,1737299.65,48,APPROVED,C
APP00008676,CUST002054,BR0009,2024-03-10,VEHICLE,967431.66,24,REJECTED,B
APP00008677,CUST008390,BR0006,2025-04-02,VEHICLE,1534439.46,18,APPROVED,C
APP00008678,CUST000488,BR0034,2024-08-19,VEHICLE,81458.85,24,REJECTED,E
APP00008679,CUST007140,BR0013,2026-05-19,BUSINESS,708051.33,18,APPROVED,D
APP00008680,CUST004946,BR0048,2024-09-24,PERSONAL,1949577.8,36,PENDING,C
APP00008681,CUST008479,BR0003,2024-11-15,CONSUMER_DURABLE,713657.45,48,APPROVED,A
APP00008682,CUST000004,BR0039,2025-03-13,VEHICLE,325479.23,18,APPROVED,D
APP00008683,CUST003684,BR0017,2025-04-05,VEHICLE,943462.27,12,REJECTED,C
APP00008684,CUST001385,BR0043,2025-11-06,VEHICLE,1251240.44,60,PENDING,B
APP00008685,CUST001432,BR0016,2025-05-05,VEHICLE,806337.64,12,PENDING,C
APP00008686,CUST005140,BR0046,2025-04-05,PERSONAL,1180375.53,36,PENDING,B
APP00008687,CUST000388,BR0027,2024-07-12,VEHICLE,1396574.78,36,APPROVED,C
APP00008688,CUST001748,BR0044,2024-12-08,CONSUMER_DURABLE,1893119.75,24,APPROVED,D
APP00008689,CUST007378,BR0028,2025-08-08,VEHICLE,1320648.6,18,APPROVED,D
APP00008690,CUST008014,BR0009,2025-05-05,PERSONAL,1862407.17,12,PENDING,D
APP00008691,CUST002448,BR0020,2025-03-13,BUSINESS,54585.72,60,REJECTED,E
APP00008692,CUST004964,BR0022,2026-04-24,BUSINESS,208712.72,60,PENDING,C
APP00008693,CUST003535,BR0044,2024-01-04,BUSINESS,656630.17,48,APPROVED,E
APP00008694,CUST005915,BR0019,2024-06-25,CONSUMER_DURABLE,721807.07,18,APPROVED,E
APP00008695,CUST001254,BR0047,2025-07-20,VEHICLE,959661.93,24,REJECTED,D
APP00008696,CUST005417,BR0026,2024-03-13,CONSUMER_DURABLE,790968.65,48,APPROVED,E
APP00008697,CUST009203,BR0035,2024-01-12,BUSINESS,1038083.05,36,APPROVED,A
APP00008698,CUST003339,BR0007,2025-08-01,VEHICLE,855735.23,36,APPROVED,B
APP00008699,CUST008320,BR0003,2024-10-26,BUSINESS,738840.13,18,APPROVED,E
APP00008700,CUST005762,BR0032,2025-02-18,VEHICLE,948677.48,48,REJECTED,E
APP00008701,CUST006656,BR0004,2025-10-03,VEHICLE,1525298.55,48,PENDING,C
APP00008702,CUST007710,BR0027,2025-08-12,VEHICLE,1402442.69,48,PENDING,B
APP00008703,CUST004143,BR0029,2024-09-17,VEHICLE,1303132.57,36,APPROVED,A
APP00008704,CUST001670,BR0008,2024-12-27,VEHICLE,827125.67,12,APPROVED,A
APP00008705,CUST003364,BR0038,2024-12-03,CONSUMER_DURABLE,1552110.31,18,PENDING,D
APP00008706,CUST007230,BR0006,2024-12-18,BUSINESS,1211749.75,18,PENDING,C
APP00008707,CUST007085,BR0044,2025-11-04,CONSUMER_DURABLE,1927707.21,48,REJECTED,B
APP00008708,CUST003355,BR0005,2024-08-14,CONSUMER_DURABLE,994597.26,18,PENDING,B
APP00008709,CUST000087,BR0013,2025-09-07,VEHICLE,549271.44,12,PENDING,B
APP00008710,CUST007964,BR0014,2025-11-20,BUSINESS,1041174.25,18,REJECTED,B
APP00008711,CUST004404,BR0001,2025-03-09,VEHICLE,562095.28,12,REJECTED,E
APP00008712,CUST000533,BR0028,2025-07-13,VEHICLE,1926872.46,24,REJECTED,B
APP00008713,CUST004723,BR0047,2025-05-31,CONSUMER_DURABLE,293940.41,60,APPROVED,C
APP00008714,CUST003602,BR0040,2024-02-20,BUSINESS,1387044.25,24,PENDING,A
APP00008715,CUST004838,BR0002,2024-02-07,CONSUMER_DURABLE,621425.8,36,REJECTED,B
APP00008716,CUST004415,BR0007,2025-04-04,PERSONAL,473645.39,36,APPROVED,B
APP00008717,CUST006053,BR0007,2026-08-23,VEHICLE,1704696.36,24,PENDING,C
APP00008718,CUST006639,BR0046,2025-01-05,CONSUMER_DURABLE,1836620.02,36,PENDING,E
APP00008719,CUST003451,BR0042,2025-06-17,CONSUMER_DURABLE,790985.84,24,APPROVED,D
APP00008720,CUST000589,BR0028,2024-03-18,VEHICLE,1673242.38,36,REJECTED,B
APP00008721,CUST007468,BR0026,2024-07-08,PERSONAL,1910991.11,60,APPROVED,B
APP00008722,CUST007592,BR0010,2024-08-21,BUSINESS,1236546.18,36,PENDING,D
APP00008723,CUST005650,BR0014,2024-10-19,VEHICLE,836399.11,48,REJECTED,B
APP00008724,CUST009271,BR0008,2024-02-04,CONSUMER_DURABLE,1923179.6,48,APPROVED,A
APP00008725,CUST009784,BR0009,2025-02-11,PERSONAL,133649.9,60,REJECTED,B
APP00008726,CUST005048,BR0040,2026-07-28,PERSONAL,1945146.31,12,APPROVED,A
APP00008727,CUST004173,BR0029,2024-06-29,VEHICLE,204775.88,12,PENDING,D
APP00008728,CUST002464,BR0032,2026-05-11,PERSONAL,864184.91,60,APPROVED,E
APP00008729,CUST002326,BR0008,2026-08-24,VEHICLE,1244824.7,36,APPROVED,D
APP00008730,CUST003687,BR0047,2026-05-04,VEHICLE,1981424.9,36,REJECTED,A
APP00008731,CUST005498,BR0045,2024-02-16,BUSINESS,66458.43,48,REJECTED,E
APP00008732,CUST007537,BR0032,2024-09-24,BUSINESS,816526.32,24,PENDING,B
APP00008733,CUST005020,BR0002,2024-06-23,VEHICLE,1514739.98,12,APPROVED,E
APP00008734,CUST009812,BR0011,2026-07-15,VEHICLE,1447750.33,36,APPROVED,B
APP00008735,CUST001510,BR0013,2026-02-08,CONSUMER_DURABLE,641874.36,60,APPROVED,A
APP00008736,CUST006316,BR0021,2024-11-27,VEHICLE,1719364.65,18,REJECTED,A
APP00008737,CUST002098,BR0027,2025-04-30,BUSINESS,1083925.68,60,APPROVED,A
APP00008738,CUST008077,BR0033,2024-09-27,VEHICLE,1926284.78,18,PENDING,A
APP00008739,CUST007575,BR0027,2024-09-17,CONSUMER_DURABLE,227704.0,12,REJECTED,D
APP00008740,CUST007418,BR0007,2025-09-09,CONSUMER_DURABLE,1781981.81,24,REJECTED,A
APP00008741,CUST001429,BR0004,2024-01-12,BUSINESS,319598.99,24,APPROVED,D
APP00008742,CUST007491,BR0023,2025-12-15,BUSINESS,960630.32,48,REJECTED,A
APP00008743,CUST006644,BR0009,2026-08-25,BUSINESS,1105482.99,12,APPROVED,D
APP00008744,CUST005069,BR0032,2025-10-29,PERSONAL,171689.66,36,REJECTED,C
APP00008745,CUST002417,BR0014,2024-02-13,PERSONAL,279304.78,36,PENDING,B
APP00008746,CUST007906,BR0030,2026-07-30,PERSONAL,1936434.96,60,REJECTED,D
APP00008747,CUST001263,BR0025,2026-07-30,PERSONAL,157670.76,36,APPROVED,C
APP00008748,CUST007553,BR0039,2024-12-05,CONSUMER_DURABLE,653963.05,12,PENDING,E
APP00008749,CUST001176,BR0005,2026-07-16,CONSUMER_DURABLE,1844252.79,24,PENDING,C
APP00008750,CUST009775,BR0039,2024-03-26,PERSONAL,1411023.8,36,APPROVED,E
APP00008751,CUST009253,BR0004,2024-06-23,BUSINESS,64794.46,60,PENDING,B
APP00008752,CUST009489,BR0007,2025-11-01,CONSUMER_DURABLE,1755403.43,24,REJECTED,C
APP00008753,CUST002725,BR0034,2024-07-08,CONSUMER_DURABLE,1876819.76,60,REJECTED,D
APP00008754,CUST007080,BR0012,2024-08-13,PERSONAL,1726923.77,18,APPROVED,B
APP00008755,CUST008953,BR0027,2024-08-20,PERSONAL,325515.4,60,PENDING,E
APP00008756,CUST006694,BR0008,2026-01-13,BUSINESS,278735.37,24,APPROVED,A
APP00008757,CUST007899,BR0024,2025-07-02,PERSONAL,1636553.41,36,PENDING,C
APP00008758,CUST004502,BR0010,2024-11-20,VEHICLE,240015.18,18,APPROVED,C
APP00008759,CUST008626,BR0018,2025-11-28,PERSONAL,1303029.33,24,APPROVED,C
APP00008760,CUST001513,BR0030,2024-07-23,BUSINESS,1074344.75,36,REJECTED,C
APP00008761,CUST009776,BR0048,2026-05-28,BUSINESS,1418445.46,24,APPROVED,C
APP00008762,CUST009816,BR0008,2024-10-12,BUSINESS,1399131.8,48,APPROVED,E
APP00008763,CUST003889,BR0041,2025-07-31,CONSUMER_DURABLE,1532686.42,48,REJECTED,B
APP00008764,CUST000014,BR0032,2024-12-13,PERSONAL,1999988.15,24,REJECTED,C
APP00008765,CUST001707,BR0050,2024-01-10,VEHICLE,1324708.99,48,APPROVED,D
APP00008766,CUST002886,BR0030,2026-05-14,BUSINESS,1882824.26,18,APPROVED,C
APP00008767,CUST002672,BR0016,2026-04-15,BUSINESS,389040.11,60,PENDING,E
APP00008768,CUST001933,BR0031,2026-04-30,BUSINESS,746209.07,12,REJECTED,D
APP00008769,CUST001734,BR0011,2026-09-20,VEHICLE,240193.57,18,APPROVED,E
APP00008770,CUST000001,BR0044,2024-02-20,PERSONAL,1396952.07,24,APPROVED,B
APP00008771,CUST000797,BR0032,2026-04-22,BUSINESS,737795.7,60,APPROVED,A
APP00008772,CUST000270,BR0045,2024-11-03,VEHICLE,1652391.64,24,APPROVED,E
APP00008773,CUST004819,BR0017,2026-06-26,VEHICLE,517111.29,12,APPROVED,E
APP00008774,CUST005218,BR0009,2025-01-16,PERSONAL,1025271.01,36,PENDING,B
APP00008775,CUST005630,BR0046,2025-04-14,VEHICLE,416596.68,24,REJECTED,E
APP00008776,CUST002219,BR0045,2026-04-16,PERSONAL,1077926.35,48,PENDING,C
APP00008777,CUST007613,BR0034,2024-07-21,BUSINESS,1778761.58,24,APPROVED,E
APP00008778,CUST003748,BR0036,2024-08-04,BUSINESS,310316.58,18,APPROVED,A
APP00008779,CUST008177,BR0007,2026-04-04,VEHICLE,1766311.79,48,APPROVED,B
APP00008780,CUST009349,BR0020,2026-02-27,CONSUMER_DURABLE,1855939.9,48,REJECTED,E
APP00008781,CUST006091,BR0028,2025-09-14,PERSONAL,659210.12,36,APPROVED,E
APP00008782,CUST001701,BR0043,2024-06-12,BUSINESS,406868.27,12,APPROVED,A
APP00008783,CUST008625,BR0017,2024-12-28,BUSINESS,462103.14,24,APPROVED,B
APP00008784,CUST008964,BR0040,2025-11-29,BUSINESS,1549634.05,60,APPROVED,D
APP00008785,CUST007121,BR0028,2025-08-01,BUSINESS,288348.06,60,APPROVED,D
APP00008786,CUST000256,BR0022,2024-01-22,CONSUMER_DURABLE,1341394.11,48,APPROVED,C
APP00008787,CUST001801,BR0035,2024-09-19,CONSUMER_DURABLE,1147051.67,12,PENDING,A
APP00008788,CUST004506,BR0017,2026-06-25,VEHICLE,1628629.99,12,PENDING,D
APP00008789,CUST006964,BR0009,2026-02-03,CONSUMER_DURABLE,1153403.84,18,APPROVED,B
APP00008790,CUST009217,BR0046,2026-08-30,VEHICLE,1226495.35,48,APPROVED,A
APP00008791,CUST001088,BR0012,2026-05-20,VEHICLE,1446370.3,48,PENDING,A
APP00008792,CUST004441,BR0010,2025-09-24,CONSUMER_DURABLE,1767886.75,24,REJECTED,B
APP00008793,CUST006172,BR0050,2025-11-28,PERSONAL,900522.81,12,APPROVED,D
APP00008794,CUST004422,BR0007,2026-09-15,PERSONAL,127234.92,48,APPROVED,B
APP00008795,CUST009856,BR0039,2026-03-30,CONSUMER_DURABLE,400994.41,36,APPROVED,E
APP00008796,CUST009626,BR0007,2024-04-29,PERSONAL,1760423.34,18,APPROVED,B
APP00008797,CUST008227,BR0007,2024-11-26,PERSONAL,238214.6,12,APPROVED,A
APP00008798,CUST003628,BR0036,2024-09-02,PERSONAL,509057.37,60,APPROVED,E
APP00008799,CUST004455,BR0032,2024-07-22,VEHICLE,246017.43,36,REJECTED,B
APP00008800,CUST001996,BR0027,2026-01-20,BUSINESS,1422119.5,24,APPROVED,A
APP00008801,CUST002650,BR0029,2026-07-13,BUSINESS,1584097.67,12,REJECTED,A
APP00008802,CUST004042,BR0049,2025-05-08,BUSINESS,607647.02,60,APPROVED,D
APP00008803,CUST000540,BR0001,2025-10-19,VEHICLE,1800780.94,36,APPROVED,B
APP00008804,CUST007670,BR0022,2025-01-15,VEHICLE,959576.67,18,REJECTED,A
APP00008805,CUST002272,BR0041,2024-10-03,PERSONAL,1967505.54,60,REJECTED,A
APP00008806,CUST009096,BR0012,2024-05-11,VEHICLE,235800.61,12,PENDING,A
APP00008807,CUST003985,BR0046,2026-09-22,CONSUMER_DURABLE,364439.1,12,APPROVED,B
APP00008808,CUST001625,BR0039,2025-11-06,PERSONAL,125347.85,12,REJECTED,A
APP00008809,CUST008752,BR0001,2024-12-19,VEHICLE,960531.81,60,APPROVED,C
APP00008810,CUST009498,BR0025,2026-09-23,CONSUMER_DURABLE,281958.82,18,APPROVED,A
APP00008811,CUST005667,BR0048,2024-09-02,VEHICLE,93185.56,24,APPROVED,E
APP00008812,CUST009357,BR0037,2026-04-09,PERSONAL,1069051.3,36,REJECTED,B
APP00008813,CUST008163,BR0015,2025-01-09,BUSINESS,794642.36,12,APPROVED,B
APP00008814,CUST003193,BR0021,2024-07-26,VEHICLE,1033717.62,48,PENDING,C
APP00008815,CUST002501,BR0005,2024-11-05,VEHICLE,784848.46,60,PENDING,C
APP00008816,CUST008463,BR0043,2025-03-07,BUSINESS,1115212.66,24,REJECTED,D
APP00008817,CUST004381,BR0027,2024-07-01,BUSINESS,1629023.29,36,PENDING,D
APP00008818,CUST001949,BR0050,2024-02-22,PERSONAL,624337.05,48,PENDING,E
APP00008819,CUST008673,BR0014,2025-12-03,PERSONAL,529292.37,60,PENDING,E
APP00008820,CUST004057,BR0003,2025-09-13,PERSONAL,196437.92,18,APPROVED,E
APP00008821,CUST001992,BR0018,2024-07-16,CONSUMER_DURABLE,1300776.96,36,APPROVED,E
APP00008822,CUST001482,BR0050,2025-02-20,VEHICLE,1425001.37,18,APPROVED,A
APP00008823,CUST000982,BR0042,2024-01-01,VEHICLE,1968438.77,12,APPROVED,D
APP00008824,CUST008934,BR0008,2025-11-09,VEHICLE,661830.68,18,PENDING,D
APP00008825,CUST000140,BR0036,2024-10-12,CONSUMER_DURABLE,321649.04,18,APPROVED,B
APP00008826,CUST009616,BR0015,2025-11-23,VEHICLE,530612.13,60,APPROVED,D
APP00008827,CUST005868,BR0016,2025-03-15,VEHICLE,1390858.14,36,APPROVED,B
APP00008828,CUST008859,BR0029,2024-12-16,VEHICLE,464187.21,36,PENDING,D
APP00008829,CUST001034,BR0019,2026-09-02,VEHICLE,1905236.53,12,APPROVED,D
APP00008830,CUST007785,BR0003,2025-07-18,PERSONAL,1395190.53,24,APPROVED,D
APP00008831,CUST004993,BR0006,2026-05-15,VEHICLE,1989609.95,12,PENDING,C
APP00008832,CUST002321,BR0024,2025-11-14,CONSUMER_DURABLE,1938321.5,60,REJECTED,A
APP00008833,CUST008927,BR0008,2024-01-21,CONSUMER_DURABLE,1565002.51,60,APPROVED,E
APP00008834,CUST006368,BR0002,2025-01-13,CONSUMER_DURABLE,1270885.09,48,PENDING,E
APP00008835,CUST002374,BR0050,2025-12-23,BUSINESS,1982974.26,24,APPROVED,E
APP00008836,CUST006086,BR0010,2025-12-10,VEHICLE,783003.24,48,APPROVED,B
APP00008837,CUST008924,BR0046,2026-08-13,VEHICLE,1107213.75,60,APPROVED,B
APP00008838,CUST006648,BR0033,2026-06-13,BUSINESS,459011.99,36,APPROVED,E
APP00008839,CUST000273,BR0020,2025-03-10,BUSINESS,1029710.83,18,REJECTED,E
APP00008840,CUST008359,BR0015,2026-05-13,PERSONAL,434710.76,24,APPROVED,E
APP00008841,CUST005188,BR0030,2024-10-20,BUSINESS,1531392.91,60,REJECTED,E
APP00008842,CUST003859,BR0012,2024-01-30,PERSONAL,1410513.39,12,APPROVED,A
APP00008843,CUST006271,BR0018,2026-05-26,BUSINESS,351583.38,18,APPROVED,A
APP00008844,CUST000759,BR0019,2025-04-06,CONSUMER_DURABLE,1356359.24,60,APPROVED,D
APP00008845,CUST003584,BR0045,2025-09-03,VEHICLE,1449783.38,12,APPROVED,E
APP00008846,CUST004947,BR0044,2026-09-17,PERSONAL,1528805.51,60,PENDING,C
APP00008847,CUST006499,BR0024,2025-12-27,PERSONAL,681523.02,12,APPROVED,A
APP00008848,CUST003288,BR0036,2024-07-15,PERSONAL,1425665.8,12,PENDING,A
APP00008849,CUST005514,BR0006,2026-01-14,CONSUMER_DURABLE,1156789.18,48,APPROVED,D
APP00008850,CUST004714,BR0005,2024-07-12,BUSINESS,844893.8,24,APPROVED,A
APP00008851,CUST001192,BR0019,2026-07-31,BUSINESS,971629.96,36,APPROVED,E
APP00008852,CUST000347,BR0013,2024-08-02,BUSINESS,757430.22,48,REJECTED,A
APP00008853,CUST009881,BR0033,2024-03-23,VEHICLE,639494.9,60,APPROVED,B
APP00008854,CUST002922,BR0010,2025-01-21,CONSUMER_DURABLE,390910.71,36,REJECTED,A
APP00008855,CUST009241,BR0023,2025-01-04,BUSINESS,1024586.07,12,REJECTED,A
APP00008856,CUST003807,BR0050,2024-01-20,VEHICLE,722732.33,60,APPROVED,A
APP00008857,CUST006338,BR0023,2025-06-12,VEHICLE,566470.07,60,REJECTED,D
APP00008858,CUST007146,BR0039,2024-03-23,PERSONAL,1042076.99,36,APPROVED,A
APP00008859,CUST007635,BR0005,2025-04-21,VEHICLE,1540282.87,36,APPROVED,B
APP00008860,CUST009619,BR0038,2026-05-07,VEHICLE,702328.63,60,REJECTED,A
APP00008861,CUST004525,BR0034,2026-07-18,PERSONAL,1318940.95,12,REJECTED,B
APP00008862,CUST005057,BR0007,2026-04-01,CONSUMER_DURABLE,1914332.94,12,REJECTED,C
APP00008863,CUST008434,BR0014,2025-09-20,CONSUMER_DURABLE,1318392.72,60,APPROVED,E
APP00008864,CUST003473,BR0009,2026-06-17,VEHICLE,1823871.61,36,APPROVED,E
APP00008865,CUST003189,BR0015,2025-12-16,BUSINESS,1909933.14,18,APPROVED,D
APP00008866,CUST000425,BR0007,2026-09-19,VEHICLE,1762382.94,48,APPROVED,B
APP00008867,CUST000324,BR0021,2026-04-21,VEHICLE,1824416.03,24,APPROVED,E
APP00008868,CUST001698,BR0017,2025-02-19,BUSINESS,185074.77,60,APPROVED,A
APP00008869,CUST000938,BR0026,2024-08-19,PERSONAL,849236.99,60,APPROVED,D
APP00008870,CUST005968,BR0018,2024-06-04,BUSINESS,1253069.36,48,APPROVED,A
APP00008871,CUST007928,BR0004,2025-06-26,BUSINESS,763824.75,18,REJECTED,A
APP00008872,CUST009608,BR0037,2025-12-27,PERSONAL,607778.41,24,PENDING,E
APP00008873,CUST003294,BR0035,2025-01-11,VEHICLE,1995950.8,36,APPROVED,D
APP00008874,CUST002331,BR0028,2025-03-06,VEHICLE,358319.95,48,APPROVED,A
APP00008875,CUST001841,BR0021,2024-05-15,PERSONAL,1050254.7,60,APPROVED,C
APP00008876,CUST004862,BR0048,2026-03-11,BUSINESS,574932.9,48,PENDING,A
APP00008877,CUST004422,BR0002,2026-07-03,BUSINESS,1070534.26,12,REJECTED,B
APP00008878,CUST000078,BR0001,2024-07-18,VEHICLE,1003586.69,48,APPROVED,E
APP00008879,CUST004462,BR0042,2026-02-12,BUSINESS,1194659.78,12,PENDING,E
APP00008880,CUST005330,BR0033,2026-03-29,CONSUMER_DURABLE,1186570.34,36,APPROVED,B
APP00008881,CUST004847,BR0010,2024-08-19,VEHICLE,1246380.31,60,PENDING,E
APP00008882,CUST000847,BR0011,2024-08-26,PERSONAL,117069.34,18,REJECTED,A
APP00008883,CUST004113,BR0002,2025-05-25,CONSUMER_DURABLE,1894515.2,48,APPROVED,C
APP00008884,CUST001791,BR0002,2025-06-18,CONSUMER_DURABLE,1060106.81,36,APPROVED,B
APP00008885,CUST009561,BR0045,2024-01-25,BUSINESS,539819.25,18,PENDING,E
APP00008886,CUST007887,BR0009,2026-06-10,PERSONAL,1030599.13,60,PENDING,D
APP00008887,CUST003904,BR0046,2025-04-15,PERSONAL,502949.95,24,APPROVED,C
APP00008888,CUST007814,BR0028,2024-04-11,PERSONAL,1523341.34,24,APPROVED,A
APP00008889,CUST003302,BR0027,2024-10-07,BUSINESS,210003.94,48,REJECTED,C
APP00008890,CUST009084,BR0033,2026-03-26,CONSUMER_DURABLE,412746.0,60,PENDING,A
APP00008891,CUST001977,BR0020,2026-03-10,PERSONAL,283851.1,24,APPROVED,B
APP00008892,CUST008134,BR0007,2024-04-21,BUSINESS,1029604.49,24,APPROVED,D
APP00008893,CUST001304,BR0019,2026-04-04,BUSINESS,145319.83,12,REJECTED,B
APP00008894,CUST009313,BR0006,2024-03-22,CONSUMER_DURABLE,230551.63,18,APPROVED,A
APP00008895,CUST001806,BR0012,2025-09-08,VEHICLE,1192978.81,60,PENDING,B
APP00008896,CUST008899,BR0033,2024-02-08,PERSONAL,1954630.11,36,APPROVED,C
APP00008897,CUST009246,BR0016,2025-06-09,VEHICLE,1946375.94,36,APPROVED,E
APP00008898,CUST003984,BR0031,2026-03-30,CONSUMER_DURABLE,710951.83,24,APPROVED,B
APP00008899,CUST004114,BR0012,2025-09-20,BUSINESS,374373.25,24,APPROVED,D
APP00008900,CUST009587,BR0015,2026-09-15,CONSUMER_DURABLE,717012.44,36,PENDING,D
APP00008901,CUST007936,BR0022,2024-07-31,VEHICLE,168139.36,48,APPROVED,B
APP00008902,CUST006159,BR0025,2025-08-13,PERSONAL,593329.7,12,APPROVED,D
APP00008903,CUST001961,BR0035,2024-02-25,BUSINESS,1027446.2,60,APPROVED,D
APP00008904,CUST006230,BR0034,2024-07-27,BUSINESS,1102989.37,24,APPROVED,E
APP00008905,CUST004290,BR0041,2024-06-02,VEHICLE,1693602.45,18,APPROVED,B
APP00008906,CUST006441,BR0044,2025-08-24,BUSINESS,1388713.81,24,REJECTED,B
APP00008907,CUST000958,BR0046,2025-11-07,CONSUMER_DURABLE,1601267.42,12,REJECTED,C
APP00008908,CUST008532,BR0004,2024-05-03,VEHICLE,1089128.68,18,APPROVED,B
APP00008909,CUST009496,BR0043,2026-01-23,BUSINESS,1138353.31,24,REJECTED,C
APP00008910,CUST002568,BR0021,2024-09-26,CONSUMER_DURABLE,1124211.39,48,PENDING,B
APP00008911,CUST002730,BR0027,2025-07-14,CONSUMER_DURABLE,399637.35,12,PENDING,D
APP00008912,CUST005513,BR0012,2024-04-15,PERSONAL,416360.92,24,REJECTED,A
APP00008913,CUST007711,BR0030,2024-09-23,PERSONAL,168495.61,24,PENDING,B
APP00008914,CUST003023,BR0039,2025-01-07,PERSONAL,523401.31,48,PENDING,C
APP00008915,CUST006698,BR0024,2024-07-25,PERSONAL,289589.09,18,APPROVED,E
APP00008916,CUST007472,BR0014,2024-07-29,PERSONAL,783612.46,60,APPROVED,A
APP00008917,CUST001801,BR0046,2025-07-04,PERSONAL,1255582.55,24,APPROVED,C
APP00008918,CUST005464,BR0015,2025-05-19,BUSINESS,1206763.19,60,APPROVED,E
APP00008919,CUST003971,BR0039,2026-02-03,BUSINESS,109108.46,36,APPROVED,B
APP00008920,CUST008874,BR0014,2025-10-12,CONSUMER_DURABLE,1355639.72,12,APPROVED,E
APP00008921,CUST006412,BR0048,2024-05-23,CONSUMER_DURABLE,1845856.71,48,PENDING,D
APP00008922,CUST000971,BR0039,2026-01-31,CONSUMER_DURABLE,1632201.77,48,REJECTED,E
APP00008923,CUST000827,BR0019,2025-09-27,BUSINESS,119967.72,48,REJECTED,E
APP00008924,CUST001320,BR0012,2025-07-07,PERSONAL,1482330.64,24,APPROVED,E
APP00008925,CUST007976,BR0034,2024-01-02,CONSUMER_DURABLE,1156367.36,12,APPROVED,A
APP00008926,CUST004734,BR0021,2025-05-22,VEHICLE,219951.69,48,APPROVED,B
APP00008927,CUST004413,BR0029,2025-07-08,VEHICLE,1333911.08,24,REJECTED,D
APP00008928,CUST004390,BR0047,2025-02-02,CONSUMER_DURABLE,1213446.7,24,REJECTED,C
APP00008929,CUST008931,BR0034,2026-02-09,BUSINESS,108936.0,24,APPROVED,A
APP00008930,CUST001845,BR0013,2025-03-03,BUSINESS,747276.25,60,APPROVED,D
APP00008931,CUST005996,BR0048,2024-08-16,PERSONAL,1811767.01,60,APPROVED,D
APP00008932,CUST001608,BR0045,2024-12-05,PERSONAL,1863041.05,18,REJECTED,B
APP00008933,CUST000708,BR0033,2025-03-28,BUSINESS,1313818.79,12,APPROVED,D
APP00008934,CUST002217,BR0028,2026-06-12,CONSUMER_DURABLE,186569.84,48,APPROVED,B
APP00008935,CUST002921,BR0036,2026-02-28,VEHICLE,262045.52,48,PENDING,B
APP00008936,CUST000208,BR0005,2024-03-26,VEHICLE,1391199.1,24,REJECTED,A
APP00008937,CUST002936,BR0003,2025-03-01,BUSINESS,1780389.61,18,APPROVED,E
APP00008938,CUST008638,BR0018,2025-01-29,VEHICLE,542483.03,12,REJECTED,B
APP00008939,CUST000105,BR0021,2026-02-15,BUSINESS,1493497.15,48,REJECTED,B
APP00008940,CUST007989,BR0049,2025-08-30,CONSUMER_DURABLE,726861.81,48,APPROVED,C
APP00008941,CUST004787,BR0050,2025-09-29,BUSINESS,1627294.15,12,PENDING,C
APP00008942,CUST002931,BR0018,2026-09-27,CONSUMER_DURABLE,1781928.04,24,PENDING,D
APP00008943,CUST001762,BR0046,2026-04-01,PERSONAL,644908.77,36,REJECTED,A
APP00008944,CUST002364,BR0046,2024-02-14,VEHICLE,1048251.31,60,APPROVED,C
APP00008945,CUST002446,BR0035,2025-02-12,BUSINESS,456929.34,60,REJECTED,A
APP00008946,CUST008273,BR0033,2026-05-02,CONSUMER_DURABLE,267750.63,60,PENDING,A
APP00008947,CUST006490,BR0041,2025-03-22,VEHICLE,1031823.99,18,REJECTED,B
APP00008948,CUST000591,BR0030,2025-03-25,PERSONAL,506778.78,48,PENDING,C
APP00008949,CUST005785,BR0017,2025-06-09,CONSUMER_DURABLE,654089.92,48,APPROVED,D
APP00008950,CUST006048,BR0018,2024-07-17,VEHICLE,1319451.45,48,APPROVED,E
APP00008951,CUST007134,BR0035,2024-10-04,PERSONAL,1638898.08,18,PENDING,B
APP00008952,CUST008812,BR0027,2024-07-19,PERSONAL,1394250.38,48,APPROVED,A
APP00008953,CUST002187,BR0024,2026-08-16,BUSINESS,219240.89,36,REJECTED,E
APP00008954,CUST007816,BR0041,2024-09-25,VEHICLE,668425.04,60,REJECTED,D
APP00008955,CUST000922,BR0023,2025-07-09,VEHICLE,1879497.93,18,APPROVED,E
APP00008956,CUST009769,BR0021,2024-03-18,VEHICLE,924082.55,60,APPROVED,B
APP00008957,CUST007277,BR0023,2024-02-24,BUSINESS,1046305.95,24,APPROVED,A
APP00008958,CUST004459,BR0016,2024-05-06,VEHICLE,699655.16,18,PENDING,D
APP00008959,CUST004519,BR0021,2024-01-24,CONSUMER_DURABLE,1527541.04,12,REJECTED,A
APP00008960,CUST004455,BR0040,2024-09-07,VEHICLE,1550050.52,24,PENDING,B
APP00008961,CUST006536,BR0027,2026-07-27,BUSINESS,1839193.33,36,REJECTED,E
APP00008962,CUST000006,BR0041,2026-01-04,BUSINESS,354600.85,48,APPROVED,E
APP00008963,CUST009556,BR0024,2024-05-17,PERSONAL,128686.15,18,APPROVED,D
APP00008964,CUST008439,BR0002,2025-11-08,BUSINESS,1210060.67,60,APPROVED,A
APP00008965,CUST005611,BR0035,2024-05-25,CONSUMER_DURABLE,1030501.73,24,REJECTED,E
APP00008966,CUST002229,BR0041,2025-02-21,BUSINESS,1510750.55,18,APPROVED,C
APP00008967,CUST006295,BR0043,2024-02-06,BUSINESS,324177.07,12,APPROVED,D
APP00008968,CUST001664,BR0002,2025-11-01,BUSINESS,1718430.66,12,APPROVED,C
APP00008969,CUST000641,BR0034,2024-11-18,CONSUMER_DURABLE,103665.31,48,APPROVED,E
APP00008970,CUST004863,BR0030,2024-12-05,BUSINESS,442982.05,12,APPROVED,B
APP00008971,CUST000287,BR0012,2026-06-30,BUSINESS,664698.19,12,APPROVED,B
APP00008972,CUST009031,BR0048,2025-10-11,CONSUMER_DURABLE,1398732.99,24,REJECTED,D
APP00008973,CUST000008,BR0021,2025-07-24,PERSONAL,432407.06,24,PENDING,A
APP00008974,CUST007724,BR0047,2026-01-06,VEHICLE,1238978.47,12,PENDING,E
APP00008975,CUST008723,BR0044,2025-01-14,VEHICLE,752118.51,24,APPROVED,E
APP00008976,CUST001363,BR0024,2026-09-15,PERSONAL,564572.95,24,APPROVED,B
APP00008977,CUST000954,BR0037,2025-10-30,CONSUMER_DURABLE,352023.21,60,APPROVED,B
APP00008978,CUST004971,BR0040,2025-05-12,BUSINESS,1174035.44,18,REJECTED,D
APP00008979,CUST002124,BR0039,2024-10-03,CONSUMER_DURABLE,354663.77,36,APPROVED,A
APP00008980,CUST001123,BR0001,2026-03-21,BUSINESS,1698475.33,36,APPROVED,B
APP00008981,CUST007245,BR0046,2025-01-28,BUSINESS,1819683.09,60,REJECTED,D
APP00008982,CUST006501,BR0012,2026-03-30,BUSINESS,1437924.41,18,APPROVED,D
APP00008983,CUST002582,BR0028,2024-07-04,PERSONAL,1191318.41,36,PENDING,E
APP00008984,CUST006317,BR0014,2026-09-17,PERSONAL,1223752.36,60,REJECTED,E
APP00008985,CUST006758,BR0001,2026-08-01,CONSUMER_DURABLE,671494.18,18,REJECTED,C
APP00008986,CUST007481,BR0022,2024-12-04,BUSINESS,1831829.52,12,APPROVED,E
APP00008987,CUST005564,BR0037,2024-04-21,VEHICLE,1655549.02,12,APPROVED,E
APP00008988,CUST005860,BR0007,2024-12-08,VEHICLE,1434839.63,60,PENDING,C
APP00008989,CUST006113,BR0002,2026-06-20,BUSINESS,174197.38,36,APPROVED,A
APP00008990,CUST003249,BR0012,2025-09-16,PERSONAL,180274.7,60,REJECTED,E
APP00008991,CUST000747,BR0049,2026-06-22,CONSUMER_DURABLE,1370421.63,12,APPROVED,E
APP00008992,CUST006681,BR0047,2024-02-24,VEHICLE,291402.24,18,PENDING,E
APP00008993,CUST001026,BR0012,2024-10-02,VEHICLE,1676983.16,18,PENDING,B
APP00008994,CUST002498,BR0030,2024-05-23,CONSUMER_DURABLE,1492605.43,48,APPROVED,C
APP00008995,CUST009376,BR0038,2026-03-23,BUSINESS,882183.38,12,APPROVED,C
APP00008996,CUST008808,BR0009,2025-11-07,VEHICLE,593140.76,12,REJECTED,A
APP00008997,CUST001077,BR0037,2026-03-29,CONSUMER_DURABLE,528638.8,18,APPROVED,C
APP00008998,CUST009091,BR0014,2026-05-06,BUSINESS,891559.24,36,PENDING,E
APP00008999,CUST003974,BR0050,2024-01-17,BUSINESS,1272580.36,60,PENDING,D
APP00009000,CUST008062,BR0021,2024-05-02,BUSINESS,53537.5,60,REJECTED,E
APP00009001,CUST005883,BR0023,2024-05-31,VEHICLE,1309144.09,36,APPROVED,C
APP00009002,CUST001864,BR0050,2026-01-06,BUSINESS,145189.83,36,APPROVED,E
APP00009003,CUST003628,BR0040,2026-03-24,VEHICLE,1379363.65,36,APPROVED,B
APP00009004,CUST004688,BR0021,2025-07-31,BUSINESS,855158.47,48,APPROVED,E
APP00009005,CUST006007,BR0012,2024-06-24,VEHICLE,461533.1,36,APPROVED,A
APP00009006,CUST007073,BR0012,2025-11-09,CONSUMER_DURABLE,1216868.99,24,APPROVED,D
APP00009007,CUST008181,BR0013,2024-06-16,PERSONAL,1557623.32,36,APPROVED,E
APP00009008,CUST006987,BR0049,2025-05-02,CONSUMER_DURABLE,682559.2,36,REJECTED,B
APP00009009,CUST005844,BR0004,2026-03-20,PERSONAL,1153337.41,24,APPROVED,C
APP00009010,CUST009344,BR0050,2024-03-10,PERSONAL,556585.93,48,APPROVED,D
APP00009011,CUST008251,BR0030,2026-09-14,PERSONAL,729369.04,48,APPROVED,C
APP00009012,CUST006245,BR0038,2024-06-30,PERSONAL,656041.61,36,APPROVED,C
APP00009013,CUST005272,BR0022,2024-05-06,PERSONAL,1934999.91,24,REJECTED,E
APP00009014,CUST009800,BR0047,2025-08-27,CONSUMER_DURABLE,325442.2,12,APPROVED,C
APP00009015,CUST001790,BR0012,2025-09-21,CONSUMER_DURABLE,1861992.96,12,APPROVED,B
APP00009016,CUST004936,BR0028,2025-05-01,CONSUMER_DURABLE,1129985.02,36,APPROVED,C
APP00009017,CUST007815,BR0037,2025-09-01,BUSINESS,1057916.71,12,PENDING,C
APP00009018,CUST000883,BR0011,2024-04-01,VEHICLE,920985.76,18,REJECTED,C
APP00009019,CUST000876,BR0002,2025-12-01,CONSUMER_DURABLE,258283.73,36,PENDING,D
APP00009020,CUST001958,BR0010,2026-09-10,PERSONAL,841697.86,12,REJECTED,D
APP00009021,CUST000861,BR0044,2026-05-06,PERSONAL,1423324.48,48,PENDING,E
APP00009022,CUST001870,BR0044,2024-09-09,BUSINESS,1158242.68,24,APPROVED,D
APP00009023,CUST006165,BR0020,2024-11-12,CONSUMER_DURABLE,380543.72,18,PENDING,A
APP00009024,CUST006882,BR0036,2026-08-09,VEHICLE,414226.76,60,APPROVED,A
APP00009025,CUST006862,BR0034,2026-01-20,VEHICLE,296003.41,12,REJECTED,E
APP00009026,CUST004964,BR0043,2026-05-29,VEHICLE,645824.58,18,REJECTED,A
APP00009027,CUST008187,BR0043,2026-01-21,BUSINESS,1590072.33,60,REJECTED,D
APP00009028,CUST007150,BR0004,2025-05-11,CONSUMER_DURABLE,260787.75,12,APPROVED,E
APP00009029,CUST000003,BR0026,2025-04-07,VEHICLE,1098747.71,48,APPROVED,D
APP00009030,CUST007862,BR0002,2024-09-26,PERSONAL,947467.83,36,PENDING,D
APP00009031,CUST008647,BR0047,2025-04-28,VEHICLE,394051.75,60,APPROVED,C
APP00009032,CUST002854,BR0050,2024-06-09,BUSINESS,1635487.1,60,APPROVED,A
APP00009033,CUST000642,BR0026,2025-04-21,BUSINESS,1050489.03,18,REJECTED,A
APP00009034,CUST003589,BR0012,2025-02-06,CONSUMER_DURABLE,1068415.0,12,REJECTED,A
APP00009035,CUST005618,BR0012,2025-10-18,VEHICLE,1815128.01,12,PENDING,D
APP00009036,CUST005994,BR0040,2026-05-12,PERSONAL,526788.59,60,APPROVED,E
APP00009037,CUST008491,BR0044,2025-01-21,VEHICLE,529354.13,60,REJECTED,D
APP00009038,CUST006542,BR0004,2025-08-27,CONSUMER_DURABLE,661876.44,18,APPROVED,B
APP00009039,CUST006199,BR0029,2025-10-29,CONSUMER_DURABLE,1150516.65,12,PENDING,A
APP00009040,CUST001626,BR0046,2025-08-27,PERSONAL,1364677.43,36,REJECTED,C
APP00009041,CUST000853,BR0037,2024-08-30,VEHICLE,133532.29,36,REJECTED,A
APP00009042,CUST004131,BR0013,2025-03-17,CONSUMER_DURABLE,1770991.51,48,REJECTED,B
APP00009043,CUST001219,BR0046,2024-08-26,BUSINESS,994101.85,48,PENDING,D
APP00009044,CUST005565,BR0038,2025-02-27,PERSONAL,1867709.24,18,APPROVED,C
APP00009045,CUST001743,BR0006,2026-02-17,BUSINESS,924804.49,24,REJECTED,E
APP00009046,CUST009493,BR0018,2025-01-07,PERSONAL,908178.75,36,REJECTED,C
APP00009047,CUST008373,BR0023,2024-05-01,BUSINESS,85321.58,24,APPROVED,A
APP00009048,CUST003611,BR0050,2026-07-19,VEHICLE,1100144.58,36,APPROVED,C
APP00009049,CUST008971,BR0018,2024-11-24,CONSUMER_DURABLE,1155613.63,36,PENDING,D
APP00009050,CUST000300,BR0050,2024-12-22,PERSONAL,522041.85,60,APPROVED,B
APP00009051,CUST005652,BR0045,2024-09-17,VEHICLE,122316.78,60,APPROVED,D
APP00009052,CUST004719,BR0008,2025-10-29,BUSINESS,1246981.65,48,APPROVED,C
APP00009053,CUST005133,BR0035,2024-06-28,CONSUMER_DURABLE,446585.03,36,APPROVED,D
APP00009054,CUST001825,BR0016,2025-04-16,VEHICLE,369413.37,36,APPROVED,B
APP00009055,CUST001630,BR0040,2025-05-19,PERSONAL,963450.24,18,APPROVED,B
APP00009056,CUST008420,BR0016,2026-03-11,PERSONAL,1181168.83,36,APPROVED,D
APP00009057,CUST009969,BR0038,2025-03-08,CONSUMER_DURABLE,197273.03,18,APPROVED,C
APP00009058,CUST000927,BR0002,2024-05-01,BUSINESS,1875260.16,60,APPROVED,A
APP00009059,CUST007349,BR0029,2024-09-22,VEHICLE,954261.81,24,APPROVED,C
APP00009060,CUST003730,BR0046,2026-09-04,BUSINESS,1857300.59,18,APPROVED,B
APP00009061,CUST000569,BR0034,2026-09-03,VEHICLE,683989.24,48,APPROVED,A
APP00009062,CUST002068,BR0014,2025-06-12,BUSINESS,1961803.73,12,PENDING,A
APP00009063,CUST002495,BR0013,2026-03-02,PERSONAL,1533206.26,48,REJECTED,B
APP00009064,CUST000813,BR0038,2026-02-17,PERSONAL,1256159.19,48,PENDING,E
APP00009065,CUST003585,BR0023,2026-07-24,CONSUMER_DURABLE,1215654.0,18,APPROVED,B
APP00009066,CUST005747,BR0035,2026-03-23,BUSINESS,355108.74,18,APPROVED,B
APP00009067,CUST005944,BR0027,2025-04-07,PERSONAL,1871627.48,36,APPROVED,A
APP00009068,CUST009468,BR0032,2024-01-11,BUSINESS,1216283.0,24,APPROVED,C
APP00009069,CUST001875,BR0002,2025-12-01,BUSINESS,569725.58,18,REJECTED,D
APP00009070,CUST002440,BR0009,2026-04-15,VEHICLE,840926.79,48,REJECTED,E
APP00009071,CUST004655,BR0033,2024-03-07,CONSUMER_DURABLE,1818595.19,12,APPROVED,B
APP00009072,CUST000435,BR0025,2026-05-23,PERSONAL,585005.65,60,PENDING,E
APP00009073,CUST006732,BR0036,2024-12-20,PERSONAL,135437.97,18,PENDING,A
APP00009074,CUST006519,BR0027,2024-07-15,CONSUMER_DURABLE,1312255.21,36,APPROVED,D
APP00009075,CUST009606,BR0031,2025-04-12,BUSINESS,1025275.61,48,APPROVED,B
APP00009076,CUST008707,BR0026,2024-10-22,CONSUMER_DURABLE,1158870.0,60,REJECTED,D
APP00009077,CUST002115,BR0039,2024-01-27,VEHICLE,852560.35,48,PENDING,C
APP00009078,CUST002983,BR0027,2025-03-09,VEHICLE,1759502.48,24,PENDING,B
APP00009079,CUST004949,BR0005,2026-05-07,BUSINESS,875860.78,24,PENDING,C
APP00009080,CUST007645,BR0016,2024-10-23,CONSUMER_DURABLE,601517.74,12,APPROVED,D
APP00009081,CUST003038,BR0010,2025-08-17,CONSUMER_DURABLE,559976.15,18,REJECTED,A
APP00009082,CUST009492,BR0030,2024-02-20,BUSINESS,1112036.09,12,APPROVED,B
APP00009083,CUST002538,BR0007,2026-03-09,PERSONAL,418314.85,18,REJECTED,E
APP00009084,CUST000709,BR0019,2025-02-02,BUSINESS,442631.49,18,APPROVED,B
APP00009085,CUST003413,BR0007,2025-06-23,CONSUMER_DURABLE,1666532.2,36,PENDING,B
APP00009086,CUST002235,BR0038,2024-06-09,BUSINESS,1609218.59,48,APPROVED,E
APP00009087,CUST009097,BR0013,2025-11-12,BUSINESS,1517976.91,48,APPROVED,A
APP00009088,CUST008220,BR0029,2024-05-28,PERSONAL,1725073.24,18,REJECTED,A
APP00009089,CUST005202,BR0018,2026-03-21,CONSUMER_DURABLE,143204.97,60,REJECTED,A
APP00009090,CUST001726,BR0008,2026-02-17,PERSONAL,1731858.47,18,APPROVED,D
APP00009091,CUST006782,BR0025,2025-03-21,PERSONAL,1543468.8,12,APPROVED,E
APP00009092,CUST003485,BR0020,2024-07-02,CONSUMER_DURABLE,1753891.01,36,APPROVED,E
APP00009093,CUST008933,BR0040,2024-01-04,VEHICLE,372576.1,24,APPROVED,C
APP00009094,CUST007426,BR0032,2024-06-08,PERSONAL,718732.18,60,PENDING,E
APP00009095,CUST000976,BR0016,2024-02-28,BUSINESS,88618.93,18,APPROVED,C
APP00009096,CUST003775,BR0020,2026-09-11,BUSINESS,1345399.11,36,APPROVED,C
APP00009097,CUST000642,BR0013,2025-07-07,PERSONAL,1324127.67,60,REJECTED,A
APP00009098,CUST001356,BR0041,2025-01-23,CONSUMER_DURABLE,1782565.33,60,APPROVED,B
APP00009099,CUST002531,BR0046,2024-03-05,VEHICLE,306341.1,60,REJECTED,E
APP00009100,CUST004168,BR0013,2026-02-06,CONSUMER_DURABLE,1393376.61,48,REJECTED,E
APP00009101,CUST005102,BR0009,2026-03-25,BUSINESS,1928091.35,12,APPROVED,E
APP00009102,CUST001810,BR0018,2024-08-06,BUSINESS,1001948.8,12,PENDING,A
APP00009103,CUST001624,BR0037,2026-01-12,CONSUMER_DURABLE,853010.19,12,APPROVED,D
APP00009104,CUST004709,BR0030,2024-09-21,CONSUMER_DURABLE,1828988.89,12,APPROVED,E
APP00009105,CUST007178,BR0007,2026-04-12,BUSINESS,98516.23,48,APPROVED,A
APP00009106,CUST006341,BR0007,2024-12-02,CONSUMER_DURABLE,263268.17,18,REJECTED,B
APP00009107,CUST002264,BR0022,2025-06-09,PERSONAL,453151.24,18,APPROVED,C
APP00009108,CUST000405,BR0027,2024-12-15,VEHICLE,1784692.89,12,APPROVED,E
APP00009109,CUST009334,BR0043,2024-06-23,PERSONAL,183400.62,12,REJECTED,D
APP00009110,CUST008068,BR0028,2026-05-14,CONSUMER_DURABLE,1872461.33,18,APPROVED,E
APP00009111,CUST002287,BR0021,2025-05-19,CONSUMER_DURABLE,344678.3,18,PENDING,B
APP00009112,CUST003723,BR0044,2026-01-09,VEHICLE,257975.69,60,REJECTED,B
APP00009113,CUST008288,BR0003,2026-01-12,VEHICLE,59440.97,18,APPROVED,E
APP00009114,CUST002190,BR0020,2025-05-26,CONSUMER_DURABLE,1656581.92,48,PENDING,C
APP00009115,CUST002020,BR0013,2026-04-21,CONSUMER_DURABLE,1983586.27,18,PENDING,D
APP00009116,CUST001635,BR0031,2024-02-01,PERSONAL,476051.44,12,APPROVED,E
APP00009117,CUST004927,BR0001,2024-10-05,PERSONAL,772521.12,12,APPROVED,E
APP00009118,CUST001939,BR0012,2026-07-10,BUSINESS,1967197.49,12,PENDING,C
APP00009119,CUST000769,BR0020,2026-07-26,CONSUMER_DURABLE,287495.04,60,APPROVED,C
APP00009120,CUST009384,BR0036,2026-03-27,PERSONAL,1789025.15,24,REJECTED,B
APP00009121,CUST006057,BR0009,2024-09-09,CONSUMER_DURABLE,1472526.73,60,APPROVED,C
APP00009122,CUST007953,BR0016,2025-01-31,PERSONAL,177804.8,60,APPROVED,E
APP00009123,CUST002014,BR0002,2024-11-04,CONSUMER_DURABLE,803055.66,18,REJECTED,E
APP00009124,CUST008209,BR0019,2024-06-22,CONSUMER_DURABLE,209292.6,48,PENDING,D
APP00009125,CUST006105,BR0009,2026-01-08,BUSINESS,795329.07,24,PENDING,D
APP00009126,CUST004472,BR0041,2024-02-05,BUSINESS,1265620.65,36,REJECTED,E
APP00009127,CUST006219,BR0018,2026-06-02,CONSUMER_DURABLE,1780353.47,48,APPROVED,A
APP00009128,CUST002629,BR0025,2026-08-14,BUSINESS,1821432.5,60,PENDING,E
APP00009129,CUST004796,BR0038,2024-02-20,PERSONAL,120078.8,60,REJECTED,C
APP00009130,CUST008546,BR0009,2025-10-25,VEHICLE,1298686.03,48,REJECTED,A
APP00009131,CUST007113,BR0014,2026-08-11,BUSINESS,312947.04,60,APPROVED,E
APP00009132,CUST003365,BR0031,2026-05-19,PERSONAL,1294395.92,36,PENDING,A
APP00009133,CUST009297,BR0023,2024-01-27,PERSONAL,1071247.34,12,REJECTED,C
APP00009134,CUST002250,BR0033,2024-11-27,VEHICLE,1988417.38,60,APPROVED,D
APP00009135,CUST005252,BR0041,2026-05-09,CONSUMER_DURABLE,1631564.22,48,APPROVED,C
APP00009136,CUST006151,BR0032,2024-04-05,CONSUMER_DURABLE,1146523.19,12,REJECTED,A
APP00009137,CUST004541,BR0037,2024-07-01,CONSUMER_DURABLE,832074.02,12,REJECTED,D
APP00009138,CUST004643,BR0007,2025-01-20,VEHICLE,1458382.3,60,REJECTED,B
APP00009139,CUST009950,BR0019,2024-02-07,BUSINESS,709010.99,24,PENDING,B
APP00009140,CUST000824,BR0040,2025-06-17,PERSONAL,1271158.5,60,APPROVED,B
APP00009141,CUST009583,BR0031,2026-07-24,BUSINESS,1802247.36,18,PENDING,C
APP00009142,CUST002643,BR0015,2024-01-10,CONSUMER_DURABLE,691812.44,18,REJECTED,A
APP00009143,CUST001205,BR0005,2024-04-09,CONSUMER_DURABLE,1545250.79,48,APPROVED,E
APP00009144,CUST007760,BR0028,2025-12-09,PERSONAL,1864621.79,24,APPROVED,D
APP00009145,CUST003401,BR0039,2025-01-26,CONSUMER_DURABLE,789104.21,24,APPROVED,D
APP00009146,CUST007140,BR0030,2026-04-18,VEHICLE,1757974.41,12,PENDING,A
APP00009147,CUST004038,BR0022,2026-07-28,BUSINESS,573703.42,12,APPROVED,E
APP00009148,CUST006579,BR0022,2026-09-29,BUSINESS,1606959.74,24,APPROVED,C
APP00009149,CUST006260,BR0019,2026-01-23,BUSINESS,1563591.92,36,APPROVED,B
APP00009150,CUST003820,BR0033,2024-06-20,CONSUMER_DURABLE,349273.18,18,APPROVED,E
APP00009151,CUST006075,BR0036,2025-12-29,BUSINESS,344268.64,60,APPROVED,E
APP00009152,CUST002956,BR0025,2024-09-02,CONSUMER_DURABLE,967470.3,36,APPROVED,E
APP00009153,CUST009375,BR0007,2026-03-04,PERSONAL,1689240.49,18,REJECTED,E
APP00009154,CUST002836,BR0010,2024-11-03,BUSINESS,1091118.65,18,APPROVED,A
APP00009155,CUST002554,BR0021,2025-03-07,PERSONAL,1457350.14,60,APPROVED,A
APP00009156,CUST007655,BR0012,2026-08-03,PERSONAL,1540515.52,36,PENDING,D
APP00009157,CUST009407,BR0031,2024-06-04,VEHICLE,1639989.67,36,REJECTED,E
APP00009158,CUST005342,BR0012,2024-03-14,PERSONAL,1064528.4,18,REJECTED,E
APP00009159,CUST009718,BR0035,2025-03-23,VEHICLE,1730240.75,18,REJECTED,E
APP00009160,CUST004767,BR0037,2025-02-18,CONSUMER_DURABLE,850810.91,48,APPROVED,A
APP00009161,CUST002011,BR0027,2024-08-26,CONSUMER_DURABLE,951931.61,60,PENDING,C
APP00009162,CUST002618,BR0031,2025-12-05,BUSINESS,579324.7,18,PENDING,E
APP00009163,CUST000633,BR0027,2026-07-07,VEHICLE,1762576.99,48,APPROVED,D
APP00009164,CUST001999,BR0012,2026-03-15,BUSINESS,1269449.5,60,PENDING,C
APP00009165,CUST007063,BR0041,2025-10-23,CONSUMER_DURABLE,1590353.49,60,APPROVED,E
APP00009166,CUST002651,BR0042,2025-12-05,BUSINESS,1851796.32,18,REJECTED,C
APP00009167,CUST006744,BR0044,2026-05-14,CONSUMER_DURABLE,115153.91,60,REJECTED,D
APP00009168,CUST004564,BR0004,2025-05-02,BUSINESS,1859290.59,48,PENDING,D
APP00009169,CUST009145,BR0002,2024-04-02,PERSONAL,1492131.3,60,APPROVED,E
APP00009170,CUST000199,BR0034,2024-05-08,PERSONAL,1612264.76,48,APPROVED,B
APP00009171,CUST008441,BR0019,2025-04-06,VEHICLE,1743600.36,18,APPROVED,E
APP00009172,CUST004988,BR0024,2024-09-08,BUSINESS,1952012.74,18,PENDING,A
APP00009173,CUST004150,BR0027,2025-01-31,CONSUMER_DURABLE,659994.84,60,PENDING,E
APP00009174,CUST009954,BR0012,2026-08-08,VEHICLE,924292.14,36,REJECTED,E
APP00009175,CUST009563,BR0033,2024-09-01,PERSONAL,1780946.47,12,APPROVED,D
APP00009176,CUST001240,BR0022,2025-10-21,BUSINESS,1296732.09,12,REJECTED,E
APP00009177,CUST009164,BR0034,2025-12-07,CONSUMER_DURABLE,417502.91,60,REJECTED,C
APP00009178,CUST002331,BR0037,2025-11-19,BUSINESS,694310.48,24,REJECTED,B
APP00009179,CUST008432,BR0048,2026-09-11,BUSINESS,1175907.49,48,REJECTED,C
APP00009180,CUST004644,BR0041,2026-03-13,CONSUMER_DURABLE,1024424.49,60,REJECTED,E
APP00009181,CUST000521,BR0006,2025-12-10,VEHICLE,1413274.03,36,PENDING,D
APP00009182,CUST004842,BR0024,2025-08-21,PERSONAL,245637.57,36,PENDING,D
APP00009183,CUST001646,BR0012,2025-07-20,CONSUMER_DURABLE,484572.92,24,PENDING,A
APP00009184,CUST006816,BR0019,2026-05-18,PERSONAL,1129116.43,60,APPROVED,E
APP00009185,CUST000807,BR0050,2024-08-06,CONSUMER_DURABLE,121940.35,12,APPROVED,C
APP00009186,CUST000367,BR0020,2025-08-17,PERSONAL,308932.31,24,APPROVED,C
APP00009187,CUST008410,BR0010,2024-06-30,PERSONAL,516784.59,24,PENDING,A
APP00009188,CUST001646,BR0016,2025-04-09,PERSONAL,1317248.61,24,REJECTED,C
APP00009189,CUST001793,BR0045,2026-08-21,BUSINESS,343518.87,36,APPROVED,D
APP00009190,CUST003158,BR0025,2026-09-20,VEHICLE,484271.17,12,APPROVED,E
APP00009191,CUST006860,BR0019,2026-03-11,BUSINESS,718082.1,18,APPROVED,A
APP00009192,CUST009550,BR0039,2025-09-06,BUSINESS,1209690.56,36,APPROVED,A
APP00009193,CUST004475,BR0045,2026-01-21,CONSUMER_DURABLE,1787307.28,18,PENDING,C
APP00009194,CUST000304,BR0006,2026-02-11,CONSUMER_DURABLE,1228766.77,18,PENDING,E
APP00009195,CUST000392,BR0024,2025-11-11,PERSONAL,1737409.86,36,APPROVED,D
APP00009196,CUST005652,BR0042,2025-08-16,PERSONAL,896507.45,24,PENDING,E
APP00009197,CUST001738,BR0017,2026-08-06,VEHICLE,389514.81,12,APPROVED,A
APP00009198,CUST003354,BR0027,2026-06-02,PERSONAL,632601.1,24,APPROVED,E
APP00009199,CUST002240,BR0039,2024-06-05,VEHICLE,1030800.66,48,APPROVED,B
APP00009200,CUST004913,BR0029,2025-11-13,CONSUMER_DURABLE,204655.47,18,APPROVED,B
APP00009201,CUST009983,BR0004,2024-06-08,BUSINESS,1549509.04,12,REJECTED,C
APP00009202,CUST006354,BR0019,2024-04-19,PERSONAL,1130330.7,36,REJECTED,D
APP00009203,CUST008494,BR0021,2025-04-07,BUSINESS,1242159.41,12,REJECTED,D
APP00009204,CUST000825,BR0035,2025-10-13,BUSINESS,1230295.62,18,REJECTED,A
APP00009205,CUST005990,BR0004,2026-03-30,CONSUMER_DURABLE,257817.03,12,PENDING,C
APP00009206,CUST001331,BR0002,2025-03-17,BUSINESS,1338765.24,48,APPROVED,E
APP00009207,CUST008321,BR0028,2024-08-16,VEHICLE,646847.98,18,REJECTED,D
APP00009208,CUST004610,BR0047,2026-06-18,VEHICLE,1881561.62,12,PENDING,C
APP00009209,CUST006663,BR0030,2026-01-11,CONSUMER_DURABLE,1600311.39,60,APPROVED,D
APP00009210,CUST006525,BR0029,2025-02-16,CONSUMER_DURABLE,431537.49,48,PENDING,A
APP00009211,CUST002431,BR0048,2024-06-01,BUSINESS,747877.33,60,APPROVED,A
APP00009212,CUST001013,BR0045,2024-05-14,BUSINESS,1144263.63,60,APPROVED,C
APP00009213,CUST000475,BR0008,2024-11-23,VEHICLE,696576.55,24,APPROVED,E
APP00009214,CUST005694,BR0001,2024-03-24,CONSUMER_DURABLE,273271.31,12,APPROVED,D
APP00009215,CUST008368,BR0001,2025-12-26,CONSUMER_DURABLE,1608302.48,12,APPROVED,C
APP00009216,CUST006604,BR0030,2025-02-17,CONSUMER_DURABLE,272078.7,48,REJECTED,B
APP00009217,CUST002683,BR0044,2024-03-27,VEHICLE,337591.89,12,APPROVED,D
APP00009218,CUST000990,BR0004,2026-03-04,VEHICLE,378783.76,24,REJECTED,C
APP00009219,CUST007361,BR0032,2025-11-12,VEHICLE,1664788.28,36,PENDING,E
APP00009220,CUST003564,BR0008,2024-08-25,BUSINESS,1910170.15,24,APPROVED,E
APP00009221,CUST008109,BR0038,2025-05-18,PERSONAL,215848.77,24,APPROVED,A
APP00009222,CUST006914,BR0044,2024-05-19,BUSINESS,1216572.11,24,PENDING,D
APP00009223,CUST000239,BR0028,2026-03-21,CONSUMER_DURABLE,1048968.47,48,APPROVED,B
APP00009224,CUST007627,BR0002,2026-01-05,VEHICLE,1980092.29,60,PENDING,E
APP00009225,CUST002546,BR0010,2024-06-19,PERSONAL,1095131.26,12,PENDING,A
APP00009226,CUST006290,BR0034,2024-12-10,CONSUMER_DURABLE,233941.62,12,APPROVED,E
APP00009227,CUST000982,BR0049,2026-03-17,VEHICLE,1603704.19,48,APPROVED,A
APP00009228,CUST001490,BR0041,2024-09-19,VEHICLE,244763.9,12,PENDING,D
APP00009229,CUST000988,BR0009,2026-07-02,BUSINESS,1855561.26,36,PENDING,B
APP00009230,CUST002332,BR0022,2025-10-08,BUSINESS,272522.0,36,APPROVED,A
APP00009231,CUST003790,BR0011,2024-06-29,CONSUMER_DURABLE,321996.0,60,REJECTED,B
APP00009232,CUST009234,BR0048,2025-05-19,PERSONAL,1750263.48,48,PENDING,C
APP00009233,CUST007472,BR0009,2026-08-17,VEHICLE,1123505.92,12,REJECTED,A
APP00009234,CUST000986,BR0033,2025-02-16,BUSINESS,1964280.93,60,PENDING,E
APP00009235,CUST005018,BR0020,2025-04-11,BUSINESS,1488513.41,18,APPROVED,D
APP00009236,CUST001957,BR0016,2026-04-14,PERSONAL,130154.94,48,PENDING,C
APP00009237,CUST005829,BR0034,2025-04-11,VEHICLE,805044.86,24,REJECTED,C
APP00009238,CUST008283,BR0012,2025-07-05,BUSINESS,565835.57,60,PENDING,D
APP00009239,CUST004046,BR0020,2024-08-03,CONSUMER_DURABLE,1241715.42,12,PENDING,E
APP00009240,CUST001158,BR0018,2024-05-23,VEHICLE,685586.71,60,APPROVED,D
APP00009241,CUST001125,BR0038,2024-07-27,BUSINESS,603610.15,48,APPROVED,A
APP00009242,CUST000008,BR0049,2025-05-26,VEHICLE,1942651.8,36,PENDING,B
APP00009243,CUST008076,BR0028,2026-02-07,CONSUMER_DURABLE,1661763.75,18,APPROVED,E
APP00009244,CUST003768,BR0041,2024-02-26,VEHICLE,1997384.96,24,REJECTED,B
APP00009245,CUST006057,BR0005,2025-02-14,CONSUMER_DURABLE,726759.82,36,APPROVED,D
APP00009246,CUST003602,BR0042,2025-01-01,PERSONAL,758595.04,60,REJECTED,B
APP00009247,CUST005515,BR0017,2024-10-14,BUSINESS,251131.68,18,APPROVED,D
APP00009248,CUST000005,BR0017,2025-10-26,VEHICLE,691681.97,12,APPROVED,E
APP00009249,CUST002958,BR0049,2026-05-30,BUSINESS,1612204.27,18,APPROVED,D
APP00009250,CUST008340,BR0046,2025-09-08,CONSUMER_DURABLE,277042.56,60,APPROVED,D
APP00009251,CUST001835,BR0044,2026-06-29,BUSINESS,846493.91,18,REJECTED,E
APP00009252,CUST005120,BR0007,2025-12-05,VEHICLE,986433.88,36,PENDING,E
APP00009253,CUST008683,BR0046,2024-11-02,CONSUMER_DURABLE,1218492.82,24,REJECTED,C
APP00009254,CUST007964,BR0047,2025-03-10,PERSONAL,236108.31,60,PENDING,D
APP00009255,CUST005862,BR0038,2025-06-13,BUSINESS,175307.47,48,APPROVED,A
APP00009256,CUST004690,BR0035,2025-12-20,VEHICLE,1087793.44,24,APPROVED,D
APP00009257,CUST008806,BR0022,2026-07-08,BUSINESS,1426577.2,60,PENDING,E
APP00009258,CUST001217,BR0042,2026-09-01,CONSUMER_DURABLE,93716.32,12,PENDING,E
APP00009259,CUST001307,BR0029,2026-03-27,VEHICLE,1272998.84,12,APPROVED,B
APP00009260,CUST008403,BR0015,2025-11-02,CONSUMER_DURABLE,1826478.11,12,PENDING,E
APP00009261,CUST000637,BR0037,2026-09-27,BUSINESS,1909857.06,48,APPROVED,B
APP00009262,CUST000710,BR0045,2025-10-16,VEHICLE,921935.86,12,PENDING,C
APP00009263,CUST005233,BR0022,2024-04-28,VEHICLE,1576785.6,24,PENDING,B
APP00009264,CUST005172,BR0021,2025-05-22,PERSONAL,462361.31,24,APPROVED,A
APP00009265,CUST001426,BR0013,2026-05-06,VEHICLE,1849448.91,12,PENDING,E
APP00009266,CUST000574,BR0043,2025-12-18,PERSONAL,1366661.97,48,REJECTED,E
APP00009267,CUST005814,BR0011,2025-01-23,VEHICLE,1086339.39,24,APPROVED,D
APP00009268,CUST001575,BR0013,2026-08-09,VEHICLE,743787.52,24,APPROVED,A
APP00009269,CUST001844,BR0012,2025-11-03,PERSONAL,519000.26,18,APPROVED,D
APP00009270,CUST004515,BR0005,2026-03-19,BUSINESS,1374775.43,36,APPROVED,A
APP00009271,CUST009107,BR0026,2026-02-12,BUSINESS,1905927.97,24,APPROVED,E
APP00009272,CUST008547,BR0001,2026-03-16,VEHICLE,1859843.19,36,APPROVED,C
APP00009273,CUST007103,BR0010,2025-04-26,VEHICLE,1196796.34,12,APPROVED,B
APP00009274,CUST005890,BR0017,2025-01-20,VEHICLE,1921899.04,60,REJECTED,B
APP00009275,CUST003247,BR0042,2024-11-01,BUSINESS,1599915.96,60,APPROVED,B
APP00009276,CUST000673,BR0013,2024-08-24,CONSUMER_DURABLE,546824.28,12,PENDING,D
APP00009277,CUST008122,BR0045,2025-09-21,BUSINESS,91613.02,12,PENDING,D
APP00009278,CUST005027,BR0023,2024-11-02,BUSINESS,1526454.88,12,REJECTED,A
APP00009279,CUST004697,BR0011,2024-08-21,VEHICLE,787915.84,60,APPROVED,A
APP00009280,CUST002969,BR0033,2024-03-08,BUSINESS,1435209.68,60,APPROVED,E
APP00009281,CUST003225,BR0045,2026-09-29,PERSONAL,1148653.69,18,REJECTED,B
APP00009282,CUST000060,BR0039,2025-06-25,BUSINESS,1618008.9,12,PENDING,C
APP00009283,CUST009761,BR0045,2024-03-18,CONSUMER_DURABLE,1480536.09,48,APPROVED,E
APP00009284,CUST001420,BR0029,2024-02-11,PERSONAL,1239672.75,24,PENDING,B
APP00009285,CUST001672,BR0035,2025-04-30,VEHICLE,144074.15,36,REJECTED,A
APP00009286,CUST006141,BR0027,2024-10-16,BUSINESS,652454.43,48,APPROVED,A
APP00009287,CUST004611,BR0023,2026-08-31,PERSONAL,688866.29,48,APPROVED,A
APP00009288,CUST006309,BR0008,2025-08-20,BUSINESS,1028113.49,48,REJECTED,A
APP00009289,CUST004987,BR0010,2026-09-06,CONSUMER_DURABLE,1976355.54,36,APPROVED,E
APP00009290,CUST002787,BR0016,2024-05-31,VEHICLE,908332.14,36,APPROVED,B
APP00009291,CUST008482,BR0036,2025-11-29,PERSONAL,1751931.08,36,APPROVED,C
APP00009292,CUST001371,BR0011,2024-04-23,VEHICLE,1907045.45,48,PENDING,C
APP00009293,CUST009546,BR0033,2024-07-02,PERSONAL,1159342.46,48,APPROVED,D
APP00009294,CUST008021,BR0022,2025-03-07,VEHICLE,1397165.69,12,APPROVED,D
APP00009295,CUST007356,BR0031,2024-04-26,PERSONAL,955341.48,48,APPROVED,A
APP00009296,CUST007537,BR0037,2026-02-14,CONSUMER_DURABLE,1763069.32,36,PENDING,C
APP00009297,CUST007758,BR0021,2025-07-18,VEHICLE,512913.85,24,APPROVED,C
APP00009298,CUST000872,BR0022,2025-04-25,PERSONAL,1465569.87,60,PENDING,A
APP00009299,CUST009480,BR0020,2024-08-25,BUSINESS,644691.25,18,APPROVED,B
APP00009300,CUST000312,BR0003,2026-04-07,VEHICLE,1951517.59,18,APPROVED,C
APP00009301,CUST008915,BR0002,2024-07-23,PERSONAL,235244.0,12,APPROVED,A
APP00009302,CUST000634,BR0029,2025-11-14,VEHICLE,979303.38,24,REJECTED,E
APP00009303,CUST000264,BR0012,2026-07-04,CONSUMER_DURABLE,1360141.04,12,REJECTED,A
APP00009304,CUST008185,BR0006,2024-01-01,PERSONAL,1787858.87,24,PENDING,D
APP00009305,CUST006849,BR0008,2024-07-28,CONSUMER_DURABLE,323294.4,36,APPROVED,D
APP00009306,CUST006246,BR0029,2026-01-26,VEHICLE,1122909.92,12,REJECTED,E
APP00009307,CUST000215,BR0036,2024-02-01,PERSONAL,1758613.05,18,APPROVED,A
APP00009308,CUST007112,BR0032,2025-12-17,PERSONAL,1675990.44,18,REJECTED,A
APP00009309,CUST009567,BR0031,2026-08-02,BUSINESS,1347927.02,18,REJECTED,E
APP00009310,CUST006601,BR0027,2025-09-29,CONSUMER_DURABLE,1138225.55,18,APPROVED,B
APP00009311,CUST005912,BR0016,2026-08-01,VEHICLE,228395.21,18,PENDING,E
APP00009312,CUST000045,BR0004,2025-10-06,VEHICLE,296874.45,48,APPROVED,E
APP00009313,CUST005699,BR0040,2024-09-17,PERSONAL,306458.49,24,REJECTED,C
APP00009314,CUST009620,BR0015,2026-03-18,CONSUMER_DURABLE,850833.92,36,REJECTED,C
APP00009315,CUST000181,BR0031,2025-08-14,CONSUMER_DURABLE,1387548.41,60,REJECTED,A
APP00009316,CUST001815,BR0007,2024-07-26,CONSUMER_DURABLE,1012742.44,60,PENDING,A
APP00009317,CUST004187,BR0035,2026-03-14,CONSUMER_DURABLE,1199766.12,48,APPROVED,C
APP00009318,CUST002757,BR0014,2025-10-04,VEHICLE,398439.72,48,REJECTED,D
APP00009319,CUST004735,BR0049,2024-11-13,BUSINESS,1541373.6,36,REJECTED,D
APP00009320,CUST003427,BR0009,2025-03-01,BUSINESS,222928.52,24,PENDING,A
APP00009321,CUST000975,BR0027,2025-09-22,VEHICLE,1632372.22,36,REJECTED,D
APP00009322,CUST001344,BR0013,2025-09-30,PERSONAL,735597.33,12,PENDING,B
APP00009323,CUST003159,BR0023,2025-09-02,PERSONAL,396664.78,18,PENDING,E
APP00009324,CUST007947,BR0044,2025-05-10,PERSONAL,1983647.7,48,APPROVED,A
APP00009325,CUST007525,BR0003,2024-06-22,VEHICLE,328454.5,18,REJECTED,E
APP00009326,CUST003170,BR0023,2026-07-27,CONSUMER_DURABLE,296035.11,24,APPROVED,A
APP00009327,CUST000948,BR0013,2025-09-01,PERSONAL,849717.55,24,APPROVED,D
APP00009328,CUST008057,BR0033,2026-06-18,CONSUMER_DURABLE,715119.63,18,APPROVED,C
APP00009329,CUST004349,BR0041,2024-05-23,VEHICLE,600457.03,18,PENDING,D
APP00009330,CUST003415,BR0034,2025-05-26,BUSINESS,356187.35,60,PENDING,C
APP00009331,CUST006647,BR0001,2025-08-27,PERSONAL,1621937.18,24,APPROVED,D
APP00009332,CUST003433,BR0005,2024-10-17,CONSUMER_DURABLE,1392799.6,12,APPROVED,A
APP00009333,CUST003072,BR0035,2024-04-21,CONSUMER_DURABLE,1541174.21,18,PENDING,D
APP00009334,CUST009670,BR0031,2024-06-08,VEHICLE,1914223.15,18,PENDING,B
APP00009335,CUST002831,BR0001,2024-07-31,BUSINESS,965836.31,18,PENDING,A
APP00009336,CUST006187,BR0044,2025-10-18,VEHICLE,680887.58,18,APPROVED,C
APP00009337,CUST000654,BR0037,2026-07-29,CONSUMER_DURABLE,543697.68,12,PENDING,D
APP00009338,CUST000792,BR0004,2024-09-04,BUSINESS,482014.86,18,REJECTED,B
APP00009339,CUST007760,BR0019,2026-04-26,PERSONAL,1110820.17,60,APPROVED,D
APP00009340,CUST001337,BR0035,2025-11-03,CONSUMER_DURABLE,503517.37,18,PENDING,D
APP00009341,CUST006760,BR0034,2026-05-07,BUSINESS,1422870.65,60,REJECTED,D
APP00009342,CUST001594,BR0041,2026-08-27,PERSONAL,1331119.92,60,REJECTED,D
APP00009343,CUST008135,BR0035,2025-02-08,VEHICLE,1888539.08,24,APPROVED,B
APP00009344,CUST006802,BR0032,2026-09-28,PERSONAL,1229935.66,60,APPROVED,B
APP00009345,CUST009740,BR0041,2025-12-31,CONSUMER_DURABLE,1061317.4,36,REJECTED,E
APP00009346,CUST008864,BR0033,2025-02-22,CONSUMER_DURABLE,745755.02,24,PENDING,A
APP00009347,CUST001624,BR0030,2026-08-24,PERSONAL,1477015.81,18,PENDING,D
APP00009348,CUST003142,BR0005,2026-08-01,PERSONAL,1060766.12,48,REJECTED,D
APP00009349,CUST008807,BR0032,2025-12-01,VEHICLE,362318.59,18,APPROVED,C
APP00009350,CUST004143,BR0028,2024-05-06,VEHICLE,656236.11,18,APPROVED,B
APP00009351,CUST008247,BR0005,2024-01-02,BUSINESS,62972.08,18,PENDING,E
APP00009352,CUST003435,BR0045,2026-05-31,CONSUMER_DURABLE,1816508.61,18,REJECTED,D
APP00009353,CUST007173,BR0011,2026-02-22,BUSINESS,1406951.79,18,APPROVED,E
APP00009354,CUST006115,BR0048,2025-10-23,BUSINESS,1374883.65,60,REJECTED,A
APP00009355,CUST008102,BR0024,2026-02-18,CONSUMER_DURABLE,216518.72,18,APPROVED,C
APP00009356,CUST007564,BR0025,2025-07-08,CONSUMER_DURABLE,811019.24,24,REJECTED,E
APP00009357,CUST009478,BR0003,2025-12-14,PERSONAL,452165.61,36,PENDING,E
APP00009358,CUST006375,BR0017,2026-03-23,PERSONAL,1695668.1,60,REJECTED,E
APP00009359,CUST009531,BR0014,2024-06-15,VEHICLE,877682.96,24,PENDING,A
APP00009360,CUST001066,BR0042,2025-10-06,VEHICLE,1861813.81,18,REJECTED,A
APP00009361,CUST000406,BR0039,2025-09-13,PERSONAL,683347.26,12,APPROVED,E
APP00009362,CUST002262,BR0026,2026-03-10,CONSUMER_DURABLE,372252.5,12,APPROVED,C
APP00009363,CUST004488,BR0015,2025-11-22,BUSINESS,1372831.17,48,APPROVED,C
APP00009364,CUST006234,BR0017,2026-08-27,CONSUMER_DURABLE,265560.12,18,REJECTED,B
APP00009365,CUST000391,BR0026,2024-01-05,BUSINESS,375795.32,48,APPROVED,B
APP00009366,CUST009737,BR0038,2025-07-25,BUSINESS,298512.55,48,APPROVED,A
APP00009367,CUST006238,BR0026,2025-05-16,VEHICLE,1823802.93,12,REJECTED,E
APP00009368,CUST001637,BR0019,2026-03-31,PERSONAL,1822545.53,18,PENDING,E
APP00009369,CUST000079,BR0041,2025-06-12,VEHICLE,564246.41,24,REJECTED,A
APP00009370,CUST000450,BR0005,2025-10-02,PERSONAL,1573556.47,24,REJECTED,E
APP00009371,CUST003881,BR0016,2026-04-18,VEHICLE,90755.84,60,APPROVED,C
APP00009372,CUST007850,BR0032,2025-12-31,PERSONAL,1642150.61,12,APPROVED,D
APP00009373,CUST008067,BR0045,2026-08-18,PERSONAL,521682.19,48,REJECTED,B
APP00009374,CUST007312,BR0046,2025-03-26,VEHICLE,333415.04,18,PENDING,A
APP00009375,CUST006946,BR0001,2024-08-29,CONSUMER_DURABLE,395629.85,12,REJECTED,D
APP00009376,CUST008695,BR0048,2024-01-23,BUSINESS,1585005.29,48,APPROVED,B
APP00009377,CUST005707,BR0019,2025-08-07,BUSINESS,1001365.37,18,APPROVED,C
APP00009378,CUST006810,BR0048,2024-06-21,VEHICLE,1257038.05,60,APPROVED,C
APP00009379,CUST005269,BR0013,2025-12-05,CONSUMER_DURABLE,788075.0,18,PENDING,B
APP00009380,CUST002973,BR0008,2024-05-02,CONSUMER_DURABLE,592026.48,48,APPROVED,A
APP00009381,CUST008029,BR0022,2025-07-01,VEHICLE,1914420.96,60,APPROVED,E
APP00009382,CUST004296,BR0019,2026-04-30,BUSINESS,894922.41,24,PENDING,A
APP00009383,CUST005312,BR0038,2026-07-29,PERSONAL,1151163.77,18,APPROVED,C
APP00009384,CUST003551,BR0033,2025-10-26,CONSUMER_DURABLE,1329097.12,36,APPROVED,A
APP00009385,CUST009871,BR0014,2026-02-11,PERSONAL,1045648.04,24,PENDING,C
APP00009386,CUST006379,BR0031,2026-09-27,PERSONAL,381975.21,60,PENDING,A
APP00009387,CUST003184,BR0039,2026-01-09,BUSINESS,1634599.99,24,PENDING,C
APP00009388,CUST003134,BR0026,2025-10-30,BUSINESS,810554.12,12,PENDING,E
APP00009389,CUST009697,BR0045,2026-05-11,VEHICLE,775841.83,24,APPROVED,C
APP00009390,CUST008984,BR0007,2025-12-13,VEHICLE,135347.34,48,APPROVED,A
APP00009391,CUST003477,BR0010,2025-09-06,PERSONAL,423400.43,36,APPROVED,E
APP00009392,CUST008189,BR0004,2026-02-08,BUSINESS,126155.24,48,PENDING,E
APP00009393,CUST006669,BR0019,2026-07-24,VEHICLE,1693345.02,60,APPROVED,E
APP00009394,CUST000328,BR0035,2024-08-30,PERSONAL,1681065.42,24,APPROVED,A
APP00009395,CUST001331,BR0021,2024-03-30,PERSONAL,148118.18,12,APPROVED,A
APP00009396,CUST008543,BR0008,2025-08-21,CONSUMER_DURABLE,846178.23,12,REJECTED,E
APP00009397,CUST001849,BR0050,2026-02-03,PERSONAL,465838.8,60,APPROVED,C
APP00009398,CUST004741,BR0042,2026-01-03,BUSINESS,638252.98,18,APPROVED,C
APP00009399,CUST005684,BR0030,2024-07-15,PERSONAL,358253.26,60,APPROVED,A
APP00009400,CUST004467,BR0043,2026-03-15,VEHICLE,1987752.53,18,REJECTED,A
APP00009401,CUST005114,BR0048,2024-01-27,PERSONAL,1103248.3,60,APPROVED,B
APP00009402,CUST009815,BR0032,2026-03-03,BUSINESS,963111.2,60,APPROVED,A
APP00009403,CUST005943,BR0039,2024-05-16,PERSONAL,1876992.02,36,REJECTED,D
APP00009404,CUST004993,BR0044,2025-05-11,CONSUMER_DURABLE,619200.41,24,REJECTED,A
APP00009405,CUST007735,BR0006,2026-08-17,CONSUMER_DURABLE,693219.75,12,APPROVED,C
APP00009406,CUST008591,BR0026,2025-05-03,PERSONAL,753370.9,12,REJECTED,A
APP00009407,CUST009127,BR0021,2025-02-20,PERSONAL,1021262.16,12,PENDING,D
APP00009408,CUST006106,BR0001,2025-02-14,CONSUMER_DURABLE,1295278.83,60,APPROVED,D
APP00009409,CUST009264,BR0002,2024-04-19,BUSINESS,667273.21,60,APPROVED,C
APP00009410,CUST009726,BR0008,2025-02-03,BUSINESS,508752.73,18,APPROVED,A
APP00009411,CUST009345,BR0035,2025-10-08,CONSUMER_DURABLE,508964.24,48,REJECTED,D
APP00009412,CUST002414,BR0040,2024-07-06,BUSINESS,374433.72,36,APPROVED,D
APP00009413,CUST001833,BR0022,2024-06-07,VEHICLE,1451262.28,18,REJECTED,B
APP00009414,CUST001008,BR0008,2026-02-22,VEHICLE,1839150.29,12,APPROVED,E
APP00009415,CUST004175,BR0022,2024-01-06,PERSONAL,905175.4,18,REJECTED,E
APP00009416,CUST002175,BR0004,2025-11-12,VEHICLE,1895276.08,18,PENDING,C
APP00009417,CUST002469,BR0019,2024-11-29,VEHICLE,462980.84,18,APPROVED,A
APP00009418,CUST001929,BR0023,2026-02-18,BUSINESS,1886076.8,36,PENDING,C
APP00009419,CUST003508,BR0015,2026-05-16,CONSUMER_DURABLE,922231.14,36,APPROVED,C
APP00009420,CUST009374,BR0011,2024-07-06,PERSONAL,1509123.97,48,APPROVED,E
APP00009421,CUST000408,BR0004,2024-10-21,CONSUMER_DURABLE,1105560.59,18,APPROVED,E
APP00009422,CUST001387,BR0046,2026-02-07,CONSUMER_DURABLE,133485.64,18,PENDING,C
APP00009423,CUST008391,BR0003,2025-03-24,CONSUMER_DURABLE,329395.96,48,APPROVED,E
APP00009424,CUST008338,BR0012,2025-10-08,BUSINESS,1838584.38,12,APPROVED,A
APP00009425,CUST007484,BR0016,2024-09-04,CONSUMER_DURABLE,1879414.02,18,APPROVED,D
APP00009426,CUST007925,BR0031,2026-04-09,CONSUMER_DURABLE,363689.25,12,REJECTED,E
APP00009427,CUST001540,BR0026,2025-12-02,CONSUMER_DURABLE,162694.04,12,PENDING,B
APP00009428,CUST001933,BR0047,2026-02-17,CONSUMER_DURABLE,1793844.91,18,REJECTED,B
APP00009429,CUST000152,BR0049,2025-02-12,BUSINESS,1136670.55,36,PENDING,B
APP00009430,CUST005014,BR0001,2025-11-18,PERSONAL,1077816.88,48,REJECTED,E
APP00009431,CUST002834,BR0045,2024-03-08,VEHICLE,993444.72,24,APPROVED,B
APP00009432,CUST003091,BR0014,2025-09-09,BUSINESS,593255.93,18,PENDING,D
APP00009433,CUST000386,BR0049,2024-04-05,PERSONAL,623709.6,12,PENDING,A
APP00009434,CUST002056,BR0032,2024-04-18,PERSONAL,1041406.31,60,APPROVED,A
APP00009435,CUST003055,BR0025,2025-01-16,BUSINESS,1092132.57,24,APPROVED,C
APP00009436,CUST000882,BR0035,2026-03-25,PERSONAL,1046933.17,18,PENDING,D
APP00009437,CUST000717,BR0037,2024-09-21,VEHICLE,1423741.95,18,APPROVED,D
APP00009438,CUST001549,BR0021,2024-08-05,PERSONAL,195954.76,24,PENDING,C
APP00009439,CUST005002,BR0015,2024-09-20,VEHICLE,1807606.48,60,APPROVED,D
APP00009440,CUST001898,BR0043,2024-10-12,VEHICLE,290845.86,24,APPROVED,C
APP00009441,CUST004423,BR0017,2024-04-02,PERSONAL,562802.91,48,PENDING,B
APP00009442,CUST005931,BR0014,2026-08-11,PERSONAL,555300.87,18,APPROVED,C
APP00009443,CUST004187,BR0034,2025-05-25,VEHICLE,683747.13,18,REJECTED,D
APP00009444,CUST002351,BR0017,2025-03-06,CONSUMER_DURABLE,251380.28,48,APPROVED,D
APP00009445,CUST006712,BR0006,2024-12-04,CONSUMER_DURABLE,117776.26,60,APPROVED,C
APP00009446,CUST001281,BR0018,2024-12-16,PERSONAL,1583513.46,18,PENDING,A
APP00009447,CUST003381,BR0004,2024-08-14,PERSONAL,1024554.27,24,PENDING,E
APP00009448,CUST000907,BR0002,2024-08-14,CONSUMER_DURABLE,1373476.64,36,REJECTED,B
APP00009449,CUST001444,BR0029,2024-04-17,BUSINESS,165927.66,24,APPROVED,E
APP00009450,CUST002391,BR0033,2025-01-17,PERSONAL,669123.45,24,PENDING,B
APP00009451,CUST006172,BR0041,2024-02-11,CONSUMER_DURABLE,242081.05,12,PENDING,E
APP00009452,CUST004620,BR0005,2024-10-25,CONSUMER_DURABLE,913494.18,12,PENDING,B
APP00009453,CUST006860,BR0005,2026-08-15,BUSINESS,1840990.9,12,APPROVED,B
APP00009454,CUST003471,BR0012,2024-05-18,VEHICLE,890333.97,24,REJECTED,C
APP00009455,CUST007314,BR0029,2025-06-25,VEHICLE,451938.4,12,APPROVED,B
APP00009456,CUST003892,BR0022,2024-08-10,BUSINESS,374458.14,48,APPROVED,A
APP00009457,CUST004151,BR0038,2026-02-07,BUSINESS,187007.49,48,APPROVED,D
APP00009458,CUST005723,BR0042,2024-01-29,CONSUMER_DURABLE,1974363.23,12,APPROVED,E
APP00009459,CUST008929,BR0026,2024-10-05,VEHICLE,58214.42,48,PENDING,D
APP00009460,CUST002346,BR0043,2025-08-23,BUSINESS,1809855.93,18,APPROVED,A
APP00009461,CUST002125,BR0009,2026-05-05,BUSINESS,760611.41,48,APPROVED,E
APP00009462,CUST005054,BR0027,2024-05-28,CONSUMER_DURABLE,1742733.31,60,REJECTED,C
APP00009463,CUST004917,BR0019,2026-03-05,CONSUMER_DURABLE,1446465.58,48,REJECTED,A
APP00009464,CUST007682,BR0022,2026-02-03,BUSINESS,1167761.32,48,PENDING,D
APP00009465,CUST006737,BR0031,2024-11-14,VEHICLE,496363.94,18,APPROVED,E
APP00009466,CUST007265,BR0026,2024-01-27,PERSONAL,1601393.97,18,PENDING,D
APP00009467,CUST005490,BR0042,2024-06-04,PERSONAL,941928.9,18,PENDING,D
APP00009468,CUST006882,BR0036,2024-12-31,BUSINESS,1166220.7,36,REJECTED,E
APP00009469,CUST007289,BR0044,2024-06-14,PERSONAL,1788649.0,12,PENDING,B
APP00009470,CUST001493,BR0028,2024-01-29,VEHICLE,1477731.36,36,PENDING,C
APP00009471,CUST001443,BR0003,2024-01-23,BUSINESS,1105938.46,18,PENDING,E
APP00009472,CUST003098,BR0035,2025-09-29,BUSINESS,126964.41,36,APPROVED,A
APP00009473,CUST000121,BR0040,2025-09-07,VEHICLE,1013396.28,24,APPROVED,B
APP00009474,CUST007472,BR0034,2025-05-25,BUSINESS,1904181.75,36,APPROVED,C
APP00009475,CUST007814,BR0038,2024-09-16,BUSINESS,1307514.45,48,APPROVED,A
APP00009476,CUST008669,BR0048,2024-11-12,VEHICLE,615615.84,36,REJECTED,A
APP00009477,CUST009270,BR0042,2024-02-18,VEHICLE,1653858.97,36,APPROVED,D
APP00009478,CUST006930,BR0006,2024-07-28,VEHICLE,1618330.16,48,APPROVED,E
APP00009479,CUST008321,BR0048,2024-01-04,PERSONAL,1950835.38,60,PENDING,D
APP00009480,CUST008683,BR0023,2024-04-15,BUSINESS,880592.36,12,PENDING,D
APP00009481,CUST007819,BR0003,2026-01-30,VEHICLE,155933.0,48,PENDING,A
APP00009482,CUST009773,BR0010,2024-10-26,BUSINESS,1388444.19,12,APPROVED,B
APP00009483,CUST008245,BR0046,2025-11-02,VEHICLE,1935214.51,18,REJECTED,C
APP00009484,CUST002607,BR0047,2026-08-04,BUSINESS,465719.76,18,APPROVED,C
APP00009485,CUST006738,BR0043,2025-04-17,BUSINESS,784390.11,60,REJECTED,C
APP00009486,CUST002528,BR0007,2024-01-17,PERSONAL,739688.36,24,APPROVED,D
APP00009487,CUST007635,BR0002,2026-03-02,BUSINESS,1800202.4,48,PENDING,D
APP00009488,CUST005990,BR0008,2025-12-28,CONSUMER_DURABLE,122090.09,24,REJECTED,E
APP00009489,CUST005358,BR0049,2024-06-26,CONSUMER_DURABLE,284266.17,12,REJECTED,A
APP00009490,CUST000835,BR0010,2025-03-18,BUSINESS,1696132.89,48,REJECTED,E
APP00009491,CUST003048,BR0025,2025-05-04,CONSUMER_DURABLE,1310039.64,36,APPROVED,D
APP00009492,CUST009549,BR0027,2025-06-21,VEHICLE,874081.78,48,PENDING,D
APP00009493,CUST006439,BR0034,2024-09-12,BUSINESS,1569138.82,24,REJECTED,C
APP00009494,CUST007254,BR0037,2024-08-22,BUSINESS,1032330.8,60,REJECTED,B
APP00009495,CUST000970,BR0015,2024-12-29,BUSINESS,1183199.98,24,APPROVED,B
APP00009496,CUST004637,BR0002,2026-09-16,PERSONAL,994804.54,24,REJECTED,A
APP00009497,CUST000317,BR0043,2024-02-11,CONSUMER_DURABLE,1023443.56,48,PENDING,C
APP00009498,CUST004602,BR0032,2025-09-20,PERSONAL,1162860.28,36,REJECTED,E
APP00009499,CUST003947,BR0045,2026-01-02,PERSONAL,1828436.83,48,APPROVED,C
APP00009500,CUST005004,BR0037,2024-11-02,PERSONAL,719685.39,12,APPROVED,A
APP00009501,CUST000629,BR0013,2026-09-20,BUSINESS,1400939.26,48,APPROVED,A
APP00009502,CUST005010,BR0008,2024-11-18,PERSONAL,116161.6,60,REJECTED,A
APP00009503,CUST003252,BR0020,2024-09-19,CONSUMER_DURABLE,554008.25,60,APPROVED,B
APP00009504,CUST002660,BR0040,2026-04-06,CONSUMER_DURABLE,994537.13,24,REJECTED,B
APP00009505,CUST008030,BR0035,2026-07-17,BUSINESS,774628.94,60,APPROVED,B
APP00009506,CUST003790,BR0020,2024-06-29,VEHICLE,1097151.1,24,APPROVED,A
APP00009507,CUST001364,BR0018,2025-10-16,PERSONAL,170276.25,12,PENDING,B
APP00009508,CUST008865,BR0011,2025-07-28,PERSONAL,1096705.83,48,APPROVED,D
APP00009509,CUST003276,BR0044,2024-12-20,CONSUMER_DURABLE,1695505.5,18,PENDING,D
APP00009510,CUST008878,BR0006,2026-03-11,CONSUMER_DURABLE,964918.8,12,REJECTED,C
APP00009511,CUST006830,BR0014,2026-06-14,BUSINESS,127280.61,36,APPROVED,C
APP00009512,CUST001389,BR0049,2024-01-09,PERSONAL,599069.41,48,PENDING,C
APP00009513,CUST009011,BR0037,2024-03-05,CONSUMER_DURABLE,1253152.75,60,PENDING,D
APP00009514,CUST000989,BR0043,2026-01-14,BUSINESS,529228.44,24,APPROVED,E
APP00009515,CUST000060,BR0046,2025-09-01,PERSONAL,1323927.72,48,PENDING,A
APP00009516,CUST006989,BR0028,2026-01-24,VEHICLE,1780435.38,24,REJECTED,B
APP00009517,CUST006548,BR0034,2026-01-24,CONSUMER_DURABLE,739959.72,60,APPROVED,D
APP00009518,CUST007489,BR0044,2025-02-28,BUSINESS,1160757.1,48,PENDING,E
APP00009519,CUST007697,BR0036,2026-05-01,VEHICLE,217647.18,60,REJECTED,B
APP00009520,CUST009771,BR0008,2026-04-27,PERSONAL,453116.44,48,APPROVED,A
APP00009521,CUST006040,BR0018,2024-11-13,CONSUMER_DURABLE,1750011.04,12,APPROVED,D
APP00009522,CUST004428,BR0037,2025-10-29,CONSUMER_DURABLE,539885.75,60,APPROVED,B
APP00009523,CUST002658,BR0012,2025-06-30,VEHICLE,1249898.69,48,APPROVED,C
APP00009524,CUST008385,BR0011,2025-07-25,BUSINESS,387426.48,60,APPROVED,E
APP00009525,CUST000729,BR0014,2024-09-11,BUSINESS,1578281.29,36,APPROVED,B
APP00009526,CUST008698,BR0030,2024-05-10,PERSONAL,110149.41,24,APPROVED,A
APP00009527,CUST003451,BR0035,2026-07-30,VEHICLE,1493073.15,36,PENDING,B
APP00009528,CUST001966,BR0044,2024-07-11,VEHICLE,977464.94,48,REJECTED,D
APP00009529,CUST009993,BR0036,2025-02-19,CONSUMER_DURABLE,386198.55,12,PENDING,A
APP00009530,CUST006097,BR0005,2025-10-14,CONSUMER_DURABLE,1659663.35,36,APPROVED,C
APP00009531,CUST002602,BR0039,2024-07-02,VEHICLE,770611.44,60,REJECTED,C
APP00009532,CUST003744,BR0019,2024-08-16,VEHICLE,1630299.29,60,APPROVED,D
APP00009533,CUST006830,BR0048,2024-02-29,BUSINESS,1861242.74,18,PENDING,B
APP00009534,CUST003873,BR0003,2025-12-04,CONSUMER_DURABLE,463996.82,48,PENDING,E
APP00009535,CUST006073,BR0019,2024-07-17,VEHICLE,844504.52,60,APPROVED,B
APP00009536,CUST004143,BR0024,2025-09-12,PERSONAL,176353.05,12,APPROVED,B
APP00009537,CUST005651,BR0022,2024-10-02,CONSUMER_DURABLE,1090816.61,48,APPROVED,C
APP00009538,CUST007037,BR0010,2026-05-20,BUSINESS,607068.02,18,REJECTED,C
APP00009539,CUST008899,BR0042,2025-07-17,VEHICLE,542821.69,36,APPROVED,B
APP00009540,CUST008053,BR0035,2024-01-17,CONSUMER_DURABLE,663874.87,48,PENDING,A
APP00009541,CUST006733,BR0013,2024-01-17,VEHICLE,1656795.41,24,APPROVED,B
APP00009542,CUST001829,BR0024,2024-01-26,BUSINESS,343771.69,60,REJECTED,E
APP00009543,CUST009869,BR0020,2024-11-28,VEHICLE,1736998.87,36,PENDING,D
APP00009544,CUST006607,BR0040,2025-03-12,CONSUMER_DURABLE,87675.36,48,REJECTED,E
APP00009545,CUST009209,BR0024,2024-12-20,PERSONAL,345161.83,36,PENDING,A
APP00009546,CUST007931,BR0025,2024-06-01,PERSONAL,284428.15,18,REJECTED,E
APP00009547,CUST005919,BR0033,2024-03-24,PERSONAL,946855.6,18,APPROVED,D
APP00009548,CUST001342,BR0006,2024-08-27,CONSUMER_DURABLE,1873661.67,24,APPROVED,A
APP00009549,CUST002314,BR0005,2025-08-23,CONSUMER_DURABLE,1774469.74,60,PENDING,A
APP00009550,CUST001561,BR0022,2026-02-16,BUSINESS,455213.14,12,APPROVED,D
APP00009551,CUST007787,BR0024,2025-05-12,CONSUMER_DURABLE,1231437.53,24,REJECTED,B
APP00009552,CUST001430,BR0035,2026-09-05,PERSONAL,428817.58,60,APPROVED,E
APP00009553,CUST009372,BR0012,2025-11-20,PERSONAL,389049.21,12,APPROVED,E
APP00009554,CUST006141,BR0046,2026-08-15,VEHICLE,1172533.36,24,APPROVED,E
APP00009555,CUST000499,BR0027,2024-11-04,VEHICLE,1428158.33,48,REJECTED,D
APP00009556,CUST004309,BR0022,2026-05-24,BUSINESS,1748267.65,36,PENDING,B
APP00009557,CUST000669,BR0049,2024-03-29,PERSONAL,1835454.17,36,APPROVED,A
APP00009558,CUST007624,BR0047,2025-05-27,BUSINESS,326818.82,48,PENDING,D
APP00009559,CUST004166,BR0014,2025-10-14,CONSUMER_DURABLE,1600770.81,48,APPROVED,A
APP00009560,CUST008412,BR0034,2025-06-13,CONSUMER_DURABLE,459459.82,12,APPROVED,E
APP00009561,CUST009210,BR0003,2025-02-10,VEHICLE,1258976.94,36,APPROVED,A
APP00009562,CUST001221,BR0037,2024-05-29,BUSINESS,391573.03,36,REJECTED,D
APP00009563,CUST004277,BR0033,2026-06-21,BUSINESS,1263532.08,36,REJECTED,B
APP00009564,CUST001718,BR0043,2024-05-07,VEHICLE,681952.52,12,APPROVED,D
APP00009565,CUST004330,BR0030,2024-08-24,VEHICLE,1012510.35,48,APPROVED,B
APP00009566,CUST007644,BR0019,2025-04-23,BUSINESS,829654.32,48,APPROVED,A
APP00009567,CUST003834,BR0009,2024-02-19,VEHICLE,838324.03,24,APPROVED,B
APP00009568,CUST007878,BR0034,2025-07-25,VEHICLE,1570641.9,12,APPROVED,B
APP00009569,CUST009673,BR0032,2024-06-18,PERSONAL,1785238.09,60,APPROVED,D
APP00009570,CUST005518,BR0036,2025-08-24,PERSONAL,447063.77,12,PENDING,D
APP00009571,CUST005791,BR0004,2024-08-15,VEHICLE,404142.48,24,PENDING,D
APP00009572,CUST000574,BR0019,2025-11-08,PERSONAL,1620527.46,60,APPROVED,C
APP00009573,CUST009803,BR0003,2024-01-07,CONSUMER_DURABLE,1579122.12,60,PENDING,E
APP00009574,CUST006250,BR0044,2025-02-18,VEHICLE,892198.82,18,APPROVED,D
APP00009575,CUST004157,BR0009,2025-03-05,PERSONAL,301182.22,18,APPROVED,E
APP00009576,CUST004450,BR0049,2026-06-27,PERSONAL,1645363.28,24,PENDING,E
APP00009577,CUST001372,BR0008,2024-08-04,VEHICLE,1614143.39,36,APPROVED,A
APP00009578,CUST000203,BR0036,2025-04-24,VEHICLE,1808896.28,36,REJECTED,C
APP00009579,CUST007443,BR0014,2026-08-07,VEHICLE,1459152.95,12,APPROVED,E
APP00009580,CUST000241,BR0041,2026-06-19,PERSONAL,857442.14,12,APPROVED,C
APP00009581,CUST009207,BR0006,2026-09-26,CONSUMER_DURABLE,501444.19,60,PENDING,B
APP00009582,CUST007683,BR0011,2025-10-06,PERSONAL,1915449.63,12,REJECTED,C
APP00009583,CUST002518,BR0011,2024-03-06,BUSINESS,720960.9,12,APPROVED,B
APP00009584,CUST000023,BR0042,2025-10-22,PERSONAL,299160.34,48,PENDING,C
APP00009585,CUST001991,BR0022,2026-04-05,VEHICLE,362914.87,60,REJECTED,D
APP00009586,CUST000628,BR0004,2024-03-11,BUSINESS,1981856.23,48,APPROVED,D
APP00009587,CUST002879,BR0040,2025-04-16,PERSONAL,1575282.13,36,PENDING,E
APP00009588,CUST008930,BR0009,2025-10-21,VEHICLE,178879.54,48,REJECTED,C
APP00009589,CUST009410,BR0032,2025-10-02,CONSUMER_DURABLE,494019.74,18,APPROVED,A
APP00009590,CUST000960,BR0010,2024-03-10,BUSINESS,1293121.15,48,APPROVED,C
APP00009591,CUST003755,BR0025,2024-03-03,CONSUMER_DURABLE,303001.31,12,PENDING,D
APP00009592,CUST003411,BR0031,2024-03-21,CONSUMER_DURABLE,1620735.9,36,APPROVED,C
APP00009593,CUST001981,BR0045,2026-05-22,PERSONAL,1145748.46,48,REJECTED,E
APP00009594,CUST003957,BR0031,2024-04-19,PERSONAL,1534578.61,18,REJECTED,D
APP00009595,CUST007619,BR0021,2024-05-03,BUSINESS,379397.26,36,PENDING,A
APP00009596,CUST002078,BR0039,2026-01-09,CONSUMER_DURABLE,1367845.23,18,REJECTED,C
APP00009597,CUST000970,BR0024,2025-08-27,PERSONAL,966188.11,36,REJECTED,D
APP00009598,CUST005668,BR0016,2024-12-14,PERSONAL,246368.94,36,REJECTED,C
APP00009599,CUST006847,BR0041,2024-01-16,VEHICLE,132184.02,60,REJECTED,D
APP00009600,CUST006611,BR0040,2024-05-24,BUSINESS,1782097.12,48,REJECTED,D
APP00009601,CUST005056,BR0011,2026-02-05,BUSINESS,1868955.47,36,APPROVED,A
APP00009602,CUST000317,BR0006,2025-03-17,VEHICLE,647773.15,48,APPROVED,B
APP00009603,CUST008399,BR0030,2025-08-17,CONSUMER_DURABLE,549063.18,60,APPROVED,A
APP00009604,CUST008098,BR0034,2024-12-14,CONSUMER_DURABLE,1946717.31,60,APPROVED,A
APP00009605,CUST002808,BR0038,2026-04-26,CONSUMER_DURABLE,300648.01,36,PENDING,B
APP00009606,CUST000997,BR0035,2025-09-10,VEHICLE,1703818.55,24,PENDING,D
APP00009607,CUST004836,BR0046,2025-08-09,CONSUMER_DURABLE,505619.93,48,REJECTED,E
APP00009608,CUST008605,BR0012,2026-08-09,CONSUMER_DURABLE,1118737.57,12,REJECTED,C
APP00009609,CUST009148,BR0033,2025-02-02,PERSONAL,567271.05,48,APPROVED,E
APP00009610,CUST006297,BR0023,2024-05-15,PERSONAL,1460259.72,24,REJECTED,D
APP00009611,CUST001357,BR0042,2026-07-17,VEHICLE,932351.21,18,APPROVED,A
APP00009612,CUST000207,BR0027,2024-02-22,PERSONAL,1164402.35,60,PENDING,A
APP00009613,CUST004380,BR0019,2024-05-28,VEHICLE,801325.57,60,APPROVED,E
APP00009614,CUST008163,BR0030,2025-04-07,VEHICLE,1418460.51,24,APPROVED,C
APP00009615,CUST006580,BR0018,2024-06-21,CONSUMER_DURABLE,698121.21,12,PENDING,C
APP00009616,CUST001489,BR0043,2025-03-04,BUSINESS,439262.67,36,APPROVED,D
APP00009617,CUST004160,BR0043,2025-08-01,BUSINESS,77975.96,60,REJECTED,A
APP00009618,CUST003011,BR0022,2024-02-16,VEHICLE,925135.87,36,PENDING,E
APP00009619,CUST001762,BR0001,2024-02-23,PERSONAL,1395613.21,48,PENDING,B
APP00009620,CUST004917,BR0003,2026-07-22,CONSUMER_DURABLE,505564.62,24,PENDING,A
APP00009621,CUST001327,BR0036,2025-03-08,VEHICLE,252198.39,18,APPROVED,C
APP00009622,CUST002956,BR0024,2025-09-13,BUSINESS,1204938.41,36,APPROVED,A
APP00009623,CUST009016,BR0007,2026-02-16,PERSONAL,237787.18,18,APPROVED,E
APP00009624,CUST009716,BR0010,2024-12-13,PERSONAL,957825.99,48,APPROVED,D
APP00009625,CUST006634,BR0042,2025-03-30,CONSUMER_DURABLE,1867044.72,36,APPROVED,B
APP00009626,CUST002073,BR0042,2026-09-16,VEHICLE,1251553.95,12,REJECTED,A
APP00009627,CUST002686,BR0039,2026-06-03,VEHICLE,1453519.04,18,PENDING,C
APP00009628,CUST007244,BR0016,2025-04-28,BUSINESS,1753895.39,48,APPROVED,B
APP00009629,CUST000471,BR0049,2025-03-03,CONSUMER_DURABLE,1334836.03,60,REJECTED,C
APP00009630,CUST000791,BR0008,2025-05-24,BUSINESS,701646.01,60,APPROVED,C
APP00009631,CUST000147,BR0008,2024-05-29,BUSINESS,1937447.59,48,PENDING,A
APP00009632,CUST002486,BR0008,2026-05-15,VEHICLE,1251358.87,48,APPROVED,E
APP00009633,CUST003753,BR0018,2025-05-03,BUSINESS,1124399.39,18,REJECTED,D
APP00009634,CUST001582,BR0024,2026-09-22,BUSINESS,1588850.99,36,REJECTED,B
APP00009635,CUST002694,BR0012,2026-02-18,BUSINESS,884656.96,18,APPROVED,E
APP00009636,CUST008271,BR0008,2026-07-23,CONSUMER_DURABLE,1477286.13,12,PENDING,D
APP00009637,CUST005765,BR0047,2026-07-26,PERSONAL,1149578.08,48,APPROVED,E
APP00009638,CUST002718,BR0009,2025-02-22,BUSINESS,1557357.43,24,REJECTED,B
APP00009639,CUST007283,BR0047,2026-09-10,CONSUMER_DURABLE,100301.8,18,APPROVED,B
APP00009640,CUST008624,BR0041,2024-02-23,BUSINESS,739794.16,48,PENDING,A
APP00009641,CUST000695,BR0003,2025-08-26,VEHICLE,1293609.18,36,PENDING,B
APP00009642,CUST007927,BR0010,2025-05-29,PERSONAL,1702683.26,60,APPROVED,A
APP00009643,CUST000607,BR0034,2025-03-06,BUSINESS,605004.44,24,APPROVED,C
APP00009644,CUST004522,BR0047,2026-03-08,BUSINESS,1753493.37,24,APPROVED,D
APP00009645,CUST003383,BR0044,2024-04-03,VEHICLE,1573208.36,24,APPROVED,A
APP00009646,CUST001801,BR0009,2026-08-27,VEHICLE,1465090.48,24,APPROVED,A
APP00009647,CUST009254,BR0040,2025-03-10,VEHICLE,1832463.96,24,APPROVED,B
APP00009648,CUST008891,BR0032,2025-10-08,VEHICLE,1015193.4,24,APPROVED,C
APP00009649,CUST009851,BR0033,2025-12-26,PERSONAL,1706561.65,24,PENDING,D
APP00009650,CUST005848,BR0041,2025-08-07,PERSONAL,136235.93,12,APPROVED,A
APP00009651,CUST003578,BR0037,2024-01-19,BUSINESS,269020.21,24,APPROVED,E
APP00009652,CUST006252,BR0010,2024-01-05,VEHICLE,221197.86,18,APPROVED,D
APP00009653,CUST000326,BR0048,2025-06-23,BUSINESS,783514.23,18,REJECTED,B
APP00009654,CUST001764,BR0029,2024-06-20,VEHICLE,1972692.46,24,PENDING,A
APP00009655,CUST001300,BR0028,2024-10-23,BUSINESS,1973487.43,36,APPROVED,C
APP00009656,CUST002396,BR0034,2025-10-24,VEHICLE,1994739.45,60,PENDING,A
APP00009657,CUST002241,BR0021,2026-09-06,VEHICLE,1825663.59,24,PENDING,D
APP00009658,CUST008669,BR0005,2026-08-27,BUSINESS,1745499.04,12,APPROVED,A
APP00009659,CUST009081,BR0014,2025-12-30,BUSINESS,964396.63,48,APPROVED,D
APP00009660,CUST003540,BR0032,2025-05-19,BUSINESS,229961.45,36,PENDING,B
APP00009661,CUST001783,BR0004,2024-01-24,BUSINESS,1576146.64,60,REJECTED,A
APP00009662,CUST007365,BR0027,2026-02-23,CONSUMER_DURABLE,1759801.72,48,APPROVED,E
APP00009663,CUST008979,BR0020,2026-01-28,BUSINESS,1788706.67,24,REJECTED,E
APP00009664,CUST008000,BR0022,2024-06-26,CONSUMER_DURABLE,967614.08,24,APPROVED,A
APP00009665,CUST007944,BR0012,2025-05-07,PERSONAL,1468489.28,18,APPROVED,A
APP00009666,CUST006872,BR0015,2026-08-24,VEHICLE,1197963.02,60,APPROVED,C
APP00009667,CUST009436,BR0015,2025-08-12,CONSUMER_DURABLE,1985779.1,18,PENDING,B
APP00009668,CUST004042,BR0008,2026-09-26,CONSUMER_DURABLE,446056.65,36,APPROVED,C
APP00009669,CUST006211,BR0001,2025-12-17,PERSONAL,1952921.94,24,REJECTED,C
APP00009670,CUST002673,BR0029,2025-05-04,CONSUMER_DURABLE,1684764.47,48,APPROVED,E
APP00009671,CUST001182,BR0004,2025-11-04,CONSUMER_DURABLE,345930.85,48,REJECTED,C
APP00009672,CUST004415,BR0042,2024-08-19,CONSUMER_DURABLE,1736995.42,60,PENDING,B
APP00009673,CUST000680,BR0022,2024-12-01,VEHICLE,1950860.15,60,APPROVED,D
APP00009674,CUST006485,BR0037,2026-08-31,BUSINESS,691855.1,36,PENDING,B
APP00009675,CUST007684,BR0007,2024-03-29,CONSUMER_DURABLE,233376.06,18,APPROVED,B
APP00009676,CUST006188,BR0019,2025-07-13,CONSUMER_DURABLE,798161.26,18,REJECTED,D
APP00009677,CUST007936,BR0050,2026-05-16,CONSUMER_DURABLE,376951.39,12,REJECTED,C
APP00009678,CUST008907,BR0042,2024-04-24,CONSUMER_DURABLE,1657439.05,60,APPROVED,C
APP00009679,CUST002788,BR0046,2025-07-06,PERSONAL,713261.18,24,REJECTED,C
APP00009680,CUST005040,BR0012,2025-02-21,PERSONAL,393809.37,12,APPROVED,D
APP00009681,CUST001580,BR0046,2024-06-17,VEHICLE,117717.97,24,REJECTED,C
APP00009682,CUST000354,BR0045,2025-01-20,CONSUMER_DURABLE,1562001.13,24,APPROVED,D
APP00009683,CUST000890,BR0025,2025-08-01,PERSONAL,1477204.79,36,APPROVED,B
APP00009684,CUST007388,BR0020,2024-10-07,PERSONAL,949673.89,12,PENDING,D
APP00009685,CUST004886,BR0047,2025-06-30,VEHICLE,823870.43,60,REJECTED,C
APP00009686,CUST005259,BR0004,2025-09-23,BUSINESS,1574179.02,18,REJECTED,A
APP00009687,CUST002895,BR0049,2024-04-13,VEHICLE,52173.25,12,PENDING,C
APP00009688,CUST003773,BR0019,2026-08-09,PERSONAL,1822108.68,60,APPROVED,B
APP00009689,CUST003032,BR0041,2026-09-15,BUSINESS,80625.24,48,PENDING,E
APP00009690,CUST003233,BR0007,2024-12-11,CONSUMER_DURABLE,370378.32,36,REJECTED,B
APP00009691,CUST001524,BR0015,2025-10-04,VEHICLE,1880460.47,36,APPROVED,E
APP00009692,CUST008372,BR0002,2026-06-04,CONSUMER_DURABLE,850593.27,24,APPROVED,C
APP00009693,CUST002713,BR0050,2024-07-09,PERSONAL,1216328.08,48,PENDING,C
APP00009694,CUST003880,BR0014,2025-11-18,VEHICLE,918769.03,12,REJECTED,D
APP00009695,CUST004979,BR0032,2026-08-05,BUSINESS,1497631.59,36,APPROVED,D
APP00009696,CUST001012,BR0026,2025-06-30,PERSONAL,1467050.66,24,PENDING,B
APP00009697,CUST003287,BR0010,2024-04-28,PERSONAL,856601.31,24,APPROVED,A
APP00009698,CUST002161,BR0035,2026-06-19,CONSUMER_DURABLE,1085505.32,24,APPROVED,C
APP00009699,CUST007176,BR0040,2025-01-08,CONSUMER_DURABLE,335319.47,24,PENDING,A
APP00009700,CUST005970,BR0039,2026-06-30,VEHICLE,65555.51,48,APPROVED,B
APP00009701,CUST003875,BR0012,2024-11-05,PERSONAL,838272.92,60,APPROVED,A
APP00009702,CUST004070,BR0032,2025-03-01,VEHICLE,1896798.46,48,APPROVED,A
APP00009703,CUST001941,BR0008,2024-09-10,BUSINESS,1032391.2,36,APPROVED,B
APP00009704,CUST006179,BR0050,2026-03-01,PERSONAL,744128.41,12,PENDING,B
APP00009705,CUST001088,BR0044,2026-05-24,VEHICLE,1889985.33,36,APPROVED,E
APP00009706,CUST005546,BR0010,2025-03-21,CONSUMER_DURABLE,1414277.93,24,REJECTED,E
APP00009707,CUST003386,BR0038,2025-07-22,CONSUMER_DURABLE,1846020.51,18,PENDING,A
APP00009708,CUST001956,BR0003,2026-09-03,BUSINESS,81196.45,12,REJECTED,E
APP00009709,CUST004023,BR0028,2025-05-15,CONSUMER_DURABLE,963866.45,12,APPROVED,D
APP00009710,CUST006668,BR0028,2025-12-05,PERSONAL,1600012.05,48,APPROVED,B
APP00009711,CUST002881,BR0018,2024-03-12,BUSINESS,1293572.53,12,REJECTED,E
APP00009712,CUST000813,BR0027,2026-08-14,PERSONAL,1671531.12,48,REJECTED,D
APP00009713,CUST001639,BR0050,2025-01-19,VEHICLE,1857996.34,12,PENDING,A
APP00009714,CUST000051,BR0005,2025-08-05,VEHICLE,1608844.14,24,PENDING,E
APP00009715,CUST005712,BR0050,2026-05-29,CONSUMER_DURABLE,445652.62,60,APPROVED,B
APP00009716,CUST008429,BR0029,2024-05-13,BUSINESS,310206.29,48,APPROVED,A
APP00009717,CUST002551,BR0042,2025-11-01,PERSONAL,196765.24,18,APPROVED,C
APP00009718,CUST006265,BR0049,2025-05-13,CONSUMER_DURABLE,872631.85,48,PENDING,E
APP00009719,CUST006011,BR0031,2025-04-15,BUSINESS,1752134.63,18,APPROVED,C
APP00009720,CUST001517,BR0011,2026-07-29,VEHICLE,885424.79,24,REJECTED,E
APP00009721,CUST009930,BR0041,2026-08-31,BUSINESS,1775839.94,24,REJECTED,A
APP00009722,CUST006199,BR0050,2025-01-31,VEHICLE,159896.78,60,APPROVED,A
APP00009723,CUST000383,BR0003,2025-12-21,VEHICLE,872205.02,60,APPROVED,A
APP00009724,CUST006353,BR0022,2026-02-18,CONSUMER_DURABLE,1071508.44,60,APPROVED,B
APP00009725,CUST009113,BR0037,2026-05-05,PERSONAL,1201286.81,24,APPROVED,E
APP00009726,CUST001018,BR0015,2024-09-08,PERSONAL,393083.64,36,PENDING,D
APP00009727,CUST007746,BR0048,2024-11-01,VEHICLE,475376.73,36,APPROVED,E
APP00009728,CUST007244,BR0005,2026-08-20,PERSONAL,912694.07,12,REJECTED,B
APP00009729,CUST005504,BR0034,2025-05-30,PERSONAL,1718138.26,60,APPROVED,C
APP00009730,CUST007982,BR0023,2026-05-30,PERSONAL,376836.49,12,APPROVED,B
APP00009731,CUST003771,BR0026,2026-06-30,BUSINESS,1355571.86,48,APPROVED,D
APP00009732,CUST001698,BR0010,2025-09-10,CONSUMER_DURABLE,960440.32,60,APPROVED,A
APP00009733,CUST009321,BR0023,2024-07-22,PERSONAL,997835.99,24,APPROVED,C
APP00009734,CUST009129,BR0016,2024-02-11,CONSUMER_DURABLE,1223955.68,12,REJECTED,A
APP00009735,CUST008298,BR0021,2025-05-22,BUSINESS,1398732.09,18,APPROVED,A
APP00009736,CUST009304,BR0043,2024-12-27,BUSINESS,1247393.76,60,PENDING,C
APP00009737,CUST009397,BR0010,2025-10-15,CONSUMER_DURABLE,1843938.28,24,APPROVED,D
APP00009738,CUST008394,BR0030,2024-09-23,CONSUMER_DURABLE,878651.4,36,PENDING,D
APP00009739,CUST007629,BR0031,2026-02-10,PERSONAL,225795.74,24,APPROVED,D
APP00009740,CUST009940,BR0022,2024-07-26,PERSONAL,916913.77,60,APPROVED,E
APP00009741,CUST000355,BR0003,2024-06-26,CONSUMER_DURABLE,674953.45,60,REJECTED,C
APP00009742,CUST000897,BR0030,2024-11-14,PERSONAL,1533996.56,18,PENDING,B
APP00009743,CUST004053,BR0022,2024-09-09,VEHICLE,1758368.34,18,APPROVED,E
APP00009744,CUST005805,BR0015,2026-09-07,BUSINESS,266924.36,18,APPROVED,A
APP00009745,CUST003498,BR0038,2025-06-08,CONSUMER_DURABLE,1386299.01,36,REJECTED,A
APP00009746,CUST009987,BR0015,2025-06-24,VEHICLE,1171392.13,18,APPROVED,D
APP00009747,CUST001063,BR0021,2025-04-16,CONSUMER_DURABLE,1656555.02,12,REJECTED,D
APP00009748,CUST005976,BR0003,2025-07-10,BUSINESS,1221754.51,24,APPROVED,D
APP00009749,CUST000390,BR0009,2025-03-12,BUSINESS,1250365.7,18,REJECTED,C
APP00009750,CUST000904,BR0013,2024-09-21,BUSINESS,1758029.8,48,REJECTED,A
APP00009751,CUST009812,BR0003,2024-05-21,CONSUMER_DURABLE,1150893.34,18,APPROVED,A
APP00009752,CUST008345,BR0048,2025-09-17,CONSUMER_DURABLE,1149551.52,48,APPROVED,E
APP00009753,CUST007664,BR0030,2024-09-21,BUSINESS,806224.62,48,PENDING,C
APP00009754,CUST009891,BR0017,2025-06-24,VEHICLE,1526823.58,24,APPROVED,E
APP00009755,CUST008369,BR0035,2025-09-04,PERSONAL,1521709.95,18,REJECTED,E
APP00009756,CUST006434,BR0031,2026-02-08,VEHICLE,1040031.06,60,REJECTED,D
APP00009757,CUST006205,BR0050,2025-02-16,PERSONAL,1593274.66,36,REJECTED,D
APP00009758,CUST004396,BR0029,2024-10-16,BUSINESS,132167.47,36,APPROVED,A
APP00009759,CUST005301,BR0017,2024-12-25,BUSINESS,1881742.18,48,REJECTED,E
APP00009760,CUST002481,BR0002,2025-01-02,BUSINESS,997645.43,12,REJECTED,E
APP00009761,CUST001143,BR0010,2026-05-21,PERSONAL,246746.67,36,REJECTED,D
APP00009762,CUST004879,BR0007,2026-05-13,VEHICLE,917491.78,18,APPROVED,C
APP00009763,CUST006112,BR0002,2024-04-12,PERSONAL,855552.87,60,APPROVED,A
APP00009764,CUST002708,BR0025,2026-05-07,PERSONAL,1300707.83,24,PENDING,A
APP00009765,CUST008904,BR0018,2024-10-03,CONSUMER_DURABLE,1366497.09,12,APPROVED,E
APP00009766,CUST007005,BR0005,2026-05-04,BUSINESS,760417.55,48,REJECTED,A
APP00009767,CUST009962,BR0039,2026-04-26,BUSINESS,1185440.51,36,PENDING,A
APP00009768,CUST008056,BR0014,2025-07-06,VEHICLE,1413430.49,36,APPROVED,C
APP00009769,CUST000115,BR0005,2025-03-05,BUSINESS,835555.22,24,PENDING,E
APP00009770,CUST003921,BR0027,2025-02-14,VEHICLE,193055.79,36,APPROVED,A
APP00009771,CUST009385,BR0038,2024-05-25,BUSINESS,375560.57,24,REJECTED,C
APP00009772,CUST004595,BR0036,2026-01-15,CONSUMER_DURABLE,948630.23,60,APPROVED,A
APP00009773,CUST006168,BR0024,2026-09-29,VEHICLE,1418286.23,24,REJECTED,B
APP00009774,CUST002487,BR0049,2025-05-10,VEHICLE,947009.13,48,APPROVED,E
APP00009775,CUST007435,BR0050,2026-09-21,PERSONAL,61211.41,48,PENDING,B
APP00009776,CUST002785,BR0038,2024-04-10,VEHICLE,262251.54,18,APPROVED,E
APP00009777,CUST009300,BR0019,2026-01-07,VEHICLE,1217793.66,48,APPROVED,A
APP00009778,CUST002365,BR0016,2025-09-06,VEHICLE,158605.24,18,REJECTED,A
APP00009779,CUST008211,BR0017,2024-08-04,PERSONAL,1795744.77,18,APPROVED,E
APP00009780,CUST002820,BR0013,2026-03-29,PERSONAL,1390012.76,12,APPROVED,B
APP00009781,CUST002507,BR0050,2024-08-23,PERSONAL,95960.6,60,APPROVED,C
APP00009782,CUST001521,BR0047,2025-02-26,CONSUMER_DURABLE,1080405.11,12,REJECTED,C
APP00009783,CUST005496,BR0025,2025-04-07,VEHICLE,1102275.13,48,PENDING,D
APP00009784,CUST003102,BR0001,2025-07-10,CONSUMER_DURABLE,1593474.26,48,APPROVED,B
APP00009785,CUST007435,BR0038,2026-01-20,PERSONAL,786794.57,36,PENDING,B
APP00009786,CUST009166,BR0027,2026-01-27,PERSONAL,1584387.64,18,APPROVED,E
APP00009787,CUST002159,BR0007,2026-01-17,VEHICLE,857724.95,60,REJECTED,C
APP00009788,CUST005677,BR0006,2024-12-22,CONSUMER_DURABLE,1813171.68,48,APPROVED,A
APP00009789,CUST001611,BR0031,2024-12-14,CONSUMER_DURABLE,1385352.48,36,APPROVED,E
APP00009790,CUST007118,BR0044,2025-11-24,VEHICLE,1713832.95,24,PENDING,C
APP00009791,CUST002689,BR0029,2025-11-28,PERSONAL,1927488.49,18,APPROVED,E
APP00009792,CUST009782,BR0046,2024-04-04,CONSUMER_DURABLE,1952546.37,48,APPROVED,D
APP00009793,CUST000392,BR0005,2024-07-11,BUSINESS,897495.17,12,REJECTED,E
APP00009794,CUST007037,BR0039,2025-04-09,CONSUMER_DURABLE,613561.61,48,APPROVED,E
APP00009795,CUST005980,BR0037,2024-01-18,VEHICLE,445382.68,24,PENDING,B
APP00009796,CUST001417,BR0027,2024-12-04,CONSUMER_DURABLE,1315464.42,24,APPROVED,B
APP00009797,CUST005899,BR0018,2025-04-21,PERSONAL,713434.56,24,PENDING,C
APP00009798,CUST000081,BR0034,2025-07-02,VEHICLE,1071027.21,18,REJECTED,E
APP00009799,CUST006659,BR0018,2025-10-05,VEHICLE,246965.68,60,APPROVED,A
APP00009800,CUST007547,BR0037,2025-01-08,VEHICLE,1780726.63,12,REJECTED,A
APP00009801,CUST004070,BR0030,2025-08-27,BUSINESS,1835929.74,48,PENDING,E
APP00009802,CUST007906,BR0031,2024-01-01,BUSINESS,878869.96,48,APPROVED,E
APP00009803,CUST001002,BR0049,2025-09-16,BUSINESS,1863115.26,24,PENDING,A
APP00009804,CUST004188,BR0050,2024-08-03,CONSUMER_DURABLE,1180515.34,18,REJECTED,B
APP00009805,CUST006286,BR0040,2026-03-28,VEHICLE,1589135.24,18,APPROVED,B
APP00009806,CUST000003,BR0023,2024-03-09,VEHICLE,449416.52,60,APPROVED,C
APP00009807,CUST004072,BR0005,2026-01-18,CONSUMER_DURABLE,761780.88,24,APPROVED,D
APP00009808,CUST005938,BR0018,2025-05-19,PERSONAL,285783.56,24,APPROVED,B
APP00009809,CUST003339,BR0007,2025-01-10,CONSUMER_DURABLE,1539538.66,24,REJECTED,C
APP00009810,CUST007842,BR0030,2024-05-30,CONSUMER_DURABLE,263120.38,12,REJECTED,C
APP00009811,CUST002604,BR0010,2025-09-02,PERSONAL,853230.37,60,APPROVED,D
APP00009812,CUST004323,BR0038,2024-05-29,VEHICLE,1150192.49,48,APPROVED,A
APP00009813,CUST003131,BR0030,2026-07-21,CONSUMER_DURABLE,496743.66,60,APPROVED,C
APP00009814,CUST008944,BR0013,2025-02-04,VEHICLE,257097.58,12,APPROVED,B
APP00009815,CUST007067,BR0019,2026-01-16,PERSONAL,1273994.76,12,PENDING,A
APP00009816,CUST000558,BR0031,2026-07-01,BUSINESS,379843.03,48,APPROVED,B
APP00009817,CUST002779,BR0012,2024-04-22,PERSONAL,1581481.08,12,PENDING,C
APP00009818,CUST004928,BR0026,2024-06-14,VEHICLE,610551.63,12,PENDING,D
APP00009819,CUST005765,BR0006,2025-03-20,VEHICLE,953605.51,36,APPROVED,C
APP00009820,CUST004917,BR0024,2024-11-06,BUSINESS,1960272.18,48,PENDING,B
APP00009821,CUST008442,BR0002,2024-09-26,BUSINESS,1644989.08,24,APPROVED,D
APP00009822,CUST001970,BR0041,2026-05-06,PERSONAL,126590.52,36,REJECTED,D
APP00009823,CUST005213,BR0045,2026-03-05,VEHICLE,618087.73,24,APPROVED,D
APP00009824,CUST005751,BR0019,2024-10-23,PERSONAL,1942439.88,12,APPROVED,C
APP00009825,CUST000962,BR0026,2024-09-18,VEHICLE,69981.89,12,APPROVED,A
APP00009826,CUST000193,BR0005,2024-05-13,VEHICLE,553184.57,36,PENDING,C
APP00009827,CUST003358,BR0013,2025-03-26,PERSONAL,1964989.81,18,APPROVED,E
APP00009828,CUST000348,BR0025,2025-06-08,PERSONAL,1134616.74,60,REJECTED,C
APP00009829,CUST007675,BR0014,2024-03-28,VEHICLE,965369.5,24,PENDING,B
APP00009830,CUST005030,BR0042,2024-08-18,CONSUMER_DURABLE,1515695.9,12,REJECTED,D
APP00009831,CUST008834,BR0006,2024-10-22,VEHICLE,1611440.86,24,REJECTED,E
APP00009832,CUST001382,BR0016,2026-06-29,PERSONAL,1815555.04,24,PENDING,B
APP00009833,CUST000566,BR0037,2024-08-31,CONSUMER_DURABLE,1240568.07,60,APPROVED,E
APP00009834,CUST002561,BR0039,2024-04-05,BUSINESS,554490.25,60,PENDING,E
APP00009835,CUST007955,BR0022,2026-05-24,VEHICLE,1763920.61,60,REJECTED,C
APP00009836,CUST003625,BR0020,2026-05-08,VEHICLE,939286.92,18,PENDING,E
APP00009837,CUST003193,BR0050,2024-12-26,BUSINESS,720144.79,18,APPROVED,B
APP00009838,CUST006034,BR0047,2024-02-15,PERSONAL,1053333.88,48,REJECTED,E
APP00009839,CUST003752,BR0032,2024-07-22,VEHICLE,1492971.99,24,PENDING,E
APP00009840,CUST008395,BR0017,2024-12-29,VEHICLE,448313.32,48,APPROVED,C
APP00009841,CUST009022,BR0038,2025-09-17,PERSONAL,1670263.45,36,REJECTED,A
APP00009842,CUST009608,BR0035,2026-07-09,VEHICLE,1136934.18,12,APPROVED,D
APP00009843,CUST001536,BR0048,2025-01-19,VEHICLE,1323638.22,48,REJECTED,E
APP00009844,CUST009135,BR0018,2025-07-24,PERSONAL,1889623.48,24,REJECTED,E
APP00009845,CUST005339,BR0033,2025-04-17,BUSINESS,1500810.7,12,REJECTED,A
APP00009846,CUST007864,BR0025,2025-12-10,CONSUMER_DURABLE,1602745.23,36,APPROVED,A
APP00009847,CUST009983,BR0026,2025-06-17,VEHICLE,716377.7,12,APPROVED,A
APP00009848,CUST000434,BR0041,2024-10-24,VEHICLE,1859627.95,18,REJECTED,D
APP00009849,CUST000244,BR0042,2026-03-11,PERSONAL,1168710.42,36,PENDING,E
APP00009850,CUST002256,BR0034,2024-09-27,VEHICLE,1224770.43,24,REJECTED,D
APP00009851,CUST003172,BR0024,2026-06-16,PERSONAL,1822996.56,18,PENDING,B
APP00009852,CUST004458,BR0036,2026-09-01,BUSINESS,306271.1,24,REJECTED,D
APP00009853,CUST000580,BR0035,2026-03-13,VEHICLE,1992934.57,18,REJECTED,E
APP00009854,CUST004883,BR0027,2025-03-04,PERSONAL,643765.65,60,REJECTED,D
APP00009855,CUST000939,BR0032,2025-10-09,PERSONAL,1626446.09,24,APPROVED,A
APP00009856,CUST005065,BR0034,2025-03-15,BUSINESS,364101.43,36,APPROVED,C
APP00009857,CUST005929,BR0024,2024-07-05,BUSINESS,984798.72,24,APPROVED,D
APP00009858,CUST004921,BR0038,2024-11-16,BUSINESS,1328335.34,60,APPROVED,A
APP00009859,CUST002596,BR0024,2025-02-14,CONSUMER_DURABLE,1911634.86,12,APPROVED,E
APP00009860,CUST008924,BR0032,2025-04-19,CONSUMER_DURABLE,1239314.93,12,APPROVED,A
APP00009861,CUST009895,BR0037,2026-05-27,PERSONAL,253000.89,60,PENDING,E
APP00009862,CUST003531,BR0003,2025-01-10,PERSONAL,1448069.17,36,APPROVED,D
APP00009863,CUST007383,BR0014,2024-09-19,PERSONAL,879255.31,48,REJECTED,B
APP00009864,CUST003124,BR0005,2026-04-11,PERSONAL,1375351.09,24,REJECTED,D
APP00009865,CUST007558,BR0006,2024-09-03,VEHICLE,202357.6,48,APPROVED,B
APP00009866,CUST007741,BR0032,2025-07-24,VEHICLE,1607150.54,36,APPROVED,A
APP00009867,CUST008739,BR0008,2024-08-30,CONSUMER_DURABLE,799515.66,18,PENDING,E
APP00009868,CUST000901,BR0010,2025-01-08,VEHICLE,1327351.97,18,REJECTED,E
APP00009869,CUST009601,BR0010,2026-02-08,PERSONAL,274754.85,48,REJECTED,A
APP00009870,CUST003148,BR0003,2025-10-10,VEHICLE,1105541.3,12,APPROVED,A
APP00009871,CUST007622,BR0046,2026-09-19,BUSINESS,1143233.67,18,REJECTED,D
APP00009872,CUST001328,BR0034,2024-04-16,BUSINESS,461303.93,12,REJECTED,D
APP00009873,CUST008624,BR0030,2025-02-07,VEHICLE,637778.77,18,REJECTED,E
APP00009874,CUST004185,BR0007,2026-01-04,PERSONAL,1244372.28,48,REJECTED,A
APP00009875,CUST000139,BR0040,2024-08-03,CONSUMER_DURABLE,1419715.12,60,APPROVED,D
APP00009876,CUST006959,BR0014,2024-07-10,BUSINESS,1048647.9,36,REJECTED,C
APP00009877,CUST003789,BR0012,2026-08-07,VEHICLE,1985485.76,48,REJECTED,C
APP00009878,CUST000994,BR0009,2026-01-26,PERSONAL,1131617.22,24,REJECTED,E
APP00009879,CUST001600,BR0030,2025-06-02,PERSONAL,374076.95,60,APPROVED,B
APP00009880,CUST009921,BR0010,2024-03-30,PERSONAL,1615600.78,12,APPROVED,E
APP00009881,CUST004426,BR0030,2025-11-13,CONSUMER_DURABLE,1574942.46,36,APPROVED,C
APP00009882,CUST001758,BR0017,2025-08-24,PERSONAL,1267419.17,18,REJECTED,C
APP00009883,CUST003073,BR0048,2025-10-25,PERSONAL,1086884.91,48,PENDING,A
APP00009884,CUST001070,BR0010,2026-08-10,PERSONAL,649680.72,48,APPROVED,D
APP00009885,CUST009275,BR0039,2026-09-01,PERSONAL,984002.97,12,PENDING,A
APP00009886,CUST007021,BR0015,2026-03-17,VEHICLE,424279.96,36,PENDING,D
APP00009887,CUST004865,BR0039,2026-05-19,PERSONAL,1704289.93,36,APPROVED,E
APP00009888,CUST004486,BR0009,2025-03-31,PERSONAL,1566908.71,18,APPROVED,E
APP00009889,CUST001504,BR0029,2025-07-31,CONSUMER_DURABLE,756206.61,18,REJECTED,E
APP00009890,CUST006915,BR0018,2024-09-22,VEHICLE,384302.11,48,REJECTED,A
APP00009891,CUST008696,BR0032,2026-06-15,CONSUMER_DURABLE,1314624.91,48,APPROVED,C
APP00009892,CUST003694,BR0030,2026-04-16,CONSUMER_DURABLE,118271.65,48,APPROVED,E
APP00009893,CUST007112,BR0023,2026-05-01,VEHICLE,1442727.85,24,PENDING,A
APP00009894,CUST003375,BR0016,2024-07-21,PERSONAL,1320386.45,18,APPROVED,C
APP00009895,CUST000909,BR0019,2024-02-04,VEHICLE,75936.54,36,PENDING,B
APP00009896,CUST009071,BR0002,2026-09-18,CONSUMER_DURABLE,1791683.73,24,APPROVED,B
APP00009897,CUST003605,BR0006,2025-12-31,BUSINESS,729520.08,60,APPROVED,E
APP00009898,CUST007669,BR0042,2024-01-27,PERSONAL,1595796.03,60,APPROVED,B
APP00009899,CUST001374,BR0045,2026-07-20,CONSUMER_DURABLE,1215209.25,18,PENDING,B
APP00009900,CUST009681,BR0033,2024-04-19,BUSINESS,596558.84,12,APPROVED,C
APP00009901,CUST009573,BR0037,2026-01-28,BUSINESS,89508.5,18,REJECTED,B
APP00009902,CUST002714,BR0002,2026-06-30,CONSUMER_DURABLE,847471.81,18,APPROVED,D
APP00009903,CUST003902,BR0005,2025-10-04,CONSUMER_DURABLE,1174089.39,18,APPROVED,D
APP00009904,CUST001408,BR0050,2025-11-27,VEHICLE,611205.7,12,PENDING,D
APP00009905,CUST002617,BR0015,2025-01-17,CONSUMER_DURABLE,102780.72,24,REJECTED,D
APP00009906,CUST002023,BR0045,2024-10-16,VEHICLE,1714500.1,18,REJECTED,E
APP00009907,CUST007806,BR0033,2024-02-19,BUSINESS,516053.52,18,REJECTED,C
APP00009908,CUST007485,BR0034,2026-08-23,CONSUMER_DURABLE,135531.62,36,REJECTED,E
APP00009909,CUST009953,BR0044,2026-04-18,CONSUMER_DURABLE,98060.48,24,PENDING,D
APP00009910,CUST004654,BR0026,2024-06-14,PERSONAL,1129292.12,60,APPROVED,B
APP00009911,CUST004983,BR0017,2025-07-26,PERSONAL,1603174.98,36,REJECTED,C
APP00009912,CUST006236,BR0050,2025-07-04,VEHICLE,1103089.04,36,PENDING,B
APP00009913,CUST001117,BR0025,2024-09-14,CONSUMER_DURABLE,905986.21,18,APPROVED,B
APP00009914,CUST008232,BR0016,2025-01-27,BUSINESS,1533586.27,60,REJECTED,B
APP00009915,CUST000087,BR0014,2024-06-22,VEHICLE,265780.24,60,APPROVED,B
APP00009916,CUST002740,BR0025,2026-01-08,BUSINESS,649199.44,12,REJECTED,C
APP00009917,CUST006297,BR0037,2024-03-30,CONSUMER_DURABLE,650621.17,18,APPROVED,C
APP00009918,CUST005634,BR0027,2024-03-14,PERSONAL,528963.99,60,APPROVED,B
APP00009919,CUST007169,BR0044,2025-09-10,VEHICLE,173860.42,18,PENDING,B
APP00009920,CUST003735,BR0034,2024-06-06,VEHICLE,1957279.22,48,APPROVED,C
APP00009921,CUST008064,BR0043,2025-11-16,BUSINESS,782738.94,48,PENDING,B
APP00009922,CUST005117,BR0009,2024-04-26,CONSUMER_DURABLE,1411387.94,60,APPROVED,B
APP00009923,CUST008180,BR0044,2026-06-14,VEHICLE,612804.46,24,REJECTED,C
APP00009924,CUST005774,BR0047,2025-11-22,VEHICLE,1093019.55,60,APPROVED,D
APP00009925,CUST008512,BR0006,2024-12-11,CONSUMER_DURABLE,727510.38,18,APPROVED,A
APP00009926,CUST001918,BR0007,2025-01-13,BUSINESS,1789159.45,36,PENDING,C
APP00009927,CUST004397,BR0010,2026-02-22,VEHICLE,1827374.13,60,APPROVED,A
APP00009928,CUST002610,BR0018,2025-05-07,BUSINESS,1449848.97,12,APPROVED,C
APP00009929,CUST003347,BR0033,2024-12-26,VEHICLE,1739978.57,12,APPROVED,D
APP00009930,CUST004483,BR0001,2025-04-06,BUSINESS,579049.76,24,APPROVED,B
APP00009931,CUST009704,BR0021,2024-10-08,CONSUMER_DURABLE,1309683.73,12,APPROVED,E
APP00009932,CUST007901,BR0013,2025-09-19,BUSINESS,1057755.34,60,APPROVED,B
APP00009933,CUST004354,BR0044,2025-08-02,BUSINESS,650237.2,48,APPROVED,C
APP00009934,CUST006926,BR0033,2024-05-02,PERSONAL,1790499.84,48,APPROVED,B
APP00009935,CUST002511,BR0046,2025-07-03,BUSINESS,1941524.22,12,APPROVED,D
APP00009936,CUST004615,BR0044,2026-09-17,VEHICLE,1892882.77,36,APPROVED,E
APP00009937,CUST004766,BR0004,2026-02-22,BUSINESS,294076.58,12,PENDING,E
APP00009938,CUST005211,BR0032,2025-04-25,CONSUMER_DURABLE,926321.94,60,APPROVED,C
APP00009939,CUST001584,BR0038,2024-02-02,CONSUMER_DURABLE,719677.68,18,PENDING,D
APP00009940,CUST001374,BR0046,2026-04-28,BUSINESS,1903339.41,18,APPROVED,D
APP00009941,CUST000293,BR0003,2024-02-12,PERSONAL,1750534.79,36,APPROVED,A
APP00009942,CUST008713,BR0022,2024-03-14,BUSINESS,1518932.72,48,APPROVED,D
APP00009943,CUST004919,BR0029,2026-03-22,BUSINESS,1909035.09,24,APPROVED,B
APP00009944,CUST007480,BR0028,2024-07-02,VEHICLE,970823.86,12,APPROVED,A
APP00009945,CUST003466,BR0021,2025-08-04,VEHICLE,1087096.22,60,APPROVED,D
APP00009946,CUST007105,BR0047,2026-02-11,PERSONAL,1433206.51,48,APPROVED,C
APP00009947,CUST000430,BR0038,2025-11-18,VEHICLE,479495.14,48,APPROVED,D
APP00009948,CUST000631,BR0009,2025-01-20,PERSONAL,1492499.21,48,REJECTED,E
APP00009949,CUST007935,BR0017,2026-09-22,CONSUMER_DURABLE,1109682.24,18,APPROVED,C
APP00009950,CUST001599,BR0047,2024-09-11,BUSINESS,94875.14,36,PENDING,B
APP00009951,CUST003559,BR0021,2026-07-10,BUSINESS,1611290.1,18,REJECTED,A
APP00009952,CUST007406,BR0049,2026-09-30,CONSUMER_DURABLE,1929722.44,48,PENDING,B
APP00009953,CUST003627,BR0027,2024-08-14,CONSUMER_DURABLE,1650174.4,60,PENDING,C
APP00009954,CUST005251,BR0045,2025-04-27,BUSINESS,1076267.28,36,APPROVED,B
APP00009955,CUST006353,BR0049,2025-04-08,BUSINESS,806800.67,12,APPROVED,E
APP00009956,CUST007193,BR0028,2024-03-10,PERSONAL,1672341.04,12,REJECTED,C
APP00009957,CUST008565,BR0044,2026-02-23,CONSUMER_DURABLE,772291.7,36,APPROVED,C
APP00009958,CUST001423,BR0039,2025-07-01,VEHICLE,1029252.88,60,REJECTED,E
APP00009959,CUST005197,BR0006,2025-08-06,BUSINESS,145708.41,48,APPROVED,B
APP00009960,CUST000970,BR0014,2025-01-21,VEHICLE,1401946.95,24,APPROVED,E
APP00009961,CUST007543,BR0027,2026-08-18,CONSUMER_DURABLE,1858704.51,60,PENDING,B
APP00009962,CUST009133,BR0022,2024-02-06,PERSONAL,111111.88,36,APPROVED,D
APP00009963,CUST002723,BR0030,2024-01-29,PERSONAL,411422.75,24,REJECTED,E
APP00009964,CUST005715,BR0032,2025-12-16,VEHICLE,738691.75,60,REJECTED,D
APP00009965,CUST008313,BR0036,2024-09-06,VEHICLE,55836.02,48,APPROVED,D
APP00009966,CUST004990,BR0014,2026-02-17,BUSINESS,668724.85,18,APPROVED,B
APP00009967,CUST009589,BR0001,2024-09-20,CONSUMER_DURABLE,1854599.47,60,REJECTED,C
APP00009968,CUST006696,BR0032,2025-05-19,CONSUMER_DURABLE,198596.74,60,REJECTED,E
APP00009969,CUST008196,BR0026,2026-06-11,PERSONAL,1212557.76,36,APPROVED,D
APP00009970,CUST007029,BR0007,2026-07-26,VEHICLE,936327.38,12,REJECTED,B
APP00009971,CUST009803,BR0049,2025-05-13,VEHICLE,1645269.59,18,APPROVED,E
APP00009972,CUST004299,BR0003,2024-08-16,CONSUMER_DURABLE,1039490.14,18,PENDING,C
APP00009973,CUST002575,BR0013,2024-02-04,PERSONAL,745628.29,18,APPROVED,C
APP00009974,CUST002637,BR0007,2026-04-05,CONSUMER_DURABLE,688586.45,24,APPROVED,A
APP00009975,CUST002511,BR0003,2025-10-28,CONSUMER_DURABLE,56160.3,18,APPROVED,D
APP00009976,CUST007418,BR0015,2026-07-18,CONSUMER_DURABLE,1659177.11,24,PENDING,E
APP00009977,CUST009118,BR0038,2024-09-26,CONSUMER_DURABLE,785588.87,36,REJECTED,E
APP00009978,CUST007655,BR0035,2024-01-28,PERSONAL,936797.63,24,REJECTED,B
APP00009979,CUST000317,BR0004,2026-06-18,CONSUMER_DURABLE,1237045.27,36,APPROVED,A
APP00009980,CUST001742,BR0026,2024-07-26,PERSONAL,1430987.54,60,APPROVED,D
APP00009981,CUST003075,BR0048,2024-06-27,BUSINESS,326948.04,12,APPROVED,C
APP00009982,CUST003567,BR0044,2024-08-15,BUSINESS,871367.85,60,PENDING,A
APP00009983,CUST007330,BR0006,2024-08-09,BUSINESS,608713.59,18,APPROVED,B
APP00009984,CUST002389,BR0043,2026-08-07,PERSONAL,976900.39,48,APPROVED,D
APP00009985,CUST002415,BR0031,2024-06-13,BUSINESS,509983.67,24,APPROVED,E
APP00009986,CUST001370,BR0041,2026-04-03,BUSINESS,145660.82,24,REJECTED,C
APP00009987,CUST004546,BR0036,2026-08-10,BUSINESS,581095.71,36,APPROVED,C
APP00009988,CUST000721,BR0037,2026-05-01,BUSINESS,1910945.78,36,REJECTED,C
APP00009989,CUST001738,BR0003,2024-07-19,PERSONAL,1586669.7,18,REJECTED,D
APP00009990,CUST004150,BR0025,2025-01-03,VEHICLE,1367226.77,12,PENDING,B
APP00009991,CUST008447,BR0010,2026-02-14,CONSUMER_DURABLE,696506.01,48,REJECTED,E
APP00009992,CUST009603,BR0024,2025-11-25,BUSINESS,1582912.35,12,APPROVED,B
APP00009993,CUST008827,BR0040,2024-10-27,VEHICLE,1829761.47,48,APPROVED,D
APP00009994,CUST000214,BR0020,2025-06-24,VEHICLE,1322965.05,18,REJECTED,D
APP00009995,CUST000632,BR0049,2025-04-01,VEHICLE,1821746.56,36,PENDING,D
APP00009996,CUST000370,BR0020,2024-03-06,BUSINESS,411708.99,24,APPROVED,B
APP00009997,CUST008092,BR0030,2024-05-06,PERSONAL,1420357.71,18,APPROVED,E
APP00009998,CUST004920,BR0037,2026-09-26,CONSUMER_DURABLE,1158291.61,36,PENDING,C
APP00009999,CUST004709,BR0027,2026-01-11,PERSONAL,1592233.91,36,APPROVED,C
APP00010000,CUST005749,BR0036,2025-10-17,VEHICLE,504300.33,24,APPROVED,E
